delivery_id,order_id,product_id,dispatch_date,promised_date,actual_delivery_date,delivery_status,carrier,shipping_cost
DLV-00001,SO-009890,PRD-0058,2025-06-28,2025-07-03,2025-07-08,Delayed,SwiftShip,255.57
DLV-00002,SO-004287,PRD-0041,2025-04-14,2025-04-16,2025-04-15,Delivered,In-house,120.97
DLV-00003,SO-003426,PRD-0037,2025-04-14,2025-04-22,,In Transit,BlueDart,1917.04
DLV-00004,SO-006982,PRD-0237,2025-05-07,2025-05-13,2025-05-12,Delivered,Delhivery,616.01
DLV-00005,SO-004183,PRD-0350,2025-05-20,2025-05-23,2025-05-27,Delayed,BlueDart,1264.54
DLV-00006,SO-002279,PRD-0018,2025-03-13,2025-03-20,,In Transit,BlueDart,1853.62
DLV-00007,SO-004977,PRD-0022,2024-12-15,2024-12-19,2024-12-21,Delayed,SwiftShip,1572.68
DLV-00008,SO-006685,PRD-0052,2025-04-22,2025-04-24,2025-04-28,Delayed,BlueDart,140.34
DLV-00009,SO-005933,PRD-0419,2026-05-17,2026-05-21,2026-05-25,Delayed,SwiftShip,1227.0
DLV-00010,SO-008970,PRD-0136,2026-09-14,2026-09-19,,In Transit,SwiftShip,1832.35
DLV-00011,SO-004661,PRD-0340,2025-12-19,2025-12-22,2025-12-20,Delivered,Delhivery,1049.94
DLV-00012,SO-004248,PRD-0055,2026-09-02,2026-09-06,,In Transit,Delhivery,887.54
DLV-00013,SO-008391,PRD-0010,2025-11-12,2025-11-15,2025-11-20,Delayed,BlueDart,1164.27
DLV-00014,SO-003464,PRD-0389,2024-12-17,2024-12-23,2024-12-21,Delivered,SwiftShip,704.67
DLV-00015,SO-002055,PRD-0036,2026-07-12,2026-07-15,2026-07-13,Delivered,SwiftShip,194.55
DLV-00016,SO-003996,PRD-0445,2025-09-10,2025-09-12,2025-09-15,Delayed,SwiftShip,964.36
DLV-00017,SO-003475,PRD-0368,2026-01-28,2026-02-01,,In Transit,SwiftShip,1946.03
DLV-00018,SO-000659,PRD-0298,2026-09-06,2026-09-11,2026-09-09,Delivered,Delhivery,1985.12
DLV-00019,SO-007481,PRD-0464,2025-08-15,2025-08-23,2025-08-28,Delayed,BlueDart,432.22
DLV-00020,SO-001457,PRD-0460,2025-09-24,2025-10-02,2025-10-01,Delivered,BlueDart,222.87
DLV-00021,SO-009999,PRD-0205,2026-01-26,2026-01-31,2026-01-31,Delivered,BlueDart,1363.47
DLV-00022,SO-008232,PRD-0043,2025-07-12,2025-07-20,2025-07-24,Delayed,SwiftShip,826.13
DLV-00023,SO-001682,PRD-0189,2025-08-18,2025-08-23,2025-08-23,Delivered,BlueDart,237.25
DLV-00024,SO-004372,PRD-0352,2026-08-18,2026-08-21,2026-08-24,Delayed,SwiftShip,932.02
DLV-00025,SO-001022,PRD-0053,2024-12-06,2024-12-14,2024-12-18,Delayed,BlueDart,1394.21
DLV-00026,SO-008306,PRD-0316,2025-02-21,2025-03-01,,In Transit,In-house,1338.06
DLV-00027,SO-004083,PRD-0062,2025-10-21,2025-10-24,2025-10-25,Delayed,Delhivery,217.54
DLV-00028,SO-007212,PRD-0002,2025-02-22,2025-02-28,2025-03-03,Delayed,SwiftShip,1645.55
DLV-00029,SO-007286,PRD-0424,2026-09-18,2026-09-26,2026-09-30,Delayed,BlueDart,1462.46
DLV-00030,SO-009198,PRD-0346,2026-07-04,2026-07-11,2026-07-16,Delayed,In-house,1174.89
DLV-00031,SO-006263,PRD-0194,2026-01-01,2026-01-04,,In Transit,In-house,218.49
DLV-00032,SO-009694,PRD-0475,2026-03-20,2026-03-27,,In Transit,SwiftShip,255.28
DLV-00033,SO-006817,PRD-0438,2025-06-06,2025-06-11,2025-06-14,Delayed,Delhivery,116.35
DLV-00034,SO-000438,PRD-0486,2024-12-14,2024-12-21,2024-12-21,Delivered,BlueDart,1223.71
DLV-00035,SO-009109,PRD-0005,2026-01-09,2026-01-15,2026-01-14,Delivered,Delhivery,1289.89
DLV-00036,SO-004706,PRD-0407,2026-05-31,2026-06-02,2026-05-31,Delivered,Delhivery,1343.19
DLV-00037,SO-000934,PRD-0276,2026-01-27,2026-02-03,2026-02-03,Delivered,SwiftShip,858.9
DLV-00038,SO-008447,PRD-0140,2025-03-29,2025-04-03,2025-04-04,Delayed,BlueDart,496.75
DLV-00039,SO-004091,PRD-0406,2025-09-12,2025-09-18,2025-09-16,Delivered,In-house,192.76
DLV-00040,SO-000055,PRD-0487,2025-04-12,2025-04-18,2025-04-21,Delayed,SwiftShip,938.51
DLV-00041,SO-000420,PRD-0288,2025-12-01,2025-12-05,2025-12-07,Delayed,BlueDart,1638.57
DLV-00042,SO-000520,PRD-0001,2025-05-25,2025-05-28,2025-06-02,Delayed,SwiftShip,548.56
DLV-00043,SO-001809,PRD-0407,2024-12-10,2024-12-18,2024-12-18,Delivered,In-house,1107.09
DLV-00044,SO-001089,PRD-0334,2024-12-27,2024-12-29,2024-12-28,Delivered,In-house,760.92
DLV-00045,SO-003727,PRD-0054,2025-02-28,2025-03-08,,In Transit,Delhivery,883.22
DLV-00046,SO-009347,PRD-0299,2025-10-10,2025-10-17,2025-10-17,Delivered,In-house,461.37
DLV-00047,SO-003505,PRD-0212,2025-06-12,2025-06-20,2025-06-22,Delayed,BlueDart,772.74
DLV-00048,SO-007062,PRD-0272,2026-07-14,2026-07-22,2026-07-23,Delayed,In-house,1096.04
DLV-00049,SO-000457,PRD-0044,2025-11-18,2025-11-22,2025-11-22,Delivered,SwiftShip,182.6
DLV-00050,SO-009530,PRD-0092,2026-08-01,2026-08-07,2026-08-08,Delayed,Delhivery,1135.84
DLV-00051,SO-006941,PRD-0396,2024-11-16,2024-11-20,2024-11-25,Delayed,Delhivery,741.37
DLV-00052,SO-007674,PRD-0432,2025-02-23,2025-02-28,2025-02-27,Delivered,Delhivery,1697.95
DLV-00053,SO-009195,PRD-0154,2024-12-18,2024-12-26,2024-12-30,Delayed,In-house,1500.2
DLV-00054,SO-002852,PRD-0310,2026-05-27,2026-05-31,2026-05-30,Delivered,Delhivery,1681.44
DLV-00055,SO-001950,PRD-0431,2026-03-09,2026-03-13,2026-03-13,Delivered,In-house,1425.31
DLV-00056,SO-002582,PRD-0470,2025-11-12,2025-11-18,2025-11-22,Delayed,Delhivery,1039.86
DLV-00057,SO-006197,PRD-0478,2026-04-09,2026-04-11,2026-04-13,Delayed,BlueDart,665.13
DLV-00058,SO-004913,PRD-0122,2025-06-27,2025-07-05,2025-07-05,Delivered,BlueDart,1753.0
DLV-00059,SO-006233,PRD-0424,2025-07-25,2025-08-01,2025-08-03,Delayed,BlueDart,1872.69
DLV-00060,SO-002687,PRD-0196,2025-05-01,2025-05-08,2025-05-06,Delivered,In-house,553.34
DLV-00061,SO-001126,PRD-0287,2026-08-04,2026-08-10,2026-08-14,Delayed,Delhivery,1870.2
DLV-00062,SO-000753,PRD-0017,2026-03-04,2026-03-08,2026-03-13,Delayed,BlueDart,672.9
DLV-00063,SO-008532,PRD-0175,2025-01-18,2025-01-23,2025-01-28,Delayed,BlueDart,1339.67
DLV-00064,SO-002771,PRD-0496,2025-02-03,2025-02-08,2025-02-11,Delayed,SwiftShip,1425.52
DLV-00065,SO-005659,PRD-0095,2025-10-30,2025-11-02,2025-11-05,Delayed,In-house,1419.94
DLV-00066,SO-004292,PRD-0343,2025-04-02,2025-04-10,2025-04-11,Delayed,Delhivery,1339.79
DLV-00067,SO-004220,PRD-0146,2026-06-05,2026-06-07,2026-06-07,Delivered,In-house,1991.82
DLV-00068,SO-009113,PRD-0238,2025-06-22,2025-06-27,2025-06-30,Delayed,SwiftShip,302.89
DLV-00069,SO-003814,PRD-0344,2024-10-21,2024-10-29,2024-11-01,Delayed,SwiftShip,1340.39
DLV-00070,SO-004671,PRD-0282,2025-07-04,2025-07-08,2025-07-09,Delayed,Delhivery,919.18
DLV-00071,SO-008618,PRD-0433,2025-01-05,2025-01-11,2025-01-15,Delayed,Delhivery,1872.12
DLV-00072,SO-009819,PRD-0145,2025-10-15,2025-10-19,,In Transit,SwiftShip,1860.18
DLV-00073,SO-009202,PRD-0359,2024-10-28,2024-11-05,2024-11-03,Delivered,In-house,1372.46
DLV-00074,SO-007923,PRD-0354,2026-03-30,2026-04-02,2026-04-07,Delayed,BlueDart,748.86
DLV-00075,SO-007164,PRD-0361,2024-11-18,2024-11-26,2024-11-28,Delayed,BlueDart,1824.03
DLV-00076,SO-003024,PRD-0433,2026-07-18,2026-07-21,2026-07-26,Delayed,Delhivery,1402.76
DLV-00077,SO-006595,PRD-0171,2025-02-24,2025-03-02,,In Transit,Delhivery,523.5
DLV-00078,SO-006404,PRD-0139,2025-10-01,2025-10-07,2025-10-07,Delivered,In-house,1306.26
DLV-00079,SO-004210,PRD-0316,2025-09-08,2025-09-11,2025-09-13,Delayed,In-house,1020.01
DLV-00080,SO-003907,PRD-0108,2026-04-25,2026-04-29,2026-05-03,Delayed,In-house,537.35
DLV-00081,SO-002120,PRD-0128,2026-09-28,2026-10-02,,In Transit,BlueDart,1883.08
DLV-00082,SO-001858,PRD-0451,2026-02-06,2026-02-13,2026-02-11,Delivered,In-house,561.97
DLV-00083,SO-005532,PRD-0294,2024-12-30,2025-01-04,2025-01-04,Delivered,SwiftShip,919.75
DLV-00084,SO-003140,PRD-0369,2026-06-25,2026-06-28,2026-06-26,Delivered,In-house,517.82
DLV-00085,SO-006307,PRD-0383,2026-06-12,2026-06-18,,In Transit,BlueDart,1782.0
DLV-00086,SO-004228,PRD-0342,2025-02-23,2025-02-27,2025-03-03,Delayed,SwiftShip,1517.49
DLV-00087,SO-005097,PRD-0396,2026-05-02,2026-05-10,,In Transit,Delhivery,1697.47
DLV-00088,SO-008695,PRD-0106,2025-11-19,2025-11-25,2025-11-30,Delayed,SwiftShip,1883.51
DLV-00089,SO-000108,PRD-0050,2025-05-22,2025-05-25,2025-05-28,Delayed,Delhivery,1811.26
DLV-00090,SO-007336,PRD-0093,2026-01-23,2026-01-27,2026-01-30,Delayed,BlueDart,1316.0
DLV-00091,SO-003474,PRD-0064,2026-04-16,2026-04-21,2026-04-23,Delayed,Delhivery,320.13
DLV-00092,SO-002619,PRD-0201,2025-08-31,2025-09-05,2025-09-04,Delivered,SwiftShip,1691.21
DLV-00093,SO-001811,PRD-0484,2025-04-26,2025-04-28,2025-05-01,Delayed,Delhivery,227.61
DLV-00094,SO-007165,PRD-0474,2026-06-10,2026-06-15,2026-06-18,Delayed,Delhivery,1434.37
DLV-00095,SO-002839,PRD-0440,2025-02-06,2025-02-14,,In Transit,BlueDart,1421.0
DLV-00096,SO-005962,PRD-0231,2026-02-03,2026-02-09,2026-02-13,Delayed,BlueDart,1876.98
DLV-00097,SO-009397,PRD-0418,2026-01-14,2026-01-18,2026-01-21,Delayed,In-house,1644.06
DLV-00098,SO-008631,PRD-0418,2025-02-11,2025-02-15,,In Transit,Delhivery,1068.32
DLV-00099,SO-003704,PRD-0452,2025-09-29,2025-10-02,2025-09-30,Delivered,In-house,1126.08
DLV-00100,SO-008866,PRD-0051,2025-07-08,2025-07-14,2025-07-16,Delayed,Delhivery,1630.77
DLV-00101,SO-006371,PRD-0342,2026-06-06,2026-06-09,2026-06-07,Delivered,In-house,1798.94
DLV-00102,SO-006422,PRD-0406,2026-06-09,2026-06-14,,In Transit,SwiftShip,1517.42
DLV-00103,SO-003536,PRD-0094,2026-07-19,2026-07-23,2026-07-24,Delayed,SwiftShip,747.03
DLV-00104,SO-003378,PRD-0271,2025-10-17,2025-10-23,2025-10-25,Delayed,In-house,487.78
DLV-00105,SO-009249,PRD-0348,2026-03-24,2026-04-01,2026-04-06,Delayed,BlueDart,1810.12
DLV-00106,SO-005241,PRD-0438,2026-04-21,2026-04-25,2026-04-23,Delivered,BlueDart,1957.74
DLV-00107,SO-006494,PRD-0068,2025-07-30,2025-08-05,2025-08-10,Delayed,BlueDart,385.37
DLV-00108,SO-000547,PRD-0415,2025-04-28,2025-05-01,2025-05-04,Delayed,In-house,1371.38
DLV-00109,SO-002256,PRD-0070,2025-03-18,2025-03-26,,In Transit,Delhivery,1408.57
DLV-00110,SO-007695,PRD-0395,2026-06-23,2026-06-27,,In Transit,BlueDart,440.98
DLV-00111,SO-000229,PRD-0180,2025-04-10,2025-04-17,2025-04-18,Delayed,Delhivery,979.6
DLV-00112,SO-009258,PRD-0354,2026-05-17,2026-05-23,2026-05-23,Delivered,Delhivery,1149.18
DLV-00113,SO-008792,PRD-0399,2024-12-17,2024-12-21,2024-12-25,Delayed,In-house,1599.53
DLV-00114,SO-005370,PRD-0406,2024-10-11,2024-10-15,2024-10-20,Delayed,Delhivery,1615.59
DLV-00115,SO-000024,PRD-0120,2025-08-07,2025-08-15,2025-08-20,Delayed,In-house,1465.96
DLV-00116,SO-007675,PRD-0151,2026-06-07,2026-06-14,2026-06-19,Delayed,Delhivery,588.73
DLV-00117,SO-001698,PRD-0456,2025-12-12,2025-12-16,2025-12-16,Delivered,BlueDart,1451.74
DLV-00118,SO-004179,PRD-0228,2025-01-27,2025-02-01,2025-01-30,Delivered,In-house,1680.93
DLV-00119,SO-007317,PRD-0251,2025-01-22,2025-01-29,2025-01-28,Delivered,BlueDart,1502.04
DLV-00120,SO-003173,PRD-0354,2025-02-16,2025-02-18,2025-02-19,Delayed,In-house,1612.5
DLV-00121,SO-006410,PRD-0265,2026-04-30,2026-05-06,,In Transit,Delhivery,532.6
DLV-00122,SO-004587,PRD-0120,2026-01-20,2026-01-24,2026-01-22,Delivered,Delhivery,1969.14
DLV-00123,SO-002354,PRD-0235,2026-09-25,2026-09-28,2026-09-28,Delivered,Delhivery,1900.3
DLV-00124,SO-009845,PRD-0420,2026-06-17,2026-06-22,2026-06-20,Delivered,Delhivery,538.04
DLV-00125,SO-000865,PRD-0191,2026-10-03,2026-10-09,2026-10-12,Delayed,BlueDart,1010.71
DLV-00126,SO-007368,PRD-0263,2025-11-03,2025-11-05,2025-11-07,Delayed,Delhivery,483.47
DLV-00127,SO-001427,PRD-0220,2025-10-01,2025-10-06,2025-10-05,Delivered,SwiftShip,1169.42
DLV-00128,SO-003593,PRD-0330,2025-12-30,2026-01-07,2026-01-08,Delayed,In-house,737.44
DLV-00129,SO-002044,PRD-0111,2026-02-23,2026-02-28,2026-03-03,Delayed,In-house,1108.58
DLV-00130,SO-001807,PRD-0043,2025-03-12,2025-03-17,2025-03-16,Delivered,Delhivery,1680.8
DLV-00131,SO-002722,PRD-0209,2025-01-08,2025-01-16,,In Transit,In-house,258.74
DLV-00132,SO-006643,PRD-0181,2026-01-18,2026-01-24,2026-01-22,Delivered,SwiftShip,445.98
DLV-00133,SO-009987,PRD-0105,2026-03-01,2026-03-05,2026-03-06,Delayed,BlueDart,1200.33
DLV-00134,SO-002304,PRD-0315,2026-01-23,2026-01-25,2026-01-27,Delayed,SwiftShip,390.89
DLV-00135,SO-004607,PRD-0096,2024-10-27,2024-11-04,2024-11-05,Delayed,Delhivery,1814.14
DLV-00136,SO-008482,PRD-0043,2025-09-10,2025-09-16,2025-09-20,Delayed,BlueDart,519.32
DLV-00137,SO-009121,PRD-0147,2025-09-13,2025-09-15,2025-09-16,Delayed,Delhivery,879.4
DLV-00138,SO-008281,PRD-0239,2025-03-05,2025-03-13,2025-03-17,Delayed,BlueDart,605.89
DLV-00139,SO-001768,PRD-0166,2024-11-10,2024-11-18,2024-11-16,Delivered,Delhivery,670.51
DLV-00140,SO-001129,PRD-0478,2025-12-05,2025-12-10,,In Transit,BlueDart,1089.79
DLV-00141,SO-003940,PRD-0050,2026-06-06,2026-06-10,2026-06-11,Delayed,Delhivery,1416.64
DLV-00142,SO-009084,PRD-0223,2025-09-19,2025-09-25,2025-09-29,Delayed,SwiftShip,633.78
DLV-00143,SO-009382,PRD-0014,2025-11-28,2025-12-05,2025-12-06,Delayed,SwiftShip,1402.08
DLV-00144,SO-007543,PRD-0184,2025-03-07,2025-03-09,2025-03-07,Delivered,Delhivery,1597.67
DLV-00145,SO-008981,PRD-0102,2024-10-12,2024-10-14,2024-10-18,Delayed,SwiftShip,1069.69
DLV-00146,SO-005793,PRD-0227,2025-11-28,2025-12-04,2025-12-07,Delayed,SwiftShip,365.37
DLV-00147,SO-003259,PRD-0357,2025-07-11,2025-07-13,2025-07-13,Delivered,Delhivery,500.64
DLV-00148,SO-008957,PRD-0013,2025-11-30,2025-12-05,2025-12-03,Delivered,In-house,997.57
DLV-00149,SO-007396,PRD-0441,2025-06-23,2025-06-27,2025-07-02,Delayed,Delhivery,1805.45
DLV-00150,SO-001315,PRD-0041,2026-07-17,2026-07-25,2026-07-26,Delayed,In-house,946.72
DLV-00151,SO-000749,PRD-0258,2026-07-01,2026-07-07,2026-07-08,Delayed,SwiftShip,476.91
DLV-00152,SO-006334,PRD-0181,2025-06-12,2025-06-20,2025-06-25,Delayed,SwiftShip,369.68
DLV-00153,SO-005105,PRD-0070,2025-05-06,2025-05-12,2025-05-11,Delivered,Delhivery,1517.34
DLV-00154,SO-009741,PRD-0306,2026-05-18,2026-05-26,2026-05-25,Delivered,SwiftShip,202.98
DLV-00155,SO-008272,PRD-0257,2025-06-07,2025-06-10,2025-06-12,Delayed,SwiftShip,1858.67
DLV-00156,SO-001693,PRD-0346,2026-06-27,2026-07-05,2026-07-05,Delivered,In-house,522.77
DLV-00157,SO-002663,PRD-0073,2025-10-24,2025-11-01,2025-11-04,Delayed,In-house,1120.56
DLV-00158,SO-006146,PRD-0284,2025-12-10,2025-12-14,2025-12-16,Delayed,Delhivery,1181.97
DLV-00159,SO-005204,PRD-0152,2025-04-01,2025-04-09,2025-04-11,Delayed,SwiftShip,1271.39
DLV-00160,SO-007099,PRD-0235,2024-11-25,2024-11-29,2024-11-29,Delivered,Delhivery,815.81
DLV-00161,SO-004399,PRD-0097,2025-06-25,2025-07-02,2025-07-03,Delayed,Delhivery,507.84
DLV-00162,SO-004743,PRD-0007,2025-11-19,2025-11-26,2025-11-30,Delayed,BlueDart,1060.78
DLV-00163,SO-005681,PRD-0036,2026-08-16,2026-08-22,2026-08-23,Delayed,BlueDart,1982.14
DLV-00164,SO-008194,PRD-0317,2024-11-21,2024-11-29,2024-11-27,Delivered,In-house,424.65
DLV-00165,SO-007007,PRD-0079,2025-01-30,2025-02-03,2025-02-04,Delayed,In-house,377.06
DLV-00166,SO-002428,PRD-0037,2024-12-19,2024-12-25,2024-12-27,Delayed,In-house,1069.26
DLV-00167,SO-005143,PRD-0284,2026-08-02,2026-08-08,2026-08-08,Delivered,BlueDart,1920.52
DLV-00168,SO-002294,PRD-0154,2026-03-29,2026-04-02,2026-04-07,Delayed,BlueDart,988.24
DLV-00169,SO-003171,PRD-0478,2025-05-10,2025-05-16,2025-05-18,Delayed,In-house,1357.88
DLV-00170,SO-007154,PRD-0394,2025-12-05,2025-12-07,2025-12-06,Delivered,BlueDart,1244.57
DLV-00171,SO-005537,PRD-0321,2026-05-27,2026-05-30,2026-06-02,Delayed,BlueDart,1277.41
DLV-00172,SO-009965,PRD-0360,2025-12-17,2025-12-24,2025-12-24,Delivered,SwiftShip,1906.55
DLV-00173,SO-009809,PRD-0454,2025-04-10,2025-04-12,2025-04-12,Delivered,SwiftShip,1931.87
DLV-00174,SO-006732,PRD-0165,2025-05-14,2025-05-20,2025-05-21,Delayed,Delhivery,1436.88
DLV-00175,SO-001508,PRD-0232,2025-11-13,2025-11-15,2025-11-20,Delayed,SwiftShip,692.48
DLV-00176,SO-003395,PRD-0291,2025-03-28,2025-04-01,2025-03-30,Delivered,In-house,1022.15
DLV-00177,SO-004925,PRD-0278,2026-06-18,2026-06-20,2026-06-24,Delayed,Delhivery,1514.16
DLV-00178,SO-005258,PRD-0390,2025-06-23,2025-06-26,2025-06-24,Delivered,SwiftShip,1107.84
DLV-00179,SO-005159,PRD-0230,2025-09-06,2025-09-12,2025-09-12,Delivered,Delhivery,390.89
DLV-00180,SO-001252,PRD-0485,2026-05-23,2026-05-31,2026-06-01,Delayed,SwiftShip,1415.67
DLV-00181,SO-006733,PRD-0006,2025-09-10,2025-09-15,2025-09-14,Delivered,Delhivery,440.35
DLV-00182,SO-002548,PRD-0034,2026-05-10,2026-05-13,2026-05-17,Delayed,In-house,740.81
DLV-00183,SO-006226,PRD-0424,2026-07-04,2026-07-07,2026-07-12,Delayed,SwiftShip,884.11
DLV-00184,SO-001751,PRD-0067,2025-01-16,2025-01-18,2025-01-18,Delivered,BlueDart,1718.75
DLV-00185,SO-008959,PRD-0106,2025-04-01,2025-04-09,2025-04-07,Delivered,BlueDart,1890.14
DLV-00186,SO-002257,PRD-0234,2026-04-09,2026-04-13,2026-04-14,Delayed,BlueDart,792.57
DLV-00187,SO-006351,PRD-0037,2026-06-12,2026-06-16,2026-06-14,Delivered,BlueDart,679.41
DLV-00188,SO-008276,PRD-0420,2025-07-18,2025-07-23,2025-07-28,Delayed,Delhivery,1147.3
DLV-00189,SO-001640,PRD-0063,2025-04-04,2025-04-12,2025-04-14,Delayed,BlueDart,226.81
DLV-00190,SO-007228,PRD-0418,2025-04-04,2025-04-07,2025-04-06,Delivered,SwiftShip,1443.71
DLV-00191,SO-007470,PRD-0132,2025-05-29,2025-06-06,2025-06-11,Delayed,In-house,937.83
DLV-00192,SO-005645,PRD-0483,2026-01-19,2026-01-24,2026-01-24,Delivered,SwiftShip,927.46
DLV-00193,SO-004114,PRD-0139,2025-08-21,2025-08-24,2025-08-26,Delayed,SwiftShip,1359.53
DLV-00194,SO-003649,PRD-0048,2025-03-04,2025-03-11,2025-03-14,Delayed,SwiftShip,1603.17
DLV-00195,SO-007338,PRD-0495,2026-08-14,2026-08-21,2026-08-25,Delayed,Delhivery,1302.85
DLV-00196,SO-001706,PRD-0210,2026-03-15,2026-03-20,2026-03-25,Delayed,SwiftShip,970.23
DLV-00197,SO-005733,PRD-0440,2025-05-31,2025-06-07,2025-06-10,Delayed,Delhivery,1177.11
DLV-00198,SO-003906,PRD-0442,2026-08-19,2026-08-22,2026-08-24,Delayed,In-house,1403.38
DLV-00199,SO-009561,PRD-0165,2026-01-19,2026-01-21,2026-01-23,Delayed,BlueDart,169.8
DLV-00200,SO-009284,PRD-0136,2026-05-09,2026-05-12,2026-05-14,Delayed,SwiftShip,712.83
DLV-00201,SO-000186,PRD-0391,2025-03-19,2025-03-21,2025-03-26,Delayed,In-house,1029.53
DLV-00202,SO-000258,PRD-0189,2025-01-09,2025-01-13,2025-01-11,Delivered,BlueDart,1021.49
DLV-00203,SO-007386,PRD-0373,2024-12-26,2024-12-28,2024-12-29,Delayed,Delhivery,773.83
DLV-00204,SO-007727,PRD-0471,2025-12-03,2025-12-11,2025-12-11,Delivered,Delhivery,613.06
DLV-00205,SO-008350,PRD-0338,2026-03-31,2026-04-04,2026-04-04,Delivered,BlueDart,1908.86
DLV-00206,SO-005312,PRD-0411,2026-06-02,2026-06-07,2026-06-11,Delayed,In-house,679.42
DLV-00207,SO-002045,PRD-0025,2025-01-07,2025-01-12,2025-01-16,Delayed,BlueDart,170.39
DLV-00208,SO-007691,PRD-0029,2026-09-02,2026-09-06,2026-09-04,Delivered,Delhivery,841.49
DLV-00209,SO-005858,PRD-0497,2025-08-27,2025-09-04,2025-09-07,Delayed,BlueDart,1124.52
DLV-00210,SO-000107,PRD-0270,2025-06-13,2025-06-20,,In Transit,In-house,1050.33
DLV-00211,SO-009546,PRD-0416,2026-09-15,2026-09-18,,In Transit,Delhivery,459.14
DLV-00212,SO-005470,PRD-0391,2025-10-22,2025-10-28,2025-10-28,Delivered,Delhivery,762.23
DLV-00213,SO-001378,PRD-0180,2025-08-19,2025-08-23,2025-08-26,Delayed,Delhivery,1115.93
DLV-00214,SO-008090,PRD-0365,2025-05-04,2025-05-11,2025-05-14,Delayed,In-house,663.1
DLV-00215,SO-000205,PRD-0076,2026-08-29,2026-09-04,2026-09-03,Delivered,In-house,103.24
DLV-00216,SO-005946,PRD-0353,2024-10-09,2024-10-11,2024-10-13,Delayed,Delhivery,918.75
DLV-00217,SO-003528,PRD-0314,2024-12-24,2025-01-01,2025-01-05,Delayed,BlueDart,1946.57
DLV-00218,SO-003300,PRD-0465,2025-04-11,2025-04-15,2025-04-16,Delayed,BlueDart,1671.62
DLV-00219,SO-000497,PRD-0472,2025-12-15,2025-12-20,2025-12-20,Delivered,Delhivery,549.43
DLV-00220,SO-001583,PRD-0443,2025-01-27,2025-01-31,2025-02-03,Delayed,BlueDart,1581.48
DLV-00221,SO-006514,PRD-0161,2025-01-17,2025-01-25,2025-01-24,Delivered,BlueDart,127.6
DLV-00222,SO-007512,PRD-0082,2025-06-12,2025-06-14,2025-06-14,Delivered,Delhivery,1500.5
DLV-00223,SO-009500,PRD-0304,2024-10-21,2024-10-26,2024-10-25,Delivered,BlueDart,1138.66
DLV-00224,SO-006653,PRD-0142,2025-09-22,2025-09-24,,In Transit,In-house,730.9
DLV-00225,SO-009245,PRD-0148,2025-05-08,2025-05-13,2025-05-16,Delayed,Delhivery,1511.39
DLV-00226,SO-007472,PRD-0344,2025-02-27,2025-03-01,2025-03-06,Delayed,SwiftShip,515.37
DLV-00227,SO-003223,PRD-0129,2026-01-09,2026-01-11,,In Transit,BlueDart,475.77
DLV-00228,SO-003129,PRD-0060,2025-12-22,2025-12-28,2025-12-30,Delayed,SwiftShip,1953.0
DLV-00229,SO-004650,PRD-0303,2025-06-04,2025-06-08,2025-06-06,Delivered,SwiftShip,1559.25
DLV-00230,SO-005265,PRD-0405,2026-05-29,2026-06-05,,In Transit,Delhivery,1012.94
DLV-00231,SO-005195,PRD-0204,2024-11-17,2024-11-20,2024-11-22,Delayed,BlueDart,721.04
DLV-00232,SO-009006,PRD-0259,2026-04-06,2026-04-08,2026-04-10,Delayed,BlueDart,1861.76
DLV-00233,SO-007710,PRD-0132,2025-02-21,2025-02-26,2025-02-25,Delivered,Delhivery,1290.39
DLV-00234,SO-008858,PRD-0331,2025-01-27,2025-01-31,2025-01-29,Delivered,BlueDart,382.94
DLV-00235,SO-009403,PRD-0155,2025-04-22,2025-04-24,2025-04-23,Delivered,SwiftShip,1520.6
DLV-00236,SO-000123,PRD-0001,2024-10-26,2024-10-28,2024-10-28,Delivered,SwiftShip,1142.52
DLV-00237,SO-003828,PRD-0408,2025-12-18,2025-12-21,2025-12-26,Delayed,In-house,1618.03
DLV-00238,SO-004750,PRD-0294,2025-03-09,2025-03-13,2025-03-13,Delivered,Delhivery,1266.48
DLV-00239,SO-003936,PRD-0186,2026-06-13,2026-06-15,2026-06-20,Delayed,BlueDart,356.7
DLV-00240,SO-001376,PRD-0191,2024-10-03,2024-10-08,2024-10-08,Delivered,Delhivery,1229.46
DLV-00241,SO-007600,PRD-0286,2025-10-30,2025-11-01,2025-11-02,Delayed,SwiftShip,491.62
DLV-00242,SO-004635,PRD-0036,2025-10-15,2025-10-23,2025-10-22,Delivered,In-house,1329.74
DLV-00243,SO-002580,PRD-0407,2025-01-16,2025-01-19,2025-01-23,Delayed,Delhivery,497.88
DLV-00244,SO-003806,PRD-0282,2024-10-26,2024-11-01,2024-10-30,Delivered,In-house,839.86
DLV-00245,SO-004871,PRD-0014,2025-10-08,2025-10-10,2025-10-08,Delivered,In-house,1116.01
DLV-00246,SO-006375,PRD-0286,2025-04-26,2025-05-04,2025-05-09,Delayed,In-house,276.8
DLV-00247,SO-000025,PRD-0422,2025-11-04,2025-11-12,2025-11-12,Delivered,Delhivery,1529.88
DLV-00248,SO-001578,PRD-0139,2025-05-25,2025-05-30,2025-06-03,Delayed,In-house,287.39
DLV-00249,SO-001400,PRD-0169,2025-10-17,2025-10-22,2025-10-22,Delivered,In-house,1553.36
DLV-00250,SO-002170,PRD-0097,2026-05-01,2026-05-06,2026-05-09,Delayed,In-house,688.69
DLV-00251,SO-009251,PRD-0007,2026-05-13,2026-05-17,,In Transit,Delhivery,1226.65
DLV-00252,SO-005699,PRD-0169,2026-04-16,2026-04-18,2026-04-20,Delayed,SwiftShip,449.32
DLV-00253,SO-004678,PRD-0087,2025-03-17,2025-03-19,,In Transit,SwiftShip,1144.68
DLV-00254,SO-007873,PRD-0342,2025-03-29,2025-04-03,2025-04-05,Delayed,In-house,314.53
DLV-00255,SO-005344,PRD-0179,2025-03-09,2025-03-11,2025-03-14,Delayed,SwiftShip,312.34
DLV-00256,SO-005819,PRD-0007,2025-02-01,2025-02-06,2025-02-08,Delayed,Delhivery,1416.02
DLV-00257,SO-002738,PRD-0421,2025-04-02,2025-04-05,,In Transit,In-house,992.46
DLV-00258,SO-008220,PRD-0491,2026-06-01,2026-06-04,2026-06-06,Delayed,In-house,226.79
DLV-00259,SO-005955,PRD-0366,2026-08-30,2026-09-02,2026-09-07,Delayed,BlueDart,1446.04
DLV-00260,SO-009329,PRD-0380,2025-07-01,2025-07-05,2025-07-06,Delayed,SwiftShip,260.73
DLV-00261,SO-001971,PRD-0350,2024-10-14,2024-10-18,2024-10-20,Delayed,SwiftShip,971.59
DLV-00262,SO-009579,PRD-0276,2025-07-22,2025-07-29,2025-07-30,Delayed,In-house,473.6
DLV-00263,SO-004314,PRD-0167,2025-12-07,2025-12-14,2025-12-13,Delivered,BlueDart,162.24
DLV-00264,SO-000716,PRD-0093,2025-11-08,2025-11-10,2025-11-12,Delayed,BlueDart,1607.73
DLV-00265,SO-004666,PRD-0265,2025-01-18,2025-01-25,2025-01-26,Delayed,BlueDart,1233.98
DLV-00266,SO-005889,PRD-0417,2026-01-24,2026-01-28,2026-01-30,Delayed,BlueDart,134.27
DLV-00267,SO-008895,PRD-0217,2025-05-30,2025-06-02,2025-06-02,Delivered,Delhivery,1520.63
DLV-00268,SO-005750,PRD-0140,2024-11-11,2024-11-17,2024-11-16,Delivered,SwiftShip,1580.33
DLV-00269,SO-007664,PRD-0110,2026-05-18,2026-05-21,2026-05-23,Delayed,Delhivery,1011.52
DLV-00270,SO-005867,PRD-0083,2026-06-15,2026-06-22,2026-06-25,Delayed,Delhivery,1511.57
DLV-00271,SO-008664,PRD-0010,2025-04-01,2025-04-08,2025-04-10,Delayed,In-house,1548.34
DLV-00272,SO-008747,PRD-0055,2026-05-04,2026-05-10,2026-05-11,Delayed,In-house,1018.61
DLV-00273,SO-000796,PRD-0033,2026-08-05,2026-08-11,2026-08-09,Delivered,Delhivery,1375.58
DLV-00274,SO-007347,PRD-0438,2025-11-28,2025-12-03,2025-12-01,Delivered,SwiftShip,841.2
DLV-00275,SO-000933,PRD-0479,2025-04-23,2025-04-26,2025-04-29,Delayed,Delhivery,1315.8
DLV-00276,SO-001460,PRD-0332,2025-05-12,2025-05-19,2025-05-18,Delivered,Delhivery,1275.94
DLV-00277,SO-007973,PRD-0031,2026-07-11,2026-07-14,2026-07-18,Delayed,BlueDart,228.88
DLV-00278,SO-005575,PRD-0055,2026-07-10,2026-07-18,2026-07-18,Delivered,SwiftShip,1740.19
DLV-00279,SO-008421,PRD-0469,2025-11-25,2025-11-28,2025-12-01,Delayed,SwiftShip,1849.6
DLV-00280,SO-009358,PRD-0042,2025-07-25,2025-07-29,2025-07-27,Delivered,SwiftShip,762.53
DLV-00281,SO-009821,PRD-0032,2025-05-26,2025-06-02,2025-06-04,Delayed,Delhivery,1975.34
DLV-00282,SO-005908,PRD-0481,2025-03-02,2025-03-09,2025-03-12,Delayed,In-house,1969.45
DLV-00283,SO-000701,PRD-0306,2026-10-01,2026-10-07,2026-10-11,Delayed,BlueDart,917.77
DLV-00284,SO-002712,PRD-0220,2024-12-31,2025-01-04,2025-01-08,Delayed,BlueDart,596.89
DLV-00285,SO-000473,PRD-0351,2026-05-08,2026-05-12,2026-05-13,Delayed,BlueDart,1370.79
DLV-00286,SO-003726,PRD-0402,2025-06-21,2025-06-28,2025-06-28,Delivered,In-house,1997.15
DLV-00287,SO-005554,PRD-0486,2026-08-01,2026-08-08,2026-08-13,Delayed,BlueDart,735.2
DLV-00288,SO-009769,PRD-0238,2026-07-16,2026-07-22,2026-07-27,Delayed,Delhivery,1298.83
DLV-00289,SO-000201,PRD-0450,2025-11-07,2025-11-09,,In Transit,Delhivery,1333.23
DLV-00290,SO-006679,PRD-0214,2025-02-06,2025-02-13,2025-02-13,Delivered,Delhivery,465.63
DLV-00291,SO-006575,PRD-0341,2026-04-11,2026-04-14,2026-04-17,Delayed,Delhivery,1199.54
DLV-00292,SO-008655,PRD-0408,2025-06-24,2025-06-30,2025-07-04,Delayed,SwiftShip,1945.26
DLV-00293,SO-001790,PRD-0060,2025-01-20,2025-01-22,2025-01-21,Delivered,BlueDart,855.61
DLV-00294,SO-004945,PRD-0238,2026-08-14,2026-08-18,2026-08-23,Delayed,In-house,1346.76
DLV-00295,SO-007085,PRD-0354,2025-10-18,2025-10-21,2025-10-26,Delayed,BlueDart,1858.45
DLV-00296,SO-006373,PRD-0138,2025-04-01,2025-04-07,2025-04-08,Delayed,Delhivery,1266.81
DLV-00297,SO-000658,PRD-0198,2025-11-07,2025-11-09,2025-11-11,Delayed,SwiftShip,466.61
DLV-00298,SO-007171,PRD-0262,2025-03-11,2025-03-19,2025-03-20,Delayed,Delhivery,1230.75
DLV-00299,SO-001852,PRD-0266,2025-09-10,2025-09-18,2025-09-23,Delayed,In-house,1758.99
DLV-00300,SO-001036,PRD-0245,2025-07-18,2025-07-21,2025-07-20,Delivered,BlueDart,105.27
DLV-00301,SO-006684,PRD-0363,2025-08-12,2025-08-20,2025-08-24,Delayed,Delhivery,523.67
DLV-00302,SO-008071,PRD-0466,2026-06-16,2026-06-19,2026-06-17,Delivered,SwiftShip,630.91
DLV-00303,SO-000609,PRD-0300,2026-07-23,2026-07-31,2026-07-29,Delivered,SwiftShip,1194.11
DLV-00304,SO-001496,PRD-0187,2025-08-07,2025-08-13,2025-08-12,Delivered,In-house,263.95
DLV-00305,SO-003711,PRD-0196,2025-07-22,2025-07-29,2025-07-27,Delivered,SwiftShip,866.62
DLV-00306,SO-000394,PRD-0123,2026-03-04,2026-03-08,2026-03-06,Delivered,Delhivery,1889.41
DLV-00307,SO-003899,PRD-0019,2024-12-14,2024-12-18,2024-12-19,Delayed,Delhivery,1405.89
DLV-00308,SO-002321,PRD-0188,2025-10-24,2025-10-26,2025-10-26,Delivered,SwiftShip,959.24
DLV-00309,SO-000992,PRD-0330,2025-08-26,2025-09-03,2025-09-02,Delivered,Delhivery,1607.57
DLV-00310,SO-001996,PRD-0429,2025-02-16,2025-02-20,,In Transit,SwiftShip,1615.78
DLV-00311,SO-004204,PRD-0173,2026-09-01,2026-09-05,2026-09-06,Delayed,Delhivery,1094.13
DLV-00312,SO-008062,PRD-0059,2025-10-20,2025-10-26,2025-10-31,Delayed,SwiftShip,1558.52
DLV-00313,SO-004416,PRD-0346,2024-11-22,2024-11-24,2024-11-29,Delayed,Delhivery,144.67
DLV-00314,SO-004646,PRD-0123,2025-09-22,2025-09-28,2025-09-28,Delivered,BlueDart,1645.59
DLV-00315,SO-009078,PRD-0488,2025-07-27,2025-08-03,,In Transit,In-house,749.38
DLV-00316,SO-008896,PRD-0146,2025-11-05,2025-11-07,,In Transit,In-house,178.61
DLV-00317,SO-004999,PRD-0081,2024-11-24,2024-11-29,2024-12-02,Delayed,In-house,1484.98
DLV-00318,SO-002206,PRD-0124,2025-08-06,2025-08-08,2025-08-11,Delayed,Delhivery,1709.54
DLV-00319,SO-002440,PRD-0285,2024-11-09,2024-11-16,2024-11-16,Delivered,BlueDart,1149.92
DLV-00320,SO-007789,PRD-0499,2025-12-02,2025-12-07,2025-12-12,Delayed,SwiftShip,1787.66
DLV-00321,SO-001923,PRD-0113,2025-12-19,2025-12-27,2025-12-30,Delayed,Delhivery,652.71
DLV-00322,SO-005632,PRD-0102,2026-02-07,2026-02-13,2026-02-14,Delayed,SwiftShip,768.18
DLV-00323,SO-007465,PRD-0089,2025-02-01,2025-02-09,2025-02-07,Delivered,SwiftShip,1782.36
DLV-00324,SO-004270,PRD-0153,2026-06-14,2026-06-21,2026-06-22,Delayed,SwiftShip,1529.95
DLV-00325,SO-004605,PRD-0358,2026-04-24,2026-04-26,2026-04-26,Delivered,SwiftShip,1365.69
DLV-00326,SO-004505,PRD-0337,2026-03-08,2026-03-16,2026-03-19,Delayed,SwiftShip,186.2
DLV-00327,SO-007833,PRD-0141,2025-04-08,2025-04-11,2025-04-14,Delayed,Delhivery,612.11
DLV-00328,SO-004169,PRD-0173,2026-06-29,2026-07-07,2026-07-06,Delivered,BlueDart,775.85
DLV-00329,SO-006257,PRD-0035,2026-05-01,2026-05-09,2026-05-11,Delayed,In-house,1830.47
DLV-00330,SO-004032,PRD-0161,2026-03-08,2026-03-13,2026-03-12,Delivered,In-house,337.63
DLV-00331,SO-004817,PRD-0026,2025-06-06,2025-06-08,2025-06-12,Delayed,In-house,1675.45
DLV-00332,SO-009175,PRD-0260,2024-11-21,2024-11-28,2024-12-02,Delayed,BlueDart,1421.52
DLV-00333,SO-002792,PRD-0155,2025-03-30,2025-04-02,2025-04-05,Delayed,SwiftShip,1051.32
DLV-00334,SO-009502,PRD-0274,2025-10-04,2025-10-11,,In Transit,BlueDart,591.6
DLV-00335,SO-002570,PRD-0318,2024-12-28,2025-01-04,2025-01-04,Delivered,Delhivery,1650.11
DLV-00336,SO-008818,PRD-0183,2025-10-15,2025-10-21,2025-10-22,Delayed,In-house,154.47
DLV-00337,SO-008833,PRD-0476,2026-03-10,2026-03-13,2026-03-14,Delayed,Delhivery,1548.13
DLV-00338,SO-006593,PRD-0278,2026-01-03,2026-01-10,2026-01-15,Delayed,Delhivery,1601.24
DLV-00339,SO-000230,PRD-0452,2025-04-29,2025-05-02,2025-05-06,Delayed,BlueDart,735.33
DLV-00340,SO-007033,PRD-0124,2026-09-01,2026-09-08,2026-09-06,Delivered,Delhivery,1080.21
DLV-00341,SO-009688,PRD-0191,2025-10-10,2025-10-13,2025-10-11,Delivered,Delhivery,497.72
DLV-00342,SO-008339,PRD-0137,2025-04-12,2025-04-19,2025-04-21,Delayed,SwiftShip,986.78
DLV-00343,SO-003362,PRD-0488,2026-09-26,2026-09-30,2026-10-05,Delayed,Delhivery,1436.54
DLV-00344,SO-002470,PRD-0477,2026-08-02,2026-08-06,2026-08-09,Delayed,SwiftShip,595.73
DLV-00345,SO-003268,PRD-0076,2026-07-18,2026-07-25,2026-07-27,Delayed,In-house,479.33
DLV-00346,SO-003503,PRD-0022,2025-07-28,2025-08-02,2025-08-04,Delayed,In-house,1503.41
DLV-00347,SO-004106,PRD-0058,2026-05-14,2026-05-17,2026-05-19,Delayed,Delhivery,1609.84
DLV-00348,SO-008138,PRD-0421,2026-07-10,2026-07-12,2026-07-12,Delivered,In-house,776.11
DLV-00349,SO-006063,PRD-0006,2024-12-01,2024-12-04,2024-12-04,Delivered,In-house,503.83
DLV-00350,SO-004381,PRD-0057,2025-05-22,2025-05-25,2025-05-29,Delayed,Delhivery,247.28
DLV-00351,SO-000345,PRD-0025,2026-06-23,2026-06-28,2026-06-26,Delivered,In-house,1679.27
DLV-00352,SO-000948,PRD-0235,2026-06-02,2026-06-10,2026-06-12,Delayed,BlueDart,1383.54
DLV-00353,SO-006956,PRD-0201,2025-03-30,2025-04-04,2025-04-09,Delayed,In-house,1321.45
DLV-00354,SO-008027,PRD-0346,2025-04-08,2025-04-14,2025-04-19,Delayed,Delhivery,166.02
DLV-00355,SO-008795,PRD-0363,2025-10-12,2025-10-18,2025-10-23,Delayed,Delhivery,1987.48
DLV-00356,SO-009387,PRD-0041,2026-06-03,2026-06-09,2026-06-12,Delayed,Delhivery,972.53
DLV-00357,SO-001484,PRD-0163,2026-01-15,2026-01-19,2026-01-21,Delayed,Delhivery,706.98
DLV-00358,SO-006425,PRD-0325,2025-07-15,2025-07-22,2025-07-26,Delayed,SwiftShip,320.77
DLV-00359,SO-005664,PRD-0431,2026-09-30,2026-10-06,2026-10-11,Delayed,BlueDart,1162.25
DLV-00360,SO-000927,PRD-0246,2025-02-05,2025-02-08,2025-02-10,Delayed,In-house,1475.11
DLV-00361,SO-003344,PRD-0311,2025-02-10,2025-02-12,2025-02-14,Delayed,BlueDart,1459.51
DLV-00362,SO-008515,PRD-0272,2026-09-24,2026-09-26,2026-09-25,Delivered,In-house,734.35
DLV-00363,SO-002631,PRD-0324,2026-04-25,2026-05-02,2026-05-01,Delivered,In-house,302.74
DLV-00364,SO-009891,PRD-0325,2026-09-29,2026-10-07,2026-10-09,Delayed,SwiftShip,1383.74
DLV-00365,SO-004447,PRD-0126,2025-08-18,2025-08-20,2025-08-21,Delayed,In-house,707.22
DLV-00366,SO-009005,PRD-0036,2025-10-17,2025-10-20,2025-10-24,Delayed,BlueDart,1224.76
DLV-00367,SO-000046,PRD-0110,2025-02-21,2025-03-01,2025-03-06,Delayed,BlueDart,1955.73
DLV-00368,SO-008677,PRD-0212,2025-06-29,2025-07-04,2025-07-09,Delayed,In-house,1237.65
DLV-00369,SO-003972,PRD-0422,2024-11-02,2024-11-06,2024-11-11,Delayed,Delhivery,1163.28
DLV-00370,SO-006435,PRD-0443,2026-05-07,2026-05-11,2026-05-16,Delayed,Delhivery,590.05
DLV-00371,SO-004758,PRD-0129,2025-01-29,2025-02-04,2025-02-04,Delivered,Delhivery,1106.06
DLV-00372,SO-002977,PRD-0057,2025-08-19,2025-08-26,2025-08-30,Delayed,Delhivery,379.34
DLV-00373,SO-000079,PRD-0228,2025-12-12,2025-12-18,2025-12-18,Delivered,Delhivery,602.83
DLV-00374,SO-009979,PRD-0484,2026-05-08,2026-05-10,2026-05-10,Delivered,BlueDart,1574.63
DLV-00375,SO-008665,PRD-0294,2025-04-01,2025-04-04,2025-04-04,Delivered,Delhivery,858.74
DLV-00376,SO-000736,PRD-0017,2025-08-24,2025-08-30,2025-08-28,Delivered,In-house,349.77
DLV-00377,SO-002515,PRD-0261,2024-12-25,2024-12-30,2024-12-30,Delivered,In-house,403.48
DLV-00378,SO-005778,PRD-0165,2026-01-26,2026-01-30,2026-01-29,Delivered,SwiftShip,926.59
DLV-00379,SO-009424,PRD-0276,2025-08-12,2025-08-15,2025-08-15,Delivered,Delhivery,913.24
DLV-00380,SO-005729,PRD-0046,2026-03-31,2026-04-04,2026-04-05,Delayed,BlueDart,1482.01
DLV-00381,SO-000670,PRD-0324,2026-09-06,2026-09-14,2026-09-15,Delayed,SwiftShip,1639.61
DLV-00382,SO-004490,PRD-0107,2026-02-24,2026-02-26,,In Transit,Delhivery,1314.72
DLV-00383,SO-007190,PRD-0349,2025-01-09,2025-01-13,2025-01-13,Delivered,Delhivery,1991.15
DLV-00384,SO-005912,PRD-0490,2026-02-21,2026-02-24,2026-02-24,Delivered,Delhivery,1762.55
DLV-00385,SO-000300,PRD-0245,2026-01-15,2026-01-22,2026-01-27,Delayed,SwiftShip,1811.31
DLV-00386,SO-001086,PRD-0090,2025-10-03,2025-10-11,2025-10-16,Delayed,BlueDart,1028.86
DLV-00387,SO-001820,PRD-0198,2025-09-20,2025-09-24,2025-09-26,Delayed,Delhivery,1231.39
DLV-00388,SO-003956,PRD-0294,2026-02-14,2026-02-18,,In Transit,In-house,1047.06
DLV-00389,SO-006460,PRD-0141,2025-07-21,2025-07-23,2025-07-24,Delayed,Delhivery,418.91
DLV-00390,SO-008812,PRD-0172,2026-03-06,2026-03-11,2026-03-13,Delayed,Delhivery,295.88
DLV-00391,SO-002308,PRD-0246,2025-06-14,2025-06-21,,In Transit,BlueDart,1894.61
DLV-00392,SO-005879,PRD-0310,2024-10-15,2024-10-22,2024-10-25,Delayed,Delhivery,1386.86
DLV-00393,SO-003790,PRD-0174,2026-04-03,2026-04-06,2026-04-10,Delayed,In-house,1576.24
DLV-00394,SO-003567,PRD-0396,2026-01-27,2026-01-29,2026-01-29,Delivered,SwiftShip,1780.92
DLV-00395,SO-004933,PRD-0363,2025-01-29,2025-02-03,2025-02-04,Delayed,Delhivery,1871.92
DLV-00396,SO-000099,PRD-0327,2024-10-15,2024-10-19,2024-10-20,Delayed,Delhivery,1661.56
DLV-00397,SO-003226,PRD-0459,2026-02-10,2026-02-15,2026-02-14,Delivered,In-house,298.04
DLV-00398,SO-008054,PRD-0127,2026-02-24,2026-02-28,2026-02-26,Delivered,BlueDart,1098.97
DLV-00399,SO-001106,PRD-0224,2025-02-18,2025-02-26,2025-02-26,Delivered,BlueDart,1165.27
DLV-00400,SO-002538,PRD-0302,2025-04-19,2025-04-23,2025-04-21,Delivered,In-house,1920.98
DLV-00401,SO-003310,PRD-0132,2025-03-06,2025-03-12,2025-03-14,Delayed,BlueDart,175.87
DLV-00402,SO-007035,PRD-0133,2025-01-18,2025-01-25,2025-01-26,Delayed,BlueDart,1446.29
DLV-00403,SO-002602,PRD-0071,2025-06-02,2025-06-04,2025-06-08,Delayed,In-house,149.78
DLV-00404,SO-000287,PRD-0355,2024-11-06,2024-11-09,2024-11-13,Delayed,In-house,1497.14
DLV-00405,SO-002679,PRD-0346,2025-02-10,2025-02-18,2025-02-17,Delivered,Delhivery,435.86
DLV-00406,SO-002020,PRD-0386,2025-12-15,2025-12-17,2025-12-19,Delayed,SwiftShip,555.74
DLV-00407,SO-000581,PRD-0135,2025-08-23,2025-08-28,2025-08-28,Delivered,Delhivery,1820.31
DLV-00408,SO-004441,PRD-0088,2026-05-11,2026-05-15,2026-05-15,Delivered,SwiftShip,1158.75
DLV-00409,SO-001312,PRD-0344,2025-09-21,2025-09-28,,In Transit,Delhivery,301.8
DLV-00410,SO-002726,PRD-0109,2024-10-13,2024-10-18,,In Transit,Delhivery,1358.76
DLV-00411,SO-001209,PRD-0182,2026-07-02,2026-07-08,2026-07-12,Delayed,BlueDart,383.92
DLV-00412,SO-001067,PRD-0088,2024-12-26,2024-12-31,2025-01-03,Delayed,Delhivery,1424.99
DLV-00413,SO-009700,PRD-0500,2026-06-28,2026-07-04,2026-07-03,Delivered,SwiftShip,1076.09
DLV-00414,SO-005666,PRD-0448,2025-05-27,2025-06-04,2025-06-09,Delayed,In-house,918.75
DLV-00415,SO-007817,PRD-0041,2026-01-23,2026-01-30,2026-01-30,Delivered,Delhivery,1412.34
DLV-00416,SO-008423,PRD-0074,2025-09-26,2025-10-02,2025-10-06,Delayed,SwiftShip,1169.42
DLV-00417,SO-009892,PRD-0354,2026-04-13,2026-04-20,2026-04-24,Delayed,In-house,210.19
DLV-00418,SO-006247,PRD-0300,2026-08-16,2026-08-24,2026-08-28,Delayed,In-house,145.27
DLV-00419,SO-006553,PRD-0086,2025-01-23,2025-01-30,2025-02-04,Delayed,SwiftShip,1977.77
DLV-00420,SO-006520,PRD-0331,2026-01-18,2026-01-22,2026-01-21,Delivered,BlueDart,1930.04
DLV-00421,SO-006736,PRD-0281,2026-07-13,2026-07-18,2026-07-20,Delayed,SwiftShip,1992.44
DLV-00422,SO-002064,PRD-0179,2026-05-17,2026-05-19,2026-05-24,Delayed,In-house,1961.02
DLV-00423,SO-008133,PRD-0230,2026-01-27,2026-02-02,2026-02-03,Delayed,BlueDart,420.9
DLV-00424,SO-002989,PRD-0484,2025-04-22,2025-04-25,2025-04-25,Delivered,BlueDart,372.07
DLV-00425,SO-008543,PRD-0290,2025-09-07,2025-09-10,2025-09-13,Delayed,BlueDart,1288.74
DLV-00426,SO-005915,PRD-0280,2025-09-02,2025-09-04,2025-09-08,Delayed,SwiftShip,1171.28
DLV-00427,SO-007276,PRD-0248,2025-01-29,2025-01-31,2025-01-31,Delivered,Delhivery,1087.38
DLV-00428,SO-007139,PRD-0440,2025-01-13,2025-01-17,2025-01-19,Delayed,Delhivery,666.85
DLV-00429,SO-004059,PRD-0067,2025-03-20,2025-03-27,,In Transit,In-house,732.59
DLV-00430,SO-000903,PRD-0012,2026-05-27,2026-06-03,,In Transit,SwiftShip,1938.17
DLV-00431,SO-005499,PRD-0219,2026-07-23,2026-07-28,2026-07-28,Delivered,In-house,921.9
DLV-00432,SO-000910,PRD-0448,2025-03-21,2025-03-24,2025-03-27,Delayed,In-house,1245.96
DLV-00433,SO-005068,PRD-0419,2026-07-02,2026-07-04,2026-07-03,Delivered,BlueDart,1248.79
DLV-00434,SO-006008,PRD-0226,2025-07-15,2025-07-23,2025-07-22,Delivered,BlueDart,1154.95
DLV-00435,SO-002072,PRD-0490,2024-12-18,2024-12-22,2024-12-23,Delayed,BlueDart,543.94
DLV-00436,SO-005293,PRD-0145,2026-09-22,2026-09-26,,In Transit,BlueDart,1137.13
DLV-00437,SO-007519,PRD-0087,2024-11-14,2024-11-16,2024-11-16,Delivered,BlueDart,1041.18
DLV-00438,SO-006589,PRD-0094,2026-06-02,2026-06-05,2026-06-08,Delayed,In-house,1427.7
DLV-00439,SO-003516,PRD-0305,2026-07-20,2026-07-25,,In Transit,BlueDart,1175.51
DLV-00440,SO-007722,PRD-0428,2025-07-31,2025-08-05,2025-08-09,Delayed,BlueDart,738.51
DLV-00441,SO-006051,PRD-0123,2026-03-10,2026-03-18,,In Transit,BlueDart,1628.96
DLV-00442,SO-004792,PRD-0453,2026-09-05,2026-09-08,2026-09-08,Delivered,BlueDart,1899.43
DLV-00443,SO-009480,PRD-0236,2026-04-18,2026-04-21,2026-04-23,Delayed,Delhivery,729.58
DLV-00444,SO-005322,PRD-0095,2025-12-24,2025-12-28,2025-12-26,Delivered,In-house,630.73
DLV-00445,SO-006699,PRD-0302,2025-06-21,2025-06-29,2025-07-01,Delayed,In-house,1731.88
DLV-00446,SO-001754,PRD-0029,2025-07-20,2025-07-26,2025-07-26,Delivered,In-house,1831.38
DLV-00447,SO-008491,PRD-0352,2026-02-22,2026-02-26,2026-02-28,Delayed,In-house,258.22
DLV-00448,SO-004904,PRD-0187,2026-07-01,2026-07-09,,In Transit,In-house,1387.86
DLV-00449,SO-007918,PRD-0327,2026-09-21,2026-09-23,2026-09-25,Delayed,Delhivery,583.97
DLV-00450,SO-008921,PRD-0079,2026-06-02,2026-06-08,2026-06-09,Delayed,BlueDart,1631.03
DLV-00451,SO-004332,PRD-0461,2025-02-06,2025-02-10,2025-02-10,Delivered,Delhivery,1119.55
DLV-00452,SO-001722,PRD-0192,2025-11-19,2025-11-23,2025-11-22,Delivered,In-house,203.26
DLV-00453,SO-003057,PRD-0421,2025-04-03,2025-04-08,2025-04-08,Delivered,In-house,1929.68
DLV-00454,SO-009665,PRD-0317,2025-08-26,2025-08-29,2025-08-28,Delivered,In-house,783.61
DLV-00455,SO-002649,PRD-0260,2025-12-19,2025-12-23,2025-12-28,Delayed,SwiftShip,1466.52
DLV-00456,SO-008588,PRD-0178,2025-05-16,2025-05-21,2025-05-24,Delayed,In-house,1585.51
DLV-00457,SO-007334,PRD-0018,2025-06-09,2025-06-14,2025-06-17,Delayed,Delhivery,1832.71
DLV-00458,SO-009864,PRD-0163,2024-10-19,2024-10-25,2024-10-30,Delayed,In-house,1195.99
DLV-00459,SO-004418,PRD-0029,2026-03-27,2026-04-01,2026-04-02,Delayed,In-house,1034.83
DLV-00460,SO-008786,PRD-0217,2026-05-19,2026-05-27,2026-05-30,Delayed,BlueDart,1244.92
DLV-00461,SO-006837,PRD-0018,2026-04-24,2026-04-26,2026-05-01,Delayed,SwiftShip,1108.88
DLV-00462,SO-000253,PRD-0493,2026-01-17,2026-01-20,,In Transit,SwiftShip,424.65
DLV-00463,SO-008396,PRD-0069,2024-10-20,2024-10-27,2024-10-29,Delayed,BlueDart,1704.24
DLV-00464,SO-007005,PRD-0390,2025-08-09,2025-08-16,2025-08-14,Delivered,Delhivery,1474.16
DLV-00465,SO-004250,PRD-0436,2025-11-05,2025-11-10,2025-11-12,Delayed,BlueDart,364.93
DLV-00466,SO-001287,PRD-0043,2026-03-10,2026-03-17,2026-03-22,Delayed,BlueDart,778.9
DLV-00467,SO-008160,PRD-0451,2025-12-14,2025-12-18,2025-12-21,Delayed,BlueDart,656.55
DLV-00468,SO-003768,PRD-0470,2025-03-01,2025-03-08,2025-03-08,Delivered,BlueDart,133.05
DLV-00469,SO-003970,PRD-0141,2025-07-26,2025-08-03,2025-08-06,Delayed,Delhivery,1438.05
DLV-00470,SO-000916,PRD-0108,2026-03-27,2026-04-01,2026-03-31,Delivered,Delhivery,1261.36
DLV-00471,SO-000751,PRD-0455,2025-11-20,2025-11-25,2025-11-26,Delayed,SwiftShip,1069.42
DLV-00472,SO-008730,PRD-0113,2025-06-12,2025-06-15,2025-06-16,Delayed,Delhivery,1102.4
DLV-00473,SO-006640,PRD-0190,2025-12-13,2025-12-20,2025-12-21,Delayed,Delhivery,1516.23
DLV-00474,SO-007267,PRD-0457,2026-03-07,2026-03-11,2026-03-15,Delayed,Delhivery,1748.62
DLV-00475,SO-000302,PRD-0500,2026-03-13,2026-03-20,2026-03-23,Delayed,SwiftShip,1344.52
DLV-00476,SO-006621,PRD-0485,2026-04-07,2026-04-09,2026-04-11,Delayed,BlueDart,543.42
DLV-00477,SO-002537,PRD-0413,2024-11-19,2024-11-23,2024-11-22,Delivered,SwiftShip,332.26
DLV-00478,SO-004755,PRD-0435,2025-07-19,2025-07-22,2025-07-24,Delayed,BlueDart,1625.32
DLV-00479,SO-004620,PRD-0208,2024-11-29,2024-12-02,2024-12-04,Delayed,In-house,1697.96
DLV-00480,SO-004378,PRD-0279,2025-06-03,2025-06-09,2025-06-13,Delayed,Delhivery,1659.3
DLV-00481,SO-008007,PRD-0098,2026-06-24,2026-06-26,2026-06-27,Delayed,SwiftShip,858.66
DLV-00482,SO-007509,PRD-0323,2025-10-03,2025-10-08,2025-10-11,Delayed,SwiftShip,1864.22
DLV-00483,SO-007028,PRD-0332,2026-03-12,2026-03-19,2026-03-19,Delivered,Delhivery,230.71
DLV-00484,SO-007148,PRD-0260,2026-07-02,2026-07-07,2026-07-09,Delayed,BlueDart,1803.87
DLV-00485,SO-009606,PRD-0398,2026-05-01,2026-05-03,,In Transit,Delhivery,1558.11
DLV-00486,SO-005545,PRD-0140,2026-06-18,2026-06-22,2026-06-21,Delivered,SwiftShip,850.04
DLV-00487,SO-007657,PRD-0287,2026-06-12,2026-06-15,,In Transit,SwiftShip,259.7
DLV-00488,SO-008122,PRD-0242,2025-02-17,2025-02-24,2025-03-01,Delayed,BlueDart,1361.83
DLV-00489,SO-002398,PRD-0004,2025-10-18,2025-10-23,2025-10-26,Delayed,In-house,1584.23
DLV-00490,SO-005572,PRD-0465,2026-03-25,2026-04-01,2026-03-30,Delivered,BlueDart,940.65
DLV-00491,SO-006999,PRD-0178,2025-09-09,2025-09-11,2025-09-11,Delivered,In-house,1460.13
DLV-00492,SO-008187,PRD-0317,2024-12-30,2025-01-06,2025-01-05,Delivered,BlueDart,248.22
DLV-00493,SO-005295,PRD-0414,2025-02-05,2025-02-13,2025-02-13,Delivered,BlueDart,667.6
DLV-00494,SO-008338,PRD-0025,2026-08-27,2026-08-29,,In Transit,Delhivery,867.11
DLV-00495,SO-008352,PRD-0346,2026-04-23,2026-04-28,2026-04-30,Delayed,BlueDart,1888.67
DLV-00496,SO-004027,PRD-0443,2026-07-24,2026-07-31,2026-07-29,Delivered,In-house,489.59
DLV-00497,SO-009950,PRD-0108,2024-12-27,2025-01-04,2025-01-06,Delayed,Delhivery,330.18
DLV-00498,SO-001639,PRD-0220,2025-09-28,2025-10-02,2025-10-01,Delivered,SwiftShip,320.09
DLV-00499,SO-003026,PRD-0132,2025-10-20,2025-10-28,,In Transit,BlueDart,587.74
DLV-00500,SO-008246,PRD-0197,2025-10-17,2025-10-22,2025-10-22,Delivered,Delhivery,1821.61
DLV-00501,SO-002536,PRD-0347,2025-05-28,2025-06-03,2025-06-01,Delivered,BlueDart,509.23
DLV-00502,SO-007919,PRD-0288,2026-04-15,2026-04-17,2026-04-15,Delivered,BlueDart,663.67
DLV-00503,SO-000775,PRD-0396,2024-10-23,2024-10-30,2024-10-30,Delivered,In-house,1210.07
DLV-00504,SO-009365,PRD-0029,2024-11-01,2024-11-08,2024-11-08,Delivered,Delhivery,658.1
DLV-00505,SO-009169,PRD-0183,2025-03-01,2025-03-04,2025-03-05,Delayed,Delhivery,569.02
DLV-00506,SO-004311,PRD-0393,2025-10-20,2025-10-22,2025-10-27,Delayed,BlueDart,1459.18
DLV-00507,SO-005455,PRD-0185,2026-03-13,2026-03-20,2026-03-18,Delivered,In-house,1922.34
DLV-00508,SO-001905,PRD-0304,2026-05-01,2026-05-08,2026-05-13,Delayed,SwiftShip,1831.3
DLV-00509,SO-008166,PRD-0297,2026-01-07,2026-01-13,2026-01-16,Delayed,In-house,1313.83
DLV-00510,SO-009865,PRD-0024,2025-11-07,2025-11-12,2025-11-17,Delayed,BlueDart,1313.85
DLV-00511,SO-006201,PRD-0080,2025-06-26,2025-06-29,2025-07-03,Delayed,In-house,521.46
DLV-00512,SO-002499,PRD-0335,2026-03-18,2026-03-26,2026-03-26,Delivered,SwiftShip,1184.39
DLV-00513,SO-009417,PRD-0182,2025-04-05,2025-04-12,2025-04-12,Delivered,BlueDart,1284.08
DLV-00514,SO-007225,PRD-0008,2026-05-26,2026-05-31,2026-06-01,Delayed,Delhivery,1535.97
DLV-00515,SO-004403,PRD-0246,2026-01-07,2026-01-09,2026-01-13,Delayed,BlueDart,1499.08
DLV-00516,SO-001789,PRD-0309,2025-06-16,2025-06-21,2025-06-20,Delivered,Delhivery,1555.04
DLV-00517,SO-001138,PRD-0153,2024-12-23,2024-12-28,2024-12-29,Delayed,SwiftShip,1483.81
DLV-00518,SO-001697,PRD-0220,2026-02-22,2026-02-28,2026-03-04,Delayed,SwiftShip,713.52
DLV-00519,SO-004655,PRD-0226,2026-07-31,2026-08-07,2026-08-12,Delayed,BlueDart,1082.44
DLV-00520,SO-001630,PRD-0213,2025-10-20,2025-10-24,2025-10-24,Delivered,In-house,203.15
DLV-00521,SO-000421,PRD-0029,2024-11-26,2024-12-03,2024-12-08,Delayed,Delhivery,308.78
DLV-00522,SO-002464,PRD-0214,2026-09-28,2026-10-01,,In Transit,SwiftShip,723.79
DLV-00523,SO-001167,PRD-0353,2025-03-26,2025-03-30,2025-03-28,Delivered,Delhivery,450.67
DLV-00524,SO-000507,PRD-0191,2025-12-19,2025-12-22,2025-12-23,Delayed,Delhivery,1638.64
DLV-00525,SO-001362,PRD-0043,2025-10-20,2025-10-24,2025-10-25,Delayed,BlueDart,1432.08
DLV-00526,SO-004022,PRD-0172,2025-06-02,2025-06-10,,In Transit,In-house,376.66
DLV-00527,SO-007807,PRD-0346,2025-10-24,2025-11-01,2025-11-05,Delayed,SwiftShip,624.07
DLV-00528,SO-002204,PRD-0104,2025-07-11,2025-07-17,2025-07-22,Delayed,In-house,1178.15
DLV-00529,SO-003986,PRD-0112,2026-02-06,2026-02-10,2026-02-15,Delayed,BlueDart,412.28
DLV-00530,SO-004131,PRD-0127,2025-03-29,2025-04-03,2025-04-02,Delivered,SwiftShip,814.92
DLV-00531,SO-009232,PRD-0496,2025-07-19,2025-07-25,2025-07-28,Delayed,SwiftShip,751.17
DLV-00532,SO-003468,PRD-0056,2026-01-20,2026-01-22,,In Transit,In-house,1500.0
DLV-00533,SO-002530,PRD-0034,2024-10-07,2024-10-13,2024-10-14,Delayed,BlueDart,1820.02
DLV-00534,SO-007291,PRD-0116,2025-10-21,2025-10-28,2025-11-02,Delayed,In-house,1626.45
DLV-00535,SO-000601,PRD-0247,2026-09-03,2026-09-10,2026-09-15,Delayed,SwiftShip,193.68
DLV-00536,SO-002455,PRD-0466,2025-04-15,2025-04-23,2025-04-26,Delayed,BlueDart,952.58
DLV-00537,SO-001898,PRD-0040,2026-02-01,2026-02-03,2026-02-02,Delivered,Delhivery,1800.82
DLV-00538,SO-008878,PRD-0355,2026-09-24,2026-09-29,2026-10-01,Delayed,In-house,1656.33
DLV-00539,SO-009201,PRD-0430,2026-01-19,2026-01-21,,In Transit,Delhivery,852.87
DLV-00540,SO-007278,PRD-0372,2026-02-08,2026-02-12,2026-02-13,Delayed,In-house,247.16
DLV-00541,SO-002180,PRD-0378,2025-09-03,2025-09-08,2025-09-07,Delivered,In-house,763.43
DLV-00542,SO-006142,PRD-0418,2024-10-05,2024-10-11,2024-10-09,Delivered,SwiftShip,1608.72
DLV-00543,SO-004455,PRD-0386,2026-06-29,2026-07-03,2026-07-02,Delivered,Delhivery,653.91
DLV-00544,SO-001048,PRD-0236,2025-03-22,2025-03-30,2025-03-30,Delivered,SwiftShip,790.02
DLV-00545,SO-001295,PRD-0254,2025-08-28,2025-09-01,2025-09-06,Delayed,In-house,861.69
DLV-00546,SO-006698,PRD-0424,2025-01-16,2025-01-18,2025-01-22,Delayed,Delhivery,1615.11
DLV-00547,SO-004516,PRD-0385,2026-05-17,2026-05-21,2026-05-25,Delayed,In-house,175.42
DLV-00548,SO-009049,PRD-0048,2026-01-16,2026-01-20,2026-01-24,Delayed,BlueDart,1993.8
DLV-00549,SO-004263,PRD-0370,2024-12-25,2024-12-30,,In Transit,BlueDart,497.28
DLV-00550,SO-006191,PRD-0172,2025-02-25,2025-03-02,,In Transit,SwiftShip,288.09
DLV-00551,SO-004154,PRD-0199,2026-08-15,2026-08-17,2026-08-18,Delayed,In-house,1808.95
DLV-00552,SO-009522,PRD-0328,2026-08-25,2026-09-02,2026-09-01,Delivered,In-house,398.01
DLV-00553,SO-003367,PRD-0339,2026-08-24,2026-08-27,2026-08-28,Delayed,SwiftShip,1856.44
DLV-00554,SO-009954,PRD-0111,2026-08-25,2026-08-30,2026-08-30,Delivered,Delhivery,1079.09
DLV-00555,SO-003592,PRD-0286,2025-06-12,2025-06-20,2025-06-21,Delayed,SwiftShip,1095.54
DLV-00556,SO-002803,PRD-0196,2025-09-03,2025-09-09,2025-09-14,Delayed,BlueDart,311.1
DLV-00557,SO-006929,PRD-0124,2025-08-25,2025-08-30,,In Transit,In-house,1927.75
DLV-00558,SO-001170,PRD-0049,2025-07-02,2025-07-10,2025-07-12,Delayed,SwiftShip,454.34
DLV-00559,SO-008816,PRD-0152,2024-12-09,2024-12-13,2024-12-15,Delayed,Delhivery,378.25
DLV-00560,SO-000271,PRD-0118,2026-02-07,2026-02-12,2026-02-15,Delayed,SwiftShip,660.42
DLV-00561,SO-009630,PRD-0040,2025-09-18,2025-09-25,2025-09-30,Delayed,In-house,377.18
DLV-00562,SO-002244,PRD-0131,2025-05-24,2025-05-26,2025-05-25,Delivered,Delhivery,1649.01
DLV-00563,SO-007109,PRD-0247,2025-10-10,2025-10-14,2025-10-18,Delayed,Delhivery,1239.46
DLV-00564,SO-009509,PRD-0076,2026-06-28,2026-07-01,2026-06-29,Delivered,Delhivery,855.65
DLV-00565,SO-003487,PRD-0184,2026-02-14,2026-02-18,2026-02-22,Delayed,SwiftShip,1359.66
DLV-00566,SO-003749,PRD-0478,2025-07-06,2025-07-13,2025-07-13,Delivered,Delhivery,1998.06
DLV-00567,SO-009605,PRD-0196,2026-08-26,2026-09-02,,In Transit,SwiftShip,451.52
DLV-00568,SO-006599,PRD-0267,2026-06-10,2026-06-13,2026-06-18,Delayed,SwiftShip,485.85
DLV-00569,SO-003911,PRD-0012,2025-02-28,2025-03-06,2025-03-10,Delayed,BlueDart,1359.47
DLV-00570,SO-006428,PRD-0334,2025-04-24,2025-04-30,2025-04-30,Delivered,SwiftShip,1215.3
DLV-00571,SO-004104,PRD-0415,2026-02-28,2026-03-07,,In Transit,SwiftShip,1516.37
DLV-00572,SO-004201,PRD-0162,2025-03-17,2025-03-19,2025-03-17,Delivered,BlueDart,777.19
DLV-00573,SO-009681,PRD-0300,2025-01-01,2025-01-09,2025-01-11,Delayed,SwiftShip,1474.62
DLV-00574,SO-000908,PRD-0264,2025-02-20,2025-02-24,2025-02-24,Delivered,Delhivery,1234.98
DLV-00575,SO-002369,PRD-0003,2026-09-05,2026-09-11,2026-09-09,Delivered,Delhivery,1157.17
DLV-00576,SO-005500,PRD-0142,2026-05-05,2026-05-12,2026-05-13,Delayed,SwiftShip,1187.42
DLV-00577,SO-000936,PRD-0284,2025-01-19,2025-01-22,2025-01-27,Delayed,Delhivery,1677.72
DLV-00578,SO-009457,PRD-0287,2024-12-24,2025-01-01,,In Transit,In-house,1250.33
DLV-00579,SO-009261,PRD-0232,2025-02-21,2025-02-24,2025-02-28,Delayed,Delhivery,653.16
DLV-00580,SO-008658,PRD-0116,2025-07-04,2025-07-06,2025-07-07,Delayed,Delhivery,1348.78
DLV-00581,SO-004149,PRD-0256,2025-08-05,2025-08-13,2025-08-16,Delayed,SwiftShip,1305.07
DLV-00582,SO-001743,PRD-0271,2025-01-03,2025-01-05,2025-01-03,Delivered,Delhivery,619.24
DLV-00583,SO-000391,PRD-0007,2025-06-19,2025-06-27,2025-06-26,Delivered,In-house,1297.67
DLV-00584,SO-006470,PRD-0115,2025-08-10,2025-08-18,2025-08-21,Delayed,In-house,1159.26
DLV-00585,SO-001769,PRD-0380,2025-01-09,2025-01-16,2025-01-14,Delivered,SwiftShip,1494.95
DLV-00586,SO-007340,PRD-0387,2024-11-02,2024-11-05,2024-11-10,Delayed,SwiftShip,1836.45
DLV-00587,SO-001163,PRD-0207,2024-10-04,2024-10-07,2024-10-07,Delivered,Delhivery,316.76
DLV-00588,SO-004832,PRD-0025,2025-12-09,2025-12-11,2025-12-11,Delivered,In-house,969.41
DLV-00589,SO-006801,PRD-0153,2025-07-23,2025-07-26,2025-07-27,Delayed,Delhivery,1567.62
DLV-00590,SO-008036,PRD-0107,2024-10-11,2024-10-18,2024-10-18,Delivered,Delhivery,1143.41
DLV-00591,SO-004684,PRD-0136,2026-03-13,2026-03-21,2026-03-26,Delayed,In-house,916.0
DLV-00592,SO-007749,PRD-0149,2026-05-28,2026-06-02,2026-06-07,Delayed,SwiftShip,924.26
DLV-00593,SO-007387,PRD-0375,2026-04-27,2026-05-03,2026-05-01,Delivered,In-house,1778.76
DLV-00594,SO-006274,PRD-0053,2025-09-24,2025-09-26,2025-09-28,Delayed,SwiftShip,1788.44
DLV-00595,SO-007474,PRD-0177,2026-03-22,2026-03-26,,In Transit,BlueDart,960.69
DLV-00596,SO-004890,PRD-0420,2025-04-02,2025-04-06,2025-04-04,Delivered,BlueDart,175.95
DLV-00597,SO-001216,PRD-0415,2026-06-23,2026-06-28,2026-07-01,Delayed,SwiftShip,1740.9
DLV-00598,SO-004257,PRD-0408,2026-06-20,2026-06-27,2026-06-30,Delayed,In-house,1191.93
DLV-00599,SO-000959,PRD-0279,2025-01-02,2025-01-04,2025-01-07,Delayed,SwiftShip,866.04
DLV-00600,SO-007355,PRD-0028,2024-10-25,2024-10-29,2024-11-01,Delayed,Delhivery,354.39
DLV-00601,SO-008612,PRD-0143,2026-07-28,2026-07-30,2026-07-28,Delivered,Delhivery,195.95
DLV-00602,SO-005482,PRD-0227,2026-08-15,2026-08-22,2026-08-22,Delivered,BlueDart,957.84
DLV-00603,SO-000680,PRD-0433,2025-02-02,2025-02-06,2025-02-08,Delayed,In-house,503.64
DLV-00604,SO-009301,PRD-0035,2026-04-11,2026-04-17,,In Transit,SwiftShip,1576.38
DLV-00605,SO-009369,PRD-0397,2026-01-14,2026-01-18,2026-01-20,Delayed,In-house,1946.85
DLV-00606,SO-007589,PRD-0190,2026-07-28,2026-08-03,2026-08-05,Delayed,BlueDart,1801.92
DLV-00607,SO-009252,PRD-0239,2025-11-04,2025-11-07,,In Transit,SwiftShip,955.03
DLV-00608,SO-005839,PRD-0100,2025-09-25,2025-09-27,2025-09-30,Delayed,SwiftShip,1397.62
DLV-00609,SO-001407,PRD-0349,2024-12-04,2024-12-08,2024-12-08,Delivered,In-house,176.83
DLV-00610,SO-003535,PRD-0221,2025-11-15,2025-11-17,,In Transit,In-house,464.16
DLV-00611,SO-004973,PRD-0355,2026-03-13,2026-03-16,2026-03-16,Delivered,BlueDart,350.76
DLV-00612,SO-001986,PRD-0334,2025-07-26,2025-07-29,2025-07-29,Delivered,Delhivery,1724.99
DLV-00613,SO-006930,PRD-0199,2026-06-28,2026-07-04,2026-07-07,Delayed,In-house,879.48
DLV-00614,SO-002247,PRD-0337,2026-03-10,2026-03-17,2026-03-19,Delayed,BlueDart,1255.71
DLV-00615,SO-004583,PRD-0215,2025-03-12,2025-03-15,2025-03-17,Delayed,Delhivery,1612.38
DLV-00616,SO-006393,PRD-0309,2026-05-15,2026-05-23,2026-05-27,Delayed,Delhivery,578.89
DLV-00617,SO-006754,PRD-0243,2026-03-31,2026-04-06,2026-04-06,Delivered,SwiftShip,1905.49
DLV-00618,SO-004555,PRD-0355,2024-11-15,2024-11-17,,In Transit,BlueDart,838.07
DLV-00619,SO-007617,PRD-0223,2026-01-15,2026-01-17,,In Transit,SwiftShip,823.37
DLV-00620,SO-004491,PRD-0207,2025-02-09,2025-02-12,2025-02-12,Delivered,SwiftShip,1770.56
DLV-00621,SO-009043,PRD-0293,2026-09-24,2026-10-01,2026-10-05,Delayed,SwiftShip,308.91
DLV-00622,SO-005669,PRD-0482,2025-07-20,2025-07-25,2025-07-23,Delivered,Delhivery,1651.04
DLV-00623,SO-003589,PRD-0494,2026-02-26,2026-02-28,2026-03-01,Delayed,SwiftShip,484.06
DLV-00624,SO-001889,PRD-0333,2025-10-21,2025-10-26,2025-10-31,Delayed,Delhivery,1032.53
DLV-00625,SO-009069,PRD-0355,2025-02-18,2025-02-21,2025-02-25,Delayed,Delhivery,438.51
DLV-00626,SO-005363,PRD-0498,2025-10-04,2025-10-12,2025-10-17,Delayed,SwiftShip,236.89
DLV-00627,SO-004514,PRD-0274,2025-12-20,2025-12-22,2025-12-27,Delayed,Delhivery,1535.27
DLV-00628,SO-007876,PRD-0392,2025-04-04,2025-04-12,2025-04-17,Delayed,Delhivery,146.8
DLV-00629,SO-005913,PRD-0124,2025-06-15,2025-06-23,2025-06-24,Delayed,Delhivery,1207.81
DLV-00630,SO-004191,PRD-0403,2026-05-11,2026-05-14,2026-05-16,Delayed,BlueDart,1725.49
DLV-00631,SO-007714,PRD-0317,2025-09-11,2025-09-18,2025-09-17,Delivered,Delhivery,1252.78
DLV-00632,SO-002688,PRD-0090,2024-12-13,2024-12-17,2024-12-16,Delivered,BlueDart,908.52
DLV-00633,SO-002871,PRD-0039,2025-02-14,2025-02-20,2025-02-20,Delivered,SwiftShip,1858.64
DLV-00634,SO-003383,PRD-0213,2025-07-19,2025-07-27,2025-07-27,Delivered,Delhivery,1327.61
DLV-00635,SO-004015,PRD-0367,2026-02-15,2026-02-17,2026-02-20,Delayed,In-house,963.14
DLV-00636,SO-000655,PRD-0135,2026-09-09,2026-09-15,2026-09-20,Delayed,Delhivery,1666.91
DLV-00637,SO-005433,PRD-0321,2025-10-12,2025-10-16,2025-10-19,Delayed,BlueDart,1905.99
DLV-00638,SO-000539,PRD-0446,2024-10-25,2024-10-28,2024-10-26,Delivered,BlueDart,285.97
DLV-00639,SO-009578,PRD-0219,2025-07-15,2025-07-18,2025-07-16,Delivered,In-house,640.95
DLV-00640,SO-004507,PRD-0304,2026-03-07,2026-03-14,2026-03-19,Delayed,In-house,1205.77
DLV-00641,SO-001456,PRD-0363,2025-12-20,2025-12-24,2025-12-26,Delayed,Delhivery,993.44
DLV-00642,SO-001260,PRD-0266,2026-07-27,2026-08-02,,In Transit,BlueDart,351.54
DLV-00643,SO-005279,PRD-0495,2026-01-04,2026-01-12,,In Transit,Delhivery,1426.29
DLV-00644,SO-008500,PRD-0118,2026-07-29,2026-08-06,2026-08-10,Delayed,BlueDart,472.49
DLV-00645,SO-000009,PRD-0478,2026-07-31,2026-08-07,2026-08-08,Delayed,BlueDart,1079.15
DLV-00646,SO-006106,PRD-0123,2026-01-27,2026-02-04,2026-02-02,Delivered,In-house,1013.24
DLV-00647,SO-007209,PRD-0459,2025-12-01,2025-12-05,2025-12-06,Delayed,SwiftShip,1256.88
DLV-00648,SO-000250,PRD-0164,2025-05-31,2025-06-03,2025-06-02,Delivered,In-house,492.08
DLV-00649,SO-000238,PRD-0051,2026-01-10,2026-01-15,2026-01-18,Delayed,BlueDart,773.61
DLV-00650,SO-000187,PRD-0051,2025-11-26,2025-12-01,2025-11-30,Delivered,In-house,1468.94
DLV-00651,SO-004651,PRD-0443,2025-04-11,2025-04-18,2025-04-23,Delayed,BlueDart,1000.31
DLV-00652,SO-003295,PRD-0113,2026-02-01,2026-02-03,2026-02-01,Delivered,Delhivery,1689.88
DLV-00653,SO-002957,PRD-0118,2026-01-03,2026-01-08,2026-01-09,Delayed,Delhivery,258.29
DLV-00654,SO-006867,PRD-0457,2026-06-23,2026-06-29,2026-06-29,Delivered,BlueDart,1959.86
DLV-00655,SO-008438,PRD-0338,2026-06-23,2026-06-27,2026-06-27,Delivered,Delhivery,1767.34
DLV-00656,SO-004903,PRD-0227,2026-05-23,2026-05-27,2026-05-30,Delayed,SwiftShip,1297.27
DLV-00657,SO-004747,PRD-0091,2026-05-23,2026-05-30,2026-05-29,Delivered,BlueDart,1595.49
DLV-00658,SO-003994,PRD-0276,2026-03-02,2026-03-08,2026-03-07,Delivered,BlueDart,397.23
DLV-00659,SO-004294,PRD-0247,2025-03-28,2025-04-01,2025-03-31,Delivered,Delhivery,1155.47
DLV-00660,SO-000174,PRD-0291,2026-08-04,2026-08-11,2026-08-11,Delivered,BlueDart,319.5
DLV-00661,SO-004523,PRD-0194,2026-06-13,2026-06-16,2026-06-17,Delayed,In-house,664.34
DLV-00662,SO-005438,PRD-0051,2025-06-30,2025-07-06,2025-07-06,Delivered,In-house,259.47
DLV-00663,SO-001366,PRD-0098,2025-12-10,2025-12-15,2025-12-19,Delayed,BlueDart,1461.01
DLV-00664,SO-007258,PRD-0217,2025-06-14,2025-06-19,2025-06-18,Delivered,SwiftShip,1075.77
DLV-00665,SO-006838,PRD-0374,2026-05-05,2026-05-08,2026-05-08,Delivered,In-house,569.35
DLV-00666,SO-004409,PRD-0258,2026-04-24,2026-04-27,2026-04-26,Delivered,SwiftShip,195.05
DLV-00667,SO-005536,PRD-0085,2024-11-26,2024-12-03,2024-12-07,Delayed,In-house,200.11
DLV-00668,SO-008242,PRD-0058,2024-10-09,2024-10-13,2024-10-12,Delivered,BlueDart,1746.1
DLV-00669,SO-004219,PRD-0384,2026-06-25,2026-06-29,2026-06-29,Delivered,SwiftShip,115.32
DLV-00670,SO-003878,PRD-0284,2025-08-04,2025-08-10,,In Transit,SwiftShip,235.66
DLV-00671,SO-002128,PRD-0458,2026-02-22,2026-02-26,2026-03-01,Delayed,In-house,682.45
DLV-00672,SO-005491,PRD-0098,2024-12-15,2024-12-17,2024-12-21,Delayed,SwiftShip,1163.25
DLV-00673,SO-005914,PRD-0225,2025-10-02,2025-10-04,2025-10-04,Delivered,Delhivery,1307.71
DLV-00674,SO-000761,PRD-0422,2025-12-25,2025-12-30,2026-01-01,Delayed,BlueDart,401.75
DLV-00675,SO-007086,PRD-0230,2025-05-15,2025-05-23,2025-05-28,Delayed,Delhivery,163.82
DLV-00676,SO-008926,PRD-0225,2025-06-23,2025-06-27,,In Transit,SwiftShip,982.2
DLV-00677,SO-006757,PRD-0370,2026-03-05,2026-03-13,2026-03-13,Delivered,SwiftShip,170.44
DLV-00678,SO-001017,PRD-0451,2025-09-09,2025-09-15,2025-09-19,Delayed,In-house,1606.13
DLV-00679,SO-000790,PRD-0133,2026-03-01,2026-03-05,2026-03-05,Delivered,SwiftShip,398.78
DLV-00680,SO-004864,PRD-0437,2025-11-02,2025-11-06,,In Transit,In-house,929.47
DLV-00681,SO-001966,PRD-0225,2026-04-16,2026-04-21,2026-04-24,Delayed,SwiftShip,1570.73
DLV-00682,SO-005603,PRD-0274,2025-11-07,2025-11-11,2025-11-09,Delivered,SwiftShip,483.56
DLV-00683,SO-005026,PRD-0094,2026-07-02,2026-07-08,2026-07-09,Delayed,In-house,691.93
DLV-00684,SO-001393,PRD-0133,2025-12-04,2025-12-10,2025-12-12,Delayed,SwiftShip,975.57
DLV-00685,SO-004581,PRD-0381,2025-05-13,2025-05-20,2025-05-21,Delayed,BlueDart,1447.87
DLV-00686,SO-009025,PRD-0481,2025-01-06,2025-01-13,2025-01-13,Delivered,BlueDart,542.23
DLV-00687,SO-001633,PRD-0222,2025-06-25,2025-06-28,2025-06-29,Delayed,Delhivery,1132.46
DLV-00688,SO-006408,PRD-0220,2025-05-28,2025-06-01,2025-06-03,Delayed,SwiftShip,1213.07
DLV-00689,SO-007634,PRD-0256,2025-11-06,2025-11-11,2025-11-14,Delayed,BlueDart,1029.04
DLV-00690,SO-004038,PRD-0008,2026-06-10,2026-06-15,2026-06-13,Delivered,BlueDart,1266.98
DLV-00691,SO-000541,PRD-0028,2026-08-22,2026-08-25,2026-08-24,Delivered,SwiftShip,945.14
DLV-00692,SO-004113,PRD-0098,2024-12-19,2024-12-21,,In Transit,BlueDart,160.32
DLV-00693,SO-004358,PRD-0179,2026-06-12,2026-06-16,2026-06-16,Delivered,SwiftShip,549.09
DLV-00694,SO-003568,PRD-0348,2025-11-27,2025-12-05,2025-12-08,Delayed,BlueDart,559.08
DLV-00695,SO-004159,PRD-0361,2026-08-19,2026-08-23,2026-08-26,Delayed,Delhivery,1190.83
DLV-00696,SO-002028,PRD-0390,2024-11-05,2024-11-09,2024-11-07,Delivered,Delhivery,1533.36
DLV-00697,SO-008463,PRD-0391,2025-03-16,2025-03-20,2025-03-20,Delivered,In-house,1851.38
DLV-00698,SO-002906,PRD-0329,2025-01-01,2025-01-03,2025-01-08,Delayed,SwiftShip,614.0
DLV-00699,SO-003400,PRD-0081,2026-09-02,2026-09-08,,In Transit,In-house,1103.55
DLV-00700,SO-005768,PRD-0080,2025-09-06,2025-09-10,2025-09-13,Delayed,SwiftShip,248.22
DLV-00701,SO-003645,PRD-0286,2025-11-19,2025-11-25,2025-11-24,Delivered,BlueDart,1295.95
DLV-00702,SO-008769,PRD-0076,2025-02-07,2025-02-14,2025-02-14,Delivered,BlueDart,1153.73
DLV-00703,SO-004733,PRD-0300,2025-08-07,2025-08-09,2025-08-14,Delayed,SwiftShip,1175.12
DLV-00704,SO-007968,PRD-0240,2025-01-29,2025-02-06,,In Transit,SwiftShip,714.59
DLV-00705,SO-009662,PRD-0158,2025-01-30,2025-02-01,,In Transit,SwiftShip,545.01
DLV-00706,SO-001118,PRD-0052,2026-08-15,2026-08-18,2026-08-21,Delayed,Delhivery,1459.39
DLV-00707,SO-007764,PRD-0138,2026-07-26,2026-07-31,2026-08-04,Delayed,BlueDart,937.38
DLV-00708,SO-005300,PRD-0218,2026-07-03,2026-07-11,2026-07-12,Delayed,In-house,1389.26
DLV-00709,SO-006778,PRD-0021,2026-03-07,2026-03-15,2026-03-16,Delayed,SwiftShip,1166.72
DLV-00710,SO-007701,PRD-0044,2026-01-12,2026-01-16,,In Transit,SwiftShip,118.86
DLV-00711,SO-002075,PRD-0493,2026-08-06,2026-08-13,2026-08-12,Delivered,Delhivery,1344.21
DLV-00712,SO-001930,PRD-0050,2025-05-07,2025-05-13,2025-05-12,Delivered,BlueDart,1582.16
DLV-00713,SO-006616,PRD-0366,2026-08-22,2026-08-26,2026-08-30,Delayed,BlueDart,1084.08
DLV-00714,SO-002289,PRD-0217,2025-01-09,2025-01-16,,In Transit,BlueDart,421.84
DLV-00715,SO-001600,PRD-0035,2026-02-27,2026-03-01,2026-03-01,Delivered,BlueDart,1261.96
DLV-00716,SO-004430,PRD-0453,2026-04-21,2026-04-26,2026-04-30,Delayed,BlueDart,1814.88
DLV-00717,SO-003947,PRD-0106,2026-04-23,2026-04-30,2026-04-28,Delivered,SwiftShip,1333.54
DLV-00718,SO-000012,PRD-0449,2026-05-30,2026-06-04,2026-06-07,Delayed,SwiftShip,976.91
DLV-00719,SO-008248,PRD-0455,2024-12-05,2024-12-08,,In Transit,Delhivery,831.89
DLV-00720,SO-009231,PRD-0442,2026-05-12,2026-05-15,2026-05-18,Delayed,BlueDart,865.66
DLV-00721,SO-007847,PRD-0378,2025-09-03,2025-09-10,2025-09-11,Delayed,In-house,1621.84
DLV-00722,SO-001046,PRD-0015,2024-11-08,2024-11-14,2024-11-19,Delayed,Delhivery,1513.9
DLV-00723,SO-009076,PRD-0478,2026-07-08,2026-07-13,2026-07-13,Delivered,In-house,1405.17
DLV-00724,SO-006555,PRD-0032,2026-09-14,2026-09-16,,In Transit,BlueDart,708.32
DLV-00725,SO-000856,PRD-0450,2025-01-21,2025-01-23,2025-01-26,Delayed,SwiftShip,1937.74
DLV-00726,SO-004937,PRD-0496,2025-11-25,2025-12-02,2025-11-30,Delivered,BlueDart,221.65
DLV-00727,SO-002400,PRD-0177,2025-04-14,2025-04-21,2025-04-23,Delayed,In-house,547.36
DLV-00728,SO-003703,PRD-0313,2024-12-01,2024-12-06,2024-12-11,Delayed,SwiftShip,1447.05
DLV-00729,SO-009222,PRD-0112,2026-04-13,2026-04-21,2026-04-25,Delayed,BlueDart,1585.5
DLV-00730,SO-001329,PRD-0220,2024-10-28,2024-11-04,2024-11-04,Delivered,SwiftShip,1768.32
DLV-00731,SO-008879,PRD-0265,2025-03-23,2025-03-28,2025-03-29,Delayed,SwiftShip,833.67
DLV-00732,SO-005082,PRD-0385,2025-09-14,2025-09-16,2025-09-17,Delayed,SwiftShip,642.92
DLV-00733,SO-001172,PRD-0275,2025-02-22,2025-02-24,2025-02-28,Delayed,SwiftShip,1995.56
DLV-00734,SO-007277,PRD-0281,2026-05-13,2026-05-17,,In Transit,In-house,1300.1
DLV-00735,SO-002700,PRD-0086,2026-05-19,2026-05-26,2026-05-29,Delayed,In-house,1937.98
DLV-00736,SO-008219,PRD-0384,2025-01-23,2025-01-25,2025-01-23,Delivered,Delhivery,220.66
DLV-00737,SO-001586,PRD-0306,2025-09-02,2025-09-08,2025-09-08,Delivered,SwiftShip,1072.89
DLV-00738,SO-000837,PRD-0088,2025-10-15,2025-10-18,2025-10-19,Delayed,In-house,1041.42
DLV-00739,SO-001595,PRD-0015,2024-10-24,2024-10-30,2024-10-31,Delayed,SwiftShip,498.65
DLV-00740,SO-002126,PRD-0357,2025-02-05,2025-02-09,2025-02-12,Delayed,In-house,612.87
DLV-00741,SO-002503,PRD-0165,2024-11-26,2024-12-02,2024-12-01,Delivered,SwiftShip,1222.32
DLV-00742,SO-006590,PRD-0453,2025-12-24,2025-12-26,2025-12-28,Delayed,In-house,552.3
DLV-00743,SO-006671,PRD-0334,2026-01-13,2026-01-15,2026-01-17,Delayed,In-house,1604.22
DLV-00744,SO-002892,PRD-0278,2025-05-20,2025-05-28,2025-05-26,Delivered,In-house,1781.6
DLV-00745,SO-007361,PRD-0181,2025-07-30,2025-08-07,2025-08-10,Delayed,Delhivery,1772.01
DLV-00746,SO-009027,PRD-0246,2024-11-10,2024-11-16,2024-11-14,Delivered,In-house,369.96
DLV-00747,SO-005538,PRD-0370,2025-12-01,2025-12-04,2025-12-08,Delayed,In-house,1459.83
DLV-00748,SO-005432,PRD-0323,2025-08-28,2025-09-03,2025-09-06,Delayed,Delhivery,1789.18
DLV-00749,SO-006398,PRD-0104,2024-11-02,2024-11-06,2024-11-08,Delayed,SwiftShip,1709.45
DLV-00750,SO-006588,PRD-0474,2025-12-31,2026-01-07,2026-01-07,Delivered,In-house,989.53
DLV-00751,SO-008745,PRD-0196,2026-01-20,2026-01-28,2026-02-02,Delayed,Delhivery,1167.57
DLV-00752,SO-005114,PRD-0386,2025-07-07,2025-07-15,,In Transit,Delhivery,391.52
DLV-00753,SO-006356,PRD-0447,2026-01-19,2026-01-26,2026-01-24,Delivered,BlueDart,892.49
DLV-00754,SO-007795,PRD-0430,2025-03-16,2025-03-21,2025-03-24,Delayed,BlueDart,1219.15
DLV-00755,SO-001819,PRD-0286,2025-12-15,2025-12-22,2025-12-27,Delayed,SwiftShip,757.75
DLV-00756,SO-007248,PRD-0211,2025-10-30,2025-11-05,2025-11-08,Delayed,Delhivery,1998.78
DLV-00757,SO-006114,PRD-0285,2025-02-16,2025-02-21,2025-02-21,Delivered,Delhivery,1305.11
DLV-00758,SO-009914,PRD-0127,2025-04-26,2025-04-29,2025-05-01,Delayed,SwiftShip,973.59
DLV-00759,SO-001350,PRD-0394,2026-03-14,2026-03-20,2026-03-24,Delayed,Delhivery,147.91
DLV-00760,SO-002450,PRD-0023,2026-03-05,2026-03-13,2026-03-18,Delayed,Delhivery,1406.91
DLV-00761,SO-007377,PRD-0473,2026-04-08,2026-04-16,2026-04-19,Delayed,In-house,201.03
DLV-00762,SO-002130,PRD-0092,2025-03-31,2025-04-05,2025-04-05,Delivered,BlueDart,1799.4
DLV-00763,SO-009707,PRD-0071,2026-05-21,2026-05-27,,In Transit,In-house,1044.19
DLV-00764,SO-003144,PRD-0440,2026-02-01,2026-02-03,2026-02-03,Delivered,Delhivery,978.69
DLV-00765,SO-005463,PRD-0210,2025-07-01,2025-07-04,2025-07-03,Delivered,SwiftShip,1057.76
DLV-00766,SO-000545,PRD-0198,2025-04-11,2025-04-16,2025-04-21,Delayed,Delhivery,179.24
DLV-00767,SO-003545,PRD-0194,2025-08-28,2025-08-31,,In Transit,BlueDart,129.23
DLV-00768,SO-005565,PRD-0222,2025-07-07,2025-07-15,2025-07-18,Delayed,BlueDart,181.54
DLV-00769,SO-001947,PRD-0314,2025-10-28,2025-11-01,2025-10-31,Delivered,Delhivery,181.21
DLV-00770,SO-008592,PRD-0321,2025-09-17,2025-09-21,2025-09-20,Delivered,SwiftShip,1866.85
DLV-00771,SO-006924,PRD-0279,2026-06-28,2026-07-01,2026-07-03,Delayed,Delhivery,1525.64
DLV-00772,SO-006354,PRD-0376,2024-11-12,2024-11-20,2024-11-24,Delayed,In-house,1604.58
DLV-00773,SO-009224,PRD-0126,2024-12-13,2024-12-20,2024-12-25,Delayed,Delhivery,1940.86
DLV-00774,SO-004486,PRD-0410,2025-05-27,2025-06-04,2025-06-07,Delayed,SwiftShip,936.58
DLV-00775,SO-002117,PRD-0240,2025-06-19,2025-06-22,2025-06-21,Delivered,Delhivery,1744.49
DLV-00776,SO-004561,PRD-0373,2026-06-09,2026-06-15,2026-06-19,Delayed,BlueDart,1680.66
DLV-00777,SO-008076,PRD-0289,2025-12-14,2025-12-16,2025-12-20,Delayed,In-house,199.43
DLV-00778,SO-005315,PRD-0294,2025-07-29,2025-08-03,2025-08-02,Delivered,In-house,239.74
DLV-00779,SO-004876,PRD-0410,2025-05-04,2025-05-08,2025-05-08,Delivered,In-house,813.89
DLV-00780,SO-009183,PRD-0414,2025-10-28,2025-10-31,2025-11-03,Delayed,SwiftShip,464.22
DLV-00781,SO-002592,PRD-0312,2026-03-27,2026-04-04,2026-04-02,Delivered,Delhivery,1535.21
DLV-00782,SO-008807,PRD-0248,2025-12-27,2025-12-31,2026-01-03,Delayed,In-house,1403.07
DLV-00783,SO-005501,PRD-0094,2025-06-14,2025-06-20,2025-06-19,Delivered,BlueDart,820.48
DLV-00784,SO-006174,PRD-0398,2026-07-30,2026-08-03,2026-08-05,Delayed,BlueDart,228.67
DLV-00785,SO-005814,PRD-0318,2025-09-04,2025-09-06,2025-09-10,Delayed,SwiftShip,1946.88
DLV-00786,SO-009510,PRD-0418,2025-04-22,2025-04-24,2025-04-22,Delivered,Delhivery,331.54
DLV-00787,SO-008197,PRD-0346,2026-08-14,2026-08-22,2026-08-27,Delayed,BlueDart,1408.52
DLV-00788,SO-008808,PRD-0250,2025-07-04,2025-07-11,2025-07-12,Delayed,SwiftShip,1167.61
DLV-00789,SO-006937,PRD-0136,2024-11-20,2024-11-26,2024-11-28,Delayed,BlueDart,1701.97
DLV-00790,SO-000862,PRD-0386,2026-09-03,2026-09-07,2026-09-09,Delayed,In-house,1297.51
DLV-00791,SO-007430,PRD-0007,2025-08-18,2025-08-25,2025-08-25,Delivered,Delhivery,1280.13
DLV-00792,SO-004103,PRD-0409,2024-11-28,2024-12-06,2024-12-09,Delayed,BlueDart,1702.69
DLV-00793,SO-004687,PRD-0421,2025-01-10,2025-01-12,,In Transit,SwiftShip,1323.77
DLV-00794,SO-003971,PRD-0272,2025-10-26,2025-11-03,2025-11-03,Delivered,Delhivery,1219.83
DLV-00795,SO-007888,PRD-0082,2026-03-25,2026-03-29,2026-04-02,Delayed,BlueDart,1483.48
DLV-00796,SO-000930,PRD-0333,2024-11-19,2024-11-26,2024-11-28,Delayed,SwiftShip,1174.42
DLV-00797,SO-007224,PRD-0351,2026-04-18,2026-04-21,2026-04-22,Delayed,SwiftShip,1443.59
DLV-00798,SO-005023,PRD-0045,2026-02-06,2026-02-09,2026-02-10,Delayed,In-house,405.47
DLV-00799,SO-002333,PRD-0124,2025-09-14,2025-09-20,2025-09-19,Delivered,SwiftShip,391.95
DLV-00800,SO-003743,PRD-0446,2026-07-23,2026-07-27,2026-07-30,Delayed,Delhivery,684.08
DLV-00801,SO-009256,PRD-0217,2026-04-06,2026-04-12,2026-04-16,Delayed,In-house,1630.16
DLV-00802,SO-009099,PRD-0155,2025-05-21,2025-05-26,2025-05-30,Delayed,BlueDart,538.33
DLV-00803,SO-004541,PRD-0083,2026-08-18,2026-08-23,2026-08-25,Delayed,SwiftShip,1428.8
DLV-00804,SO-000003,PRD-0010,2026-03-12,2026-03-14,2026-03-16,Delayed,Delhivery,1113.27
DLV-00805,SO-002983,PRD-0436,2026-06-21,2026-06-26,2026-06-26,Delivered,Delhivery,710.13
DLV-00806,SO-007842,PRD-0200,2025-05-18,2025-05-26,2025-05-30,Delayed,In-house,1787.55
DLV-00807,SO-005061,PRD-0031,2026-06-07,2026-06-15,2026-06-18,Delayed,Delhivery,120.37
DLV-00808,SO-006015,PRD-0260,2025-08-27,2025-09-04,2025-09-08,Delayed,Delhivery,1723.3
DLV-00809,SO-002785,PRD-0111,2025-07-16,2025-07-22,2025-07-24,Delayed,In-house,1484.43
DLV-00810,SO-000419,PRD-0248,2026-02-10,2026-02-14,,In Transit,SwiftShip,1379.56
DLV-00811,SO-003046,PRD-0142,2024-11-14,2024-11-20,2024-11-18,Delivered,In-house,1565.69
DLV-00812,SO-000275,PRD-0420,2025-11-04,2025-11-08,2025-11-09,Delayed,In-house,294.22
DLV-00813,SO-000989,PRD-0372,2026-09-12,2026-09-15,2026-09-18,Delayed,SwiftShip,978.43
DLV-00814,SO-001581,PRD-0289,2025-07-20,2025-07-22,2025-07-21,Delivered,In-house,1357.4
DLV-00815,SO-002404,PRD-0429,2026-08-19,2026-08-23,2026-08-27,Delayed,BlueDart,1015.98
DLV-00816,SO-009731,PRD-0137,2025-02-07,2025-02-12,2025-02-11,Delivered,In-house,646.61
DLV-00817,SO-007232,PRD-0027,2026-09-04,2026-09-12,2026-09-11,Delivered,SwiftShip,902.59
DLV-00818,SO-002164,PRD-0102,2026-03-22,2026-03-24,2026-03-28,Delayed,In-house,1971.54
DLV-00819,SO-006914,PRD-0194,2026-07-25,2026-08-02,2026-08-04,Delayed,Delhivery,441.41
DLV-00820,SO-007285,PRD-0012,2025-12-20,2025-12-28,2025-12-30,Delayed,Delhivery,1300.35
DLV-00821,SO-003875,PRD-0193,2026-05-27,2026-06-04,2026-06-07,Delayed,In-house,675.54
DLV-00822,SO-009670,PRD-0103,2025-12-11,2025-12-19,2025-12-20,Delayed,Delhivery,105.63
DLV-00823,SO-002846,PRD-0313,2025-12-28,2026-01-01,2025-12-31,Delivered,Delhivery,923.85
DLV-00824,SO-001729,PRD-0424,2024-11-03,2024-11-05,2024-11-09,Delayed,BlueDart,500.47
DLV-00825,SO-000919,PRD-0151,2025-08-09,2025-08-15,2025-08-15,Delivered,In-house,1352.29
DLV-00826,SO-004172,PRD-0096,2026-07-09,2026-07-13,2026-07-12,Delivered,BlueDart,106.63
DLV-00827,SO-001894,PRD-0155,2026-08-22,2026-08-30,,In Transit,Delhivery,1447.31
DLV-00828,SO-007976,PRD-0446,2024-11-29,2024-12-06,2024-12-09,Delayed,Delhivery,1903.11
DLV-00829,SO-000792,PRD-0423,2025-09-29,2025-10-04,2025-10-07,Delayed,SwiftShip,559.4
DLV-00830,SO-004788,PRD-0078,2025-07-22,2025-07-25,2025-07-27,Delayed,Delhivery,781.05
DLV-00831,SO-003764,PRD-0366,2025-01-29,2025-02-02,2025-02-04,Delayed,SwiftShip,410.68
DLV-00832,SO-000885,PRD-0474,2025-12-30,2026-01-05,2026-01-10,Delayed,In-house,888.86
DLV-00833,SO-004753,PRD-0302,2024-12-25,2024-12-30,2025-01-03,Delayed,Delhivery,1455.59
DLV-00834,SO-009666,PRD-0282,2024-12-05,2024-12-09,2024-12-10,Delayed,In-house,100.64
DLV-00835,SO-008224,PRD-0136,2026-07-26,2026-08-01,,In Transit,SwiftShip,668.3
DLV-00836,SO-009727,PRD-0118,2026-07-08,2026-07-12,2026-07-15,Delayed,In-house,1972.68
DLV-00837,SO-009361,PRD-0253,2025-07-13,2025-07-19,2025-07-19,Delivered,BlueDart,1412.18
DLV-00838,SO-007709,PRD-0245,2025-08-04,2025-08-10,2025-08-11,Delayed,Delhivery,442.34
DLV-00839,SO-005611,PRD-0452,2024-11-21,2024-11-26,2024-11-29,Delayed,BlueDart,215.58
DLV-00840,SO-003294,PRD-0149,2026-03-09,2026-03-12,2026-03-13,Delayed,SwiftShip,1756.65
DLV-00841,SO-007483,PRD-0336,2025-05-14,2025-05-19,2025-05-18,Delivered,BlueDart,418.44
DLV-00842,SO-009759,PRD-0041,2025-01-22,2025-01-28,2025-02-02,Delayed,BlueDart,180.91
DLV-00843,SO-006901,PRD-0412,2026-07-25,2026-07-28,2026-07-28,Delivered,SwiftShip,1926.43
DLV-00844,SO-007050,PRD-0189,2025-11-14,2025-11-22,2025-11-25,Delayed,BlueDart,1784.96
DLV-00845,SO-002364,PRD-0062,2026-02-22,2026-02-28,2026-02-27,Delivered,Delhivery,1156.97
DLV-00846,SO-008785,PRD-0305,2026-05-24,2026-05-26,2026-05-25,Delivered,SwiftShip,1047.2
DLV-00847,SO-001939,PRD-0222,2026-05-18,2026-05-24,2026-05-26,Delayed,BlueDart,472.61
DLV-00848,SO-001060,PRD-0292,2026-03-04,2026-03-06,,In Transit,BlueDart,235.21
DLV-00849,SO-008705,PRD-0420,2025-01-19,2025-01-27,2025-02-01,Delayed,In-house,281.71
DLV-00850,SO-009726,PRD-0254,2026-08-11,2026-08-15,2026-08-13,Delivered,In-house,1282.75
DLV-00851,SO-004779,PRD-0023,2025-08-17,2025-08-24,2025-08-23,Delivered,BlueDart,1855.55
DLV-00852,SO-000758,PRD-0449,2026-01-14,2026-01-20,2026-01-21,Delayed,Delhivery,1552.36
DLV-00853,SO-005803,PRD-0392,2024-12-11,2024-12-15,2024-12-13,Delivered,In-house,1080.21
DLV-00854,SO-002274,PRD-0239,2026-06-17,2026-06-19,2026-06-19,Delivered,SwiftShip,1171.42
DLV-00855,SO-002578,PRD-0463,2025-07-01,2025-07-06,2025-07-05,Delivered,SwiftShip,1421.77
DLV-00856,SO-009116,PRD-0354,2025-03-28,2025-04-03,,In Transit,In-house,1246.67
DLV-00857,SO-002493,PRD-0289,2026-08-29,2026-09-03,2026-09-08,Delayed,SwiftShip,351.53
DLV-00858,SO-006568,PRD-0490,2025-05-29,2025-06-01,2025-06-02,Delayed,SwiftShip,219.51
DLV-00859,SO-004667,PRD-0420,2025-09-19,2025-09-23,2025-09-22,Delivered,SwiftShip,129.8
DLV-00860,SO-006268,PRD-0373,2025-01-18,2025-01-22,2025-01-26,Delayed,SwiftShip,1085.72
DLV-00861,SO-008530,PRD-0216,2026-06-08,2026-06-14,2026-06-16,Delayed,Delhivery,1769.53
DLV-00862,SO-008162,PRD-0081,2026-07-02,2026-07-10,2026-07-09,Delivered,Delhivery,1173.98
DLV-00863,SO-008917,PRD-0299,2026-04-16,2026-04-20,2026-04-21,Delayed,In-house,530.52
DLV-00864,SO-007594,PRD-0456,2025-09-01,2025-09-07,2025-09-10,Delayed,SwiftShip,425.26
DLV-00865,SO-001475,PRD-0464,2025-02-16,2025-02-24,2025-02-27,Delayed,Delhivery,1327.95
DLV-00866,SO-009328,PRD-0493,2025-08-05,2025-08-11,2025-08-14,Delayed,SwiftShip,874.85
DLV-00867,SO-001580,PRD-0227,2025-03-01,2025-03-04,2025-03-04,Delivered,In-house,813.23
DLV-00868,SO-002758,PRD-0096,2026-02-14,2026-02-22,2026-02-24,Delayed,SwiftShip,1932.34
DLV-00869,SO-009862,PRD-0412,2025-11-20,2025-11-24,2025-11-25,Delayed,SwiftShip,1279.74
DLV-00870,SO-006403,PRD-0498,2025-01-20,2025-01-25,2025-01-25,Delivered,BlueDart,340.87
DLV-00871,SO-003664,PRD-0265,2025-08-13,2025-08-15,2025-08-14,Delivered,Delhivery,1504.88
DLV-00872,SO-006993,PRD-0199,2025-06-19,2025-06-22,2025-06-21,Delivered,SwiftShip,1446.47
DLV-00873,SO-003193,PRD-0214,2025-09-21,2025-09-27,2025-09-26,Delivered,In-house,445.04
DLV-00874,SO-005838,PRD-0497,2025-09-22,2025-09-26,2025-09-27,Delayed,BlueDart,1501.58
DLV-00875,SO-007201,PRD-0185,2024-10-12,2024-10-15,2024-10-17,Delayed,Delhivery,1731.48
DLV-00876,SO-004828,PRD-0288,2025-03-02,2025-03-10,2025-03-09,Delivered,BlueDart,454.23
DLV-00877,SO-009504,PRD-0158,2025-05-25,2025-05-29,2025-06-03,Delayed,In-house,1615.81
DLV-00878,SO-000019,PRD-0368,2026-04-02,2026-04-09,2026-04-08,Delivered,BlueDart,895.58
DLV-00879,SO-006730,PRD-0027,2026-05-31,2026-06-02,2026-06-07,Delayed,In-house,1820.49
DLV-00880,SO-002657,PRD-0068,2026-05-05,2026-05-13,2026-05-12,Delivered,Delhivery,1153.99
DLV-00881,SO-006498,PRD-0070,2024-10-10,2024-10-14,2024-10-18,Delayed,SwiftShip,156.09
DLV-00882,SO-004047,PRD-0356,2025-08-04,2025-08-08,2025-08-08,Delivered,In-house,1543.62
DLV-00883,SO-002306,PRD-0025,2026-04-15,2026-04-21,2026-04-20,Delivered,In-house,1695.33
DLV-00884,SO-004432,PRD-0324,2026-09-19,2026-09-21,,In Transit,BlueDart,189.13
DLV-00885,SO-003320,PRD-0388,2026-01-18,2026-01-20,2026-01-21,Delayed,Delhivery,1517.7
DLV-00886,SO-004094,PRD-0384,2026-07-30,2026-08-01,2026-08-06,Delayed,BlueDart,311.32
DLV-00887,SO-009613,PRD-0399,2025-03-10,2025-03-13,2025-03-14,Delayed,Delhivery,1261.57
DLV-00888,SO-002670,PRD-0402,2026-02-20,2026-02-22,2026-02-26,Delayed,In-house,175.97
DLV-00889,SO-001326,PRD-0092,2025-01-13,2025-01-15,2025-01-16,Delayed,BlueDart,1311.99
DLV-00890,SO-002886,PRD-0292,2024-12-05,2024-12-09,,In Transit,In-house,1870.37
DLV-00891,SO-005146,PRD-0423,2026-05-29,2026-06-06,2026-06-04,Delivered,In-house,1061.04
DLV-00892,SO-008615,PRD-0331,2025-02-06,2025-02-09,2025-02-12,Delayed,BlueDart,984.65
DLV-00893,SO-000590,PRD-0119,2026-05-12,2026-05-16,2026-05-15,Delivered,Delhivery,1855.62
DLV-00894,SO-004854,PRD-0459,2025-04-28,2025-04-30,2025-04-29,Delivered,Delhivery,1234.99
DLV-00895,SO-008728,PRD-0147,2026-02-10,2026-02-16,2026-02-19,Delayed,SwiftShip,685.64
DLV-00896,SO-008075,PRD-0188,2026-09-16,2026-09-21,,In Transit,SwiftShip,614.92
DLV-00897,SO-001802,PRD-0155,2026-02-05,2026-02-09,2026-02-07,Delivered,SwiftShip,799.88
DLV-00898,SO-001741,PRD-0263,2025-05-08,2025-05-16,2025-05-19,Delayed,In-house,1891.16
DLV-00899,SO-003423,PRD-0323,2026-06-01,2026-06-07,2026-06-12,Delayed,In-house,260.72
DLV-00900,SO-008947,PRD-0018,2026-08-24,2026-08-27,2026-09-01,Delayed,In-house,1740.53
DLV-00901,SO-003910,PRD-0187,2024-10-04,2024-10-11,2024-10-14,Delayed,In-house,1215.26
DLV-00902,SO-009519,PRD-0300,2025-07-05,2025-07-12,,In Transit,SwiftShip,766.79
DLV-00903,SO-004040,PRD-0172,2024-11-07,2024-11-14,2024-11-17,Delayed,SwiftShip,440.25
DLV-00904,SO-002632,PRD-0435,2025-12-07,2025-12-10,,In Transit,In-house,907.56
DLV-00905,SO-009698,PRD-0336,2025-01-30,2025-02-05,2025-02-08,Delayed,Delhivery,997.37
DLV-00906,SO-008139,PRD-0289,2026-05-10,2026-05-17,,In Transit,Delhivery,1912.6
DLV-00907,SO-007013,PRD-0412,2025-10-07,2025-10-14,2025-10-15,Delayed,BlueDart,1522.69
DLV-00908,SO-002070,PRD-0419,2025-10-31,2025-11-05,2025-11-03,Delivered,Delhivery,878.36
DLV-00909,SO-004465,PRD-0132,2026-05-16,2026-05-22,2026-05-21,Delivered,Delhivery,662.18
DLV-00910,SO-000314,PRD-0424,2025-03-18,2025-03-20,2025-03-24,Delayed,SwiftShip,1053.38
DLV-00911,SO-002921,PRD-0217,2024-12-08,2024-12-12,2024-12-16,Delayed,In-house,850.4
DLV-00912,SO-009807,PRD-0215,2025-10-09,2025-10-13,2025-10-18,Delayed,Delhivery,1600.18
DLV-00913,SO-000008,PRD-0141,2024-12-21,2024-12-24,2024-12-26,Delayed,BlueDart,1219.65
DLV-00914,SO-007247,PRD-0442,2025-11-12,2025-11-18,,In Transit,In-house,1711.51
DLV-00915,SO-002125,PRD-0322,2026-02-23,2026-03-03,,In Transit,BlueDart,866.28
DLV-00916,SO-000341,PRD-0220,2025-07-24,2025-07-29,2025-08-03,Delayed,Delhivery,1138.52
DLV-00917,SO-004745,PRD-0292,2025-04-01,2025-04-09,2025-04-08,Delivered,In-house,292.79
DLV-00918,SO-008011,PRD-0071,2026-02-02,2026-02-09,,In Transit,BlueDart,1538.97
DLV-00919,SO-005487,PRD-0020,2026-07-21,2026-07-29,2026-08-01,Delayed,In-house,1616.42
DLV-00920,SO-006868,PRD-0245,2026-08-13,2026-08-19,2026-08-18,Delivered,SwiftShip,1930.94
DLV-00921,SO-000621,PRD-0074,2025-05-24,2025-05-29,2025-05-28,Delivered,BlueDart,272.84
DLV-00922,SO-007449,PRD-0128,2026-03-04,2026-03-10,,In Transit,Delhivery,490.38
DLV-00923,SO-000249,PRD-0317,2025-05-21,2025-05-29,2025-06-03,Delayed,In-house,1822.45
DLV-00924,SO-004664,PRD-0336,2025-02-09,2025-02-15,2025-02-19,Delayed,In-house,1974.03
DLV-00925,SO-000554,PRD-0339,2025-10-02,2025-10-09,2025-10-13,Delayed,In-house,563.76
DLV-00926,SO-002970,PRD-0428,2026-01-27,2026-01-31,2026-02-01,Delayed,BlueDart,1996.57
DLV-00927,SO-006547,PRD-0101,2025-03-26,2025-03-29,2025-03-31,Delayed,SwiftShip,1844.35
DLV-00928,SO-001301,PRD-0186,2026-09-10,2026-09-13,2026-09-11,Delivered,In-house,1767.96
DLV-00929,SO-005180,PRD-0185,2025-06-22,2025-06-29,2025-06-27,Delivered,BlueDart,776.71
DLV-00930,SO-002768,PRD-0248,2026-07-17,2026-07-20,2026-07-19,Delivered,BlueDart,557.85
DLV-00931,SO-007756,PRD-0200,2026-05-17,2026-05-24,2026-05-29,Delayed,SwiftShip,1430.52
DLV-00932,SO-000453,PRD-0455,2025-01-10,2025-01-16,2025-01-21,Delayed,SwiftShip,719.82
DLV-00933,SO-008681,PRD-0434,2025-06-22,2025-06-28,2025-07-03,Delayed,In-house,1122.85
DLV-00934,SO-009117,PRD-0203,2026-06-07,2026-06-11,2026-06-14,Delayed,SwiftShip,174.24
DLV-00935,SO-007622,PRD-0022,2026-05-21,2026-05-23,2026-05-28,Delayed,Delhivery,1349.47
DLV-00936,SO-001226,PRD-0354,2026-09-27,2026-10-01,2026-09-29,Delivered,SwiftShip,857.49
DLV-00937,SO-006036,PRD-0016,2025-12-10,2025-12-17,2025-12-21,Delayed,SwiftShip,470.3
DLV-00938,SO-002432,PRD-0160,2025-04-10,2025-04-15,2025-04-19,Delayed,In-house,947.22
DLV-00939,SO-003684,PRD-0306,2025-04-28,2025-04-30,2025-05-01,Delayed,Delhivery,188.18
DLV-00940,SO-000868,PRD-0456,2025-09-19,2025-09-22,2025-09-24,Delayed,In-house,1894.9
DLV-00941,SO-001646,PRD-0345,2025-06-15,2025-06-20,2025-06-20,Delivered,Delhivery,1845.85
DLV-00942,SO-005423,PRD-0158,2025-11-16,2025-11-23,2025-11-28,Delayed,In-house,689.22
DLV-00943,SO-007643,PRD-0111,2026-09-29,2026-10-01,2026-10-05,Delayed,Delhivery,329.26
DLV-00944,SO-001160,PRD-0065,2024-12-25,2025-01-01,2025-01-01,Delivered,BlueDart,1104.69
DLV-00945,SO-005408,PRD-0463,2026-02-20,2026-02-24,2026-02-28,Delayed,BlueDart,585.74
DLV-00946,SO-001643,PRD-0202,2024-12-17,2024-12-23,2024-12-21,Delivered,Delhivery,980.81
DLV-00947,SO-003855,PRD-0017,2025-09-03,2025-09-09,,In Transit,In-house,564.1
DLV-00948,SO-007599,PRD-0133,2026-07-11,2026-07-16,,In Transit,Delhivery,809.59
DLV-00949,SO-001122,PRD-0028,2026-09-01,2026-09-07,2026-09-06,Delivered,In-house,1723.41
DLV-00950,SO-005306,PRD-0281,2025-10-21,2025-10-25,2025-10-25,Delivered,SwiftShip,1906.69
DLV-00951,SO-008567,PRD-0267,2026-09-03,2026-09-11,2026-09-15,Delayed,SwiftShip,1350.2
DLV-00952,SO-006959,PRD-0055,2025-02-07,2025-02-10,2025-02-13,Delayed,SwiftShip,1126.63
DLV-00953,SO-008614,PRD-0190,2025-03-28,2025-04-02,2025-04-06,Delayed,In-house,1012.12
DLV-00954,SO-005906,PRD-0337,2025-09-01,2025-09-07,2025-09-06,Delivered,SwiftShip,1348.38
DLV-00955,SO-007903,PRD-0473,2026-07-14,2026-07-16,2026-07-20,Delayed,Delhivery,437.08
DLV-00956,SO-003430,PRD-0390,2025-07-06,2025-07-10,2025-07-10,Delivered,Delhivery,1616.36
DLV-00957,SO-004564,PRD-0451,2025-06-04,2025-06-08,2025-06-07,Delivered,Delhivery,1070.18
DLV-00958,SO-008151,PRD-0384,2026-03-28,2026-04-02,2026-04-04,Delayed,Delhivery,1548.02
DLV-00959,SO-005824,PRD-0386,2026-04-03,2026-04-09,,In Transit,Delhivery,508.63
DLV-00960,SO-005761,PRD-0123,2026-02-28,2026-03-03,,In Transit,In-house,1628.51
DLV-00961,SO-007011,PRD-0324,2025-10-14,2025-10-21,2025-10-20,Delivered,BlueDart,905.13
DLV-00962,SO-007577,PRD-0335,2026-08-07,2026-08-11,2026-08-14,Delayed,In-house,1409.27
DLV-00963,SO-002878,PRD-0388,2025-08-02,2025-08-04,,In Transit,In-house,1519.01
DLV-00964,SO-000221,PRD-0260,2025-07-06,2025-07-12,2025-07-13,Delayed,Delhivery,1604.17
DLV-00965,SO-001003,PRD-0331,2025-01-26,2025-01-30,2025-02-02,Delayed,BlueDart,1315.39
DLV-00966,SO-003436,PRD-0096,2026-03-05,2026-03-11,2026-03-15,Delayed,SwiftShip,1763.33
DLV-00967,SO-007612,PRD-0248,2025-12-18,2025-12-22,2025-12-27,Delayed,SwiftShip,680.47
DLV-00968,SO-007429,PRD-0115,2025-12-25,2025-12-29,,In Transit,Delhivery,124.03
DLV-00969,SO-009924,PRD-0434,2025-11-04,2025-11-06,2025-11-11,Delayed,Delhivery,1599.45
DLV-00970,SO-006467,PRD-0239,2025-06-01,2025-06-05,2025-06-03,Delivered,Delhivery,677.73
DLV-00971,SO-007012,PRD-0299,2026-09-11,2026-09-15,2026-09-19,Delayed,In-house,583.95
DLV-00972,SO-007332,PRD-0071,2025-11-06,2025-11-11,2025-11-14,Delayed,SwiftShip,1576.07
DLV-00973,SO-009017,PRD-0080,2026-07-09,2026-07-17,2026-07-20,Delayed,SwiftShip,309.15
DLV-00974,SO-001823,PRD-0478,2026-03-21,2026-03-24,2026-03-26,Delayed,Delhivery,1356.07
DLV-00975,SO-001509,PRD-0381,2025-03-28,2025-03-30,2025-03-29,Delivered,Delhivery,644.35
DLV-00976,SO-008253,PRD-0461,2025-10-14,2025-10-20,2025-10-20,Delivered,SwiftShip,1502.45
DLV-00977,SO-005562,PRD-0312,2025-09-28,2025-10-05,2025-10-10,Delayed,In-house,1081.76
DLV-00978,SO-002682,PRD-0378,2026-05-28,2026-06-03,2026-06-05,Delayed,SwiftShip,1731.31
DLV-00979,SO-008044,PRD-0229,2026-02-09,2026-02-11,2026-02-13,Delayed,BlueDart,1160.68
DLV-00980,SO-003013,PRD-0434,2026-02-17,2026-02-25,2026-02-23,Delivered,BlueDart,176.58
DLV-00981,SO-005624,PRD-0480,2026-09-23,2026-10-01,2026-10-06,Delayed,SwiftShip,123.59
DLV-00982,SO-008992,PRD-0128,2025-05-21,2025-05-24,2025-05-27,Delayed,Delhivery,203.63
DLV-00983,SO-008860,PRD-0234,2025-03-17,2025-03-22,2025-03-22,Delivered,Delhivery,1760.99
DLV-00984,SO-006762,PRD-0029,2025-11-25,2025-12-03,2025-12-07,Delayed,SwiftShip,1034.44
DLV-00985,SO-004948,PRD-0209,2025-06-01,2025-06-06,2025-06-09,Delayed,SwiftShip,601.23
DLV-00986,SO-009655,PRD-0118,2026-07-11,2026-07-17,,In Transit,SwiftShip,1829.85
DLV-00987,SO-009923,PRD-0005,2026-06-24,2026-06-26,2026-07-01,Delayed,BlueDart,1376.5
DLV-00988,SO-002006,PRD-0239,2025-03-31,2025-04-04,2025-04-06,Delayed,In-house,475.34
DLV-00989,SO-002514,PRD-0025,2026-09-24,2026-09-30,2026-10-02,Delayed,Delhivery,1675.28
DLV-00990,SO-007907,PRD-0039,2026-02-21,2026-02-27,2026-03-02,Delayed,BlueDart,1691.05
DLV-00991,SO-004613,PRD-0021,2025-07-05,2025-07-07,2025-07-09,Delayed,In-house,1104.8
DLV-00992,SO-009150,PRD-0397,2025-08-07,2025-08-14,2025-08-13,Delivered,BlueDart,1989.92
DLV-00993,SO-002146,PRD-0117,2025-04-04,2025-04-09,2025-04-07,Delivered,SwiftShip,516.14
DLV-00994,SO-001801,PRD-0018,2025-03-23,2025-03-27,2025-03-30,Delayed,SwiftShip,1025.61
DLV-00995,SO-006955,PRD-0041,2024-10-24,2024-10-30,2024-10-28,Delivered,BlueDart,1358.3
DLV-00996,SO-003611,PRD-0019,2025-01-17,2025-01-19,,In Transit,Delhivery,1321.47
DLV-00997,SO-006104,PRD-0431,2025-11-12,2025-11-15,2025-11-16,Delayed,Delhivery,1334.87
DLV-00998,SO-007537,PRD-0490,2025-05-28,2025-06-01,2025-06-05,Delayed,BlueDart,827.68
DLV-00999,SO-007934,PRD-0254,2026-04-21,2026-04-23,2026-04-21,Delivered,BlueDart,1576.36
DLV-01000,SO-009462,PRD-0309,2025-10-08,2025-10-12,2025-10-11,Delivered,Delhivery,450.72
DLV-01001,SO-007189,PRD-0093,2025-12-24,2026-01-01,2025-12-31,Delivered,BlueDart,1640.06
DLV-01002,SO-004377,PRD-0109,2025-09-10,2025-09-15,2025-09-19,Delayed,Delhivery,1361.83
DLV-01003,SO-009128,PRD-0055,2026-07-13,2026-07-21,2026-07-21,Delivered,BlueDart,955.33
DLV-01004,SO-001162,PRD-0066,2025-10-15,2025-10-17,2025-10-21,Delayed,SwiftShip,515.08
DLV-01005,SO-001290,PRD-0038,2024-12-31,2025-01-07,2025-01-09,Delayed,SwiftShip,1971.62
DLV-01006,SO-008105,PRD-0368,2026-06-15,2026-06-20,2026-06-21,Delayed,SwiftShip,1304.5
DLV-01007,SO-006709,PRD-0305,2025-09-19,2025-09-25,2025-09-29,Delayed,BlueDart,1663.1
DLV-01008,SO-009315,PRD-0072,2024-11-29,2024-12-04,2024-12-08,Delayed,In-house,1859.97
DLV-01009,SO-000922,PRD-0071,2025-03-23,2025-03-28,2025-03-31,Delayed,BlueDart,626.78
DLV-01010,SO-008082,PRD-0241,2025-03-09,2025-03-17,2025-03-21,Delayed,BlueDart,250.58
DLV-01011,SO-001659,PRD-0477,2026-08-27,2026-09-03,2026-09-01,Delivered,BlueDart,384.89
DLV-01012,SO-004137,PRD-0292,2025-10-29,2025-11-04,2025-11-04,Delivered,BlueDart,305.64
DLV-01013,SO-001053,PRD-0200,2025-04-03,2025-04-07,2025-04-10,Delayed,BlueDart,928.03
DLV-01014,SO-002629,PRD-0168,2026-06-16,2026-06-21,2026-06-20,Delivered,In-house,1797.12
DLV-01015,SO-009970,PRD-0311,2026-06-08,2026-06-14,2026-06-14,Delivered,In-house,1597.97
DLV-01016,SO-009168,PRD-0064,2025-11-12,2025-11-17,2025-11-19,Delayed,SwiftShip,1347.07
DLV-01017,SO-002334,PRD-0374,2026-07-11,2026-07-17,2026-07-21,Delayed,In-house,1485.12
DLV-01018,SO-006047,PRD-0425,2024-12-01,2024-12-08,2024-12-11,Delayed,SwiftShip,937.43
DLV-01019,SO-008210,PRD-0480,2026-09-03,2026-09-08,2026-09-13,Delayed,In-house,847.07
DLV-01020,SO-007300,PRD-0167,2025-11-24,2025-11-30,2025-11-30,Delivered,In-house,1485.78
DLV-01021,SO-002702,PRD-0030,2025-07-09,2025-07-13,2025-07-17,Delayed,BlueDart,1719.38
DLV-01022,SO-008506,PRD-0163,2024-12-25,2024-12-31,2025-01-05,Delayed,In-house,1736.28
DLV-01023,SO-000039,PRD-0119,2025-04-14,2025-04-21,2025-04-23,Delayed,Delhivery,1546.6
DLV-01024,SO-009413,PRD-0216,2025-02-16,2025-02-23,2025-02-24,Delayed,In-house,1129.29
DLV-01025,SO-004596,PRD-0375,2026-08-11,2026-08-18,2026-08-19,Delayed,In-house,654.33
DLV-01026,SO-007098,PRD-0013,2026-03-22,2026-03-26,2026-03-30,Delayed,SwiftShip,675.1
DLV-01027,SO-006975,PRD-0381,2025-03-05,2025-03-08,2025-03-13,Delayed,Delhivery,584.81
DLV-01028,SO-000636,PRD-0345,2025-02-08,2025-02-13,2025-02-16,Delayed,Delhivery,564.16
DLV-01029,SO-006445,PRD-0368,2025-09-14,2025-09-18,2025-09-23,Delayed,SwiftShip,1535.07
DLV-01030,SO-005894,PRD-0059,2025-05-14,2025-05-22,2025-05-26,Delayed,In-house,218.29
DLV-01031,SO-004806,PRD-0105,2024-10-02,2024-10-05,2024-10-03,Delivered,Delhivery,1539.75
DLV-01032,SO-004709,PRD-0276,2025-12-16,2025-12-21,2025-12-26,Delayed,In-house,1644.97
DLV-01033,SO-008412,PRD-0219,2025-03-12,2025-03-16,2025-03-18,Delayed,BlueDart,970.52
DLV-01034,SO-008986,PRD-0112,2025-02-23,2025-02-25,2025-02-23,Delivered,In-house,270.24
DLV-01035,SO-009973,PRD-0186,2025-12-08,2025-12-11,2025-12-09,Delivered,In-house,911.71
DLV-01036,SO-003154,PRD-0403,2025-02-19,2025-02-22,2025-02-21,Delivered,Delhivery,871.56
DLV-01037,SO-001868,PRD-0025,2025-02-17,2025-02-20,2025-02-20,Delivered,In-house,1534.53
DLV-01038,SO-002000,PRD-0373,2026-01-29,2026-02-04,2026-02-09,Delayed,Delhivery,1936.43
DLV-01039,SO-008213,PRD-0022,2025-11-23,2025-11-26,2025-11-28,Delayed,SwiftShip,442.53
DLV-01040,SO-004855,PRD-0316,2026-09-09,2026-09-15,2026-09-19,Delayed,In-house,1393.58
DLV-01041,SO-004323,PRD-0109,2026-02-03,2026-02-11,2026-02-12,Delayed,Delhivery,456.86
DLV-01042,SO-005198,PRD-0291,2026-05-06,2026-05-12,2026-05-10,Delivered,SwiftShip,1457.88
DLV-01043,SO-008907,PRD-0361,2026-03-19,2026-03-26,2026-03-25,Delivered,Delhivery,1919.73
DLV-01044,SO-005648,PRD-0190,2025-01-19,2025-01-21,2025-01-24,Delayed,In-house,1752.29
DLV-01045,SO-009165,PRD-0102,2026-07-14,2026-07-18,2026-07-17,Delivered,BlueDart,1277.63
DLV-01046,SO-005170,PRD-0442,2025-04-20,2025-04-24,2025-04-26,Delayed,BlueDart,1997.84
DLV-01047,SO-006427,PRD-0252,2025-11-14,2025-11-20,,In Transit,Delhivery,1870.42
DLV-01048,SO-002501,PRD-0019,2024-10-11,2024-10-13,2024-10-17,Delayed,Delhivery,104.44
DLV-01049,SO-005569,PRD-0454,2024-11-14,2024-11-20,,In Transit,In-house,348.28
DLV-01050,SO-000994,PRD-0144,2026-06-23,2026-06-30,2026-07-01,Delayed,In-house,164.73
DLV-01051,SO-008581,PRD-0032,2025-12-25,2025-12-30,2025-12-29,Delivered,BlueDart,799.59
DLV-01052,SO-006000,PRD-0131,2026-06-25,2026-06-28,2026-06-30,Delayed,In-house,116.24
DLV-01053,SO-001023,PRD-0247,2026-07-25,2026-08-01,,In Transit,BlueDart,173.36
DLV-01054,SO-009055,PRD-0309,2026-07-01,2026-07-06,2026-07-06,Delivered,Delhivery,1858.53
DLV-01055,SO-008107,PRD-0300,2024-12-22,2024-12-28,2025-01-01,Delayed,Delhivery,651.18
DLV-01056,SO-008311,PRD-0022,2025-03-22,2025-03-27,2025-03-25,Delivered,Delhivery,1545.09
DLV-01057,SO-003102,PRD-0073,2026-01-25,2026-01-30,2026-01-28,Delivered,In-house,1882.32
DLV-01058,SO-004440,PRD-0207,2026-04-28,2026-05-01,2026-05-01,Delivered,In-house,671.1
DLV-01059,SO-009174,PRD-0015,2025-11-12,2025-11-19,2025-11-17,Delivered,BlueDart,931.9
DLV-01060,SO-008026,PRD-0094,2026-04-07,2026-04-12,2026-04-17,Delayed,BlueDart,1513.69
DLV-01061,SO-002082,PRD-0328,2026-09-10,2026-09-12,2026-09-11,Delivered,In-house,1476.7
DLV-01062,SO-004633,PRD-0016,2025-06-11,2025-06-14,2025-06-17,Delayed,In-house,1214.96
DLV-01063,SO-002099,PRD-0354,2025-07-04,2025-07-08,2025-07-06,Delivered,Delhivery,1263.22
DLV-01064,SO-000937,PRD-0187,2026-07-19,2026-07-23,2026-07-23,Delivered,BlueDart,1157.22
DLV-01065,SO-005585,PRD-0348,2025-01-13,2025-01-21,2025-01-24,Delayed,Delhivery,741.72
DLV-01066,SO-006854,PRD-0001,2025-02-09,2025-02-13,2025-02-11,Delivered,Delhivery,924.43
DLV-01067,SO-004727,PRD-0347,2026-08-19,2026-08-23,2026-08-27,Delayed,BlueDart,724.42
DLV-01068,SO-002588,PRD-0299,2024-10-20,2024-10-25,2024-10-27,Delayed,In-house,1367.46
DLV-01069,SO-000102,PRD-0164,2025-01-28,2025-02-03,2025-02-02,Delivered,In-house,1368.39
DLV-01070,SO-004503,PRD-0014,2025-05-20,2025-05-25,2025-05-27,Delayed,In-house,684.04
DLV-01071,SO-008058,PRD-0089,2025-11-27,2025-12-03,2025-12-03,Delivered,In-house,1996.22
DLV-01072,SO-005939,PRD-0115,2024-11-25,2024-11-29,2024-11-29,Delivered,In-house,1087.15
DLV-01073,SO-000058,PRD-0458,2025-01-17,2025-01-25,2025-01-27,Delayed,SwiftShip,735.01
DLV-01074,SO-006951,PRD-0219,2025-03-14,2025-03-19,2025-03-17,Delivered,BlueDart,599.84
DLV-01075,SO-002916,PRD-0465,2024-10-27,2024-11-02,,In Transit,SwiftShip,1268.98
DLV-01076,SO-002335,PRD-0375,2026-05-07,2026-05-15,,In Transit,Delhivery,821.5
DLV-01077,SO-006141,PRD-0165,2026-08-10,2026-08-17,2026-08-18,Delayed,Delhivery,712.89
DLV-01078,SO-000514,PRD-0099,2025-11-13,2025-11-17,2025-11-18,Delayed,Delhivery,152.93
DLV-01079,SO-003225,PRD-0056,2025-02-25,2025-02-28,2025-03-03,Delayed,BlueDart,1369.52
DLV-01080,SO-003630,PRD-0174,2026-01-10,2026-01-12,2026-01-10,Delivered,SwiftShip,1747.0
DLV-01081,SO-005476,PRD-0366,2026-03-12,2026-03-17,,In Transit,In-house,388.89
DLV-01082,SO-002773,PRD-0184,2025-08-14,2025-08-19,2025-08-24,Delayed,BlueDart,1006.74
DLV-01083,SO-000855,PRD-0455,2026-06-03,2026-06-10,2026-06-12,Delayed,In-house,680.35
DLV-01084,SO-000843,PRD-0033,2025-02-10,2025-02-16,2025-02-16,Delivered,In-house,227.98
DLV-01085,SO-000683,PRD-0410,2024-11-19,2024-11-24,2024-11-29,Delayed,SwiftShip,661.96
DLV-01086,SO-004488,PRD-0368,2026-09-19,2026-09-27,2026-09-25,Delivered,BlueDart,974.4
DLV-01087,SO-009883,PRD-0203,2025-03-22,2025-03-25,2025-03-26,Delayed,In-house,1077.51
DLV-01088,SO-000193,PRD-0258,2026-08-31,2026-09-08,2026-09-06,Delivered,In-house,1075.49
DLV-01089,SO-000191,PRD-0404,2026-06-07,2026-06-15,2026-06-18,Delayed,Delhivery,1648.32
DLV-01090,SO-000944,PRD-0191,2025-08-15,2025-08-17,2025-08-17,Delivered,Delhivery,1610.28
DLV-01091,SO-005033,PRD-0219,2025-09-08,2025-09-16,,In Transit,Delhivery,857.92
DLV-01092,SO-000332,PRD-0418,2026-08-03,2026-08-09,2026-08-09,Delivered,Delhivery,410.84
DLV-01093,SO-001538,PRD-0040,2024-12-19,2024-12-22,2024-12-21,Delivered,Delhivery,892.54
DLV-01094,SO-002260,PRD-0129,2024-12-10,2024-12-17,2024-12-16,Delivered,BlueDart,1369.03
DLV-01095,SO-004045,PRD-0038,2025-12-09,2025-12-13,2025-12-13,Delivered,SwiftShip,877.51
DLV-01096,SO-005379,PRD-0476,2026-03-25,2026-04-01,2026-03-31,Delivered,Delhivery,1106.34
DLV-01097,SO-005009,PRD-0003,2025-12-23,2025-12-27,,In Transit,SwiftShip,1899.42
DLV-01098,SO-003142,PRD-0372,2026-09-28,2026-10-05,2026-10-03,Delivered,Delhivery,1043.09
DLV-01099,SO-000684,PRD-0362,2025-11-20,2025-11-24,,In Transit,SwiftShip,480.3
DLV-01100,SO-003574,PRD-0420,2024-11-23,2024-11-25,2024-11-24,Delivered,BlueDart,1928.02
DLV-01101,SO-007115,PRD-0287,2025-01-27,2025-01-29,,In Transit,In-house,1118.21
DLV-01102,SO-000125,PRD-0078,2026-06-30,2026-07-06,2026-07-10,Delayed,Delhivery,141.88
DLV-01103,SO-007640,PRD-0035,2024-11-27,2024-11-30,2024-12-01,Delayed,SwiftShip,1699.23
DLV-01104,SO-004205,PRD-0023,2024-11-09,2024-11-13,2024-11-12,Delivered,SwiftShip,1114.73
DLV-01105,SO-005837,PRD-0279,2025-02-09,2025-02-13,2025-02-12,Delivered,In-house,1207.19
DLV-01106,SO-000280,PRD-0487,2026-05-04,2026-05-06,2026-05-04,Delivered,In-house,769.97
DLV-01107,SO-009134,PRD-0310,2024-11-11,2024-11-18,2024-11-17,Delivered,Delhivery,975.57
DLV-01108,SO-005182,PRD-0003,2025-03-11,2025-03-14,2025-03-17,Delayed,In-house,1726.9
DLV-01109,SO-004598,PRD-0303,2025-11-29,2025-12-06,,In Transit,SwiftShip,1826.62
DLV-01110,SO-009757,PRD-0381,2026-01-02,2026-01-06,2026-01-04,Delivered,Delhivery,405.5
DLV-01111,SO-006260,PRD-0216,2025-12-13,2025-12-19,2025-12-22,Delayed,In-house,1769.12
DLV-01112,SO-008295,PRD-0436,2025-10-28,2025-11-02,2025-11-07,Delayed,BlueDart,1555.16
DLV-01113,SO-004200,PRD-0210,2024-10-26,2024-11-03,,In Transit,BlueDart,1244.11
DLV-01114,SO-001785,PRD-0476,2024-11-24,2024-11-28,2024-11-29,Delayed,In-house,1987.43
DLV-01115,SO-002564,PRD-0410,2025-02-18,2025-02-20,,In Transit,SwiftShip,333.57
DLV-01116,SO-004079,PRD-0284,2025-09-06,2025-09-13,2025-09-18,Delayed,SwiftShip,1303.22
DLV-01117,SO-007737,PRD-0059,2025-09-05,2025-09-12,,In Transit,In-house,817.52
DLV-01118,SO-004240,PRD-0176,2024-10-19,2024-10-27,2024-10-25,Delivered,In-house,1578.36
DLV-01119,SO-005949,PRD-0118,2025-12-01,2025-12-07,2025-12-05,Delivered,BlueDart,788.49
DLV-01120,SO-007383,PRD-0248,2026-08-03,2026-08-08,2026-08-10,Delayed,SwiftShip,110.91
DLV-01121,SO-002094,PRD-0388,2024-12-12,2024-12-20,2024-12-19,Delivered,Delhivery,578.25
DLV-01122,SO-004560,PRD-0298,2025-10-30,2025-11-06,2025-11-08,Delayed,In-house,784.92
DLV-01123,SO-001395,PRD-0028,2026-08-17,2026-08-24,2026-08-25,Delayed,BlueDart,1546.03
DLV-01124,SO-005397,PRD-0265,2025-12-26,2026-01-03,2026-01-06,Delayed,In-house,1466.66
DLV-01125,SO-006071,PRD-0251,2026-05-22,2026-05-28,2026-05-28,Delivered,SwiftShip,916.72
DLV-01126,SO-005377,PRD-0042,2025-12-26,2026-01-01,2026-01-05,Delayed,In-house,832.4
DLV-01127,SO-009101,PRD-0453,2026-10-01,2026-10-09,2026-10-11,Delayed,SwiftShip,1099.0
DLV-01128,SO-000383,PRD-0018,2025-11-03,2025-11-11,2025-11-12,Delayed,Delhivery,1407.17
DLV-01129,SO-005321,PRD-0010,2025-01-29,2025-02-01,2025-01-30,Delivered,SwiftShip,1844.28
DLV-01130,SO-001330,PRD-0328,2025-09-07,2025-09-13,2025-09-13,Delivered,In-house,227.88
DLV-01131,SO-003451,PRD-0210,2025-02-15,2025-02-23,2025-02-21,Delivered,BlueDart,1731.89
DLV-01132,SO-009343,PRD-0138,2025-08-01,2025-08-05,2025-08-08,Delayed,In-house,1736.92
DLV-01133,SO-001452,PRD-0335,2025-08-12,2025-08-18,2025-08-20,Delayed,BlueDart,594.17
DLV-01134,SO-001463,PRD-0435,2026-03-13,2026-03-18,2026-03-21,Delayed,BlueDart,967.65
DLV-01135,SO-006806,PRD-0067,2026-08-06,2026-08-09,2026-08-10,Delayed,SwiftShip,1639.49
DLV-01136,SO-003580,PRD-0378,2025-07-20,2025-07-26,2025-07-28,Delayed,BlueDart,1829.37
DLV-01137,SO-001346,PRD-0289,2025-07-25,2025-07-31,2025-08-01,Delayed,Delhivery,1626.24
DLV-01138,SO-002336,PRD-0495,2025-11-25,2025-12-01,2025-12-02,Delayed,BlueDart,220.97
DLV-01139,SO-001339,PRD-0336,2025-12-14,2025-12-22,,In Transit,In-house,656.61
DLV-01140,SO-002723,PRD-0129,2025-10-12,2025-10-18,,In Transit,BlueDart,1209.2
DLV-01141,SO-006657,PRD-0188,2025-06-30,2025-07-06,2025-07-05,Delivered,SwiftShip,1820.93
DLV-01142,SO-001672,PRD-0446,2025-04-25,2025-04-28,2025-04-26,Delivered,SwiftShip,681.83
DLV-01143,SO-008596,PRD-0044,2025-07-04,2025-07-12,2025-07-10,Delivered,SwiftShip,1761.34
DLV-01144,SO-002328,PRD-0144,2026-06-24,2026-06-28,2026-06-28,Delivered,Delhivery,1169.08
DLV-01145,SO-009585,PRD-0043,2025-01-08,2025-01-15,,In Transit,BlueDart,1507.26
DLV-01146,SO-009710,PRD-0344,2026-09-12,2026-09-20,2026-09-20,Delivered,SwiftShip,1101.47
DLV-01147,SO-005993,PRD-0200,2025-06-10,2025-06-12,2025-06-11,Delivered,In-house,1005.23
DLV-01148,SO-003529,PRD-0170,2024-11-10,2024-11-12,2024-11-12,Delivered,Delhivery,1143.09
DLV-01149,SO-004582,PRD-0012,2026-01-25,2026-01-28,2026-01-29,Delayed,In-house,471.76
DLV-01150,SO-005655,PRD-0368,2026-02-06,2026-02-10,2026-02-12,Delayed,In-house,116.85
DLV-01151,SO-002923,PRD-0185,2024-12-24,2024-12-29,2024-12-29,Delivered,Delhivery,109.38
DLV-01152,SO-005512,PRD-0256,2026-03-05,2026-03-12,2026-03-14,Delayed,Delhivery,606.23
DLV-01153,SO-009317,PRD-0218,2026-03-19,2026-03-27,2026-03-27,Delivered,In-house,815.39
DLV-01154,SO-000333,PRD-0313,2025-12-30,2026-01-02,2026-01-03,Delayed,BlueDart,930.26
DLV-01155,SO-005856,PRD-0252,2026-01-02,2026-01-06,2026-01-07,Delayed,In-house,1750.99
DLV-01156,SO-003265,PRD-0253,2025-12-13,2025-12-21,2025-12-21,Delivered,Delhivery,1967.26
DLV-01157,SO-009280,PRD-0181,2026-08-25,2026-08-28,2026-08-28,Delivered,BlueDart,622.56
DLV-01158,SO-009146,PRD-0074,2025-06-19,2025-06-22,2025-06-23,Delayed,BlueDart,849.56
DLV-01159,SO-006181,PRD-0005,2024-11-19,2024-11-21,2024-11-19,Delivered,Delhivery,1833.89
DLV-01160,SO-004982,PRD-0055,2025-09-11,2025-09-14,,In Transit,In-house,1535.64
DLV-01161,SO-009337,PRD-0126,2026-09-11,2026-09-19,2026-09-20,Delayed,SwiftShip,1442.67
DLV-01162,SO-004682,PRD-0373,2026-02-22,2026-02-25,2026-03-01,Delayed,SwiftShip,392.3
DLV-01163,SO-007540,PRD-0281,2026-03-08,2026-03-13,2026-03-17,Delayed,In-house,523.39
DLV-01164,SO-004235,PRD-0390,2025-09-03,2025-09-07,2025-09-05,Delivered,BlueDart,220.86
DLV-01165,SO-007894,PRD-0412,2025-05-06,2025-05-12,2025-05-12,Delivered,BlueDart,255.75
DLV-01166,SO-003702,PRD-0032,2026-03-15,2026-03-18,2026-03-21,Delayed,SwiftShip,439.3
DLV-01167,SO-009440,PRD-0263,2025-09-20,2025-09-23,2025-09-24,Delayed,Delhivery,1925.57
DLV-01168,SO-000387,PRD-0214,2025-08-15,2025-08-18,2025-08-16,Delivered,Delhivery,161.92
DLV-01169,SO-003561,PRD-0081,2026-06-24,2026-06-29,2026-07-01,Delayed,SwiftShip,1823.52
DLV-01170,SO-008360,PRD-0085,2025-06-04,2025-06-06,,In Transit,SwiftShip,1266.03
DLV-01171,SO-009052,PRD-0469,2026-09-22,2026-09-25,2026-09-29,Delayed,In-house,1871.31
DLV-01172,SO-003759,PRD-0429,2025-10-22,2025-10-24,2025-10-23,Delivered,SwiftShip,108.69
DLV-01173,SO-003286,PRD-0005,2026-10-01,2026-10-07,2026-10-07,Delivered,In-house,1069.35
DLV-01174,SO-009800,PRD-0440,2026-03-23,2026-03-27,,In Transit,In-house,914.05
DLV-01175,SO-005877,PRD-0050,2026-07-13,2026-07-20,2026-07-18,Delivered,In-house,1997.74
DLV-01176,SO-002691,PRD-0287,2026-08-11,2026-08-14,2026-08-19,Delayed,Delhivery,1012.1
DLV-01177,SO-005953,PRD-0001,2025-01-21,2025-01-26,,In Transit,In-house,1949.81
DLV-01178,SO-007642,PRD-0265,2025-05-26,2025-06-02,2025-06-06,Delayed,In-house,846.39
DLV-01179,SO-009345,PRD-0293,2026-08-30,2026-09-06,2026-09-06,Delivered,Delhivery,1877.61
DLV-01180,SO-003950,PRD-0019,2024-10-15,2024-10-20,,In Transit,BlueDart,339.21
DLV-01181,SO-000001,PRD-0020,2025-07-22,2025-07-30,,In Transit,In-house,1510.46
DLV-01182,SO-004930,PRD-0493,2025-01-13,2025-01-19,2025-01-18,Delivered,SwiftShip,407.0
DLV-01183,SO-004407,PRD-0471,2025-12-07,2025-12-09,2025-12-14,Delayed,SwiftShip,1658.68
DLV-01184,SO-004800,PRD-0379,2025-10-19,2025-10-22,2025-10-27,Delayed,SwiftShip,1869.03
DLV-01185,SO-005920,PRD-0073,2026-09-05,2026-09-08,2026-09-07,Delivered,BlueDart,1109.03
DLV-01186,SO-001419,PRD-0257,2024-12-29,2025-01-05,,In Transit,In-house,1977.49
DLV-01187,SO-001292,PRD-0162,2026-08-08,2026-08-15,2026-08-19,Delayed,BlueDart,630.31
DLV-01188,SO-003798,PRD-0482,2025-02-05,2025-02-07,,In Transit,Delhivery,1905.75
DLV-01189,SO-003530,PRD-0208,2024-10-20,2024-10-25,2024-10-23,Delivered,Delhivery,1097.88
DLV-01190,SO-002220,PRD-0411,2026-03-02,2026-03-09,2026-03-08,Delivered,In-house,427.2
DLV-01191,SO-004985,PRD-0149,2026-01-21,2026-01-28,2026-01-30,Delayed,SwiftShip,399.07
DLV-01192,SO-001199,PRD-0407,2026-08-30,2026-09-06,2026-09-08,Delayed,BlueDart,292.27
DLV-01193,SO-008126,PRD-0440,2025-03-08,2025-03-12,2025-03-14,Delayed,BlueDart,1969.32
DLV-01194,SO-006243,PRD-0209,2026-03-04,2026-03-10,2026-03-13,Delayed,In-house,1551.64
DLV-01195,SO-007615,PRD-0343,2026-05-12,2026-05-19,2026-05-18,Delivered,BlueDart,402.24
DLV-01196,SO-006217,PRD-0464,2025-02-23,2025-03-03,2025-03-02,Delivered,Delhivery,343.88
DLV-01197,SO-008510,PRD-0378,2026-09-22,2026-09-30,2026-10-01,Delayed,SwiftShip,1493.18
DLV-01198,SO-009963,PRD-0217,2024-10-08,2024-10-11,2024-10-11,Delivered,Delhivery,845.31
DLV-01199,SO-001812,PRD-0296,2026-08-15,2026-08-23,2026-08-22,Delivered,SwiftShip,743.85
DLV-01200,SO-003361,PRD-0012,2025-09-16,2025-09-21,,In Transit,Delhivery,1838.69
DLV-01201,SO-006402,PRD-0158,2025-05-14,2025-05-17,2025-05-19,Delayed,In-house,1380.37
DLV-01202,SO-007578,PRD-0287,2025-02-03,2025-02-05,2025-02-08,Delayed,BlueDart,1319.29
DLV-01203,SO-009308,PRD-0243,2026-08-19,2026-08-26,2026-08-24,Delivered,BlueDart,826.61
DLV-01204,SO-006487,PRD-0477,2026-09-03,2026-09-10,2026-09-13,Delayed,SwiftShip,742.73
DLV-01205,SO-009194,PRD-0158,2026-09-21,2026-09-29,,In Transit,BlueDart,898.51
DLV-01206,SO-004001,PRD-0355,2024-11-03,2024-11-08,2024-11-08,Delivered,In-house,1055.94
DLV-01207,SO-006342,PRD-0375,2025-09-30,2025-10-05,2025-10-10,Delayed,BlueDart,1435.06
DLV-01208,SO-002974,PRD-0332,2026-03-15,2026-03-19,2026-03-22,Delayed,SwiftShip,691.64
DLV-01209,SO-003963,PRD-0344,2025-05-31,2025-06-03,2025-06-04,Delayed,In-house,711.59
DLV-01210,SO-002015,PRD-0357,2026-03-12,2026-03-18,2026-03-20,Delayed,BlueDart,1299.33
DLV-01211,SO-003273,PRD-0485,2025-08-13,2025-08-21,2025-08-23,Delayed,In-house,142.54
DLV-01212,SO-001909,PRD-0484,2025-04-09,2025-04-15,2025-04-17,Delayed,Delhivery,1685.09
DLV-01213,SO-004866,PRD-0267,2026-04-03,2026-04-06,2026-04-05,Delivered,SwiftShip,113.77
DLV-01214,SO-006658,PRD-0052,2025-03-30,2025-04-02,2025-04-03,Delayed,SwiftShip,776.91
DLV-01215,SO-005684,PRD-0310,2026-03-06,2026-03-12,2026-03-16,Delayed,In-house,938.82
DLV-01216,SO-001671,PRD-0093,2026-02-26,2026-03-03,2026-03-01,Delivered,SwiftShip,511.79
DLV-01217,SO-002245,PRD-0001,2026-03-13,2026-03-16,2026-03-15,Delivered,BlueDart,1200.48
DLV-01218,SO-001788,PRD-0286,2024-12-21,2024-12-26,2024-12-31,Delayed,Delhivery,1994.84
DLV-01219,SO-005129,PRD-0404,2026-02-09,2026-02-15,2026-02-19,Delayed,In-house,1954.99
DLV-01220,SO-009900,PRD-0270,2026-07-11,2026-07-17,2026-07-20,Delayed,In-house,835.0
DLV-01221,SO-008209,PRD-0221,2025-09-20,2025-09-28,2025-09-28,Delivered,In-house,1896.28
DLV-01222,SO-009188,PRD-0389,2025-03-21,2025-03-26,2025-03-27,Delayed,SwiftShip,1603.5
DLV-01223,SO-008478,PRD-0066,2025-03-06,2025-03-14,2025-03-14,Delivered,SwiftShip,778.7
DLV-01224,SO-000995,PRD-0097,2025-09-05,2025-09-08,2025-09-09,Delayed,SwiftShip,1947.03
DLV-01225,SO-003248,PRD-0186,2024-12-29,2025-01-06,2025-01-11,Delayed,Delhivery,1832.14
DLV-01226,SO-009472,PRD-0211,2025-05-14,2025-05-18,2025-05-23,Delayed,Delhivery,502.61
DLV-01227,SO-007350,PRD-0147,2026-08-19,2026-08-23,2026-08-26,Delayed,SwiftShip,1032.3
DLV-01228,SO-000996,PRD-0082,2026-02-08,2026-02-12,,In Transit,BlueDart,1845.59
DLV-01229,SO-008729,PRD-0364,2025-08-24,2025-08-30,2025-08-28,Delivered,SwiftShip,1006.05
DLV-01230,SO-003591,PRD-0377,2025-04-03,2025-04-07,,In Transit,Delhivery,821.92
DLV-01231,SO-003034,PRD-0387,2024-10-30,2024-11-02,2024-11-06,Delayed,Delhivery,500.36
DLV-01232,SO-004419,PRD-0098,2026-07-03,2026-07-07,2026-07-05,Delivered,BlueDart,715.12
DLV-01233,SO-000808,PRD-0317,2026-09-22,2026-09-30,,In Transit,BlueDart,1852.98
DLV-01234,SO-000945,PRD-0157,2026-02-28,2026-03-07,2026-03-10,Delayed,In-house,529.23
DLV-01235,SO-007150,PRD-0389,2025-03-17,2025-03-20,2025-03-21,Delayed,In-house,1001.43
DLV-01236,SO-005671,PRD-0192,2026-09-01,2026-09-09,,In Transit,In-house,987.29
DLV-01237,SO-003522,PRD-0386,2026-01-08,2026-01-10,2026-01-09,Delivered,Delhivery,394.68
DLV-01238,SO-009016,PRD-0325,2025-05-13,2025-05-19,2025-05-21,Delayed,Delhivery,984.63
DLV-01239,SO-001032,PRD-0402,2026-08-15,2026-08-22,2026-08-20,Delivered,BlueDart,1273.85
DLV-01240,SO-000718,PRD-0130,2026-08-16,2026-08-24,2026-08-25,Delayed,BlueDart,908.3
DLV-01241,SO-002527,PRD-0091,2025-06-10,2025-06-15,2025-06-14,Delivered,BlueDart,757.82
DLV-01242,SO-003496,PRD-0019,2026-01-01,2026-01-08,2026-01-12,Delayed,Delhivery,1753.32
DLV-01243,SO-009477,PRD-0391,2026-01-04,2026-01-08,2026-01-13,Delayed,BlueDart,1636.77
DLV-01244,SO-007346,PRD-0261,2025-04-19,2025-04-21,2025-04-26,Delayed,BlueDart,1097.65
DLV-01245,SO-007023,PRD-0018,2025-02-04,2025-02-10,2025-02-13,Delayed,BlueDart,926.64
DLV-01246,SO-000263,PRD-0426,2025-10-01,2025-10-07,2025-10-10,Delayed,SwiftShip,1357.33
DLV-01247,SO-006743,PRD-0237,2025-05-11,2025-05-14,2025-05-15,Delayed,In-house,1716.52
DLV-01248,SO-001273,PRD-0137,2026-01-10,2026-01-13,2026-01-18,Delayed,SwiftShip,925.76
DLV-01249,SO-005193,PRD-0051,2026-04-25,2026-04-27,2026-04-25,Delivered,BlueDart,1324.77
DLV-01250,SO-000078,PRD-0145,2025-01-21,2025-01-27,2025-01-29,Delayed,In-house,1012.26
DLV-01251,SO-003822,PRD-0185,2026-04-10,2026-04-15,2026-04-15,Delivered,In-house,555.78
DLV-01252,SO-005452,PRD-0425,2025-09-07,2025-09-12,2025-09-17,Delayed,Delhivery,208.31
DLV-01253,SO-001211,PRD-0047,2026-06-11,2026-06-18,2026-06-16,Delivered,In-house,824.0
DLV-01254,SO-004090,PRD-0374,2024-10-01,2024-10-04,2024-10-03,Delivered,Delhivery,1804.57
DLV-01255,SO-008182,PRD-0135,2025-12-13,2025-12-16,,In Transit,BlueDart,1287.61
DLV-01256,SO-000219,PRD-0452,2025-02-06,2025-02-10,2025-02-08,Delivered,SwiftShip,1865.36
DLV-01257,SO-007561,PRD-0256,2026-09-12,2026-09-19,2026-09-19,Delivered,Delhivery,556.91
DLV-01258,SO-003447,PRD-0179,2026-08-02,2026-08-10,2026-08-15,Delayed,BlueDart,1111.41
DLV-01259,SO-005136,PRD-0103,2026-08-27,2026-08-31,2026-09-02,Delayed,Delhivery,269.95
DLV-01260,SO-007237,PRD-0160,2025-07-26,2025-07-29,2025-08-01,Delayed,Delhivery,825.39
DLV-01261,SO-005885,PRD-0463,2025-11-24,2025-12-01,2025-11-30,Delivered,SwiftShip,867.8
DLV-01262,SO-002866,PRD-0167,2026-03-14,2026-03-19,2026-03-17,Delivered,SwiftShip,885.92
DLV-01263,SO-001590,PRD-0008,2026-01-09,2026-01-13,2026-01-15,Delayed,SwiftShip,1877.96
DLV-01264,SO-002248,PRD-0374,2025-06-17,2025-06-21,2025-06-24,Delayed,BlueDart,1168.05
DLV-01265,SO-006332,PRD-0189,2026-03-10,2026-03-12,2026-03-15,Delayed,SwiftShip,848.59
DLV-01266,SO-009669,PRD-0378,2025-05-03,2025-05-08,2025-05-13,Delayed,SwiftShip,1875.15
DLV-01267,SO-003789,PRD-0073,2025-04-12,2025-04-17,2025-04-19,Delayed,SwiftShip,952.71
DLV-01268,SO-007803,PRD-0286,2026-06-20,2026-06-23,2026-06-24,Delayed,In-house,117.61
DLV-01269,SO-007359,PRD-0200,2025-05-02,2025-05-07,2025-05-05,Delivered,In-house,1607.91
DLV-01270,SO-003372,PRD-0416,2025-01-04,2025-01-06,2025-01-10,Delayed,BlueDart,553.48
DLV-01271,SO-007422,PRD-0097,2025-07-21,2025-07-24,2025-07-26,Delayed,BlueDart,478.97
DLV-01272,SO-008914,PRD-0441,2026-09-19,2026-09-23,2026-09-26,Delayed,In-house,1049.26
DLV-01273,SO-007054,PRD-0488,2026-07-11,2026-07-16,2026-07-15,Delivered,Delhivery,1681.4
DLV-01274,SO-004218,PRD-0208,2026-01-21,2026-01-23,2026-01-28,Delayed,SwiftShip,1974.39
DLV-01275,SO-007741,PRD-0153,2025-11-19,2025-11-23,2025-11-28,Delayed,Delhivery,469.22
DLV-01276,SO-001917,PRD-0168,2025-12-16,2025-12-20,2025-12-20,Delivered,In-house,917.23
DLV-01277,SO-006847,PRD-0259,2025-07-26,2025-07-30,2025-07-29,Delivered,Delhivery,1504.58
DLV-01278,SO-004542,PRD-0451,2024-12-25,2024-12-28,2024-12-28,Delivered,In-house,493.73
DLV-01279,SO-005405,PRD-0012,2025-02-28,2025-03-02,2025-03-07,Delayed,BlueDart,803.26
DLV-01280,SO-000592,PRD-0151,2026-05-31,2026-06-06,2026-06-10,Delayed,Delhivery,1681.26
DLV-01281,SO-009948,PRD-0237,2026-01-19,2026-01-25,2026-01-26,Delayed,BlueDart,1041.26
DLV-01282,SO-007296,PRD-0039,2026-06-28,2026-06-30,2026-07-04,Delayed,SwiftShip,775.65
DLV-01283,SO-000538,PRD-0230,2025-12-23,2025-12-30,2026-01-03,Delayed,BlueDart,1709.34
DLV-01284,SO-000921,PRD-0051,2026-07-15,2026-07-19,2026-07-22,Delayed,In-house,732.61
DLV-01285,SO-007198,PRD-0150,2025-01-25,2025-02-02,,In Transit,In-house,1029.39
DLV-01286,SO-009602,PRD-0148,2026-07-19,2026-07-23,2026-07-28,Delayed,Delhivery,897.53
DLV-01287,SO-007199,PRD-0067,2026-04-19,2026-04-22,2026-04-27,Delayed,SwiftShip,756.03
DLV-01288,SO-009405,PRD-0141,2025-02-15,2025-02-18,,In Transit,Delhivery,324.41
DLV-01289,SO-000632,PRD-0244,2025-04-04,2025-04-09,2025-04-13,Delayed,SwiftShip,784.45
DLV-01290,SO-007544,PRD-0262,2025-05-10,2025-05-15,2025-05-20,Delayed,Delhivery,839.69
DLV-01291,SO-002994,PRD-0321,2026-05-19,2026-05-25,2026-05-29,Delayed,BlueDart,118.74
DLV-01292,SO-008537,PRD-0297,2025-02-16,2025-02-24,2025-02-28,Delayed,BlueDart,1378.48
DLV-01293,SO-007009,PRD-0454,2025-08-08,2025-08-13,2025-08-14,Delayed,Delhivery,444.1
DLV-01294,SO-001432,PRD-0106,2025-10-08,2025-10-10,2025-10-09,Delivered,SwiftShip,1566.4
DLV-01295,SO-000296,PRD-0388,2025-05-11,2025-05-16,2025-05-18,Delayed,BlueDart,1265.09
DLV-01296,SO-009692,PRD-0296,2025-03-04,2025-03-12,2025-03-12,Delivered,Delhivery,513.93
DLV-01297,SO-004253,PRD-0042,2026-01-01,2026-01-08,2026-01-06,Delivered,BlueDart,1909.62
DLV-01298,SO-005406,PRD-0352,2025-02-01,2025-02-06,2025-02-07,Delayed,SwiftShip,840.86
DLV-01299,SO-009508,PRD-0232,2025-08-01,2025-08-09,2025-08-10,Delayed,In-house,182.44
DLV-01300,SO-006533,PRD-0055,2026-06-06,2026-06-09,2026-06-08,Delivered,Delhivery,100.79
DLV-01301,SO-000472,PRD-0458,2026-09-06,2026-09-13,,In Transit,In-house,1896.85
DLV-01302,SO-007362,PRD-0378,2026-01-29,2026-02-04,2026-02-04,Delivered,BlueDart,1135.25
DLV-01303,SO-008710,PRD-0226,2024-12-10,2024-12-14,2024-12-12,Delivered,BlueDart,649.84
DLV-01304,SO-008778,PRD-0120,2025-01-05,2025-01-10,2025-01-14,Delayed,BlueDart,1537.84
DLV-01305,SO-007231,PRD-0108,2026-02-20,2026-02-24,2026-02-22,Delivered,SwiftShip,1665.06
DLV-01306,SO-003067,PRD-0086,2026-04-19,2026-04-21,2026-04-20,Delivered,BlueDart,1051.72
DLV-01307,SO-007623,PRD-0356,2025-03-13,2025-03-15,2025-03-13,Delivered,Delhivery,935.46
DLV-01308,SO-006505,PRD-0456,2024-12-15,2024-12-20,2024-12-18,Delivered,In-house,922.12
DLV-01309,SO-003850,PRD-0088,2024-12-14,2024-12-21,2024-12-24,Delayed,BlueDart,1421.09
DLV-01310,SO-001554,PRD-0126,2026-03-27,2026-03-31,2026-03-30,Delivered,In-house,1627.65
DLV-01311,SO-005855,PRD-0336,2024-12-22,2024-12-25,2024-12-27,Delayed,In-house,175.22
DLV-01312,SO-001775,PRD-0287,2024-10-29,2024-11-05,2024-11-05,Delivered,In-house,323.06
DLV-01313,SO-002442,PRD-0432,2026-03-30,2026-04-01,,In Transit,In-house,454.16
DLV-01314,SO-006918,PRD-0283,2025-03-18,2025-03-26,2025-03-26,Delivered,BlueDart,1604.16
DLV-01315,SO-000086,PRD-0464,2026-07-11,2026-07-13,2026-07-15,Delayed,In-house,295.83
DLV-01316,SO-001955,PRD-0011,2025-12-18,2025-12-23,2025-12-23,Delivered,SwiftShip,235.72
DLV-01317,SO-003211,PRD-0065,2024-12-02,2024-12-08,2024-12-12,Delayed,Delhivery,1812.63
DLV-01318,SO-001607,PRD-0487,2025-06-26,2025-06-28,2025-07-03,Delayed,SwiftShip,1230.6
DLV-01319,SO-001114,PRD-0266,2026-04-08,2026-04-10,2026-04-14,Delayed,In-house,657.59
DLV-01320,SO-007996,PRD-0179,2026-07-22,2026-07-28,2026-07-29,Delayed,BlueDart,664.32
DLV-01321,SO-004559,PRD-0476,2024-11-02,2024-11-10,2024-11-08,Delivered,In-house,1692.13
DLV-01322,SO-003278,PRD-0468,2025-01-29,2025-02-02,2025-02-07,Delayed,SwiftShip,767.28
DLV-01323,SO-009304,PRD-0417,2026-05-25,2026-05-29,2026-05-31,Delayed,SwiftShip,953.48
DLV-01324,SO-000225,PRD-0414,2025-02-23,2025-03-02,2025-03-05,Delayed,In-house,241.46
DLV-01325,SO-000899,PRD-0038,2026-08-08,2026-08-13,2026-08-11,Delivered,BlueDart,249.05
DLV-01326,SO-007787,PRD-0292,2026-07-14,2026-07-20,2026-07-21,Delayed,In-house,1830.95
DLV-01327,SO-003037,PRD-0402,2024-12-19,2024-12-24,2024-12-25,Delayed,BlueDart,1861.86
DLV-01328,SO-005282,PRD-0094,2026-06-04,2026-06-07,2026-06-11,Delayed,BlueDart,1812.96
DLV-01329,SO-009298,PRD-0380,2025-10-11,2025-10-16,2025-10-20,Delayed,BlueDart,834.0
DLV-01330,SO-002071,PRD-0269,2025-11-04,2025-11-09,2025-11-07,Delivered,In-house,895.56
DLV-01331,SO-008654,PRD-0171,2025-06-06,2025-06-10,,In Transit,In-house,1985.44
DLV-01332,SO-003579,PRD-0095,2026-07-09,2026-07-11,2026-07-15,Delayed,In-house,1531.09
DLV-01333,SO-006567,PRD-0355,2024-11-12,2024-11-14,2024-11-16,Delayed,In-house,1138.18
DLV-01334,SO-008513,PRD-0439,2025-02-11,2025-02-13,2025-02-11,Delivered,SwiftShip,1076.74
DLV-01335,SO-006025,PRD-0406,2024-12-09,2024-12-14,2024-12-17,Delayed,Delhivery,1083.68
DLV-01336,SO-003418,PRD-0315,2026-03-10,2026-03-14,2026-03-16,Delayed,SwiftShip,1646.12
DLV-01337,SO-000140,PRD-0235,2025-10-17,2025-10-19,2025-10-19,Delivered,BlueDart,779.47
DLV-01338,SO-004120,PRD-0459,2026-02-13,2026-02-15,2026-02-14,Delivered,Delhivery,1091.54
DLV-01339,SO-006958,PRD-0112,2025-08-20,2025-08-22,,In Transit,In-house,121.27
DLV-01340,SO-004848,PRD-0226,2025-01-21,2025-01-28,2025-01-31,Delayed,SwiftShip,489.61
DLV-01341,SO-000397,PRD-0027,2025-06-07,2025-06-09,2025-06-11,Delayed,BlueDart,537.35
DLV-01342,SO-006321,PRD-0001,2025-01-15,2025-01-22,2025-01-22,Delivered,BlueDart,570.26
DLV-01343,SO-005283,PRD-0304,2024-12-30,2025-01-02,,In Transit,SwiftShip,1921.55
DLV-01344,SO-001115,PRD-0090,2024-11-30,2024-12-08,2024-12-11,Delayed,SwiftShip,167.61
DLV-01345,SO-005248,PRD-0020,2025-04-20,2025-04-27,2025-04-26,Delivered,BlueDart,1338.99
DLV-01346,SO-000215,PRD-0359,2025-10-24,2025-10-26,2025-10-26,Delivered,Delhivery,716.24
DLV-01347,SO-007951,PRD-0108,2026-05-01,2026-05-04,2026-05-07,Delayed,Delhivery,331.27
DLV-01348,SO-009415,PRD-0279,2025-03-09,2025-03-13,2025-03-16,Delayed,Delhivery,1472.02
DLV-01349,SO-004316,PRD-0370,2025-03-06,2025-03-08,2025-03-06,Delivered,BlueDart,1266.13
DLV-01350,SO-007193,PRD-0237,2025-01-26,2025-02-02,2025-02-01,Delivered,SwiftShip,135.88
DLV-01351,SO-009131,PRD-0358,2025-09-21,2025-09-29,2025-09-27,Delivered,In-house,1017.97
DLV-01352,SO-000232,PRD-0060,2026-03-02,2026-03-10,2026-03-15,Delayed,SwiftShip,572.34
DLV-01353,SO-008569,PRD-0332,2025-10-27,2025-11-03,2025-11-03,Delivered,In-house,1516.74
DLV-01354,SO-006639,PRD-0051,2024-11-11,2024-11-17,2024-11-20,Delayed,BlueDart,1578.35
DLV-01355,SO-004481,PRD-0145,2026-07-07,2026-07-14,2026-07-13,Delivered,Delhivery,1999.87
DLV-01356,SO-004052,PRD-0365,2025-06-06,2025-06-10,2025-06-08,Delivered,Delhivery,972.61
DLV-01357,SO-005991,PRD-0182,2025-08-10,2025-08-18,2025-08-20,Delayed,Delhivery,1859.09
DLV-01358,SO-006563,PRD-0391,2025-05-25,2025-05-30,2025-06-04,Delayed,In-house,260.32
DLV-01359,SO-002594,PRD-0280,2024-10-04,2024-10-08,2024-10-08,Delivered,SwiftShip,1225.16
DLV-01360,SO-000894,PRD-0411,2024-10-30,2024-11-02,2024-11-07,Delayed,Delhivery,1533.31
DLV-01361,SO-005461,PRD-0344,2026-06-10,2026-06-12,2026-06-13,Delayed,SwiftShip,939.02
DLV-01362,SO-006790,PRD-0267,2025-11-24,2025-11-27,,In Transit,In-house,751.07
DLV-01363,SO-005486,PRD-0125,2026-02-22,2026-03-02,2026-03-07,Delayed,BlueDart,116.84
DLV-01364,SO-001965,PRD-0037,2026-04-29,2026-05-01,2026-05-02,Delayed,SwiftShip,1948.92
DLV-01365,SO-002254,PRD-0429,2025-01-18,2025-01-25,2025-01-24,Delivered,In-house,448.88
DLV-01366,SO-005411,PRD-0112,2025-12-17,2025-12-23,2025-12-21,Delivered,Delhivery,623.83
DLV-01367,SO-006145,PRD-0413,2026-01-12,2026-01-19,2026-01-21,Delayed,In-house,1567.09
DLV-01368,SO-008297,PRD-0320,2026-03-11,2026-03-16,2026-03-14,Delivered,SwiftShip,1068.3
DLV-01369,SO-003029,PRD-0120,2025-06-29,2025-07-07,2025-07-09,Delayed,In-house,1293.96
DLV-01370,SO-005846,PRD-0404,2024-10-28,2024-10-30,2024-11-01,Delayed,In-house,1713.19
DLV-01371,SO-001933,PRD-0006,2026-03-25,2026-04-02,2026-03-31,Delivered,SwiftShip,295.87
DLV-01372,SO-009156,PRD-0171,2026-06-08,2026-06-13,2026-06-13,Delivered,SwiftShip,434.32
DLV-01373,SO-006559,PRD-0037,2024-12-05,2024-12-09,2024-12-08,Delivered,BlueDart,108.7
DLV-01374,SO-000406,PRD-0440,2026-05-17,2026-05-23,2026-05-24,Delayed,SwiftShip,1753.64
DLV-01375,SO-008271,PRD-0214,2026-05-22,2026-05-25,2026-05-27,Delayed,SwiftShip,679.47
DLV-01376,SO-004034,PRD-0032,2025-05-07,2025-05-14,2025-05-15,Delayed,BlueDart,915.37
DLV-01377,SO-003180,PRD-0280,2024-12-01,2024-12-03,2024-12-02,Delivered,BlueDart,1064.03
DLV-01378,SO-003623,PRD-0235,2025-10-18,2025-10-23,,In Transit,SwiftShip,1984.48
DLV-01379,SO-001626,PRD-0419,2025-06-08,2025-06-11,2025-06-10,Delivered,BlueDart,1253.22
DLV-01380,SO-006350,PRD-0077,2025-03-10,2025-03-13,2025-03-16,Delayed,BlueDart,575.05
DLV-01381,SO-001558,PRD-0404,2026-08-02,2026-08-06,2026-08-10,Delayed,Delhivery,1057.04
DLV-01382,SO-004891,PRD-0488,2026-03-24,2026-03-26,2026-03-27,Delayed,Delhivery,705.82
DLV-01383,SO-002423,PRD-0067,2026-05-17,2026-05-20,2026-05-19,Delivered,In-house,1387.49
DLV-01384,SO-003802,PRD-0086,2026-03-25,2026-03-29,2026-03-30,Delayed,Delhivery,779.68
DLV-01385,SO-007484,PRD-0082,2026-08-08,2026-08-14,2026-08-18,Delayed,BlueDart,609.58
DLV-01386,SO-004454,PRD-0400,2026-04-24,2026-05-01,2026-05-03,Delayed,BlueDart,1996.71
DLV-01387,SO-008815,PRD-0240,2026-05-18,2026-05-24,2026-05-26,Delayed,In-house,1397.33
DLV-01388,SO-009986,PRD-0018,2025-03-31,2025-04-07,2025-04-10,Delayed,SwiftShip,972.87
DLV-01389,SO-000217,PRD-0145,2026-05-05,2026-05-12,2026-05-16,Delayed,SwiftShip,962.58
DLV-01390,SO-005342,PRD-0391,2024-12-11,2024-12-13,2024-12-17,Delayed,SwiftShip,492.74
DLV-01391,SO-008289,PRD-0056,2024-10-12,2024-10-19,,In Transit,BlueDart,689.06
DLV-01392,SO-004809,PRD-0220,2026-01-21,2026-01-24,2026-01-28,Delayed,In-house,1406.75
DLV-01393,SO-004906,PRD-0295,2025-09-11,2025-09-15,2025-09-20,Delayed,BlueDart,1375.93
DLV-01394,SO-003652,PRD-0053,2025-07-23,2025-07-25,2025-07-30,Delayed,SwiftShip,828.07
DLV-01395,SO-001132,PRD-0032,2024-11-15,2024-11-20,2024-11-21,Delayed,In-house,1641.05
DLV-01396,SO-001571,PRD-0189,2024-10-02,2024-10-05,2024-10-08,Delayed,In-house,1474.43
DLV-01397,SO-008904,PRD-0016,2024-11-23,2024-11-29,2024-12-04,Delayed,Delhivery,1288.69
DLV-01398,SO-005229,PRD-0052,2025-08-01,2025-08-04,2025-08-04,Delivered,BlueDart,976.65
DLV-01399,SO-004042,PRD-0345,2025-01-12,2025-01-15,2025-01-19,Delayed,In-house,925.25
DLV-01400,SO-005600,PRD-0370,2025-04-02,2025-04-04,2025-04-07,Delayed,SwiftShip,1292.79
DLV-01401,SO-000445,PRD-0067,2024-12-11,2024-12-15,2024-12-19,Delayed,Delhivery,861.55
DLV-01402,SO-002630,PRD-0075,2025-04-16,2025-04-20,2025-04-22,Delayed,SwiftShip,1905.43
DLV-01403,SO-000722,PRD-0419,2025-01-14,2025-01-21,,In Transit,Delhivery,1569.63
DLV-01404,SO-001515,PRD-0234,2025-08-17,2025-08-25,2025-08-23,Delivered,In-house,1915.8
DLV-01405,SO-005440,PRD-0405,2025-08-07,2025-08-13,2025-08-12,Delivered,Delhivery,1930.04
DLV-01406,SO-001701,PRD-0172,2024-10-12,2024-10-18,2024-10-16,Delivered,Delhivery,1869.77
DLV-01407,SO-009418,PRD-0458,2025-05-16,2025-05-22,2025-05-26,Delayed,SwiftShip,1159.05
DLV-01408,SO-002037,PRD-0238,2026-07-03,2026-07-11,2026-07-15,Delayed,BlueDart,1536.05
DLV-01409,SO-000091,PRD-0048,2025-10-29,2025-11-06,2025-11-10,Delayed,BlueDart,540.17
DLV-01410,SO-008928,PRD-0358,2026-07-12,2026-07-18,,In Transit,Delhivery,1256.98
DLV-01411,SO-009801,PRD-0151,2025-04-25,2025-04-29,2025-04-30,Delayed,In-house,952.9
DLV-01412,SO-003197,PRD-0020,2025-02-07,2025-02-13,2025-02-13,Delivered,Delhivery,861.23
DLV-01413,SO-008514,PRD-0323,2025-06-30,2025-07-07,2025-07-10,Delayed,In-house,1262.64
DLV-01414,SO-000131,PRD-0063,2025-05-12,2025-05-19,,In Transit,SwiftShip,792.78
DLV-01415,SO-002303,PRD-0299,2025-02-16,2025-02-19,2025-02-23,Delayed,Delhivery,1587.26
DLV-01416,SO-006357,PRD-0471,2026-07-06,2026-07-09,2026-07-11,Delayed,Delhivery,380.81
DLV-01417,SO-007226,PRD-0373,2025-05-12,2025-05-19,2025-05-19,Delivered,SwiftShip,415.18
DLV-01418,SO-001835,PRD-0147,2024-12-16,2024-12-19,2024-12-17,Delivered,In-house,1767.85
DLV-01419,SO-003256,PRD-0144,2025-03-06,2025-03-10,2025-03-08,Delivered,BlueDart,461.55
DLV-01420,SO-008424,PRD-0135,2026-02-27,2026-03-01,,In Transit,SwiftShip,1886.46
DLV-01421,SO-009904,PRD-0035,2025-06-09,2025-06-15,2025-06-16,Delayed,In-house,1485.41
DLV-01422,SO-007057,PRD-0470,2026-03-10,2026-03-16,2026-03-19,Delayed,Delhivery,313.72
DLV-01423,SO-005220,PRD-0207,2024-11-30,2024-12-02,,In Transit,In-house,1839.6
DLV-01424,SO-006745,PRD-0276,2025-01-19,2025-01-25,2025-01-28,Delayed,SwiftShip,278.11
DLV-01425,SO-004435,PRD-0318,2026-08-09,2026-08-15,2026-08-15,Delivered,Delhivery,333.99
DLV-01426,SO-002710,PRD-0371,2025-11-22,2025-11-25,2025-11-25,Delivered,Delhivery,1214.1
DLV-01427,SO-003575,PRD-0266,2025-01-19,2025-01-27,2025-02-01,Delayed,BlueDart,1167.48
DLV-01428,SO-008291,PRD-0208,2024-10-14,2024-10-17,,In Transit,SwiftShip,877.0
DLV-01429,SO-007893,PRD-0394,2025-02-10,2025-02-17,2025-02-15,Delivered,BlueDart,1016.14
DLV-01430,SO-005027,PRD-0301,2026-02-21,2026-02-26,,In Transit,BlueDart,751.47
DLV-01431,SO-006813,PRD-0339,2026-08-29,2026-09-02,2026-09-06,Delayed,BlueDart,1215.59
DLV-01432,SO-008666,PRD-0141,2025-12-18,2025-12-23,2025-12-22,Delivered,BlueDart,925.99
DLV-01433,SO-009082,PRD-0222,2025-09-20,2025-09-27,,In Transit,BlueDart,1167.76
DLV-01434,SO-003103,PRD-0088,2024-11-20,2024-11-26,,In Transit,SwiftShip,429.23
DLV-01435,SO-004436,PRD-0225,2025-12-26,2026-01-03,,In Transit,In-house,1227.75
DLV-01436,SO-000731,PRD-0297,2025-10-10,2025-10-14,2025-10-16,Delayed,Delhivery,1260.19
DLV-01437,SO-008336,PRD-0273,2025-12-20,2025-12-28,2025-12-27,Delivered,In-house,799.12
DLV-01438,SO-000938,PRD-0196,2025-08-30,2025-09-06,2025-09-04,Delivered,SwiftShip,882.35
DLV-01439,SO-004485,PRD-0122,2025-08-22,2025-08-27,2025-08-29,Delayed,BlueDart,1061.87
DLV-01440,SO-005194,PRD-0004,2026-05-20,2026-05-23,2026-05-27,Delayed,In-house,1726.84
DLV-01441,SO-008750,PRD-0480,2025-01-18,2025-01-26,2025-01-30,Delayed,SwiftShip,732.88
DLV-01442,SO-001370,PRD-0227,2025-06-05,2025-06-09,,In Transit,SwiftShip,1690.3
DLV-01443,SO-000093,PRD-0230,2026-08-23,2026-08-27,,In Transit,Delhivery,1689.01
DLV-01444,SO-009574,PRD-0029,2025-11-22,2025-11-30,2025-11-29,Delivered,SwiftShip,497.91
DLV-01445,SO-001782,PRD-0211,2026-02-12,2026-02-19,2026-02-23,Delayed,SwiftShip,1391.65
DLV-01446,SO-009030,PRD-0172,2025-09-22,2025-09-24,2025-09-27,Delayed,In-house,1262.9
DLV-01447,SO-006964,PRD-0419,2025-04-12,2025-04-17,2025-04-20,Delayed,SwiftShip,1223.26
DLV-01448,SO-002373,PRD-0450,2026-08-06,2026-08-14,2026-08-12,Delivered,Delhivery,1174.86
DLV-01449,SO-002449,PRD-0492,2025-03-21,2025-03-25,2025-03-29,Delayed,Delhivery,985.29
DLV-01450,SO-008455,PRD-0437,2025-01-22,2025-01-30,2025-02-03,Delayed,In-house,413.23
DLV-01451,SO-009678,PRD-0021,2024-10-06,2024-10-12,2024-10-15,Delayed,In-house,192.7
DLV-01452,SO-007986,PRD-0309,2025-08-30,2025-09-05,2025-09-06,Delayed,Delhivery,1922.7
DLV-01453,SO-002344,PRD-0022,2024-11-21,2024-11-23,2024-11-28,Delayed,SwiftShip,241.71
DLV-01454,SO-003563,PRD-0126,2026-04-21,2026-04-25,,In Transit,In-house,331.57
DLV-01455,SO-009177,PRD-0369,2026-01-03,2026-01-07,2026-01-12,Delayed,Delhivery,1692.31
DLV-01456,SO-008906,PRD-0378,2025-12-18,2025-12-26,2025-12-25,Delivered,In-house,1340.38
DLV-01457,SO-002233,PRD-0034,2026-08-19,2026-08-25,2026-08-27,Delayed,SwiftShip,1233.39
DLV-01458,SO-003507,PRD-0404,2025-07-03,2025-07-10,2025-07-10,Delivered,In-house,469.3
DLV-01459,SO-002743,PRD-0009,2025-05-06,2025-05-13,2025-05-12,Delivered,SwiftShip,1841.95
DLV-01460,SO-006089,PRD-0072,2024-12-11,2024-12-16,2024-12-16,Delivered,SwiftShip,1012.22
DLV-01461,SO-007081,PRD-0405,2024-12-24,2025-01-01,2024-12-31,Delivered,BlueDart,1735.38
DLV-01462,SO-005878,PRD-0348,2025-01-24,2025-01-31,,In Transit,In-house,1798.2
DLV-01463,SO-008234,PRD-0236,2025-04-05,2025-04-13,2025-04-17,Delayed,SwiftShip,1150.85
DLV-01464,SO-006879,PRD-0428,2025-11-25,2025-12-01,,In Transit,Delhivery,197.32
DLV-01465,SO-001851,PRD-0055,2026-07-23,2026-07-27,2026-08-01,Delayed,Delhivery,795.66
DLV-01466,SO-000157,PRD-0050,2025-02-25,2025-03-02,2025-03-02,Delivered,Delhivery,256.23
DLV-01467,SO-009552,PRD-0464,2025-07-10,2025-07-17,2025-07-18,Delayed,BlueDart,1544.4
DLV-01468,SO-009137,PRD-0003,2025-12-15,2025-12-21,2025-12-25,Delayed,BlueDart,1299.32
DLV-01469,SO-003107,PRD-0448,2026-03-28,2026-04-01,2026-04-05,Delayed,Delhivery,1715.85
DLV-01470,SO-005716,PRD-0065,2025-07-09,2025-07-14,2025-07-19,Delayed,In-house,1689.46
DLV-01471,SO-003504,PRD-0438,2026-07-12,2026-07-16,2026-07-21,Delayed,Delhivery,1446.39
DLV-01472,SO-002137,PRD-0439,2025-04-07,2025-04-15,,In Transit,In-house,1300.17
DLV-01473,SO-007262,PRD-0055,2025-12-12,2025-12-18,2025-12-19,Delayed,Delhivery,1780.26
DLV-01474,SO-008759,PRD-0061,2026-06-13,2026-06-19,2026-06-19,Delivered,In-house,842.24
DLV-01475,SO-009283,PRD-0253,2026-02-01,2026-02-04,2026-02-08,Delayed,SwiftShip,436.94
DLV-01476,SO-003289,PRD-0397,2025-03-24,2025-03-29,2025-03-31,Delayed,BlueDart,469.98
DLV-01477,SO-001073,PRD-0094,2026-03-19,2026-03-23,2026-03-27,Delayed,In-house,338.97
DLV-01478,SO-009063,PRD-0365,2026-03-04,2026-03-07,2026-03-06,Delivered,Delhivery,1383.54
DLV-01479,SO-006030,PRD-0302,2026-07-22,2026-07-30,2026-08-01,Delayed,SwiftShip,835.86
DLV-01480,SO-000495,PRD-0007,2026-04-20,2026-04-25,2026-04-24,Delivered,BlueDart,704.6
DLV-01481,SO-006161,PRD-0115,2025-05-17,2025-05-20,2025-05-22,Delayed,SwiftShip,824.9
DLV-01482,SO-003643,PRD-0305,2024-10-14,2024-10-19,2024-10-20,Delayed,In-house,1166.64
DLV-01483,SO-000602,PRD-0410,2026-06-04,2026-06-07,2026-06-12,Delayed,In-house,322.39
DLV-01484,SO-002313,PRD-0100,2025-08-10,2025-08-15,2025-08-17,Delayed,Delhivery,1144.99
DLV-01485,SO-006028,PRD-0110,2025-09-06,2025-09-12,2025-09-11,Delivered,Delhivery,990.15
DLV-01486,SO-006090,PRD-0380,2026-05-12,2026-05-20,2026-05-19,Delivered,In-house,1490.04
DLV-01487,SO-006775,PRD-0099,2026-08-10,2026-08-18,2026-08-22,Delayed,Delhivery,731.54
DLV-01488,SO-002305,PRD-0401,2026-04-23,2026-04-26,2026-04-28,Delayed,SwiftShip,1023.83
DLV-01489,SO-005211,PRD-0257,2026-05-16,2026-05-18,2026-05-21,Delayed,In-house,766.96
DLV-01490,SO-008920,PRD-0327,2025-05-09,2025-05-13,,In Transit,Delhivery,593.17
DLV-01491,SO-009739,PRD-0150,2026-08-22,2026-08-30,2026-08-29,Delivered,Delhivery,295.98
DLV-01492,SO-006833,PRD-0071,2026-07-07,2026-07-11,2026-07-15,Delayed,In-house,541.87
DLV-01493,SO-003437,PRD-0058,2026-06-15,2026-06-21,2026-06-23,Delayed,SwiftShip,1148.28
DLV-01494,SO-002872,PRD-0218,2026-03-09,2026-03-17,2026-03-16,Delivered,Delhivery,1877.56
DLV-01495,SO-002917,PRD-0275,2025-06-13,2025-06-21,,In Transit,BlueDart,1371.99
DLV-01496,SO-005557,PRD-0413,2026-01-19,2026-01-25,,In Transit,SwiftShip,1445.42
DLV-01497,SO-003755,PRD-0291,2025-11-27,2025-11-29,2025-11-27,Delivered,BlueDart,1651.91
DLV-01498,SO-004927,PRD-0236,2025-02-06,2025-02-10,2025-02-12,Delayed,In-house,1149.46
DLV-01499,SO-004233,PRD-0487,2026-08-21,2026-08-29,2026-09-02,Delayed,Delhivery,948.51
DLV-01500,SO-000246,PRD-0270,2025-03-19,2025-03-21,2025-03-19,Delivered,BlueDart,224.34
DLV-01501,SO-009625,PRD-0337,2025-11-30,2025-12-02,2025-12-06,Delayed,Delhivery,107.03
DLV-01502,SO-004513,PRD-0171,2026-09-26,2026-10-01,2026-10-01,Delivered,In-house,1750.9
DLV-01503,SO-002156,PRD-0396,2025-10-05,2025-10-09,2025-10-08,Delivered,SwiftShip,1396.63
DLV-01504,SO-000083,PRD-0440,2024-11-07,2024-11-13,2024-11-11,Delivered,In-house,1052.65
DLV-01505,SO-003405,PRD-0215,2025-01-31,2025-02-08,,In Transit,Delhivery,253.0
DLV-01506,SO-000337,PRD-0015,2026-05-04,2026-05-07,2026-05-06,Delivered,In-house,1712.48
DLV-01507,SO-001911,PRD-0281,2026-03-31,2026-04-04,2026-04-06,Delayed,In-house,1424.4
DLV-01508,SO-008159,PRD-0336,2025-04-18,2025-04-22,,In Transit,In-house,1475.4
DLV-01509,SO-009057,PRD-0078,2026-05-20,2026-05-26,2026-05-26,Delivered,Delhivery,1115.23
DLV-01510,SO-005582,PRD-0401,2026-03-29,2026-04-05,2026-04-10,Delayed,Delhivery,1500.21
DLV-01511,SO-000106,PRD-0475,2026-09-13,2026-09-19,,In Transit,SwiftShip,1621.3
DLV-01512,SO-006612,PRD-0378,2025-07-22,2025-07-28,2025-08-02,Delayed,BlueDart,1499.92
DLV-01513,SO-004265,PRD-0072,2025-12-04,2025-12-09,2025-12-12,Delayed,SwiftShip,1559.93
DLV-01514,SO-005860,PRD-0310,2025-08-24,2025-08-28,2025-09-02,Delayed,Delhivery,1463.88
DLV-01515,SO-001670,PRD-0273,2025-07-04,2025-07-11,2025-07-13,Delayed,SwiftShip,1167.73
DLV-01516,SO-000988,PRD-0060,2026-09-06,2026-09-08,2026-09-06,Delivered,BlueDart,1454.87
DLV-01517,SO-008910,PRD-0111,2025-07-08,2025-07-16,2025-07-20,Delayed,Delhivery,946.57
DLV-01518,SO-009822,PRD-0071,2025-05-29,2025-06-04,2025-06-08,Delayed,SwiftShip,1131.37
DLV-01519,SO-008918,PRD-0016,2026-05-01,2026-05-04,2026-05-07,Delayed,SwiftShip,842.4
DLV-01520,SO-000964,PRD-0494,2025-02-01,2025-02-06,2025-02-05,Delivered,SwiftShip,441.99
DLV-01521,SO-004475,PRD-0322,2026-06-08,2026-06-15,2026-06-20,Delayed,Delhivery,1393.92
DLV-01522,SO-006244,PRD-0201,2025-02-28,2025-03-07,2025-03-12,Delayed,Delhivery,1742.99
DLV-01523,SO-002302,PRD-0135,2025-09-05,2025-09-08,,In Transit,BlueDart,526.04
DLV-01524,SO-000068,PRD-0124,2025-08-18,2025-08-23,2025-08-21,Delivered,SwiftShip,758.62
DLV-01525,SO-003317,PRD-0449,2026-03-09,2026-03-13,2026-03-13,Delivered,Delhivery,1978.37
DLV-01526,SO-004938,PRD-0092,2024-12-12,2024-12-17,2024-12-17,Delivered,In-house,214.03
DLV-01527,SO-001324,PRD-0114,2026-01-14,2026-01-22,2026-01-22,Delivered,Delhivery,773.58
DLV-01528,SO-001800,PRD-0225,2025-10-13,2025-10-21,,In Transit,SwiftShip,1374.96
DLV-01529,SO-008779,PRD-0209,2024-11-06,2024-11-14,2024-11-15,Delayed,Delhivery,1191.08
DLV-01530,SO-000870,PRD-0450,2024-10-10,2024-10-16,2024-10-19,Delayed,SwiftShip,198.9
DLV-01531,SO-001748,PRD-0399,2026-09-27,2026-09-30,2026-09-29,Delivered,Delhivery,1389.78
DLV-01532,SO-002897,PRD-0160,2025-06-21,2025-06-28,2025-06-29,Delayed,Delhivery,923.59
DLV-01533,SO-009556,PRD-0213,2026-05-27,2026-06-02,2026-05-31,Delivered,BlueDart,1900.52
DLV-01534,SO-005999,PRD-0162,2025-12-03,2025-12-07,2025-12-06,Delivered,Delhivery,886.35
DLV-01535,SO-001445,PRD-0359,2025-01-22,2025-01-24,2025-01-22,Delivered,Delhivery,1953.58
DLV-01536,SO-004376,PRD-0109,2025-08-20,2025-08-25,2025-08-30,Delayed,BlueDart,941.86
DLV-01537,SO-009039,PRD-0366,2025-05-19,2025-05-25,2025-05-27,Delayed,In-house,620.84
DLV-01538,SO-003824,PRD-0019,2024-12-20,2024-12-22,2024-12-21,Delivered,BlueDart,1364.2
DLV-01539,SO-006169,PRD-0340,2026-05-24,2026-05-30,,In Transit,Delhivery,641.43
DLV-01540,SO-007619,PRD-0002,2024-10-25,2024-11-01,2024-11-03,Delayed,SwiftShip,587.77
DLV-01541,SO-007844,PRD-0397,2026-01-16,2026-01-19,2026-01-20,Delayed,In-house,418.26
DLV-01542,SO-007170,PRD-0493,2026-02-06,2026-02-14,2026-02-18,Delayed,Delhivery,1773.97
DLV-01543,SO-002159,PRD-0352,2025-07-19,2025-07-26,2025-07-27,Delayed,SwiftShip,1259.03
DLV-01544,SO-001987,PRD-0070,2025-04-10,2025-04-18,2025-04-19,Delayed,Delhivery,830.95
DLV-01545,SO-005514,PRD-0379,2025-05-21,2025-05-29,2025-06-03,Delayed,In-house,676.85
DLV-01546,SO-007892,PRD-0109,2024-11-15,2024-11-18,2024-11-18,Delivered,In-house,289.48
DLV-01547,SO-007133,PRD-0333,2026-05-13,2026-05-17,2026-05-16,Delivered,BlueDart,1108.34
DLV-01548,SO-003942,PRD-0226,2025-02-18,2025-02-21,2025-02-25,Delayed,SwiftShip,839.05
DLV-01549,SO-005970,PRD-0189,2026-06-27,2026-06-30,2026-07-05,Delayed,In-house,148.05
DLV-01550,SO-001063,PRD-0190,2025-05-20,2025-05-23,2025-05-24,Delayed,Delhivery,1596.65
DLV-01551,SO-008065,PRD-0068,2025-05-28,2025-05-31,2025-05-30,Delivered,In-house,689.02
DLV-01552,SO-001088,PRD-0142,2026-09-28,2026-10-02,2026-10-07,Delayed,In-house,516.29
DLV-01553,SO-002561,PRD-0141,2025-07-23,2025-07-26,2025-07-30,Delayed,In-house,1623.61
DLV-01554,SO-006969,PRD-0321,2026-07-13,2026-07-15,2026-07-17,Delayed,BlueDart,1121.71
DLV-01555,SO-009996,PRD-0292,2025-05-04,2025-05-06,,In Transit,SwiftShip,1714.7
DLV-01556,SO-007658,PRD-0004,2025-08-21,2025-08-27,2025-08-30,Delayed,In-house,1878.21
DLV-01557,SO-005207,PRD-0376,2026-03-17,2026-03-22,2026-03-20,Delivered,BlueDart,988.59
DLV-01558,SO-003952,PRD-0113,2025-03-14,2025-03-17,2025-03-18,Delayed,Delhivery,1721.2
DLV-01559,SO-000763,PRD-0038,2025-03-12,2025-03-20,2025-03-22,Delayed,In-house,1147.25
DLV-01560,SO-001674,PRD-0206,2024-11-07,2024-11-10,2024-11-14,Delayed,Delhivery,491.46
DLV-01561,SO-007555,PRD-0108,2026-01-17,2026-01-25,2026-01-27,Delayed,SwiftShip,408.73
DLV-01562,SO-006851,PRD-0279,2026-04-05,2026-04-07,2026-04-07,Delivered,SwiftShip,641.32
DLV-01563,SO-004961,PRD-0326,2025-01-12,2025-01-14,2025-01-19,Delayed,BlueDart,1376.7
DLV-01564,SO-003769,PRD-0458,2025-02-15,2025-02-23,2025-02-26,Delayed,BlueDart,375.04
DLV-01565,SO-000956,PRD-0451,2025-11-25,2025-12-03,2025-12-01,Delivered,Delhivery,629.24
DLV-01566,SO-006093,PRD-0220,2026-01-18,2026-01-22,2026-01-27,Delayed,SwiftShip,1570.47
DLV-01567,SO-000166,PRD-0044,2025-12-03,2025-12-06,2025-12-11,Delayed,Delhivery,1771.82
DLV-01568,SO-007032,PRD-0186,2025-03-16,2025-03-19,2025-03-23,Delayed,SwiftShip,162.35
DLV-01569,SO-002817,PRD-0202,2024-11-14,2024-11-16,2024-11-18,Delayed,Delhivery,1140.42
DLV-01570,SO-007373,PRD-0084,2025-03-03,2025-03-08,,In Transit,SwiftShip,784.91
DLV-01571,SO-006338,PRD-0228,2025-09-02,2025-09-07,2025-09-06,Delivered,Delhivery,1315.5
DLV-01572,SO-004459,PRD-0009,2026-05-20,2026-05-25,2026-05-29,Delayed,In-house,1306.01
DLV-01573,SO-000158,PRD-0477,2025-07-14,2025-07-19,2025-07-19,Delivered,SwiftShip,1241.4
DLV-01574,SO-008502,PRD-0425,2026-04-26,2026-04-30,2026-04-30,Delivered,BlueDart,1836.98
DLV-01575,SO-005219,PRD-0043,2026-07-27,2026-08-01,2026-08-06,Delayed,In-house,1753.57
DLV-01576,SO-009140,PRD-0385,2026-08-18,2026-08-20,2026-08-24,Delayed,Delhivery,1181.78
DLV-01577,SO-006235,PRD-0467,2024-12-02,2024-12-06,2024-12-10,Delayed,Delhivery,803.06
DLV-01578,SO-001251,PRD-0374,2024-12-08,2024-12-16,2024-12-21,Delayed,SwiftShip,876.22
DLV-01579,SO-006258,PRD-0016,2026-04-22,2026-04-26,2026-04-24,Delivered,Delhivery,425.11
DLV-01580,SO-007548,PRD-0381,2025-11-07,2025-11-13,,In Transit,BlueDart,530.97
DLV-01581,SO-002874,PRD-0071,2024-10-23,2024-10-25,,In Transit,In-house,174.55
DLV-01582,SO-006873,PRD-0492,2025-09-21,2025-09-26,2025-09-30,Delayed,BlueDart,1452.69
DLV-01583,SO-009881,PRD-0454,2025-07-14,2025-07-18,2025-07-23,Delayed,In-house,1387.23
DLV-01584,SO-005481,PRD-0353,2025-08-17,2025-08-19,2025-08-19,Delivered,SwiftShip,365.73
DLV-01585,SO-003305,PRD-0185,2025-01-30,2025-02-03,2025-02-07,Delayed,Delhivery,820.57
DLV-01586,SO-009421,PRD-0224,2026-09-11,2026-09-15,2026-09-15,Delivered,BlueDart,856.39
DLV-01587,SO-000955,PRD-0429,2025-12-24,2025-12-29,2025-12-31,Delayed,SwiftShip,1878.74
DLV-01588,SO-006734,PRD-0102,2025-06-01,2025-06-09,2025-06-10,Delayed,SwiftShip,798.81
DLV-01589,SO-000210,PRD-0237,2026-08-31,2026-09-05,2026-09-09,Delayed,SwiftShip,584.42
DLV-01590,SO-009998,PRD-0048,2026-07-19,2026-07-26,2026-07-30,Delayed,Delhivery,711.68
DLV-01591,SO-001033,PRD-0339,2025-04-21,2025-04-29,2025-04-27,Delivered,SwiftShip,1671.08
DLV-01592,SO-007378,PRD-0370,2025-07-07,2025-07-10,2025-07-15,Delayed,In-house,1469.35
DLV-01593,SO-000350,PRD-0155,2024-11-09,2024-11-13,2024-11-18,Delayed,SwiftShip,1969.74
DLV-01594,SO-008342,PRD-0415,2026-08-31,2026-09-07,2026-09-09,Delayed,Delhivery,1096.15
DLV-01595,SO-007793,PRD-0069,2026-02-12,2026-02-17,2026-02-17,Delivered,SwiftShip,1163.3
DLV-01596,SO-007528,PRD-0438,2026-05-18,2026-05-21,2026-05-25,Delayed,In-house,101.52
DLV-01597,SO-003342,PRD-0076,2024-11-28,2024-12-03,2024-12-05,Delayed,Delhivery,1808.72
DLV-01598,SO-002077,PRD-0066,2024-11-01,2024-11-09,2024-11-09,Delivered,BlueDart,828.21
DLV-01599,SO-006119,PRD-0403,2025-09-27,2025-09-29,2025-09-28,Delivered,BlueDart,404.13
DLV-01600,SO-007606,PRD-0188,2026-01-02,2026-01-10,2026-01-13,Delayed,BlueDart,620.91
DLV-01601,SO-000042,PRD-0412,2025-08-28,2025-09-03,2025-09-04,Delayed,BlueDart,799.11
DLV-01602,SO-002749,PRD-0318,2025-04-06,2025-04-09,2025-04-11,Delayed,Delhivery,419.58
DLV-01603,SO-009674,PRD-0423,2025-12-10,2025-12-16,2025-12-15,Delivered,BlueDart,419.83
DLV-01604,SO-004074,PRD-0272,2024-10-05,2024-10-07,2024-10-11,Delayed,SwiftShip,1978.94
DLV-01605,SO-005779,PRD-0452,2026-09-13,2026-09-19,2026-09-20,Delayed,SwiftShip,1772.42
DLV-01606,SO-002718,PRD-0123,2026-01-10,2026-01-18,2026-01-20,Delayed,BlueDart,1249.23
DLV-01607,SO-002697,PRD-0346,2025-03-25,2025-03-30,2025-03-31,Delayed,Delhivery,1563.26
DLV-01608,SO-004247,PRD-0122,2026-05-21,2026-05-23,2026-05-25,Delayed,Delhivery,1976.37
DLV-01609,SO-000097,PRD-0162,2026-09-18,2026-09-24,2026-09-29,Delayed,BlueDart,1503.53
DLV-01610,SO-007621,PRD-0248,2026-02-05,2026-02-07,2026-02-06,Delivered,In-house,1956.21
DLV-01611,SO-009871,PRD-0253,2025-08-23,2025-08-29,2025-08-28,Delivered,Delhivery,1770.12
DLV-01612,SO-000358,PRD-0322,2024-10-21,2024-10-28,,In Transit,SwiftShip,227.24
DLV-01613,SO-003116,PRD-0019,2026-03-14,2026-03-21,2026-03-23,Delayed,SwiftShip,1788.07
DLV-01614,SO-006287,PRD-0243,2026-08-04,2026-08-06,2026-08-05,Delivered,In-house,136.59
DLV-01615,SO-008598,PRD-0215,2026-03-28,2026-03-30,2026-04-01,Delayed,SwiftShip,1447.56
DLV-01616,SO-005943,PRD-0388,2026-03-14,2026-03-18,2026-03-19,Delayed,Delhivery,193.79
DLV-01617,SO-007534,PRD-0051,2026-05-04,2026-05-09,2026-05-12,Delayed,SwiftShip,1101.9
DLV-01618,SO-000177,PRD-0046,2025-05-09,2025-05-12,,In Transit,SwiftShip,1074.61
DLV-01619,SO-001278,PRD-0093,2025-03-03,2025-03-10,2025-03-09,Delivered,SwiftShip,686.16
DLV-01620,SO-005919,PRD-0445,2025-08-16,2025-08-20,2025-08-22,Delayed,SwiftShip,1036.54
DLV-01621,SO-009705,PRD-0210,2026-08-26,2026-08-28,2026-08-26,Delivered,SwiftShip,841.08
DLV-01622,SO-008749,PRD-0460,2026-03-05,2026-03-13,2026-03-15,Delayed,In-house,1276.78
DLV-01623,SO-009712,PRD-0050,2026-08-31,2026-09-08,,In Transit,BlueDart,274.12
DLV-01624,SO-004093,PRD-0040,2025-06-07,2025-06-09,2025-06-12,Delayed,Delhivery,1581.47
DLV-01625,SO-007676,PRD-0256,2025-08-14,2025-08-21,2025-08-23,Delayed,SwiftShip,1216.74
DLV-01626,SO-001959,PRD-0451,2025-08-01,2025-08-06,2025-08-09,Delayed,SwiftShip,1290.64
DLV-01627,SO-005239,PRD-0113,2025-10-11,2025-10-19,2025-10-20,Delayed,SwiftShip,194.7
DLV-01628,SO-002985,PRD-0255,2024-10-20,2024-10-27,2024-10-28,Delayed,In-house,1965.85
DLV-01629,SO-000468,PRD-0387,2026-04-21,2026-04-25,2026-04-27,Delayed,Delhivery,1198.41
DLV-01630,SO-005007,PRD-0423,2025-08-21,2025-08-27,2025-08-31,Delayed,In-house,1369.47
DLV-01631,SO-003515,PRD-0061,2025-09-16,2025-09-18,2025-09-23,Delayed,BlueDart,729.72
DLV-01632,SO-006692,PRD-0124,2026-03-05,2026-03-11,2026-03-10,Delivered,SwiftShip,1315.61
DLV-01633,SO-007798,PRD-0149,2026-04-21,2026-04-29,2026-04-27,Delivered,Delhivery,659.86
DLV-01634,SO-008617,PRD-0016,2026-05-27,2026-06-04,2026-06-06,Delayed,In-house,297.56
DLV-01635,SO-002779,PRD-0174,2026-03-16,2026-03-20,2026-03-18,Delivered,BlueDart,567.39
DLV-01636,SO-005266,PRD-0312,2025-12-01,2025-12-03,2025-12-06,Delayed,BlueDart,1936.51
DLV-01637,SO-006706,PRD-0270,2024-12-12,2024-12-19,2024-12-23,Delayed,In-house,259.55
DLV-01638,SO-004739,PRD-0384,2026-01-31,2026-02-06,2026-02-05,Delivered,In-house,1737.44
DLV-01639,SO-009947,PRD-0165,2025-04-28,2025-05-03,,In Transit,In-house,691.4
DLV-01640,SO-005929,PRD-0306,2026-04-25,2026-05-01,2026-04-29,Delivered,In-house,1080.39
DLV-01641,SO-002418,PRD-0182,2025-09-15,2025-09-20,2025-09-19,Delivered,In-house,604.63
DLV-01642,SO-001425,PRD-0473,2025-10-27,2025-10-30,2025-10-28,Delivered,BlueDart,1245.23
DLV-01643,SO-006665,PRD-0323,2025-07-14,2025-07-22,2025-07-27,Delayed,In-house,850.53
DLV-01644,SO-004060,PRD-0407,2026-07-29,2026-07-31,2026-08-01,Delayed,BlueDart,102.42
DLV-01645,SO-006928,PRD-0265,2025-08-23,2025-08-29,2025-08-28,Delivered,Delhivery,1419.67
DLV-01646,SO-003793,PRD-0341,2025-06-26,2025-06-30,2025-07-01,Delayed,SwiftShip,595.42
DLV-01647,SO-002545,PRD-0415,2024-10-20,2024-10-26,2024-10-28,Delayed,Delhivery,1623.85
DLV-01648,SO-007863,PRD-0417,2025-03-04,2025-03-12,,In Transit,BlueDart,1432.95
DLV-01649,SO-008236,PRD-0240,2025-09-17,2025-09-21,2025-09-25,Delayed,BlueDart,1635.47
DLV-01650,SO-002253,PRD-0423,2025-07-22,2025-07-28,2025-07-27,Delivered,Delhivery,355.39
DLV-01651,SO-004283,PRD-0202,2026-05-30,2026-06-01,2026-05-30,Delivered,In-house,1259.93
DLV-01652,SO-005816,PRD-0029,2026-05-02,2026-05-05,,In Transit,In-house,1287.14
DLV-01653,SO-000618,PRD-0398,2025-08-07,2025-08-09,2025-08-09,Delivered,In-house,1614.81
DLV-01654,SO-003898,PRD-0382,2025-04-04,2025-04-09,2025-04-09,Delivered,BlueDart,1802.02
DLV-01655,SO-000970,PRD-0418,2026-01-03,2026-01-08,2026-01-08,Delivered,In-house,557.61
DLV-01656,SO-006635,PRD-0443,2026-02-25,2026-03-05,2026-03-06,Delayed,SwiftShip,1850.84
DLV-01657,SO-006648,PRD-0319,2025-12-28,2025-12-30,2026-01-01,Delayed,In-house,255.89
DLV-01658,SO-009755,PRD-0319,2025-08-28,2025-09-02,2025-09-01,Delivered,In-house,1713.01
DLV-01659,SO-008164,PRD-0427,2026-08-12,2026-08-20,2026-08-18,Delivered,BlueDart,212.24
DLV-01660,SO-006123,PRD-0476,2025-04-27,2025-05-01,2025-05-05,Delayed,In-house,441.27
DLV-01661,SO-001652,PRD-0396,2025-11-24,2025-11-27,2025-11-28,Delayed,In-house,1878.26
DLV-01662,SO-002902,PRD-0008,2025-12-22,2025-12-24,2025-12-28,Delayed,SwiftShip,323.73
DLV-01663,SO-001039,PRD-0330,2026-08-16,2026-08-19,2026-08-19,Delivered,BlueDart,468.09
DLV-01664,SO-001900,PRD-0063,2025-08-25,2025-08-27,2025-08-25,Delivered,BlueDart,1428.01
DLV-01665,SO-001787,PRD-0036,2025-04-18,2025-04-20,2025-04-24,Delayed,BlueDart,372.48
DLV-01666,SO-006420,PRD-0496,2025-08-29,2025-08-31,2025-09-02,Delayed,Delhivery,1270.14
DLV-01667,SO-008909,PRD-0370,2025-01-17,2025-01-20,2025-01-18,Delivered,BlueDart,1718.38
DLV-01668,SO-009148,PRD-0300,2026-06-08,2026-06-15,2026-06-14,Delivered,In-house,1350.45
DLV-01669,SO-003864,PRD-0428,2025-01-03,2025-01-07,2025-01-07,Delivered,In-house,1846.03
DLV-01670,SO-009725,PRD-0247,2024-12-06,2024-12-12,2024-12-10,Delivered,BlueDart,125.72
DLV-01671,SO-006946,PRD-0493,2024-10-22,2024-10-29,2024-10-31,Delayed,SwiftShip,1867.38
DLV-01672,SO-001647,PRD-0243,2025-01-15,2025-01-22,2025-01-25,Delayed,Delhivery,1404.25
DLV-01673,SO-001026,PRD-0063,2025-12-26,2026-01-02,2026-01-01,Delivered,In-house,397.01
DLV-01674,SO-006601,PRD-0070,2025-10-28,2025-11-04,2025-11-08,Delayed,SwiftShip,695.2
DLV-01675,SO-000005,PRD-0079,2025-01-10,2025-01-18,2025-01-20,Delayed,In-house,518.78
DLV-01676,SO-008603,PRD-0082,2026-07-15,2026-07-22,2026-07-26,Delayed,BlueDart,979.52
DLV-01677,SO-009714,PRD-0132,2026-07-03,2026-07-10,2026-07-09,Delivered,BlueDart,1381.9
DLV-01678,SO-004674,PRD-0436,2024-11-23,2024-11-29,2024-12-03,Delayed,SwiftShip,115.87
DLV-01679,SO-000117,PRD-0004,2026-09-27,2026-09-29,2026-10-04,Delayed,BlueDart,1062.8
DLV-01680,SO-007297,PRD-0199,2025-09-15,2025-09-22,2025-09-24,Delayed,In-house,1391.34
DLV-01681,SO-001412,PRD-0429,2024-12-30,2025-01-06,2025-01-04,Delivered,BlueDart,152.15
DLV-01682,SO-000492,PRD-0285,2024-12-27,2024-12-30,2024-12-28,Delivered,SwiftShip,988.88
DLV-01683,SO-001328,PRD-0043,2025-01-14,2025-01-17,2025-01-18,Delayed,SwiftShip,1716.03
DLV-01684,SO-005811,PRD-0233,2025-07-01,2025-07-04,2025-07-04,Delivered,Delhivery,1337.83
DLV-01685,SO-005676,PRD-0051,2026-07-30,2026-08-02,2026-08-07,Delayed,Delhivery,298.9
DLV-01686,SO-008932,PRD-0410,2025-01-03,2025-01-10,2025-01-14,Delayed,BlueDart,1716.46
DLV-01687,SO-006108,PRD-0463,2025-11-27,2025-12-01,2025-12-06,Delayed,Delhivery,649.78
DLV-01688,SO-006204,PRD-0485,2026-05-27,2026-05-29,2026-05-29,Delivered,In-house,1403.83
DLV-01689,SO-009203,PRD-0177,2025-04-26,2025-04-30,2025-04-28,Delivered,In-house,1391.1
DLV-01690,SO-000381,PRD-0254,2024-11-19,2024-11-22,,In Transit,SwiftShip,1279.12
DLV-01691,SO-006399,PRD-0474,2026-04-30,2026-05-02,2026-05-07,Delayed,BlueDart,903.05
DLV-01692,SO-001491,PRD-0404,2026-01-10,2026-01-16,2026-01-14,Delivered,SwiftShip,1057.81
DLV-01693,SO-004308,PRD-0023,2026-08-01,2026-08-07,2026-08-07,Delivered,Delhivery,860.42
DLV-01694,SO-009163,PRD-0157,2026-02-25,2026-03-05,2026-03-09,Delayed,In-house,1517.32
DLV-01695,SO-003917,PRD-0439,2026-02-11,2026-02-19,2026-02-23,Delayed,BlueDart,1881.5
DLV-01696,SO-009018,PRD-0481,2026-02-28,2026-03-04,,In Transit,Delhivery,553.1
DLV-01697,SO-002837,PRD-0307,2025-08-30,2025-09-03,2025-09-05,Delayed,BlueDart,448.91
DLV-01698,SO-001473,PRD-0364,2025-08-29,2025-08-31,2025-08-30,Delivered,BlueDart,1137.32
DLV-01699,SO-000794,PRD-0408,2025-05-17,2025-05-25,2025-05-24,Delivered,BlueDart,1131.89
DLV-01700,SO-006386,PRD-0331,2026-08-12,2026-08-17,2026-08-17,Delivered,SwiftShip,1504.06
DLV-01701,SO-000975,PRD-0284,2025-03-18,2025-03-25,2025-03-29,Delayed,In-house,275.32
DLV-01702,SO-001721,PRD-0210,2024-12-10,2024-12-12,,In Transit,BlueDart,273.24
DLV-01703,SO-007493,PRD-0490,2025-09-28,2025-10-06,2025-10-11,Delayed,SwiftShip,690.34
DLV-01704,SO-008023,PRD-0301,2024-11-21,2024-11-27,2024-12-01,Delayed,Delhivery,1336.2
DLV-01705,SO-005630,PRD-0245,2025-12-12,2025-12-15,2025-12-15,Delivered,BlueDart,957.56
DLV-01706,SO-002007,PRD-0054,2025-02-08,2025-02-16,,In Transit,SwiftShip,1852.77
DLV-01707,SO-002375,PRD-0273,2025-08-20,2025-08-27,2025-08-25,Delivered,BlueDart,625.12
DLV-01708,SO-007083,PRD-0328,2026-09-03,2026-09-05,2026-09-05,Delivered,SwiftShip,1014.74
DLV-01709,SO-007178,PRD-0248,2025-09-05,2025-09-11,,In Transit,BlueDart,763.86
DLV-01710,SO-009656,PRD-0022,2026-08-05,2026-08-11,2026-08-09,Delivered,BlueDart,1153.58
DLV-01711,SO-004900,PRD-0013,2025-04-20,2025-04-23,2025-04-23,Delivered,In-house,1735.06
DLV-01712,SO-005979,PRD-0005,2026-04-25,2026-04-27,2026-04-27,Delivered,SwiftShip,936.48
DLV-01713,SO-003701,PRD-0126,2026-06-01,2026-06-05,,In Transit,SwiftShip,1935.13
DLV-01714,SO-009915,PRD-0353,2025-09-19,2025-09-22,2025-09-24,Delayed,In-house,160.17
DLV-01715,SO-008582,PRD-0012,2025-04-10,2025-04-12,2025-04-14,Delayed,Delhivery,1808.78
DLV-01716,SO-001493,PRD-0449,2024-10-18,2024-10-26,,In Transit,Delhivery,1474.41
DLV-01717,SO-006784,PRD-0162,2026-01-13,2026-01-16,2026-01-18,Delayed,BlueDart,1598.73
DLV-01718,SO-008881,PRD-0031,2026-08-16,2026-08-22,2026-08-27,Delayed,SwiftShip,1074.49
DLV-01719,SO-008575,PRD-0363,2025-10-28,2025-11-04,2025-11-09,Delayed,SwiftShip,1233.66
DLV-01720,SO-007125,PRD-0226,2026-01-31,2026-02-03,2026-02-07,Delayed,SwiftShip,296.1
DLV-01721,SO-009465,PRD-0269,2026-09-06,2026-09-13,2026-09-11,Delivered,Delhivery,1242.32
DLV-01722,SO-006118,PRD-0177,2025-05-18,2025-05-25,2025-05-27,Delayed,In-house,1157.89
DLV-01723,SO-001844,PRD-0276,2025-04-12,2025-04-18,2025-04-21,Delayed,In-house,1120.15
DLV-01724,SO-007432,PRD-0446,2025-03-02,2025-03-09,2025-03-10,Delayed,BlueDart,178.97
DLV-01725,SO-003002,PRD-0433,2025-04-16,2025-04-18,2025-04-19,Delayed,BlueDart,1173.82
DLV-01726,SO-005697,PRD-0041,2026-05-16,2026-05-19,2026-05-21,Delayed,BlueDart,1880.37
DLV-01727,SO-004232,PRD-0087,2026-06-21,2026-06-27,2026-06-26,Delivered,BlueDart,1235.59
DLV-01728,SO-008610,PRD-0451,2024-11-07,2024-11-09,2024-11-14,Delayed,BlueDart,193.21
DLV-01729,SO-003099,PRD-0358,2025-04-28,2025-05-03,2025-05-04,Delayed,In-house,692.86
DLV-01730,SO-008783,PRD-0045,2024-11-12,2024-11-15,2024-11-20,Delayed,In-house,1062.3
DLV-01731,SO-000002,PRD-0344,2026-09-19,2026-09-26,2026-09-27,Delayed,BlueDart,1957.14
DLV-01732,SO-000830,PRD-0175,2025-04-20,2025-04-28,2025-04-27,Delivered,In-house,1775.14
DLV-01733,SO-007281,PRD-0204,2025-02-02,2025-02-08,2025-02-07,Delivered,Delhivery,1395.36
DLV-01734,SO-008556,PRD-0051,2024-11-06,2024-11-12,2024-11-11,Delivered,Delhivery,1569.58
DLV-01735,SO-009897,PRD-0167,2025-05-30,2025-06-03,2025-06-04,Delayed,SwiftShip,1537.86
DLV-01736,SO-003805,PRD-0340,2025-05-22,2025-05-25,2025-05-25,Delivered,SwiftShip,868.72
DLV-01737,SO-004309,PRD-0238,2025-09-15,2025-09-20,2025-09-23,Delayed,SwiftShip,578.53
DLV-01738,SO-005412,PRD-0411,2026-05-03,2026-05-05,2026-05-10,Delayed,SwiftShip,631.26
DLV-01739,SO-003482,PRD-0487,2026-02-20,2026-02-22,,In Transit,In-house,1888.65
DLV-01740,SO-001480,PRD-0064,2025-03-10,2025-03-18,,In Transit,In-house,187.59
DLV-01741,SO-007175,PRD-0050,2025-05-12,2025-05-19,2025-05-20,Delayed,In-house,507.11
DLV-01742,SO-001488,PRD-0453,2026-04-28,2026-04-30,,In Transit,SwiftShip,495.84
DLV-01743,SO-005002,PRD-0061,2025-05-19,2025-05-27,2025-05-29,Delayed,Delhivery,1169.33
DLV-01744,SO-008987,PRD-0329,2026-06-03,2026-06-09,2026-06-07,Delivered,BlueDart,661.9
DLV-01745,SO-002397,PRD-0301,2025-12-17,2025-12-24,2025-12-26,Delayed,SwiftShip,171.09
DLV-01746,SO-000531,PRD-0139,2024-10-27,2024-10-31,2024-11-04,Delayed,In-house,1524.0
DLV-01747,SO-007025,PRD-0071,2025-07-02,2025-07-06,2025-07-05,Delivered,Delhivery,937.76
DLV-01748,SO-004386,PRD-0105,2025-12-03,2025-12-11,2025-12-11,Delivered,Delhivery,1078.37
DLV-01749,SO-002035,PRD-0107,2025-08-23,2025-08-26,2025-08-28,Delayed,BlueDart,1469.9
DLV-01750,SO-003647,PRD-0012,2026-05-05,2026-05-08,2026-05-11,Delayed,Delhivery,1833.15
DLV-01751,SO-009354,PRD-0436,2025-09-16,2025-09-18,2025-09-20,Delayed,Delhivery,1268.48
DLV-01752,SO-007506,PRD-0439,2025-05-11,2025-05-14,2025-05-13,Delivered,BlueDart,139.54
DLV-01753,SO-001732,PRD-0007,2026-05-27,2026-06-03,2026-06-01,Delivered,In-house,383.11
DLV-01754,SO-005001,PRD-0133,2026-02-06,2026-02-13,2026-02-13,Delivered,In-house,997.88
DLV-01755,SO-009961,PRD-0297,2025-11-01,2025-11-06,,In Transit,Delhivery,1282.95
DLV-01756,SO-002524,PRD-0330,2026-06-11,2026-06-14,2026-06-19,Delayed,SwiftShip,1651.7
DLV-01757,SO-008690,PRD-0440,2025-01-03,2025-01-06,2025-01-07,Delayed,BlueDart,565.21
DLV-01758,SO-002171,PRD-0387,2026-08-31,2026-09-05,,In Transit,BlueDart,1976.29
DLV-01759,SO-009104,PRD-0097,2025-07-04,2025-07-10,2025-07-08,Delivered,Delhivery,1108.19
DLV-01760,SO-006843,PRD-0249,2025-09-24,2025-09-26,2025-09-28,Delayed,In-house,333.56
DLV-01761,SO-009160,PRD-0051,2025-09-22,2025-09-27,,In Transit,Delhivery,153.89
DLV-01762,SO-007027,PRD-0300,2025-07-03,2025-07-11,2025-07-09,Delivered,In-house,1735.15
DLV-01763,SO-003314,PRD-0405,2026-08-10,2026-08-14,2026-08-18,Delayed,Delhivery,468.61
DLV-01764,SO-002393,PRD-0154,2025-07-07,2025-07-12,2025-07-11,Delivered,SwiftShip,569.83
DLV-01765,SO-007613,PRD-0058,2025-08-30,2025-09-06,2025-09-04,Delivered,Delhivery,559.06
DLV-01766,SO-000895,PRD-0359,2025-05-27,2025-06-04,2025-06-05,Delayed,Delhivery,952.35
DLV-01767,SO-005618,PRD-0441,2025-11-22,2025-11-25,2025-11-24,Delivered,Delhivery,1881.29
DLV-01768,SO-000521,PRD-0491,2026-01-18,2026-01-20,2026-01-24,Delayed,In-house,1992.01
DLV-01769,SO-008933,PRD-0108,2025-09-25,2025-09-27,2025-09-29,Delayed,In-house,763.9
DLV-01770,SO-006330,PRD-0212,2025-12-26,2026-01-01,2025-12-31,Delivered,Delhivery,994.58
DLV-01771,SO-006718,PRD-0379,2025-07-24,2025-07-26,2025-07-27,Delayed,BlueDart,220.23
DLV-01772,SO-001861,PRD-0333,2024-11-15,2024-11-19,2024-11-23,Delayed,BlueDart,623.72
DLV-01773,SO-004645,PRD-0176,2025-12-26,2025-12-31,2026-01-01,Delayed,BlueDart,1599.23
DLV-01774,SO-006484,PRD-0257,2025-11-12,2025-11-17,2025-11-18,Delayed,Delhivery,180.74
DLV-01775,SO-004702,PRD-0104,2025-10-26,2025-11-01,2025-11-02,Delayed,Delhivery,155.01
DLV-01776,SO-005974,PRD-0497,2025-06-11,2025-06-14,,In Transit,In-house,1801.37
DLV-01777,SO-003412,PRD-0384,2025-10-24,2025-10-30,2025-11-02,Delayed,Delhivery,394.17
DLV-01778,SO-004767,PRD-0426,2025-03-29,2025-04-03,2025-04-06,Delayed,SwiftShip,1106.32
DLV-01779,SO-005581,PRD-0335,2024-11-16,2024-11-20,2024-11-25,Delayed,In-house,876.61
DLV-01780,SO-000051,PRD-0027,2025-10-23,2025-10-30,2025-11-03,Delayed,Delhivery,1423.15
DLV-01781,SO-006800,PRD-0146,2026-05-24,2026-05-27,2026-05-29,Delayed,SwiftShip,766.75
DLV-01782,SO-009311,PRD-0238,2024-11-22,2024-11-26,2024-11-24,Delivered,In-house,1784.3
DLV-01783,SO-004338,PRD-0498,2026-05-20,2026-05-27,2026-06-01,Delayed,SwiftShip,1868.92
DLV-01784,SO-006084,PRD-0465,2026-02-08,2026-02-14,,In Transit,BlueDart,554.4
DLV-01785,SO-007683,PRD-0107,2026-05-12,2026-05-18,2026-05-16,Delivered,BlueDart,1424.44
DLV-01786,SO-000371,PRD-0257,2025-05-24,2025-05-28,2025-05-27,Delivered,Delhivery,796.37
DLV-01787,SO-004922,PRD-0314,2025-09-11,2025-09-15,,In Transit,Delhivery,496.87
DLV-01788,SO-004754,PRD-0065,2025-01-10,2025-01-12,2025-01-16,Delayed,BlueDart,1655.11
DLV-01789,SO-006042,PRD-0165,2026-08-01,2026-08-03,2026-08-02,Delivered,Delhivery,160.97
DLV-01790,SO-003358,PRD-0459,2025-03-12,2025-03-18,2025-03-21,Delayed,In-house,1832.99
DLV-01791,SO-004252,PRD-0422,2026-03-12,2026-03-15,2026-03-18,Delayed,Delhivery,844.71
DLV-01792,SO-009642,PRD-0266,2026-02-02,2026-02-04,2026-02-06,Delayed,SwiftShip,1031.16
DLV-01793,SO-001018,PRD-0238,2025-05-31,2025-06-08,2025-06-09,Delayed,BlueDart,879.65
DLV-01794,SO-005125,PRD-0065,2024-11-30,2024-12-06,2024-12-08,Delayed,SwiftShip,1469.09
DLV-01795,SO-005821,PRD-0187,2025-04-03,2025-04-11,2025-04-15,Delayed,SwiftShip,167.03
DLV-01796,SO-004659,PRD-0353,2025-09-25,2025-09-29,2025-10-02,Delayed,SwiftShip,813.36
DLV-01797,SO-002995,PRD-0368,2025-06-27,2025-06-29,2025-07-02,Delayed,SwiftShip,558.19
DLV-01798,SO-007394,PRD-0297,2025-03-28,2025-04-01,2025-04-05,Delayed,In-house,1775.49
DLV-01799,SO-004694,PRD-0234,2025-06-04,2025-06-07,2025-06-12,Delayed,SwiftShip,1471.24
DLV-01800,SO-000304,PRD-0199,2024-10-31,2024-11-08,2024-11-06,Delivered,In-house,1372.19
DLV-01801,SO-007288,PRD-0256,2026-03-13,2026-03-20,2026-03-25,Delayed,In-house,1757.38
DLV-01802,SO-000913,PRD-0338,2026-05-20,2026-05-27,2026-05-25,Delivered,In-house,1183.82
DLV-01803,SO-009751,PRD-0141,2025-01-09,2025-01-11,2025-01-13,Delayed,Delhivery,1729.69
DLV-01804,SO-006440,PRD-0288,2024-11-24,2024-11-26,2024-11-25,Delivered,Delhivery,1149.88
DLV-01805,SO-002513,PRD-0162,2025-05-03,2025-05-08,2025-05-07,Delivered,Delhivery,175.67
DLV-01806,SO-003615,PRD-0022,2025-03-29,2025-04-04,2025-04-04,Delivered,SwiftShip,1352.46
DLV-01807,SO-002469,PRD-0486,2025-05-03,2025-05-05,2025-05-09,Delayed,SwiftShip,661.67
DLV-01808,SO-001544,PRD-0189,2026-07-11,2026-07-18,2026-07-16,Delivered,In-house,1099.64
DLV-01809,SO-008774,PRD-0102,2025-10-20,2025-10-22,2025-10-23,Delayed,Delhivery,1867.56
DLV-01810,SO-008609,PRD-0465,2025-12-16,2025-12-21,,In Transit,In-house,952.91
DLV-01811,SO-004853,PRD-0025,2026-03-21,2026-03-29,2026-03-31,Delayed,BlueDart,1131.7
DLV-01812,SO-005932,PRD-0305,2025-10-14,2025-10-18,2025-10-18,Delivered,Delhivery,602.49
DLV-01813,SO-009956,PRD-0209,2024-10-17,2024-10-23,2024-10-24,Delayed,SwiftShip,199.12
DLV-01814,SO-002526,PRD-0086,2026-09-30,2026-10-05,2026-10-03,Delivered,SwiftShip,347.57
DLV-01815,SO-006629,PRD-0474,2025-07-16,2025-07-20,2025-07-18,Delivered,Delhivery,1976.36
DLV-01816,SO-002136,PRD-0286,2025-12-13,2025-12-21,2025-12-19,Delivered,BlueDart,441.19
DLV-01817,SO-009835,PRD-0087,2026-05-25,2026-05-27,2026-05-28,Delayed,In-house,1948.69
DLV-01818,SO-003354,PRD-0156,2026-06-11,2026-06-19,2026-06-21,Delayed,BlueDart,320.16
DLV-01819,SO-005421,PRD-0441,2026-04-18,2026-04-25,2026-04-24,Delivered,In-house,534.47
DLV-01820,SO-007459,PRD-0240,2026-07-03,2026-07-05,2026-07-05,Delivered,In-house,661.5
DLV-01821,SO-005206,PRD-0148,2026-04-23,2026-04-30,2026-04-30,Delivered,BlueDart,777.62
DLV-01822,SO-006237,PRD-0359,2025-02-15,2025-02-19,2025-02-19,Delivered,SwiftShip,961.56
DLV-01823,SO-008375,PRD-0383,2025-05-11,2025-05-16,2025-05-17,Delayed,SwiftShip,1430.48
DLV-01824,SO-001187,PRD-0415,2026-01-23,2026-01-29,2026-02-03,Delayed,SwiftShip,890.42
DLV-01825,SO-007084,PRD-0236,2025-11-23,2025-12-01,,In Transit,BlueDart,1854.34
DLV-01826,SO-000321,PRD-0287,2025-08-03,2025-08-11,2025-08-15,Delayed,Delhivery,1359.36
DLV-01827,SO-004818,PRD-0324,2025-04-09,2025-04-11,2025-04-14,Delayed,BlueDart,231.41
DLV-01828,SO-000729,PRD-0415,2024-12-22,2024-12-25,2024-12-26,Delayed,Delhivery,1289.01
DLV-01829,SO-006442,PRD-0470,2025-04-13,2025-04-19,2025-04-21,Delayed,Delhivery,541.83
DLV-01830,SO-008794,PRD-0058,2024-12-16,2024-12-19,,In Transit,SwiftShip,857.16
DLV-01831,SO-008302,PRD-0340,2025-04-14,2025-04-18,2025-04-17,Delivered,Delhivery,600.12
DLV-01832,SO-008902,PRD-0071,2026-02-05,2026-02-12,2026-02-12,Delivered,In-house,593.56
DLV-01833,SO-001957,PRD-0246,2026-08-05,2026-08-11,2026-08-16,Delayed,SwiftShip,1328.86
DLV-01834,SO-007810,PRD-0328,2026-02-04,2026-02-08,2026-02-10,Delayed,SwiftShip,1294.45
DLV-01835,SO-007264,PRD-0008,2025-02-24,2025-03-03,2025-03-02,Delivered,Delhivery,977.63
DLV-01836,SO-005399,PRD-0388,2025-07-09,2025-07-13,2025-07-16,Delayed,In-house,1331.21
DLV-01837,SO-005288,PRD-0208,2025-12-26,2025-12-30,2026-01-02,Delayed,In-house,398.46
DLV-01838,SO-002984,PRD-0359,2026-03-14,2026-03-18,2026-03-20,Delayed,BlueDart,154.0
DLV-01839,SO-000257,PRD-0075,2025-10-10,2025-10-17,,In Transit,SwiftShip,1936.44
DLV-01840,SO-005530,PRD-0486,2026-07-08,2026-07-11,,In Transit,Delhivery,1769.06
DLV-01841,SO-006275,PRD-0108,2025-11-30,2025-12-05,,In Transit,BlueDart,1074.54
DLV-01842,SO-000568,PRD-0018,2026-07-25,2026-07-27,2026-07-31,Delayed,SwiftShip,147.11
DLV-01843,SO-007841,PRD-0392,2025-07-04,2025-07-06,2025-07-09,Delayed,In-house,1157.78
DLV-01844,SO-005857,PRD-0014,2025-01-11,2025-01-19,2025-01-17,Delivered,Delhivery,1302.88
DLV-01845,SO-009563,PRD-0010,2025-10-30,2025-11-07,2025-11-09,Delayed,In-house,630.27
DLV-01846,SO-008198,PRD-0311,2026-03-01,2026-03-04,2026-03-08,Delayed,BlueDart,1740.15
DLV-01847,SO-000890,PRD-0146,2025-10-28,2025-11-04,2025-11-09,Delayed,In-house,904.79
DLV-01848,SO-003524,PRD-0208,2025-02-18,2025-02-23,2025-02-27,Delayed,In-house,134.7
DLV-01849,SO-008294,PRD-0124,2025-12-12,2025-12-16,,In Transit,BlueDart,817.96
DLV-01850,SO-007828,PRD-0357,2026-06-16,2026-06-19,2026-06-18,Delivered,BlueDart,110.74
DLV-01851,SO-009058,PRD-0255,2024-12-22,2024-12-28,2024-12-26,Delivered,BlueDart,989.99
DLV-01852,SO-007928,PRD-0090,2025-01-11,2025-01-18,2025-01-23,Delayed,Delhivery,1481.95
DLV-01853,SO-003450,PRD-0488,2024-10-05,2024-10-11,2024-10-10,Delivered,BlueDart,1344.8
DLV-01854,SO-007203,PRD-0481,2026-09-13,2026-09-17,2026-09-15,Delivered,In-house,214.52
DLV-01855,SO-002520,PRD-0183,2025-02-05,2025-02-11,2025-02-16,Delayed,Delhivery,1449.15
DLV-01856,SO-004576,PRD-0267,2025-04-04,2025-04-09,2025-04-10,Delayed,BlueDart,1973.89
DLV-01857,SO-009046,PRD-0333,2026-03-29,2026-04-01,,In Transit,In-house,1360.82
DLV-01858,SO-006474,PRD-0408,2025-01-24,2025-01-31,2025-02-04,Delayed,In-house,308.49
DLV-01859,SO-005328,PRD-0210,2025-11-10,2025-11-17,2025-11-17,Delivered,Delhivery,1531.01
DLV-01860,SO-005701,PRD-0441,2024-12-11,2024-12-13,2024-12-11,Delivered,Delhivery,805.79
DLV-01861,SO-009259,PRD-0110,2025-07-04,2025-07-08,2025-07-09,Delayed,BlueDart,1747.62
DLV-01862,SO-006166,PRD-0491,2025-04-12,2025-04-19,2025-04-21,Delayed,BlueDart,1719.8
DLV-01863,SO-008855,PRD-0204,2024-12-24,2024-12-26,2024-12-31,Delayed,BlueDart,1507.43
DLV-01864,SO-008508,PRD-0498,2026-09-17,2026-09-20,2026-09-18,Delivered,In-house,1366.55
DLV-01865,SO-004153,PRD-0328,2024-10-29,2024-11-02,2024-11-05,Delayed,Delhivery,1230.4
DLV-01866,SO-000115,PRD-0208,2025-08-31,2025-09-03,2025-09-04,Delayed,BlueDart,1320.37
DLV-01867,SO-009178,PRD-0421,2025-02-20,2025-02-23,2025-02-23,Delivered,In-house,1741.74
DLV-01868,SO-008922,PRD-0243,2026-08-27,2026-08-30,,In Transit,Delhivery,227.46
DLV-01869,SO-002024,PRD-0273,2025-04-18,2025-04-23,2025-04-28,Delayed,Delhivery,1118.36
DLV-01870,SO-004705,PRD-0319,2025-12-21,2025-12-29,2026-01-01,Delayed,BlueDart,1767.56
DLV-01871,SO-007950,PRD-0235,2025-06-13,2025-06-18,2025-06-23,Delayed,BlueDart,673.73
DLV-01872,SO-009085,PRD-0399,2026-04-21,2026-04-26,2026-05-01,Delayed,Delhivery,1484.82
DLV-01873,SO-008464,PRD-0080,2025-11-13,2025-11-15,2025-11-15,Delivered,SwiftShip,1476.43
DLV-01874,SO-007812,PRD-0337,2025-09-29,2025-10-05,2025-10-03,Delivered,In-house,281.21
DLV-01875,SO-006768,PRD-0421,2026-04-16,2026-04-21,2026-04-24,Delayed,In-house,1486.09
DLV-01876,SO-003587,PRD-0145,2026-05-04,2026-05-09,2026-05-07,Delivered,Delhivery,1697.01
DLV-01877,SO-003439,PRD-0038,2026-08-12,2026-08-15,,In Transit,Delhivery,679.53
DLV-01878,SO-000291,PRD-0322,2026-04-10,2026-04-16,2026-04-18,Delayed,SwiftShip,1659.63
DLV-01879,SO-007608,PRD-0322,2024-10-01,2024-10-08,,In Transit,SwiftShip,1868.02
DLV-01880,SO-007799,PRD-0107,2026-03-24,2026-03-31,2026-04-05,Delayed,In-house,1225.96
DLV-01881,SO-003040,PRD-0127,2024-12-18,2024-12-25,2024-12-30,Delayed,In-house,101.82
DLV-01882,SO-000801,PRD-0341,2026-02-12,2026-02-18,2026-02-16,Delivered,SwiftShip,627.2
DLV-01883,SO-007867,PRD-0030,2024-12-17,2024-12-22,2024-12-25,Delayed,BlueDart,703.05
DLV-01884,SO-001174,PRD-0018,2025-08-06,2025-08-14,2025-08-12,Delivered,SwiftShip,947.18
DLV-01885,SO-008702,PRD-0384,2025-12-28,2025-12-31,2026-01-01,Delayed,Delhivery,1931.1
DLV-01886,SO-005563,PRD-0437,2025-04-23,2025-04-28,2025-04-29,Delayed,Delhivery,1440.29
DLV-01887,SO-009650,PRD-0023,2025-04-27,2025-05-03,2025-05-07,Delayed,Delhivery,1022.3
DLV-01888,SO-009875,PRD-0487,2026-09-23,2026-10-01,2026-10-04,Delayed,Delhivery,540.38
DLV-01889,SO-008050,PRD-0420,2026-04-02,2026-04-05,2026-04-10,Delayed,Delhivery,478.51
DLV-01890,SO-007006,PRD-0141,2026-03-21,2026-03-29,2026-04-01,Delayed,In-house,950.35
DLV-01891,SO-000374,PRD-0283,2025-02-05,2025-02-11,2025-02-15,Delayed,In-house,546.99
DLV-01892,SO-006282,PRD-0117,2024-11-09,2024-11-14,2024-11-14,Delivered,Delhivery,978.42
DLV-01893,SO-001188,PRD-0117,2025-07-10,2025-07-12,,In Transit,SwiftShip,913.9
DLV-01894,SO-006702,PRD-0159,2025-06-19,2025-06-22,,In Transit,SwiftShip,1747.48
DLV-01895,SO-005109,PRD-0498,2026-04-28,2026-04-30,,In Transit,In-house,1371.28
DLV-01896,SO-009008,PRD-0120,2025-06-15,2025-06-21,2025-06-23,Delayed,In-house,851.17
DLV-01897,SO-000888,PRD-0071,2025-09-14,2025-09-17,2025-09-20,Delayed,SwiftShip,1615.51
DLV-01898,SO-008727,PRD-0406,2026-01-13,2026-01-17,2026-01-20,Delayed,SwiftShip,1273.97
DLV-01899,SO-004572,PRD-0014,2025-01-03,2025-01-11,2025-01-15,Delayed,In-house,1079.67
DLV-01900,SO-006697,PRD-0203,2025-11-16,2025-11-20,2025-11-23,Delayed,Delhivery,1768.31
DLV-01901,SO-008041,PRD-0103,2025-09-16,2025-09-24,2025-09-22,Delivered,In-house,1682.05
DLV-01902,SO-000980,PRD-0157,2025-01-31,2025-02-08,2025-02-12,Delayed,SwiftShip,388.36
DLV-01903,SO-000889,PRD-0104,2026-05-02,2026-05-05,2026-05-05,Delivered,SwiftShip,383.43
DLV-01904,SO-005227,PRD-0261,2026-09-21,2026-09-23,2026-09-24,Delayed,SwiftShip,839.64
DLV-01905,SO-007476,PRD-0016,2025-01-27,2025-01-29,,In Transit,In-house,557.7
DLV-01906,SO-007360,PRD-0130,2026-10-01,2026-10-03,2026-10-06,Delayed,Delhivery,1522.82
DLV-01907,SO-001416,PRD-0214,2026-09-18,2026-09-26,2026-09-28,Delayed,BlueDart,1150.93
DLV-01908,SO-003962,PRD-0428,2026-04-10,2026-04-13,2026-04-15,Delayed,Delhivery,1584.72
DLV-01909,SO-000575,PRD-0075,2025-04-30,2025-05-04,2025-05-05,Delayed,BlueDart,488.38
DLV-01910,SO-009934,PRD-0168,2026-09-19,2026-09-23,2026-09-21,Delivered,BlueDart,1015.4
DLV-01911,SO-007478,PRD-0423,2024-12-27,2024-12-29,2024-12-30,Delayed,SwiftShip,419.83
DLV-01912,SO-006834,PRD-0032,2026-08-10,2026-08-13,,In Transit,Delhivery,1834.67
DLV-01913,SO-005617,PRD-0272,2025-09-05,2025-09-10,2025-09-09,Delivered,Delhivery,426.1
DLV-01914,SO-001963,PRD-0171,2026-09-22,2026-09-29,2026-09-28,Delivered,BlueDart,112.08
DLV-01915,SO-005683,PRD-0013,2026-04-30,2026-05-08,2026-05-09,Delayed,BlueDart,1114.72
DLV-01916,SO-000139,PRD-0418,2025-01-31,2025-02-02,,In Transit,SwiftShip,200.1
DLV-01917,SO-009935,PRD-0035,2026-03-24,2026-03-28,2026-03-30,Delayed,Delhivery,147.94
DLV-01918,SO-001680,PRD-0408,2024-11-13,2024-11-17,2024-11-17,Delivered,BlueDart,514.66
DLV-01919,SO-008316,PRD-0416,2025-08-16,2025-08-21,2025-08-21,Delivered,Delhivery,1811.81
DLV-01920,SO-001822,PRD-0020,2025-02-07,2025-02-15,,In Transit,BlueDart,373.22
DLV-01921,SO-001602,PRD-0273,2026-08-23,2026-08-29,2026-09-02,Delayed,Delhivery,557.5
DLV-01922,SO-002380,PRD-0432,2024-11-07,2024-11-09,2024-11-11,Delayed,Delhivery,949.79
DLV-01923,SO-003420,PRD-0414,2026-01-18,2026-01-21,2026-01-21,Delivered,SwiftShip,1056.18
DLV-01924,SO-002787,PRD-0128,2026-07-09,2026-07-11,2026-07-16,Delayed,BlueDart,963.44
DLV-01925,SO-001720,PRD-0378,2026-09-05,2026-09-11,2026-09-14,Delayed,Delhivery,185.18
DLV-01926,SO-008016,PRD-0030,2024-11-18,2024-11-20,2024-11-24,Delayed,In-house,1084.57
DLV-01927,SO-007879,PRD-0198,2025-01-31,2025-02-02,2025-02-04,Delayed,In-house,149.33
DLV-01928,SO-002181,PRD-0481,2026-08-08,2026-08-16,2026-08-14,Delivered,BlueDart,1092.68
DLV-01929,SO-006617,PRD-0421,2025-08-03,2025-08-07,2025-08-05,Delivered,SwiftShip,1266.79
DLV-01930,SO-004221,PRD-0419,2025-01-23,2025-01-28,2025-01-29,Delayed,Delhivery,661.71
DLV-01931,SO-004810,PRD-0178,2025-08-25,2025-08-31,2025-09-01,Delayed,SwiftShip,285.78
DLV-01932,SO-006773,PRD-0420,2025-10-06,2025-10-11,2025-10-15,Delayed,In-house,1341.45
DLV-01933,SO-007890,PRD-0239,2025-10-25,2025-11-02,2025-11-06,Delayed,Delhivery,613.56
DLV-01934,SO-002730,PRD-0231,2025-04-22,2025-04-29,2025-05-02,Delayed,SwiftShip,1755.58
DLV-01935,SO-002647,PRD-0168,2026-09-29,2026-10-06,2026-10-07,Delayed,In-house,1174.0
DLV-01936,SO-009861,PRD-0036,2026-05-22,2026-05-25,,In Transit,In-house,1192.54
DLV-01937,SO-004020,PRD-0276,2026-03-11,2026-03-17,2026-03-19,Delayed,In-house,883.65
DLV-01938,SO-005158,PRD-0386,2024-10-21,2024-10-26,2024-10-27,Delayed,BlueDart,1999.23
DLV-01939,SO-005985,PRD-0438,2026-03-14,2026-03-18,2026-03-17,Delivered,SwiftShip,313.44
DLV-01940,SO-001548,PRD-0012,2024-11-25,2024-12-03,2024-12-04,Delayed,BlueDart,1292.95
DLV-01941,SO-009906,PRD-0279,2025-06-24,2025-06-28,2025-06-26,Delivered,In-house,1914.49
DLV-01942,SO-008086,PRD-0279,2024-10-26,2024-10-31,2024-11-04,Delayed,Delhivery,1418.91
DLV-01943,SO-003159,PRD-0299,2025-09-25,2025-10-02,2025-10-04,Delayed,BlueDart,733.19
DLV-01944,SO-005975,PRD-0393,2025-05-19,2025-05-26,2025-05-31,Delayed,Delhivery,244.67
DLV-01945,SO-001360,PRD-0379,2025-07-08,2025-07-15,2025-07-17,Delayed,Delhivery,1624.41
DLV-01946,SO-007064,PRD-0123,2024-12-17,2024-12-22,2024-12-27,Delayed,In-house,1456.81
DLV-01947,SO-005183,PRD-0279,2026-02-27,2026-03-03,2026-03-03,Delivered,Delhivery,609.66
DLV-01948,SO-001981,PRD-0117,2025-05-03,2025-05-06,2025-05-07,Delayed,SwiftShip,602.54
DLV-01949,SO-005822,PRD-0210,2024-10-30,2024-11-07,2024-11-05,Delivered,SwiftShip,691.3
DLV-01950,SO-001924,PRD-0301,2026-07-17,2026-07-23,2026-07-28,Delayed,Delhivery,1058.34
DLV-01951,SO-005980,PRD-0062,2025-01-30,2025-02-03,2025-02-05,Delayed,SwiftShip,1576.79
DLV-01952,SO-001842,PRD-0298,2025-01-26,2025-01-28,2025-01-30,Delayed,BlueDart,1009.97
DLV-01953,SO-007522,PRD-0346,2026-03-09,2026-03-15,2026-03-15,Delivered,SwiftShip,1373.6
DLV-01954,SO-000823,PRD-0154,2025-07-22,2025-07-30,2025-08-01,Delayed,SwiftShip,1467.15
DLV-01955,SO-000388,PRD-0102,2026-09-11,2026-09-13,2026-09-18,Delayed,SwiftShip,1008.45
DLV-01956,SO-005048,PRD-0169,2025-02-16,2025-02-21,2025-02-21,Delivered,SwiftShip,1379.49
DLV-01957,SO-009098,PRD-0279,2026-08-15,2026-08-22,2026-08-27,Delayed,BlueDart,1066.74
DLV-01958,SO-005471,PRD-0047,2025-10-08,2025-10-15,2025-10-16,Delayed,SwiftShip,1807.3
DLV-01959,SO-006348,PRD-0345,2026-09-09,2026-09-15,2026-09-18,Delayed,Delhivery,867.99
DLV-01960,SO-009931,PRD-0362,2025-03-09,2025-03-15,2025-03-14,Delivered,Delhivery,1599.32
DLV-01961,SO-008882,PRD-0484,2026-03-01,2026-03-07,2026-03-10,Delayed,In-house,731.23
DLV-01962,SO-007442,PRD-0025,2026-06-10,2026-06-17,2026-06-20,Delayed,SwiftShip,1863.23
DLV-01963,SO-008923,PRD-0183,2026-01-05,2026-01-13,2026-01-12,Delivered,In-house,787.1
DLV-01964,SO-009342,PRD-0135,2025-06-30,2025-07-02,2025-07-04,Delayed,Delhivery,542.96
DLV-01965,SO-005107,PRD-0124,2025-06-26,2025-07-01,2025-07-06,Delayed,SwiftShip,1032.61
DLV-01966,SO-008722,PRD-0353,2025-09-24,2025-09-26,2025-09-28,Delayed,SwiftShip,929.68
DLV-01967,SO-004158,PRD-0282,2025-06-17,2025-06-21,2025-06-20,Delivered,In-house,657.55
DLV-01968,SO-002385,PRD-0488,2026-02-03,2026-02-11,,In Transit,SwiftShip,585.39
DLV-01969,SO-005420,PRD-0152,2025-10-27,2025-11-03,2025-11-08,Delayed,In-house,1556.65
DLV-01970,SO-009992,PRD-0241,2025-06-06,2025-06-14,2025-06-14,Delivered,In-house,1557.28
DLV-01971,SO-002291,PRD-0034,2026-03-18,2026-03-26,2026-03-31,Delayed,BlueDart,1509.38
DLV-01972,SO-004830,PRD-0473,2025-06-19,2025-06-25,2025-06-25,Delivered,SwiftShip,348.68
DLV-01973,SO-007289,PRD-0265,2025-04-18,2025-04-21,2025-04-24,Delayed,Delhivery,1963.83
DLV-01974,SO-001451,PRD-0369,2025-01-14,2025-01-16,2025-01-14,Delivered,BlueDart,611.88
DLV-01975,SO-006725,PRD-0296,2026-09-30,2026-10-06,2026-10-05,Delivered,Delhivery,1893.67
DLV-01976,SO-009991,PRD-0364,2025-03-16,2025-03-19,2025-03-21,Delayed,BlueDart,1295.56
DLV-01977,SO-006748,PRD-0217,2026-04-05,2026-04-07,2026-04-08,Delayed,SwiftShip,733.64
DLV-01978,SO-002891,PRD-0031,2026-05-08,2026-05-12,2026-05-11,Delivered,Delhivery,261.43
DLV-01979,SO-002345,PRD-0017,2025-01-09,2025-01-12,,In Transit,Delhivery,1635.08
DLV-01980,SO-002650,PRD-0230,2025-08-30,2025-09-03,2025-09-08,Delayed,BlueDart,1563.52
DLV-01981,SO-003874,PRD-0077,2025-03-25,2025-03-31,,In Transit,BlueDart,1962.29
DLV-01982,SO-008680,PRD-0016,2025-02-20,2025-02-22,2025-02-26,Delayed,In-house,322.6
DLV-01983,SO-000416,PRD-0269,2025-02-23,2025-02-28,2025-03-02,Delayed,SwiftShip,967.47
DLV-01984,SO-002947,PRD-0273,2025-03-10,2025-03-18,2025-03-23,Delayed,In-house,1066.87
DLV-01985,SO-006382,PRD-0229,2025-09-25,2025-10-01,2025-10-06,Delayed,In-house,1208.87
DLV-01986,SO-006060,PRD-0332,2025-09-27,2025-09-29,2025-10-01,Delayed,Delhivery,1424.62
DLV-01987,SO-008356,PRD-0272,2024-10-15,2024-10-18,2024-10-17,Delivered,SwiftShip,1500.92
DLV-01988,SO-004089,PRD-0129,2026-05-22,2026-05-26,,In Transit,Delhivery,1172.93
DLV-01989,SO-005254,PRD-0220,2025-01-26,2025-02-03,2025-02-03,Delivered,BlueDart,1065.2
DLV-01990,SO-004049,PRD-0345,2024-10-10,2024-10-13,2024-10-14,Delayed,BlueDart,1814.6
DLV-01991,SO-000878,PRD-0361,2025-04-01,2025-04-04,2025-04-02,Delivered,BlueDart,340.36
DLV-01992,SO-006227,PRD-0155,2025-09-08,2025-09-14,2025-09-12,Delivered,Delhivery,1998.75
DLV-01993,SO-007605,PRD-0253,2025-05-22,2025-05-28,2025-06-01,Delayed,SwiftShip,1060.08
DLV-01994,SO-003555,PRD-0196,2026-01-07,2026-01-13,2026-01-18,Delayed,Delhivery,853.41
DLV-01995,SO-002359,PRD-0324,2026-07-26,2026-07-29,2026-07-30,Delayed,In-house,822.78
DLV-01996,SO-004924,PRD-0312,2026-07-11,2026-07-17,2026-07-15,Delivered,In-house,1607.51
DLV-01997,SO-003673,PRD-0041,2025-09-05,2025-09-10,2025-09-12,Delayed,Delhivery,348.05
DLV-01998,SO-000844,PRD-0311,2025-07-22,2025-07-26,2025-07-29,Delayed,Delhivery,164.5
DLV-01999,SO-004444,PRD-0332,2025-09-24,2025-09-26,2025-09-28,Delayed,SwiftShip,1059.23
DLV-02000,SO-006985,PRD-0211,2026-01-31,2026-02-08,2026-02-12,Delayed,Delhivery,1454.54
DLV-02001,SO-002251,PRD-0344,2025-03-26,2025-04-03,2025-04-06,Delayed,Delhivery,960.21
DLV-02002,SO-001380,PRD-0090,2025-06-25,2025-07-02,2025-06-30,Delivered,Delhivery,1929.13
DLV-02003,SO-008494,PRD-0216,2025-04-25,2025-04-28,2025-05-03,Delayed,BlueDart,1295.96
DLV-02004,SO-005760,PRD-0081,2026-03-19,2026-03-23,,In Transit,In-house,122.52
DLV-02005,SO-007284,PRD-0279,2025-10-15,2025-10-23,,In Transit,Delhivery,172.54
DLV-02006,SO-000189,PRD-0375,2025-10-19,2025-10-26,2025-10-30,Delayed,In-house,669.81
DLV-02007,SO-005987,PRD-0437,2026-01-25,2026-01-27,,In Transit,SwiftShip,627.21
DLV-02008,SO-000757,PRD-0033,2026-08-08,2026-08-16,2026-08-14,Delivered,Delhivery,1608.21
DLV-02009,SO-005909,PRD-0004,2025-09-13,2025-09-19,2025-09-21,Delayed,SwiftShip,1365.89
DLV-02010,SO-008791,PRD-0312,2025-06-29,2025-07-06,2025-07-05,Delivered,BlueDart,994.03
DLV-02011,SO-007504,PRD-0087,2025-04-13,2025-04-20,2025-04-22,Delayed,SwiftShip,402.98
DLV-02012,SO-008983,PRD-0022,2025-03-08,2025-03-11,2025-03-14,Delayed,Delhivery,1491.66
DLV-02013,SO-002214,PRD-0470,2025-11-20,2025-11-22,2025-11-25,Delayed,BlueDart,1177.85
DLV-02014,SO-005900,PRD-0087,2024-12-22,2024-12-26,,In Transit,In-house,512.73
DLV-02015,SO-000324,PRD-0339,2026-03-07,2026-03-10,2026-03-15,Delayed,BlueDart,1110.67
DLV-02016,SO-001322,PRD-0366,2026-09-10,2026-09-15,2026-09-18,Delayed,Delhivery,1468.74
DLV-02017,SO-004451,PRD-0403,2026-08-07,2026-08-11,2026-08-09,Delivered,In-house,1394.24
DLV-02018,SO-002163,PRD-0156,2025-11-13,2025-11-18,2025-11-23,Delayed,Delhivery,1861.12
DLV-02019,SO-009253,PRD-0199,2026-06-25,2026-06-30,2026-06-29,Delivered,Delhivery,991.87
DLV-02020,SO-007783,PRD-0402,2025-12-21,2025-12-29,2026-01-02,Delayed,Delhivery,915.67
DLV-02021,SO-008250,PRD-0321,2025-12-31,2026-01-08,2026-01-12,Delayed,In-house,1710.45
DLV-02022,SO-001934,PRD-0111,2025-06-11,2025-06-18,2025-06-21,Delayed,SwiftShip,357.57
DLV-02023,SO-005478,PRD-0113,2025-04-09,2025-04-16,2025-04-19,Delayed,In-house,1005.72
DLV-02024,SO-003650,PRD-0380,2025-07-05,2025-07-07,2025-07-12,Delayed,BlueDart,824.55
DLV-02025,SO-000365,PRD-0466,2024-11-24,2024-11-28,2024-11-29,Delayed,Delhivery,106.13
DLV-02026,SO-004161,PRD-0414,2026-04-11,2026-04-19,2026-04-18,Delivered,Delhivery,1989.96
DLV-02027,SO-001103,PRD-0254,2026-04-15,2026-04-22,2026-04-25,Delayed,In-house,420.97
DLV-02028,SO-000923,PRD-0045,2025-03-31,2025-04-03,2025-04-07,Delayed,SwiftShip,329.58
DLV-02029,SO-001827,PRD-0402,2026-08-20,2026-08-28,2026-08-31,Delayed,Delhivery,1843.22
DLV-02030,SO-000378,PRD-0042,2025-12-21,2025-12-29,2025-12-30,Delayed,SwiftShip,883.12
DLV-02031,SO-003533,PRD-0498,2024-10-16,2024-10-20,2024-10-23,Delayed,Delhivery,1338.6
DLV-02032,SO-004898,PRD-0209,2025-12-13,2025-12-16,2025-12-15,Delivered,In-house,1343.78
DLV-02033,SO-004367,PRD-0193,2026-04-02,2026-04-09,2026-04-07,Delivered,SwiftShip,1772.92
DLV-02034,SO-008775,PRD-0020,2025-12-08,2025-12-16,,In Transit,In-house,649.9
DLV-02035,SO-003063,PRD-0154,2026-07-24,2026-07-27,2026-07-28,Delayed,SwiftShip,148.09
DLV-02036,SO-002836,PRD-0287,2025-08-18,2025-08-23,2025-08-28,Delayed,In-house,1712.8
DLV-02037,SO-004404,PRD-0146,2025-12-27,2025-12-29,2025-12-30,Delayed,SwiftShip,1228.16
DLV-02038,SO-005091,PRD-0056,2026-01-15,2026-01-20,2026-01-21,Delayed,SwiftShip,469.62
DLV-02039,SO-002850,PRD-0174,2025-03-07,2025-03-10,2025-03-08,Delivered,In-house,1253.19
DLV-02040,SO-001250,PRD-0456,2024-12-10,2024-12-12,2024-12-10,Delivered,SwiftShip,1727.76
DLV-02041,SO-001962,PRD-0106,2026-08-17,2026-08-22,2026-08-23,Delayed,In-house,338.86
DLV-02042,SO-009985,PRD-0313,2026-08-02,2026-08-09,2026-08-12,Delayed,SwiftShip,1516.36
DLV-02043,SO-006785,PRD-0132,2024-12-17,2024-12-19,,In Transit,In-house,1087.09
DLV-02044,SO-000752,PRD-0395,2025-11-20,2025-11-22,2025-11-27,Delayed,SwiftShip,1246.46
DLV-02045,SO-001760,PRD-0220,2025-01-15,2025-01-22,,In Transit,BlueDart,1533.43
DLV-02046,SO-007337,PRD-0203,2025-08-12,2025-08-17,2025-08-17,Delivered,SwiftShip,1588.8
DLV-02047,SO-001753,PRD-0443,2025-12-17,2025-12-21,2025-12-23,Delayed,BlueDart,185.12
DLV-02048,SO-004929,PRD-0250,2024-10-01,2024-10-08,2024-10-09,Delayed,Delhivery,899.28
DLV-02049,SO-003467,PRD-0417,2026-01-04,2026-01-10,2026-01-12,Delayed,Delhivery,572.09
DLV-02050,SO-008531,PRD-0249,2026-01-07,2026-01-14,2026-01-17,Delayed,In-house,1532.01
DLV-02051,SO-004337,PRD-0250,2026-03-22,2026-03-26,2026-03-25,Delivered,BlueDart,959.96
DLV-02052,SO-008216,PRD-0100,2026-07-15,2026-07-19,2026-07-21,Delayed,BlueDart,1039.9
DLV-02053,SO-001828,PRD-0040,2025-08-11,2025-08-16,2025-08-18,Delayed,In-house,1747.59
DLV-02054,SO-005800,PRD-0310,2025-03-09,2025-03-17,2025-03-22,Delayed,BlueDart,793.02
DLV-02055,SO-004310,PRD-0287,2026-03-22,2026-03-28,2026-03-31,Delayed,Delhivery,970.22
DLV-02056,SO-004326,PRD-0484,2026-07-06,2026-07-08,2026-07-13,Delayed,Delhivery,1450.11
DLV-02057,SO-009878,PRD-0048,2025-04-08,2025-04-14,2025-04-15,Delayed,In-house,884.92
DLV-02058,SO-005507,PRD-0128,2026-02-25,2026-03-01,,In Transit,BlueDart,164.63
DLV-02059,SO-005732,PRD-0405,2026-01-18,2026-01-23,2026-01-25,Delayed,Delhivery,759.03
DLV-02060,SO-003435,PRD-0477,2025-10-09,2025-10-13,2025-10-16,Delayed,In-house,413.67
DLV-02061,SO-004841,PRD-0142,2025-11-06,2025-11-08,2025-11-07,Delivered,Delhivery,1774.0
DLV-02062,SO-000553,PRD-0250,2024-10-26,2024-10-31,2024-11-04,Delayed,SwiftShip,192.86
DLV-02063,SO-002014,PRD-0473,2025-03-20,2025-03-27,2025-03-26,Delivered,In-house,1326.95
DLV-02064,SO-004472,PRD-0093,2026-03-10,2026-03-17,2026-03-20,Delayed,SwiftShip,831.85
DLV-02065,SO-009802,PRD-0276,2026-09-04,2026-09-09,2026-09-07,Delivered,Delhivery,351.09
DLV-02066,SO-002351,PRD-0111,2025-12-01,2025-12-04,2025-12-03,Delivered,In-house,1789.62
DLV-02067,SO-006652,PRD-0143,2026-04-11,2026-04-16,2026-04-19,Delayed,BlueDart,992.33
DLV-02068,SO-001062,PRD-0478,2026-02-08,2026-02-15,,In Transit,SwiftShip,861.97
DLV-02069,SO-001306,PRD-0013,2025-01-19,2025-01-23,2025-01-26,Delayed,Delhivery,1612.68
DLV-02070,SO-001068,PRD-0149,2026-03-29,2026-04-04,2026-04-08,Delayed,In-house,1127.09
DLV-02071,SO-000138,PRD-0298,2025-10-13,2025-10-19,2025-10-22,Delayed,Delhivery,390.27
DLV-02072,SO-000607,PRD-0390,2025-04-27,2025-04-29,2025-05-04,Delayed,In-house,1854.17
DLV-02073,SO-009784,PRD-0354,2026-01-23,2026-01-31,2026-02-02,Delayed,Delhivery,843.65
DLV-02074,SO-006666,PRD-0324,2026-01-05,2026-01-09,,In Transit,In-house,1884.91
DLV-02075,SO-009591,PRD-0054,2024-11-07,2024-11-11,2024-11-13,Delayed,Delhivery,1867.65
DLV-02076,SO-003065,PRD-0376,2026-03-01,2026-03-05,2026-03-05,Delivered,BlueDart,1776.96
DLV-02077,SO-004463,PRD-0426,2024-12-20,2024-12-27,2024-12-28,Delayed,BlueDart,500.36
DLV-02078,SO-007118,PRD-0446,2025-10-03,2025-10-07,2025-10-08,Delayed,BlueDart,1792.62
DLV-02079,SO-006896,PRD-0420,2025-09-05,2025-09-07,2025-09-08,Delayed,In-house,236.98
DLV-02080,SO-005366,PRD-0442,2025-01-17,2025-01-20,2025-01-22,Delayed,Delhivery,778.04
DLV-02081,SO-007740,PRD-0025,2026-06-03,2026-06-08,,In Transit,BlueDart,1610.88
DLV-02082,SO-006560,PRD-0092,2026-05-24,2026-05-30,2026-05-30,Delivered,BlueDart,1329.69
DLV-02083,SO-009037,PRD-0160,2026-01-21,2026-01-29,2026-01-31,Delayed,SwiftShip,1597.1
DLV-02084,SO-001102,PRD-0198,2026-06-26,2026-07-02,,In Transit,In-house,947.82
DLV-02085,SO-009048,PRD-0075,2025-04-23,2025-04-26,2025-04-25,Delivered,Delhivery,1303.68
DLV-02086,SO-000494,PRD-0260,2026-03-19,2026-03-22,2026-03-26,Delayed,In-house,463.1
DLV-02087,SO-006229,PRD-0465,2025-03-17,2025-03-20,2025-03-25,Delayed,In-house,406.95
DLV-02088,SO-004921,PRD-0457,2026-04-28,2026-04-30,2026-04-28,Delivered,In-house,1545.56
DLV-02089,SO-008764,PRD-0380,2026-07-08,2026-07-14,2026-07-12,Delivered,Delhivery,315.0
DLV-02090,SO-004095,PRD-0216,2026-06-25,2026-06-30,2026-07-05,Delayed,BlueDart,558.99
DLV-02091,SO-000880,PRD-0127,2024-10-09,2024-10-14,2024-10-12,Delivered,In-house,584.9
DLV-02092,SO-007408,PRD-0312,2025-08-18,2025-08-25,2025-08-29,Delayed,BlueDart,1964.16
DLV-02093,SO-003303,PRD-0406,2026-02-06,2026-02-11,2026-02-09,Delivered,BlueDart,1779.93
DLV-02094,SO-001298,PRD-0403,2024-11-04,2024-11-07,2024-11-10,Delayed,In-house,926.4
DLV-02095,SO-005317,PRD-0098,2025-07-04,2025-07-09,2025-07-11,Delayed,BlueDart,843.97
DLV-02096,SO-004208,PRD-0377,2025-10-09,2025-10-13,2025-10-17,Delayed,In-house,806.76
DLV-02097,SO-003038,PRD-0004,2026-08-05,2026-08-11,2026-08-11,Delivered,SwiftShip,1086.45
DLV-02098,SO-009047,PRD-0496,2025-09-05,2025-09-08,2025-09-13,Delayed,BlueDart,1018.68
DLV-02099,SO-003209,PRD-0410,2026-10-03,2026-10-06,2026-10-10,Delayed,BlueDart,348.42
DLV-02100,SO-001205,PRD-0497,2026-01-04,2026-01-08,2026-01-13,Delayed,BlueDart,140.28
DLV-02101,SO-003270,PRD-0022,2026-05-12,2026-05-15,2026-05-14,Delivered,Delhivery,700.04
DLV-02102,SO-006585,PRD-0495,2025-02-24,2025-03-03,2025-03-05,Delayed,In-house,130.07
DLV-02103,SO-002778,PRD-0256,2026-03-22,2026-03-30,2026-03-29,Delivered,Delhivery,1082.73
DLV-02104,SO-009090,PRD-0135,2025-12-07,2025-12-09,2025-12-12,Delayed,Delhivery,1472.32
DLV-02105,SO-009211,PRD-0248,2026-07-11,2026-07-16,2026-07-17,Delayed,In-house,1588.08
DLV-02106,SO-007777,PRD-0368,2026-08-09,2026-08-17,2026-08-22,Delayed,In-house,267.07
DLV-02107,SO-002633,PRD-0491,2026-03-19,2026-03-21,2026-03-19,Delivered,SwiftShip,1136.42
DLV-02108,SO-008459,PRD-0035,2025-08-27,2025-08-31,2025-09-03,Delayed,Delhivery,1393.21
DLV-02109,SO-008004,PRD-0228,2026-07-25,2026-07-28,2026-07-31,Delayed,SwiftShip,744.53
DLV-02110,SO-009494,PRD-0260,2025-01-26,2025-01-28,,In Transit,In-house,400.88
DLV-02111,SO-000772,PRD-0113,2025-07-09,2025-07-14,2025-07-17,Delayed,BlueDart,1909.24
DLV-02112,SO-003999,PRD-0447,2025-08-06,2025-08-10,2025-08-11,Delayed,SwiftShip,232.73
DLV-02113,SO-009804,PRD-0423,2026-02-25,2026-03-02,2026-03-03,Delayed,BlueDart,1432.43
DLV-02114,SO-007694,PRD-0156,2026-08-09,2026-08-16,,In Transit,SwiftShip,580.07
DLV-02115,SO-005832,PRD-0022,2025-10-19,2025-10-23,2025-10-21,Delivered,BlueDart,1286.32
DLV-02116,SO-004044,PRD-0049,2025-02-02,2025-02-09,2025-02-08,Delivered,BlueDart,528.9
DLV-02117,SO-004766,PRD-0117,2026-06-10,2026-06-12,2026-06-17,Delayed,In-house,1589.21
DLV-02118,SO-002835,PRD-0325,2025-05-31,2025-06-05,2025-06-04,Delivered,BlueDart,1624.55
DLV-02119,SO-004195,PRD-0144,2025-08-09,2025-08-11,2025-08-12,Delayed,In-house,611.48
DLV-02120,SO-007644,PRD-0483,2026-05-28,2026-06-03,2026-06-02,Delivered,In-house,1256.57
DLV-02121,SO-006802,PRD-0135,2025-08-20,2025-08-23,2025-08-26,Delayed,BlueDart,657.67
DLV-02122,SO-002480,PRD-0085,2024-11-09,2024-11-15,,In Transit,In-house,1042.33
DLV-02123,SO-009166,PRD-0455,2026-01-14,2026-01-22,2026-01-22,Delivered,SwiftShip,503.35
DLV-02124,SO-001849,PRD-0077,2026-07-24,2026-08-01,2026-08-06,Delayed,In-house,374.63
DLV-02125,SO-004748,PRD-0159,2025-11-11,2025-11-19,,In Transit,Delhivery,930.59
DLV-02126,SO-004975,PRD-0451,2026-04-15,2026-04-19,2026-04-18,Delivered,BlueDart,298.81
DLV-02127,SO-000343,PRD-0432,2025-07-08,2025-07-14,2025-07-16,Delayed,Delhivery,1161.98
DLV-02128,SO-001283,PRD-0165,2026-05-20,2026-05-24,2026-05-29,Delayed,In-house,1710.82
DLV-02129,SO-000626,PRD-0054,2025-11-16,2025-11-23,2025-11-28,Delayed,Delhivery,1547.88
DLV-02130,SO-001862,PRD-0266,2025-05-06,2025-05-08,2025-05-06,Delivered,Delhivery,1372.77
DLV-02131,SO-007015,PRD-0441,2025-03-01,2025-03-08,2025-03-10,Delayed,Delhivery,540.95
DLV-02132,SO-002240,PRD-0212,2025-05-21,2025-05-23,2025-05-25,Delayed,BlueDart,850.28
DLV-02133,SO-004814,PRD-0175,2026-07-28,2026-07-31,2026-07-30,Delivered,In-house,1880.65
DLV-02134,SO-000857,PRD-0293,2025-10-07,2025-10-14,2025-10-13,Delivered,BlueDart,641.46
DLV-02135,SO-002643,PRD-0441,2024-11-19,2024-11-27,2024-12-01,Delayed,SwiftShip,630.1
DLV-02136,SO-005144,PRD-0202,2025-10-29,2025-11-03,2025-11-07,Delayed,SwiftShip,868.0
DLV-02137,SO-007997,PRD-0068,2026-02-23,2026-02-28,2026-03-05,Delayed,SwiftShip,1014.55
DLV-02138,SO-002290,PRD-0048,2026-08-01,2026-08-07,2026-08-09,Delayed,BlueDart,320.61
DLV-02139,SO-007111,PRD-0417,2026-05-15,2026-05-20,,In Transit,In-house,1075.65
DLV-02140,SO-000525,PRD-0032,2025-06-07,2025-06-14,2025-06-13,Delivered,BlueDart,933.6
DLV-02141,SO-003272,PRD-0265,2026-01-20,2026-01-27,2026-01-28,Delayed,Delhivery,617.6
DLV-02142,SO-000486,PRD-0244,2024-10-26,2024-10-30,2024-11-01,Delayed,SwiftShip,276.34
DLV-02143,SO-003476,PRD-0299,2026-03-05,2026-03-10,2026-03-14,Delayed,Delhivery,1543.59
DLV-02144,SO-003756,PRD-0335,2026-05-12,2026-05-19,2026-05-20,Delayed,SwiftShip,1658.12
DLV-02145,SO-001348,PRD-0178,2025-05-30,2025-06-07,,In Transit,Delhivery,104.82
DLV-02146,SO-001341,PRD-0209,2024-11-10,2024-11-15,2024-11-19,Delayed,SwiftShip,221.2
DLV-02147,SO-004268,PRD-0456,2025-10-16,2025-10-19,2025-10-21,Delayed,BlueDart,1744.35
DLV-02148,SO-005348,PRD-0145,2025-10-20,2025-10-22,2025-10-26,Delayed,Delhivery,337.09
DLV-02149,SO-008032,PRD-0142,2026-04-25,2026-05-01,2026-05-06,Delayed,BlueDart,1606.1
DLV-02150,SO-008147,PRD-0067,2025-10-02,2025-10-08,2025-10-07,Delivered,In-house,218.88
DLV-02151,SO-006312,PRD-0272,2025-05-20,2025-05-27,2025-05-28,Delayed,In-house,773.86
DLV-02152,SO-009022,PRD-0360,2025-12-22,2025-12-26,2025-12-26,Delivered,Delhivery,864.19
DLV-02153,SO-005871,PRD-0266,2026-02-05,2026-02-11,2026-02-15,Delayed,SwiftShip,1195.95
DLV-02154,SO-003219,PRD-0008,2026-04-02,2026-04-09,2026-04-09,Delivered,BlueDart,148.14
DLV-02155,SO-004388,PRD-0099,2024-10-29,2024-11-01,,In Transit,Delhivery,1423.98
DLV-02156,SO-007381,PRD-0100,2025-09-03,2025-09-07,2025-09-11,Delayed,BlueDart,792.59
DLV-02157,SO-000475,PRD-0485,2025-10-19,2025-10-23,2025-10-24,Delayed,BlueDart,453.93
DLV-02158,SO-005388,PRD-0272,2025-03-30,2025-04-04,2025-04-09,Delayed,Delhivery,641.1
DLV-02159,SO-005728,PRD-0470,2026-02-20,2026-02-27,2026-02-25,Delivered,BlueDart,290.4
DLV-02160,SO-000060,PRD-0037,2026-06-25,2026-07-02,2026-07-03,Delayed,In-house,1005.16
DLV-02161,SO-004483,PRD-0223,2024-10-03,2024-10-06,,In Transit,SwiftShip,251.8
DLV-02162,SO-001045,PRD-0301,2025-12-02,2025-12-04,2025-12-09,Delayed,Delhivery,1486.18
DLV-02163,SO-004469,PRD-0383,2024-10-25,2024-10-28,2024-10-30,Delayed,SwiftShip,678.48
DLV-02164,SO-000990,PRD-0382,2026-02-25,2026-03-03,2026-03-01,Delivered,In-house,1385.34
DLV-02165,SO-001774,PRD-0158,2025-08-19,2025-08-25,,In Transit,Delhivery,1048.71
DLV-02166,SO-007220,PRD-0168,2025-11-23,2025-11-29,2025-12-04,Delayed,SwiftShip,1408.75
DLV-02167,SO-004568,PRD-0002,2025-02-10,2025-02-15,2025-02-15,Delivered,In-house,904.35
DLV-02168,SO-004867,PRD-0266,2026-01-01,2026-01-09,,In Transit,BlueDart,1012.36
DLV-02169,SO-001778,PRD-0321,2025-05-25,2025-05-29,2025-05-29,Delivered,In-house,1090.67
DLV-02170,SO-007137,PRD-0060,2025-04-06,2025-04-10,2025-04-12,Delayed,Delhivery,223.18
DLV-02171,SO-007775,PRD-0220,2025-05-27,2025-05-31,,In Transit,BlueDart,555.0
DLV-02172,SO-007583,PRD-0100,2025-05-17,2025-05-22,2025-05-22,Delivered,In-house,897.11
DLV-02173,SO-000429,PRD-0414,2025-11-06,2025-11-09,2025-11-08,Delivered,SwiftShip,875.4
DLV-02174,SO-004278,PRD-0240,2025-06-10,2025-06-16,2025-06-16,Delivered,SwiftShip,1279.94
DLV-02175,SO-005639,PRD-0126,2025-07-07,2025-07-13,2025-07-13,Delivered,BlueDart,411.82
DLV-02176,SO-006259,PRD-0123,2025-12-26,2026-01-02,,In Transit,SwiftShip,1086.25
DLV-02177,SO-006583,PRD-0331,2026-05-16,2026-05-18,2026-05-20,Delayed,In-house,1661.22
DLV-02178,SO-004385,PRD-0288,2026-03-12,2026-03-16,2026-03-18,Delayed,In-house,1868.45
DLV-02179,SO-000137,PRD-0221,2025-02-01,2025-02-07,2025-02-05,Delivered,SwiftShip,283.62
DLV-02180,SO-000737,PRD-0382,2026-05-08,2026-05-14,2026-05-19,Delayed,BlueDart,691.4
DLV-02181,SO-002574,PRD-0299,2025-08-04,2025-08-10,2025-08-15,Delayed,BlueDart,1269.09
DLV-02182,SO-005387,PRD-0197,2025-03-07,2025-03-10,2025-03-08,Delivered,SwiftShip,565.18
DLV-02183,SO-004892,PRD-0135,2024-12-13,2024-12-17,2024-12-16,Delivered,BlueDart,1816.1
DLV-02184,SO-009180,PRD-0383,2025-10-07,2025-10-09,2025-10-11,Delayed,SwiftShip,248.18
DLV-02185,SO-001152,PRD-0414,2024-12-04,2024-12-11,2024-12-12,Delayed,BlueDart,475.69
DLV-02186,SO-006155,PRD-0326,2025-11-16,2025-11-18,2025-11-23,Delayed,SwiftShip,472.25
DLV-02187,SO-009898,PRD-0101,2025-07-31,2025-08-04,2025-08-02,Delivered,Delhivery,1857.07
DLV-02188,SO-006472,PRD-0442,2025-01-11,2025-01-13,2025-01-11,Delivered,SwiftShip,1400.83
DLV-02189,SO-001044,PRD-0001,2025-06-04,2025-06-11,2025-06-13,Delayed,In-house,501.87
DLV-02190,SO-002474,PRD-0243,2024-12-25,2024-12-28,2024-12-29,Delayed,In-house,351.52
DLV-02191,SO-008915,PRD-0079,2025-10-26,2025-10-31,,In Transit,Delhivery,363.25
DLV-02192,SO-004243,PRD-0265,2024-11-20,2024-11-28,2024-11-28,Delivered,BlueDart,603.92
DLV-02193,SO-006038,PRD-0030,2024-12-21,2024-12-25,2024-12-23,Delivered,SwiftShip,1421.81
DLV-02194,SO-005566,PRD-0116,2025-05-18,2025-05-24,,In Transit,SwiftShip,307.84
DLV-02195,SO-008800,PRD-0029,2026-05-19,2026-05-26,2026-05-29,Delayed,SwiftShip,1875.14
DLV-02196,SO-006694,PRD-0403,2026-05-16,2026-05-23,2026-05-23,Delivered,Delhivery,1883.25
DLV-02197,SO-005246,PRD-0372,2026-03-04,2026-03-10,2026-03-08,Delivered,BlueDart,668.33
DLV-02198,SO-005058,PRD-0353,2024-10-05,2024-10-08,2024-10-07,Delivered,In-house,1554.26
DLV-02199,SO-005040,PRD-0150,2024-11-15,2024-11-20,2024-11-22,Delayed,BlueDart,894.29
DLV-02200,SO-000114,PRD-0085,2024-10-29,2024-11-06,2024-11-11,Delayed,Delhivery,330.96
DLV-02201,SO-008251,PRD-0086,2025-07-14,2025-07-20,2025-07-23,Delayed,BlueDart,379.29
DLV-02202,SO-002325,PRD-0056,2024-11-16,2024-11-22,2024-11-20,Delivered,BlueDart,935.17
DLV-02203,SO-006107,PRD-0295,2024-12-10,2024-12-17,2024-12-19,Delayed,BlueDart,1222.35
DLV-02204,SO-004458,PRD-0462,2025-05-25,2025-05-27,2025-05-31,Delayed,BlueDart,991.63
DLV-02205,SO-006807,PRD-0424,2025-11-15,2025-11-17,2025-11-21,Delayed,Delhivery,1552.89
DLV-02206,SO-005384,PRD-0357,2026-03-02,2026-03-05,2026-03-04,Delivered,BlueDart,1980.83
DLV-02207,SO-004345,PRD-0146,2026-09-15,2026-09-19,2026-09-22,Delayed,In-house,1517.95
DLV-02208,SO-003774,PRD-0146,2025-12-05,2025-12-12,2025-12-12,Delivered,SwiftShip,236.0
DLV-02209,SO-005622,PRD-0325,2025-03-28,2025-04-04,2025-04-09,Delayed,BlueDart,922.31
DLV-02210,SO-006909,PRD-0311,2026-02-20,2026-02-22,2026-02-22,Delivered,BlueDart,564.38
DLV-02211,SO-004980,PRD-0113,2025-03-06,2025-03-10,2025-03-12,Delayed,In-house,1070.61
DLV-02212,SO-006469,PRD-0373,2025-01-23,2025-01-30,2025-02-04,Delayed,SwiftShip,1583.11
DLV-02213,SO-002992,PRD-0068,2025-09-14,2025-09-20,2025-09-22,Delayed,SwiftShip,894.3
DLV-02214,SO-009172,PRD-0146,2025-08-19,2025-08-24,2025-08-27,Delayed,In-house,1187.27
DLV-02215,SO-002091,PRD-0008,2025-12-22,2025-12-30,2025-12-28,Delivered,BlueDart,1184.6
DLV-02216,SO-000307,PRD-0253,2025-04-18,2025-04-25,2025-04-30,Delayed,Delhivery,318.51
DLV-02217,SO-001653,PRD-0209,2025-07-13,2025-07-19,,In Transit,Delhivery,904.6
DLV-02218,SO-003349,PRD-0171,2024-12-07,2024-12-14,2024-12-14,Delivered,SwiftShip,1711.7
DLV-02219,SO-007380,PRD-0129,2026-06-02,2026-06-04,2026-06-06,Delayed,SwiftShip,681.75
DLV-02220,SO-002933,PRD-0346,2026-03-10,2026-03-13,2026-03-16,Delayed,In-house,933.16
DLV-02221,SO-005690,PRD-0354,2025-09-27,2025-09-30,2025-09-30,Delivered,SwiftShip,788.79
DLV-02222,SO-004396,PRD-0199,2026-03-10,2026-03-12,2026-03-12,Delivered,In-house,1524.03
DLV-02223,SO-005924,PRD-0404,2026-02-18,2026-02-23,2026-02-27,Delayed,In-house,1413.68
DLV-02224,SO-007420,PRD-0179,2026-04-27,2026-05-03,2026-05-07,Delayed,In-house,1793.93
DLV-02225,SO-005969,PRD-0426,2025-08-05,2025-08-11,2025-08-15,Delayed,SwiftShip,657.94
DLV-02226,SO-005272,PRD-0474,2025-08-09,2025-08-12,2025-08-13,Delayed,Delhivery,371.18
DLV-02227,SO-007473,PRD-0113,2025-06-14,2025-06-18,2025-06-16,Delivered,In-house,1224.33
DLV-02228,SO-002699,PRD-0173,2025-11-01,2025-11-08,2025-11-11,Delayed,Delhivery,387.43
DLV-02229,SO-000728,PRD-0256,2026-01-03,2026-01-08,2026-01-09,Delayed,SwiftShip,1760.92
DLV-02230,SO-000566,PRD-0405,2025-12-30,2026-01-02,,In Transit,Delhivery,376.78
DLV-02231,SO-009157,PRD-0044,2026-04-30,2026-05-07,2026-05-05,Delivered,BlueDart,1063.57
DLV-02232,SO-006405,PRD-0172,2026-06-07,2026-06-14,,In Transit,Delhivery,1852.51
DLV-02233,SO-003472,PRD-0362,2025-11-11,2025-11-18,2025-11-22,Delayed,BlueDart,1583.67
DLV-02234,SO-003602,PRD-0070,2026-07-23,2026-07-30,2026-08-02,Delayed,SwiftShip,1885.95
DLV-02235,SO-000295,PRD-0061,2026-09-11,2026-09-15,2026-09-15,Delivered,BlueDart,395.36
DLV-02236,SO-006024,PRD-0014,2026-08-17,2026-08-25,,In Transit,In-house,298.1
DLV-02237,SO-000119,PRD-0282,2026-06-24,2026-06-27,2026-06-29,Delayed,BlueDart,757.2
DLV-02238,SO-005191,PRD-0493,2024-11-25,2024-12-02,2024-12-07,Delayed,BlueDart,1380.74
DLV-02239,SO-005911,PRD-0438,2025-08-20,2025-08-27,2025-08-31,Delayed,SwiftShip,383.88
DLV-02240,SO-006911,PRD-0311,2025-09-13,2025-09-15,2025-09-13,Delivered,In-house,1873.21
DLV-02241,SO-007071,PRD-0017,2025-01-23,2025-01-29,2025-01-31,Delayed,In-house,1635.81
DLV-02242,SO-005445,PRD-0008,2025-10-19,2025-10-21,2025-10-20,Delivered,BlueDart,166.73
DLV-02243,SO-009214,PRD-0104,2025-05-15,2025-05-20,2025-05-25,Delayed,SwiftShip,1184.03
DLV-02244,SO-000867,PRD-0003,2025-02-19,2025-02-21,,In Transit,Delhivery,1287.79
DLV-02245,SO-000508,PRD-0131,2025-06-03,2025-06-08,2025-06-11,Delayed,In-house,489.7
DLV-02246,SO-000552,PRD-0403,2025-06-20,2025-06-24,2025-06-28,Delayed,SwiftShip,214.17
DLV-02247,SO-001752,PRD-0161,2025-05-05,2025-05-08,2025-05-13,Delayed,In-house,1827.44
DLV-02248,SO-005740,PRD-0060,2025-10-14,2025-10-19,2025-10-24,Delayed,In-house,1987.8
DLV-02249,SO-004165,PRD-0448,2026-05-08,2026-05-13,2026-05-14,Delayed,In-house,457.48
DLV-02250,SO-003596,PRD-0006,2025-09-26,2025-09-30,2025-10-04,Delayed,BlueDart,1396.14
DLV-02251,SO-007575,PRD-0247,2026-04-02,2026-04-05,2026-04-06,Delayed,In-house,244.73
DLV-02252,SO-004723,PRD-0008,2026-01-12,2026-01-16,2026-01-21,Delayed,Delhivery,566.95
DLV-02253,SO-003069,PRD-0205,2026-02-18,2026-02-26,2026-03-01,Delayed,BlueDart,382.69
DLV-02254,SO-001050,PRD-0496,2026-03-13,2026-03-17,2026-03-19,Delayed,SwiftShip,1006.91
DLV-02255,SO-008030,PRD-0310,2026-01-11,2026-01-17,2026-01-17,Delivered,BlueDart,565.76
DLV-02256,SO-002550,PRD-0250,2025-01-14,2025-01-22,2025-01-25,Delayed,Delhivery,1363.36
DLV-02257,SO-003009,PRD-0387,2025-01-08,2025-01-11,2025-01-09,Delivered,BlueDart,185.58
DLV-02258,SO-008417,PRD-0166,2025-12-14,2025-12-17,2025-12-18,Delayed,BlueDart,246.65
DLV-02259,SO-006771,PRD-0411,2026-05-03,2026-05-05,2026-05-09,Delayed,Delhivery,576.24
DLV-02260,SO-000698,PRD-0434,2025-11-21,2025-11-26,2025-11-26,Delivered,SwiftShip,1680.11
DLV-02261,SO-006194,PRD-0232,2025-02-06,2025-02-10,2025-02-14,Delayed,SwiftShip,1135.28
DLV-02262,SO-004510,PRD-0022,2026-05-01,2026-05-08,2026-05-07,Delivered,In-house,144.56
DLV-02263,SO-005133,PRD-0032,2024-12-24,2024-12-26,2024-12-30,Delayed,Delhivery,387.86
DLV-02264,SO-001676,PRD-0453,2026-07-21,2026-07-24,2026-07-22,Delivered,BlueDart,1182.77
DLV-02265,SO-001405,PRD-0412,2024-10-25,2024-10-27,2024-11-01,Delayed,BlueDart,1932.96
DLV-02266,SO-005311,PRD-0096,2025-03-28,2025-04-05,2025-04-10,Delayed,Delhivery,203.59
DLV-02267,SO-006085,PRD-0289,2026-05-03,2026-05-11,2026-05-16,Delayed,Delhivery,1299.45
DLV-02268,SO-006780,PRD-0372,2024-12-12,2024-12-14,2024-12-16,Delayed,BlueDart,1916.16
DLV-02269,SO-006333,PRD-0241,2025-05-27,2025-06-04,2025-06-04,Delivered,Delhivery,1336.2
DLV-02270,SO-004293,PRD-0203,2026-02-23,2026-02-27,2026-03-04,Delayed,Delhivery,1451.26
DLV-02271,SO-000789,PRD-0199,2025-11-28,2025-12-01,2025-12-01,Delivered,Delhivery,1525.45
DLV-02272,SO-001514,PRD-0498,2025-04-06,2025-04-11,2025-04-09,Delivered,In-house,1113.63
DLV-02273,SO-002724,PRD-0454,2025-11-27,2025-11-29,2025-12-01,Delayed,BlueDart,701.65
DLV-02274,SO-007739,PRD-0239,2025-04-22,2025-04-24,,In Transit,SwiftShip,916.39
DLV-02275,SO-006202,PRD-0369,2025-04-13,2025-04-17,,In Transit,SwiftShip,904.4
DLV-02276,SO-001528,PRD-0155,2026-07-18,2026-07-24,2026-07-28,Delayed,In-house,118.78
DLV-02277,SO-005973,PRD-0355,2025-04-17,2025-04-24,2025-04-25,Delayed,In-house,1515.99
DLV-02278,SO-007579,PRD-0468,2026-07-20,2026-07-25,2026-07-27,Delayed,SwiftShip,1363.87
DLV-02279,SO-006610,PRD-0500,2026-05-03,2026-05-11,2026-05-11,Delivered,Delhivery,485.41
DLV-02280,SO-009823,PRD-0178,2026-03-13,2026-03-17,2026-03-20,Delayed,In-house,611.77
DLV-02281,SO-003368,PRD-0373,2024-12-17,2024-12-22,2024-12-22,Delivered,SwiftShip,1297.96
DLV-02282,SO-008998,PRD-0417,2025-05-07,2025-05-12,2025-05-15,Delayed,SwiftShip,349.51
DLV-02283,SO-001505,PRD-0243,2026-09-20,2026-09-22,2026-09-26,Delayed,BlueDart,119.27
DLV-02284,SO-007604,PRD-0245,2025-01-22,2025-01-25,2025-01-25,Delivered,Delhivery,1908.22
DLV-02285,SO-003094,PRD-0103,2026-08-17,2026-08-22,2026-08-23,Delayed,Delhivery,1594.65
DLV-02286,SO-005755,PRD-0226,2024-12-11,2024-12-14,2024-12-15,Delayed,In-house,1167.15
DLV-02287,SO-001223,PRD-0226,2025-08-08,2025-08-14,2025-08-14,Delivered,In-house,1081.01
DLV-02288,SO-006749,PRD-0371,2026-09-08,2026-09-13,2026-09-17,Delayed,SwiftShip,608.97
DLV-02289,SO-006760,PRD-0010,2026-07-16,2026-07-24,,In Transit,SwiftShip,909.7
DLV-02290,SO-003351,PRD-0350,2026-06-01,2026-06-08,2026-06-08,Delivered,SwiftShip,1116.59
DLV-02291,SO-003277,PRD-0195,2025-01-05,2025-01-09,2025-01-12,Delayed,BlueDart,1185.43
DLV-02292,SO-003780,PRD-0488,2025-05-23,2025-05-25,2025-05-24,Delivered,Delhivery,823.06
DLV-02293,SO-009026,PRD-0324,2025-10-14,2025-10-16,,In Transit,In-house,1445.44
DLV-02294,SO-004835,PRD-0012,2025-05-11,2025-05-15,2025-05-15,Delivered,BlueDart,1888.0
DLV-02295,SO-007440,PRD-0329,2025-12-10,2025-12-18,2025-12-23,Delayed,In-house,1895.89
DLV-02296,SO-003586,PRD-0211,2024-10-02,2024-10-06,2024-10-11,Delayed,In-house,1774.4
DLV-02297,SO-009567,PRD-0422,2025-03-05,2025-03-08,,In Transit,In-house,1293.52
DLV-02298,SO-009547,PRD-0214,2025-10-08,2025-10-12,2025-10-17,Delayed,SwiftShip,149.95
DLV-02299,SO-004765,PRD-0384,2024-10-27,2024-10-30,,In Transit,In-house,1956.87
DLV-02300,SO-003519,PRD-0279,2025-06-12,2025-06-17,2025-06-17,Delivered,In-house,1677.45
DLV-02301,SO-000503,PRD-0478,2025-12-05,2025-12-12,2025-12-10,Delivered,In-house,1543.35
DLV-02302,SO-009623,PRD-0435,2026-01-31,2026-02-03,2026-02-02,Delivered,SwiftShip,1582.44
DLV-02303,SO-002664,PRD-0279,2025-06-23,2025-06-30,2025-07-03,Delayed,BlueDart,1899.98
DLV-02304,SO-009558,PRD-0387,2025-12-12,2025-12-18,2025-12-16,Delivered,BlueDart,707.49
DLV-02305,SO-003794,PRD-0180,2025-11-24,2025-11-28,2025-11-27,Delivered,SwiftShip,809.15
DLV-02306,SO-002809,PRD-0109,2025-12-30,2026-01-04,2026-01-04,Delivered,SwiftShip,359.07
DLV-02307,SO-003585,PRD-0389,2024-10-02,2024-10-06,2024-10-10,Delayed,SwiftShip,1679.16
DLV-02308,SO-009376,PRD-0055,2024-11-30,2024-12-08,2024-12-06,Delivered,SwiftShip,1236.64
DLV-02309,SO-008889,PRD-0441,2026-02-28,2026-03-04,2026-03-06,Delayed,SwiftShip,523.61
DLV-02310,SO-003058,PRD-0459,2025-09-01,2025-09-05,2025-09-08,Delayed,In-house,816.42
DLV-02311,SO-007779,PRD-0138,2025-03-07,2025-03-12,2025-03-17,Delayed,Delhivery,682.01
DLV-02312,SO-008619,PRD-0132,2025-01-10,2025-01-18,,In Transit,In-house,633.56
DLV-02313,SO-006816,PRD-0028,2025-04-07,2025-04-12,2025-04-11,Delivered,Delhivery,1943.67
DLV-02314,SO-000805,PRD-0287,2025-07-04,2025-07-11,2025-07-09,Delivered,Delhivery,297.55
DLV-02315,SO-001700,PRD-0318,2026-09-13,2026-09-21,2026-09-24,Delayed,Delhivery,1914.56
DLV-02316,SO-009593,PRD-0093,2025-05-28,2025-05-31,2025-06-04,Delayed,Delhivery,755.47
DLV-02317,SO-006480,PRD-0176,2025-04-12,2025-04-18,2025-04-22,Delayed,In-house,400.46
DLV-02318,SO-001467,PRD-0479,2024-10-10,2024-10-17,2024-10-17,Delivered,BlueDart,963.18
DLV-02319,SO-004808,PRD-0154,2025-08-16,2025-08-24,,In Transit,BlueDart,391.91
DLV-02320,SO-005925,PRD-0130,2026-05-07,2026-05-12,2026-05-11,Delivered,Delhivery,1539.55
DLV-02321,SO-002187,PRD-0069,2026-04-10,2026-04-14,,In Transit,Delhivery,1184.61
DLV-02322,SO-007772,PRD-0379,2024-12-17,2024-12-21,2024-12-24,Delayed,In-house,325.89
DLV-02323,SO-002598,PRD-0432,2024-10-24,2024-10-27,2024-10-27,Delivered,Delhivery,1482.71
DLV-02324,SO-006130,PRD-0007,2026-08-09,2026-08-13,2026-08-15,Delayed,In-house,1412.85
DLV-02325,SO-006210,PRD-0156,2026-09-20,2026-09-22,2026-09-26,Delayed,In-house,825.33
DLV-02326,SO-009872,PRD-0226,2025-06-03,2025-06-11,2025-06-15,Delayed,SwiftShip,1874.06
DLV-02327,SO-007773,PRD-0251,2024-12-15,2024-12-20,2024-12-24,Delayed,In-house,1503.9
DLV-02328,SO-004974,PRD-0491,2025-12-25,2025-12-31,2026-01-04,Delayed,BlueDart,1509.0
DLV-02329,SO-007559,PRD-0226,2026-09-23,2026-10-01,2026-09-29,Delivered,Delhivery,1835.71
DLV-02330,SO-007811,PRD-0491,2026-05-22,2026-05-25,2026-05-27,Delayed,SwiftShip,154.83
DLV-02331,SO-006565,PRD-0311,2026-05-03,2026-05-05,,In Transit,Delhivery,256.7
DLV-02332,SO-002672,PRD-0126,2026-09-16,2026-09-22,2026-09-25,Delayed,In-house,980.32
DLV-02333,SO-002323,PRD-0015,2026-04-01,2026-04-06,,In Transit,Delhivery,170.42
DLV-02334,SO-001937,PRD-0394,2024-11-09,2024-11-13,2024-11-12,Delivered,BlueDart,1869.03
DLV-02335,SO-001919,PRD-0396,2026-05-12,2026-05-19,,In Transit,SwiftShip,117.38
DLV-02336,SO-001070,PRD-0362,2026-05-30,2026-06-01,2026-05-30,Delivered,BlueDart,776.62
DLV-02337,SO-007508,PRD-0016,2025-12-05,2025-12-10,2025-12-14,Delayed,In-house,992.2
DLV-02338,SO-006101,PRD-0110,2025-04-02,2025-04-09,2025-04-12,Delayed,SwiftShip,1702.23
DLV-02339,SO-000017,PRD-0020,2025-03-02,2025-03-08,2025-03-10,Delayed,SwiftShip,645.57
DLV-02340,SO-006478,PRD-0114,2025-11-12,2025-11-20,2025-11-20,Delivered,Delhivery,1539.24
DLV-02341,SO-004303,PRD-0335,2026-06-19,2026-06-21,2026-06-22,Delayed,SwiftShip,1768.4
DLV-02342,SO-008040,PRD-0323,2026-04-13,2026-04-21,2026-04-21,Delivered,In-house,420.44
DLV-02343,SO-005324,PRD-0004,2025-08-10,2025-08-16,2025-08-16,Delivered,BlueDart,553.53
DLV-02344,SO-009275,PRD-0245,2026-08-03,2026-08-09,2026-08-14,Delayed,BlueDart,829.69
DLV-02345,SO-009529,PRD-0314,2025-12-15,2025-12-19,2025-12-18,Delivered,SwiftShip,212.85
DLV-02346,SO-008461,PRD-0184,2025-04-25,2025-04-29,2025-04-30,Delayed,In-house,1180.26
DLV-02347,SO-002066,PRD-0348,2026-04-17,2026-04-24,2026-04-24,Delivered,BlueDart,1081.91
DLV-02348,SO-009241,PRD-0445,2025-11-17,2025-11-22,,In Transit,Delhivery,849.93
DLV-02349,SO-005834,PRD-0365,2025-03-28,2025-04-04,2025-04-07,Delayed,In-house,1062.58
DLV-02350,SO-009044,PRD-0451,2026-04-02,2026-04-04,2026-04-03,Delivered,Delhivery,300.51
DLV-02351,SO-005650,PRD-0040,2025-03-22,2025-03-30,2025-03-31,Delayed,SwiftShip,274.49
DLV-02352,SO-006493,PRD-0208,2025-11-10,2025-11-18,2025-11-20,Delayed,Delhivery,283.63
DLV-02353,SO-000958,PRD-0401,2025-01-22,2025-01-30,2025-02-01,Delayed,SwiftShip,1985.91
DLV-02354,SO-001699,PRD-0122,2026-05-06,2026-05-10,2026-05-10,Delivered,In-house,1840.75
DLV-02355,SO-006081,PRD-0178,2025-12-31,2026-01-03,2026-01-01,Delivered,Delhivery,1572.96
DLV-02356,SO-009045,PRD-0269,2026-06-04,2026-06-11,2026-06-13,Delayed,SwiftShip,425.3
DLV-02357,SO-002728,PRD-0337,2024-11-22,2024-11-29,2024-12-01,Delayed,BlueDart,963.82
DLV-02358,SO-005444,PRD-0204,2025-03-25,2025-03-29,2025-04-02,Delayed,SwiftShip,745.8
DLV-02359,SO-002966,PRD-0195,2026-02-09,2026-02-11,2026-02-15,Delayed,BlueDart,1871.66
DLV-02360,SO-006491,PRD-0476,2025-11-27,2025-12-03,2025-12-01,Delivered,In-house,1904.5
DLV-02361,SO-008395,PRD-0099,2025-01-17,2025-01-19,,In Transit,Delhivery,1657.95
DLV-02362,SO-007263,PRD-0032,2024-10-18,2024-10-20,2024-10-20,Delivered,BlueDart,230.29
DLV-02363,SO-009326,PRD-0498,2025-10-07,2025-10-11,2025-10-15,Delayed,In-house,1242.7
DLV-02364,SO-008186,PRD-0445,2025-03-30,2025-04-01,2025-03-30,Delivered,SwiftShip,1505.91
DLV-02365,SO-005756,PRD-0110,2025-09-30,2025-10-05,2025-10-08,Delayed,BlueDart,1263.22
DLV-02366,SO-009921,PRD-0228,2026-04-23,2026-04-27,2026-04-29,Delayed,In-house,1862.32
DLV-02367,SO-006870,PRD-0245,2026-02-10,2026-02-17,,In Transit,SwiftShip,758.68
DLV-02368,SO-006564,PRD-0210,2024-11-04,2024-11-08,,In Transit,Delhivery,1438.45
DLV-02369,SO-005160,PRD-0419,2024-11-17,2024-11-23,2024-11-28,Delayed,BlueDart,1990.2
DLV-02370,SO-002485,PRD-0185,2024-11-08,2024-11-16,2024-11-14,Delivered,Delhivery,664.64
DLV-02371,SO-001099,PRD-0229,2025-12-31,2026-01-03,2026-01-06,Delayed,In-house,1902.48
DLV-02372,SO-002408,PRD-0261,2025-03-22,2025-03-25,2025-03-23,Delivered,SwiftShip,1364.2
DLV-02373,SO-001200,PRD-0185,2026-01-01,2026-01-08,2026-01-11,Delayed,In-house,558.96
DLV-02374,SO-005757,PRD-0366,2026-02-20,2026-02-27,2026-02-27,Delivered,BlueDart,536.11
DLV-02375,SO-003260,PRD-0457,2025-11-07,2025-11-12,2025-11-11,Delivered,Delhivery,1813.09
DLV-02376,SO-001040,PRD-0149,2026-05-28,2026-05-30,2026-05-31,Delayed,In-house,1889.69
DLV-02377,SO-009659,PRD-0335,2024-10-07,2024-10-14,,In Transit,SwiftShip,1971.55
DLV-02378,SO-008542,PRD-0032,2025-12-31,2026-01-03,2026-01-08,Delayed,SwiftShip,889.73
DLV-02379,SO-005137,PRD-0363,2026-03-26,2026-04-02,2026-04-04,Delayed,In-house,1464.11
DLV-02380,SO-009851,PRD-0057,2026-10-02,2026-10-04,2026-10-08,Delayed,BlueDart,928.81
DLV-02381,SO-002686,PRD-0106,2026-04-13,2026-04-18,2026-04-19,Delayed,SwiftShip,1105.78
DLV-02382,SO-001683,PRD-0275,2025-01-23,2025-01-30,2025-01-30,Delivered,In-house,1624.47
DLV-02383,SO-003456,PRD-0489,2026-07-01,2026-07-04,2026-07-09,Delayed,SwiftShip,1691.03
DLV-02384,SO-001625,PRD-0030,2025-09-13,2025-09-19,,In Transit,In-house,1981.63
DLV-02385,SO-007439,PRD-0437,2025-07-24,2025-08-01,2025-08-06,Delayed,In-house,422.62
DLV-02386,SO-006109,PRD-0312,2025-03-08,2025-03-14,2025-03-19,Delayed,SwiftShip,862.18
DLV-02387,SO-002834,PRD-0156,2024-12-07,2024-12-11,,In Transit,SwiftShip,1730.52
DLV-02388,SO-002012,PRD-0156,2026-02-15,2026-02-20,2026-02-20,Delivered,In-house,1674.7
DLV-02389,SO-009735,PRD-0210,2025-05-14,2025-05-21,,In Transit,SwiftShip,1290.2
DLV-02390,SO-002017,PRD-0049,2026-03-24,2026-03-28,2026-03-31,Delayed,In-house,373.32
DLV-02391,SO-001004,PRD-0346,2025-04-11,2025-04-19,2025-04-24,Delayed,SwiftShip,1466.79
DLV-02392,SO-001194,PRD-0399,2026-06-28,2026-07-02,2026-07-04,Delayed,BlueDart,102.59
DLV-02393,SO-000346,PRD-0061,2026-06-09,2026-06-12,2026-06-13,Delayed,In-house,482.27
DLV-02394,SO-006562,PRD-0319,2025-04-08,2025-04-14,2025-04-16,Delayed,Delhivery,298.95
DLV-02395,SO-004751,PRD-0395,2025-05-11,2025-05-17,2025-05-16,Delivered,BlueDart,1040.6
DLV-02396,SO-008394,PRD-0207,2026-09-10,2026-09-12,2026-09-13,Delayed,SwiftShip,1043.83
DLV-02397,SO-006140,PRD-0182,2026-09-20,2026-09-26,2026-09-29,Delayed,SwiftShip,1405.68
DLV-02398,SO-008735,PRD-0444,2024-10-06,2024-10-08,2024-10-09,Delayed,SwiftShip,1522.61
DLV-02399,SO-008946,PRD-0114,2025-09-06,2025-09-10,2025-09-12,Delayed,Delhivery,1035.39
DLV-02400,SO-009773,PRD-0050,2025-09-16,2025-09-21,2025-09-19,Delivered,SwiftShip,1700.42
DLV-02401,SO-002885,PRD-0179,2026-09-29,2026-10-03,,In Transit,In-house,202.12
DLV-02402,SO-007088,PRD-0330,2026-09-06,2026-09-13,2026-09-18,Delayed,SwiftShip,382.73
DLV-02403,SO-007814,PRD-0193,2026-07-13,2026-07-20,2026-07-20,Delivered,SwiftShip,1082.93
DLV-02404,SO-002972,PRD-0255,2024-12-01,2024-12-05,2024-12-10,Delayed,SwiftShip,1237.42
DLV-02405,SO-006518,PRD-0196,2025-01-05,2025-01-13,2025-01-16,Delayed,BlueDart,1358.38
DLV-02406,SO-005830,PRD-0432,2025-11-16,2025-11-23,2025-11-24,Delayed,Delhivery,729.37
DLV-02407,SO-001771,PRD-0284,2025-08-22,2025-08-27,2025-09-01,Delayed,In-house,119.6
DLV-02408,SO-002338,PRD-0334,2025-11-02,2025-11-07,2025-11-06,Delivered,In-house,825.31
DLV-02409,SO-007610,PRD-0229,2026-08-07,2026-08-14,2026-08-19,Delayed,In-house,1944.84
DLV-02410,SO-009919,PRD-0263,2025-02-02,2025-02-10,2025-02-15,Delayed,Delhivery,348.92
DLV-02411,SO-008013,PRD-0190,2026-05-01,2026-05-08,2026-05-07,Delivered,Delhivery,726.5
DLV-02412,SO-003141,PRD-0435,2025-10-20,2025-10-25,2025-10-28,Delayed,Delhivery,1692.16
DLV-02413,SO-006856,PRD-0188,2026-09-01,2026-09-05,2026-09-04,Delivered,SwiftShip,1963.09
DLV-02414,SO-002477,PRD-0393,2025-07-01,2025-07-09,2025-07-10,Delayed,BlueDart,1410.93
DLV-02415,SO-008052,PRD-0175,2024-10-31,2024-11-06,2024-11-04,Delivered,SwiftShip,1472.89
DLV-02416,SO-004737,PRD-0133,2025-11-16,2025-11-19,2025-11-22,Delayed,BlueDart,885.59
DLV-02417,SO-003500,PRD-0301,2025-02-24,2025-03-04,2025-03-05,Delayed,BlueDart,1116.09
DLV-02418,SO-007426,PRD-0403,2024-10-03,2024-10-08,2024-10-06,Delivered,SwiftShip,1757.4
DLV-02419,SO-002854,PRD-0045,2026-07-19,2026-07-23,2026-07-28,Delayed,SwiftShip,1374.29
DLV-02420,SO-003888,PRD-0376,2025-01-03,2025-01-09,,In Transit,Delhivery,585.19
DLV-02421,SO-009250,PRD-0182,2024-12-28,2024-12-30,2024-12-29,Delivered,BlueDart,1884.15
DLV-02422,SO-004816,PRD-0134,2024-11-07,2024-11-10,2024-11-08,Delivered,SwiftShip,1959.58
DLV-02423,SO-007517,PRD-0297,2026-07-03,2026-07-10,2026-07-14,Delayed,Delhivery,1104.59
DLV-02424,SO-005215,PRD-0197,2026-02-03,2026-02-05,2026-02-09,Delayed,SwiftShip,389.33
DLV-02425,SO-006738,PRD-0059,2026-05-05,2026-05-10,2026-05-12,Delayed,SwiftShip,566.45
DLV-02426,SO-001887,PRD-0297,2025-07-06,2025-07-14,2025-07-14,Delivered,SwiftShip,959.47
DLV-02427,SO-009527,PRD-0237,2025-12-12,2025-12-20,2025-12-18,Delivered,In-house,1228.37
DLV-02428,SO-000884,PRD-0459,2026-06-04,2026-06-10,2026-06-15,Delayed,Delhivery,232.19
DLV-02429,SO-001915,PRD-0272,2025-03-31,2025-04-03,2025-04-03,Delivered,BlueDart,205.86
DLV-02430,SO-000041,PRD-0176,2026-01-14,2026-01-16,2026-01-20,Delayed,SwiftShip,568.88
DLV-02431,SO-001931,PRD-0485,2026-09-02,2026-09-06,2026-09-08,Delayed,Delhivery,334.78
DLV-02432,SO-005997,PRD-0169,2025-09-01,2025-09-03,2025-09-08,Delayed,In-house,1562.34
DLV-02433,SO-001886,PRD-0119,2026-05-14,2026-05-19,2026-05-20,Delayed,In-house,1871.0
DLV-02434,SO-001336,PRD-0100,2025-12-14,2025-12-21,,In Transit,In-house,581.66
DLV-02435,SO-000679,PRD-0027,2025-10-03,2025-10-07,2025-10-05,Delivered,Delhivery,489.36
DLV-02436,SO-001321,PRD-0125,2024-10-04,2024-10-07,2024-10-12,Delayed,Delhivery,1268.79
DLV-02437,SO-004115,PRD-0017,2026-04-03,2026-04-09,2026-04-12,Delayed,Delhivery,326.34
DLV-02438,SO-000398,PRD-0255,2025-03-29,2025-04-03,,In Transit,SwiftShip,1526.59
DLV-02439,SO-005820,PRD-0077,2024-11-19,2024-11-27,2024-11-28,Delayed,BlueDart,1649.14
DLV-02440,SO-009777,PRD-0347,2026-09-29,2026-10-05,,In Transit,Delhivery,763.14
DLV-02441,SO-001977,PRD-0251,2026-05-03,2026-05-08,2026-05-13,Delayed,SwiftShip,1202.46
DLV-02442,SO-000204,PRD-0348,2025-10-29,2025-11-04,,In Transit,SwiftShip,1896.61
DLV-02443,SO-000076,PRD-0401,2025-07-06,2025-07-13,2025-07-16,Delayed,SwiftShip,1312.64
DLV-02444,SO-004002,PRD-0470,2025-08-24,2025-08-31,2025-09-05,Delayed,Delhivery,493.51
DLV-02445,SO-006667,PRD-0172,2025-08-09,2025-08-13,,In Transit,Delhivery,1940.37
DLV-02446,SO-007910,PRD-0268,2025-10-23,2025-10-27,2025-10-26,Delivered,SwiftShip,1080.75
DLV-02447,SO-000793,PRD-0118,2025-04-15,2025-04-18,2025-04-16,Delivered,SwiftShip,743.88
DLV-02448,SO-005451,PRD-0312,2026-03-09,2026-03-13,2026-03-13,Delivered,Delhivery,563.12
DLV-02449,SO-007446,PRD-0160,2025-01-09,2025-01-17,2025-01-20,Delayed,Delhivery,619.8
DLV-02450,SO-006228,PRD-0359,2026-06-21,2026-06-29,2026-07-04,Delayed,SwiftShip,127.26
DLV-02451,SO-007974,PRD-0482,2024-12-02,2024-12-10,2024-12-12,Delayed,In-house,1151.76
DLV-02452,SO-004023,PRD-0497,2026-07-09,2026-07-15,2026-07-13,Delivered,BlueDart,1138.96
DLV-02453,SO-001423,PRD-0092,2026-08-06,2026-08-09,2026-08-09,Delivered,In-house,251.44
DLV-02454,SO-009827,PRD-0223,2025-01-15,2025-01-20,2025-01-25,Delayed,In-house,1673.16
DLV-02455,SO-002740,PRD-0440,2026-02-22,2026-02-25,,In Transit,BlueDart,1608.49
DLV-02456,SO-006211,PRD-0071,2026-08-07,2026-08-13,2026-08-17,Delayed,BlueDart,1586.19
DLV-02457,SO-001943,PRD-0347,2026-01-27,2026-01-30,,In Transit,BlueDart,1063.61
DLV-02458,SO-001609,PRD-0045,2025-07-28,2025-08-05,,In Transit,SwiftShip,1359.09
DLV-02459,SO-004588,PRD-0005,2025-07-21,2025-07-27,2025-08-01,Delayed,In-house,208.13
DLV-02460,SO-006151,PRD-0103,2026-02-22,2026-02-26,2026-02-24,Delivered,SwiftShip,1643.41
DLV-02461,SO-005873,PRD-0047,2025-12-18,2025-12-25,2025-12-23,Delivered,Delhivery,477.39
DLV-02462,SO-003578,PRD-0015,2026-03-25,2026-04-01,2026-04-05,Delayed,In-house,1673.83
DLV-02463,SO-002644,PRD-0358,2025-09-22,2025-09-24,2025-09-22,Delivered,Delhivery,1580.66
DLV-02464,SO-001941,PRD-0185,2025-08-31,2025-09-05,2025-09-10,Delayed,SwiftShip,359.4
DLV-02465,SO-007980,PRD-0275,2025-03-17,2025-03-21,2025-03-23,Delayed,BlueDart,1800.95
DLV-02466,SO-004918,PRD-0257,2026-09-11,2026-09-18,2026-09-20,Delayed,In-house,1285.65
DLV-02467,SO-007160,PRD-0042,2026-09-08,2026-09-12,2026-09-11,Delivered,SwiftShip,1046.42
DLV-02468,SO-009785,PRD-0485,2026-05-16,2026-05-19,2026-05-23,Delayed,SwiftShip,869.32
DLV-02469,SO-000032,PRD-0047,2025-07-02,2025-07-07,2025-07-09,Delayed,In-house,1778.18
DLV-02470,SO-000116,PRD-0028,2025-01-30,2025-02-06,,In Transit,In-house,851.96
DLV-02471,SO-001153,PRD-0448,2025-03-10,2025-03-15,2025-03-16,Delayed,BlueDart,1482.18
DLV-02472,SO-006863,PRD-0374,2026-08-05,2026-08-08,2026-08-11,Delayed,SwiftShip,1330.84
DLV-02473,SO-005896,PRD-0366,2026-08-05,2026-08-07,,In Transit,Delhivery,1987.12
DLV-02474,SO-005870,PRD-0004,2024-11-10,2024-11-16,2024-11-19,Delayed,In-house,1988.15
DLV-02475,SO-006411,PRD-0133,2026-06-22,2026-06-29,2026-06-28,Delivered,SwiftShip,1092.3
DLV-02476,SO-006798,PRD-0448,2025-01-10,2025-01-18,,In Transit,BlueDart,109.89
DLV-02477,SO-000811,PRD-0485,2025-04-07,2025-04-13,2025-04-16,Delayed,Delhivery,334.76
DLV-02478,SO-009626,PRD-0464,2025-09-12,2025-09-20,2025-09-24,Delayed,SwiftShip,342.01
DLV-02479,SO-006794,PRD-0426,2024-12-05,2024-12-10,2024-12-12,Delayed,In-house,328.87
DLV-02480,SO-004021,PRD-0278,2026-05-02,2026-05-05,2026-05-05,Delivered,Delhivery,164.64
DLV-02481,SO-005274,PRD-0421,2026-05-19,2026-05-23,2026-05-21,Delivered,SwiftShip,750.26
DLV-02482,SO-000672,PRD-0382,2026-02-25,2026-03-05,2026-03-08,Delayed,SwiftShip,1733.14
DLV-02483,SO-001761,PRD-0310,2025-09-13,2025-09-19,2025-09-21,Delayed,In-house,1955.55
DLV-02484,SO-008526,PRD-0010,2025-05-09,2025-05-12,2025-05-16,Delayed,SwiftShip,533.77
DLV-02485,SO-005251,PRD-0416,2025-10-24,2025-10-27,2025-10-30,Delayed,SwiftShip,157.71
DLV-02486,SO-000787,PRD-0216,2026-03-17,2026-03-22,2026-03-22,Delivered,BlueDart,1436.9
DLV-02487,SO-000052,PRD-0278,2026-07-27,2026-07-31,2026-07-30,Delivered,Delhivery,788.64
DLV-02488,SO-002234,PRD-0029,2025-09-17,2025-09-23,,In Transit,SwiftShip,1366.9
DLV-02489,SO-006761,PRD-0372,2026-05-07,2026-05-12,2026-05-13,Delayed,BlueDart,960.81
DLV-02490,SO-006068,PRD-0175,2025-03-14,2025-03-16,,In Transit,BlueDart,575.69
DLV-02491,SO-001455,PRD-0251,2025-04-19,2025-04-27,2025-05-01,Delayed,In-house,1359.76
DLV-02492,SO-008843,PRD-0332,2025-10-24,2025-11-01,2025-10-31,Delivered,Delhivery,485.84
DLV-02493,SO-005360,PRD-0467,2025-06-17,2025-06-25,2025-06-28,Delayed,SwiftShip,1635.87
DLV-02494,SO-004570,PRD-0284,2024-10-05,2024-10-12,2024-10-14,Delayed,In-house,798.55
DLV-02495,SO-008492,PRD-0082,2024-10-23,2024-10-26,,In Transit,SwiftShip,477.09
DLV-02496,SO-003145,PRD-0332,2026-03-26,2026-04-03,2026-04-06,Delayed,Delhivery,324.35
DLV-02497,SO-000143,PRD-0024,2024-10-13,2024-10-16,2024-10-18,Delayed,BlueDart,1270.85
DLV-02498,SO-003097,PRD-0262,2026-01-19,2026-01-27,2026-01-27,Delivered,BlueDart,424.04
DLV-02499,SO-008444,PRD-0031,2026-07-25,2026-07-31,2026-08-01,Delayed,BlueDart,1766.1
DLV-02500,SO-006406,PRD-0014,2025-06-08,2025-06-12,2025-06-14,Delayed,In-house,822.25
