transaction_id,transaction_date,transaction_type,direction,amount,reference_id,status,category
FIN-001366,2024-10-02,Customer Receipt,Inflow,101643.84,SO-002505,Completed,Sales
FIN-002194,2024-10-03,Customer Receipt,Inflow,78268.96,SO-004090,Completed,Sales
FIN-002635,2024-10-04,Customer Receipt,Inflow,130455.09,SO-004806,Completed,Sales
FIN-003481,2024-10-04,Customer Receipt,Inflow,37201.15,SO-006308,Completed,Sales
FIN-000765,2024-10-05,Customer Receipt,Inflow,32904.1,SO-001376,Completed,Sales
FIN-002719,2024-10-05,Customer Receipt,Inflow,76671.42,SO-004978,Completed,Sales
FIN-005919,2024-10-05,Operating Expense,Outflow,43372.87,EXP-202410-Rent,Completed,Rent
FIN-001791,2024-10-06,Customer Receipt,Inflow,24356.08,SO-003316,Completed,Sales
FIN-001946,2024-10-06,Customer Receipt,Inflow,9991.53,SO-003598,Completed,Sales
FIN-002489,2024-10-06,Customer Receipt,Inflow,1854.16,SO-004570,Completed,Sales
FIN-003397,2024-10-06,Customer Receipt,Inflow,41321.4,SO-006142,Completed,Sales
FIN-000485,2024-10-07,Customer Receipt,Inflow,94324.2,SO-000880,Completed,Sales
FIN-004521,2024-10-07,Customer Receipt,Inflow,85747.31,SO-008173,Completed,Sales
FIN-005924,2024-10-07,Operating Expense,Outflow,38907.49,EXP-202410-Transport,Completed,Transport
FIN-001935,2024-10-08,Customer Receipt,Inflow,19196.22,SO-003585,Completed,Sales
FIN-000653,2024-10-09,Customer Receipt,Inflow,35587.68,SO-001189,Completed,Sales
FIN-000762,2024-10-09,Customer Receipt,Inflow,85379.27,SO-001371,Completed,Sales
FIN-000889,2024-10-09,Customer Receipt,Inflow,104358.83,SO-001617,Completed,Sales
FIN-001936,2024-10-09,Customer Receipt,Inflow,124994.2,SO-003586,Completed,Sales
FIN-002750,2024-10-09,Customer Receipt,Inflow,198816.8,SO-005037,Completed,Sales
FIN-000479,2024-10-10,Customer Receipt,Inflow,68845.2,SO-000870,Completed,Sales
FIN-000813,2024-10-10,Customer Receipt,Inflow,3517.55,SO-001467,Completed,Sales
FIN-004683,2024-10-10,Customer Receipt,Inflow,5008.95,SO-008471,Completed,Sales
FIN-005040,2024-10-10,Customer Receipt,Inflow,3454.6,SO-009100,Completed,Sales
FIN-005434,2024-10-10,Customer Receipt,Inflow,25672.16,SO-009803,Completed,Sales
FIN-000367,2024-10-11,Customer Receipt,Inflow,126018.83,SO-000668,Completed,Sales
FIN-002577,2024-10-11,Customer Receipt,Inflow,190311.12,SO-004724,Completed,Sales
FIN-003506,2024-10-11,Customer Receipt,Inflow,104415.8,SO-006352,Completed,Sales
FIN-003571,2024-10-11,Customer Receipt,Inflow,13115.27,SO-006483,Completed,Sales
FIN-001863,2024-10-12,Customer Receipt,Inflow,13068.7,SO-003450,Completed,Sales
FIN-002695,2024-10-12,Customer Receipt,Inflow,1880.36,SO-004929,Completed,Sales
FIN-002736,2024-10-12,Customer Receipt,Inflow,44064.16,SO-005006,Completed,Sales
FIN-002896,2024-10-12,Customer Receipt,Inflow,85166.09,SO-005292,Completed,Sales
FIN-004440,2024-10-12,Customer Receipt,Inflow,196515.18,SO-008036,Completed,Sales
FIN-000648,2024-10-13,Customer Receipt,Inflow,53421.97,SO-001179,Completed,Sales
FIN-000835,2024-10-13,Customer Receipt,Inflow,106613.46,SO-001517,Completed,Sales
FIN-001107,2024-10-13,Customer Receipt,Inflow,122747.32,SO-002022,Completed,Sales
FIN-001482,2024-10-13,Customer Receipt,Inflow,56766.38,SO-002715,Completed,Sales
FIN-002177,2024-10-13,Customer Receipt,Inflow,8647.2,SO-004049,Completed,Sales
FIN-002561,2024-10-13,Customer Receipt,Inflow,2760.36,SO-004690,Completed,Sales
FIN-002853,2024-10-13,Customer Receipt,Inflow,67816.44,SO-005202,Completed,Sales
FIN-000059,2024-10-14,Customer Receipt,Inflow,63962.47,SO-000099,Completed,Sales
FIN-001081,2024-10-14,Customer Receipt,Inflow,40948.74,SO-001971,Completed,Sales
FIN-004835,2024-10-14,Customer Receipt,Inflow,42421.86,SO-008735,Completed,Sales
FIN-005046,2024-10-14,Customer Receipt,Inflow,186204.48,SO-009111,Completed,Sales
FIN-005372,2024-10-14,Customer Receipt,Inflow,41799.38,SO-009678,Completed,Sales
FIN-005529,2024-10-14,Customer Receipt,Inflow,8807.0,SO-009956,Completed,Sales
FIN-002442,2024-10-15,Customer Receipt,Inflow,90616.68,SO-004498,Completed,Sales
FIN-005533,2024-10-15,Customer Receipt,Inflow,26600.64,SO-009963,Completed,Sales
FIN-005923,2024-10-15,Operating Expense,Outflow,10652.13,EXP-202410-Software,Completed,Software
FIN-002684,2024-10-16,Customer Receipt,Inflow,145566.8,SO-004908,Completed,Sales
FIN-002765,2024-10-16,Customer Receipt,Inflow,11704.18,SO-005058,Completed,Sales
FIN-003975,2024-10-16,Customer Receipt,Inflow,87446.69,SO-007201,Completed,Sales
FIN-005920,2024-10-16,Operating Expense,Outflow,12526.72,EXP-202410-Utilities,Completed,Utilities
FIN-002659,2024-10-17,Customer Receipt,Inflow,64934.76,SO-004847,Completed,Sales
FIN-002663,2024-10-17,Customer Receipt,Inflow,90493.04,SO-004859,Completed,Sales
FIN-002734,2024-10-17,Customer Receipt,Inflow,42603.6,SO-005004,Completed,Sales
FIN-002860,2024-10-17,Customer Receipt,Inflow,109967.2,SO-005212,Completed,Sales
FIN-003759,2024-10-17,Customer Receipt,Inflow,20214.78,SO-006791,Completed,Sales
FIN-004101,2024-10-17,Customer Receipt,Inflow,29717.17,SO-007426,Completed,Sales
FIN-004546,2024-10-17,Customer Receipt,Inflow,14754.04,SO-008223,Completed,Sales
FIN-000973,2024-10-18,Customer Receipt,Inflow,61261.2,SO-001757,Completed,Sales
FIN-002083,2024-10-18,Customer Receipt,Inflow,79801.92,SO-003871,Completed,Sales
FIN-002388,2024-10-18,Customer Receipt,Inflow,105093.87,SO-004400,Completed,Sales
FIN-002568,2024-10-18,Customer Receipt,Inflow,47414.32,SO-004703,Completed,Sales
FIN-004341,2024-10-18,Customer Receipt,Inflow,34467.8,SO-007869,Completed,Sales
FIN-005245,2024-10-18,Customer Receipt,Inflow,4028.2,SO-009471,Completed,Sales
FIN-005921,2024-10-18,Operating Expense,Outflow,208437.72,EXP-202410-Salaries,Completed,Salaries
FIN-000499,2024-10-19,Customer Receipt,Inflow,143070.46,SO-000904,Completed,Sales
FIN-000712,2024-10-19,Customer Receipt,Inflow,206166.8,SO-001293,Completed,Sales
FIN-000729,2024-10-19,Customer Receipt,Inflow,91417.44,SO-001321,Completed,Sales
FIN-004085,2024-10-19,Customer Receipt,Inflow,45394.02,SO-007399,Completed,Sales
FIN-005465,2024-10-19,Customer Receipt,Inflow,3210.95,SO-009864,Completed,Sales
FIN-005922,2024-10-19,Operating Expense,Outflow,17682.54,EXP-202410-Maintenance,Completed,Maintenance
FIN-000398,2024-10-20,Customer Receipt,Inflow,6774.66,SO-000725,Completed,Sales
FIN-001202,2024-10-20,Customer Receipt,Inflow,100131.08,SO-002188,Completed,Sales
FIN-001630,2024-10-20,Customer Receipt,Inflow,114055.76,SO-003018,Completed,Sales
FIN-003092,2024-10-20,Customer Receipt,Inflow,15642.1,SO-005608,Completed,Sales
FIN-003361,2024-10-20,Customer Receipt,Inflow,177497.75,SO-006078,Completed,Sales
FIN-004900,2024-10-20,Customer Receipt,Inflow,9259.86,SO-008839,Completed,Sales
FIN-004909,2024-10-20,Customer Receipt,Inflow,25164.16,SO-008854,Completed,Sales
FIN-001380,2024-10-21,Customer Receipt,Inflow,41717.26,SO-002530,Completed,Sales
FIN-002632,2024-10-21,Customer Receipt,Inflow,13743.75,SO-004802,Completed,Sales
FIN-003418,2024-10-21,Customer Receipt,Inflow,143892.3,SO-006176,Completed,Sales
FIN-004372,2024-10-21,Customer Receipt,Inflow,199437.06,SO-007913,Completed,Sales
FIN-005538,2024-10-21,Customer Receipt,Inflow,5403.92,SO-009971,Completed,Sales
FIN-000796,2024-10-22,Customer Receipt,Inflow,7521.44,SO-001438,Completed,Sales
FIN-001386,2024-10-22,Customer Receipt,Inflow,101077.92,SO-002545,Completed,Sales
FIN-002102,2024-10-22,Customer Receipt,Inflow,176100.6,SO-003910,Completed,Sales
FIN-002828,2024-10-22,Customer Receipt,Inflow,88881.25,SO-005158,Completed,Sales
FIN-003589,2024-10-22,Customer Receipt,Inflow,90705.12,SO-006511,Completed,Sales
FIN-003814,2024-10-22,Customer Receipt,Inflow,26050.5,SO-006900,Completed,Sales
FIN-005193,2024-10-22,Customer Receipt,Inflow,163763.87,SO-009375,Completed,Sales
FIN-000877,2024-10-23,Customer Receipt,Inflow,18872.89,SO-001595,Completed,Sales
FIN-001907,2024-10-23,Customer Receipt,Inflow,158136.72,SO-003530,Completed,Sales
FIN-003241,2024-10-23,Customer Receipt,Inflow,20281.86,SO-005879,Completed,Sales
FIN-004158,2024-10-23,Customer Receipt,Inflow,6760.62,SO-007535,Completed,Sales
FIN-004636,2024-10-23,Customer Receipt,Inflow,94227.5,SO-008396,Completed,Sales
FIN-004980,2024-10-23,Customer Receipt,Inflow,48029.96,SO-008981,Completed,Sales
FIN-000071,2024-10-24,Customer Receipt,Inflow,136852.44,SO-000122,Completed,Sales
FIN-000250,2024-10-24,Customer Receipt,Inflow,44044.7,SO-000467,Completed,Sales
FIN-000399,2024-10-24,Customer Receipt,Inflow,34385.05,SO-000726,Completed,Sales
FIN-005057,2024-10-24,Customer Receipt,Inflow,87624.0,SO-009135,Completed,Sales
FIN-000773,2024-10-25,Customer Receipt,Inflow,111326.32,SO-001388,Completed,Sales
FIN-001184,2024-10-25,Customer Receipt,Inflow,6607.83,SO-002154,Completed,Sales
FIN-001271,2024-10-25,Customer Receipt,Inflow,58524.6,SO-002314,Completed,Sales
FIN-001286,2024-10-25,Customer Receipt,Inflow,73656.1,SO-002360,Completed,Sales
FIN-002286,2024-10-25,Customer Receipt,Inflow,33481.5,SO-004239,Completed,Sales
FIN-003286,2024-10-25,Customer Receipt,Inflow,111189.71,SO-005946,Completed,Sales
FIN-003998,2024-10-25,Customer Receipt,Inflow,95870.84,SO-007240,Completed,Sales
FIN-004209,2024-10-25,Customer Receipt,Inflow,52726.7,SO-007619,Completed,Sales
FIN-004775,2024-10-25,Customer Receipt,Inflow,13728.84,SO-008632,Completed,Sales
FIN-005464,2024-10-25,Customer Receipt,Inflow,39144.48,SO-009863,Completed,Sales
FIN-000259,2024-10-26,Customer Receipt,Inflow,45557.84,SO-000486,Completed,Sales
FIN-000943,2024-10-26,Customer Receipt,Inflow,49099.82,SO-001701,Completed,Sales
FIN-001338,2024-10-26,Customer Receipt,Inflow,36407.7,SO-002451,Completed,Sales
FIN-002104,2024-10-26,Customer Receipt,Inflow,3427.48,SO-003914,Completed,Sales
FIN-002713,2024-10-26,Customer Receipt,Inflow,11282.16,SO-004962,Completed,Sales
FIN-002946,2024-10-26,Customer Receipt,Inflow,11097.12,SO-005370,Completed,Sales
FIN-003223,2024-10-26,Customer Receipt,Inflow,42991.44,SO-005846,Completed,Sales
FIN-003580,2024-10-26,Customer Receipt,Inflow,22560.86,SO-006498,Completed,Sales
FIN-003601,2024-10-26,Customer Receipt,Inflow,47119.82,SO-006530,Completed,Sales
FIN-004267,2024-10-26,Customer Receipt,Inflow,28473.4,SO-007726,Completed,Sales
FIN-000780,2024-10-27,Customer Receipt,Inflow,14417.49,SO-001405,Completed,Sales
FIN-001667,2024-10-27,Customer Receipt,Inflow,105289.5,SO-003090,Completed,Sales
FIN-002454,2024-10-27,Customer Receipt,Inflow,40029.96,SO-004515,Completed,Sales
FIN-004539,2024-10-27,Customer Receipt,Inflow,70214.59,SO-008207,Completed,Sales
FIN-004961,2024-10-27,Customer Receipt,Inflow,58896.32,SO-008945,Completed,Sales
FIN-005273,2024-10-27,Customer Receipt,Inflow,94096.48,SO-009524,Completed,Sales
FIN-002809,2024-10-28,Customer Receipt,Inflow,11374.3,SO-005123,Completed,Sales
FIN-002831,2024-10-28,Customer Receipt,Inflow,34350.0,SO-005162,Completed,Sales
FIN-004418,2024-10-28,Customer Receipt,Inflow,16029.5,SO-008002,Completed,Sales
FIN-000586,2024-10-29,Customer Receipt,Inflow,3492.16,SO-001055,Completed,Sales
FIN-002428,2024-10-29,Customer Receipt,Inflow,41297.84,SO-004469,Completed,Sales
FIN-003025,2024-10-29,Customer Receipt,Inflow,41063.26,SO-005490,Completed,Sales
FIN-004225,2024-10-29,Customer Receipt,Inflow,6256.02,SO-007650,Completed,Sales
FIN-005141,2024-10-29,Customer Receipt,Inflow,126609.71,SO-009289,Completed,Sales
FIN-005260,2024-10-29,Customer Receipt,Inflow,118325.44,SO-009500,Completed,Sales
FIN-001431,2024-10-30,Customer Receipt,Inflow,23450.8,SO-002634,Completed,Sales
FIN-002212,2024-10-30,Customer Receipt,Inflow,36845.41,SO-004116,Completed,Sales
FIN-002641,2024-10-30,Customer Receipt,Inflow,93446.36,SO-004819,Completed,Sales
FIN-003213,2024-10-30,Customer Receipt,Inflow,144008.28,SO-005822,Completed,Sales
FIN-003476,2024-10-30,Customer Receipt,Inflow,134763.44,SO-006293,Completed,Sales
FIN-004916,2024-10-30,Customer Receipt,Inflow,3532.12,SO-008863,Completed,Sales
FIN-005701,2024-10-30,Supplier Payment,Outflow,24141.0,PO-00418,Completed,Procurement
FIN-005802,2024-10-30,Supplier Payment,Outflow,31093.2,PO-00689,Completed,Procurement
FIN-001594,2024-10-31,Customer Receipt,Inflow,33708.22,SO-002944,Completed,Sales
FIN-002050,2024-10-31,Customer Receipt,Inflow,204300.65,SO-003814,Completed,Sales
FIN-002143,2024-10-31,Customer Receipt,Inflow,79058.42,SO-003988,Completed,Sales
FIN-002708,2024-10-31,Customer Receipt,Inflow,71310.12,SO-004951,Completed,Sales
FIN-004527,2024-10-31,Customer Receipt,Inflow,194441.23,SO-008183,Completed,Sales
FIN-004620,2024-10-31,Customer Receipt,Inflow,87001.6,SO-008364,Completed,Sales
FIN-004956,2024-10-31,Customer Receipt,Inflow,28140.4,SO-008937,Completed,Sales
FIN-005093,2024-10-31,Customer Receipt,Inflow,53010.0,SO-009202,Completed,Sales
FIN-000696,2024-11-01,Customer Receipt,Inflow,46258.8,SO-001264,Completed,Sales
FIN-000747,2024-11-01,Customer Receipt,Inflow,128015.44,SO-001347,Completed,Sales
FIN-001143,2024-11-01,Customer Receipt,Inflow,4883.41,SO-002077,Completed,Sales
FIN-001885,2024-11-01,Customer Receipt,Inflow,7791.7,SO-003494,Completed,Sales
FIN-004776,2024-11-01,Customer Receipt,Inflow,105557.22,SO-008633,Completed,Sales
FIN-005570,2024-11-01,Supplier Payment,Outflow,81398.4,PO-00040,Completed,Procurement
FIN-002046,2024-11-02,Customer Receipt,Inflow,51459.3,SO-003806,Completed,Sales
FIN-002324,2024-11-02,Customer Receipt,Inflow,29598.08,SO-004299,Completed,Sales
FIN-002466,2024-11-02,Customer Receipt,Inflow,59281.84,SO-004533,Completed,Sales
FIN-003024,2024-11-02,Customer Receipt,Inflow,65864.52,SO-005489,Completed,Sales
FIN-005187,2024-11-02,Customer Receipt,Inflow,89114.35,SO-009365,Completed,Sales
FIN-000723,2024-11-03,Customer Receipt,Inflow,14959.68,SO-001310,Completed,Sales
FIN-001520,2024-11-03,Customer Receipt,Inflow,86173.92,SO-002805,Completed,Sales
FIN-001734,2024-11-03,Customer Receipt,Inflow,220557.47,SO-003221,Completed,Sales
FIN-002392,2024-11-03,Customer Receipt,Inflow,35018.1,SO-004405,Completed,Sales
FIN-002932,2024-11-03,Customer Receipt,Inflow,21789.12,SO-005346,Completed,Sales
FIN-002945,2024-11-03,Customer Receipt,Inflow,1455.98,SO-005368,Completed,Sales
FIN-002948,2024-11-03,Customer Receipt,Inflow,49715.2,SO-005372,Completed,Sales
FIN-003914,2024-11-03,Customer Receipt,Inflow,64227.36,SO-007097,Completed,Sales
FIN-004515,2024-11-03,Customer Receipt,Inflow,11013.84,SO-008165,Completed,Sales
FIN-005481,2024-11-03,Customer Receipt,Inflow,13460.8,SO-009886,Completed,Sales
FIN-005596,2024-11-03,Supplier Payment,Outflow,462856.0,PO-00116,Completed,Procurement
FIN-005604,2024-11-03,Supplier Payment,Outflow,211840.5,PO-00143,Completed,Procurement
FIN-005626,2024-11-03,Supplier Payment,Outflow,57468.5,PO-00208,Completed,Procurement
FIN-000023,2024-11-04,Customer Receipt,Inflow,70556.01,SO-000038,Completed,Sales
FIN-000663,2024-11-04,Customer Receipt,Inflow,60149.46,SO-001202,Completed,Sales
FIN-000737,2024-11-04,Customer Receipt,Inflow,69181.68,SO-001329,Completed,Sales
FIN-000954,2024-11-04,Customer Receipt,Inflow,69145.2,SO-001729,Completed,Sales
FIN-001564,2024-11-04,Customer Receipt,Inflow,141245.1,SO-002888,Completed,Sales
FIN-002133,2024-11-04,Customer Receipt,Inflow,163795.72,SO-003972,Completed,Sales
FIN-002293,2024-11-04,Customer Receipt,Inflow,63740.69,SO-004249,Completed,Sales
FIN-003075,2024-11-04,Customer Receipt,Inflow,10044.62,SO-005577,Completed,Sales
FIN-003282,2024-11-04,Customer Receipt,Inflow,8430.88,SO-005938,Completed,Sales
FIN-003421,2024-11-04,Customer Receipt,Inflow,29241.19,SO-006182,Completed,Sales
FIN-003524,2024-11-04,Customer Receipt,Inflow,1361.82,SO-006398,Completed,Sales
FIN-003840,2024-11-04,Customer Receipt,Inflow,45781.78,SO-006946,Completed,Sales
FIN-004387,2024-11-04,Customer Receipt,Inflow,91405.72,SO-007935,Completed,Sales
FIN-005930,2024-11-04,Operating Expense,Outflow,35816.91,EXP-202411-Transport,Completed,Transport
FIN-000845,2024-11-05,Customer Receipt,Inflow,33581.57,SO-001533,Completed,Sales
FIN-001414,2024-11-05,Customer Receipt,Inflow,5931.28,SO-002598,Completed,Sales
FIN-002287,2024-11-05,Customer Receipt,Inflow,13469.04,SO-004240,Completed,Sales
FIN-002952,2024-11-05,Customer Receipt,Inflow,4314.0,SO-005376,Completed,Sales
FIN-003860,2024-11-05,Customer Receipt,Inflow,55490.7,SO-006991,Completed,Sales
FIN-004009,2024-11-05,Customer Receipt,Inflow,58507.1,SO-007263,Completed,Sales
FIN-005077,2024-11-05,Customer Receipt,Inflow,31616.01,SO-009170,Completed,Sales
FIN-005318,2024-11-05,Customer Receipt,Inflow,143655.58,SO-009598,Completed,Sales
FIN-005383,2024-11-05,Customer Receipt,Inflow,20231.27,SO-009696,Completed,Sales
FIN-005927,2024-11-05,Operating Expense,Outflow,243954.1,EXP-202411-Salaries,Completed,Salaries
FIN-000045,2024-11-06,Customer Receipt,Inflow,17473.54,SO-000074,Completed,Sales
FIN-000066,2024-11-06,Customer Receipt,Inflow,20088.9,SO-000114,Completed,Sales
FIN-000072,2024-11-06,Customer Receipt,Inflow,95831.82,SO-000123,Completed,Sales
FIN-000567,2024-11-06,Customer Receipt,Inflow,106476.02,SO-001021,Completed,Sales
FIN-000982,2024-11-06,Customer Receipt,Inflow,65108.03,SO-001775,Completed,Sales
FIN-001131,2024-11-06,Customer Receipt,Inflow,25014.4,SO-002060,Completed,Sales
FIN-001178,2024-11-06,Customer Receipt,Inflow,8870.12,SO-002138,Completed,Sales
FIN-001612,2024-11-06,Customer Receipt,Inflow,7945.08,SO-002985,Completed,Sales
FIN-001833,2024-11-06,Customer Receipt,Inflow,42038.5,SO-003387,Completed,Sales
FIN-002069,2024-11-06,Customer Receipt,Inflow,25552.89,SO-003844,Completed,Sales
FIN-002808,2024-11-06,Customer Receipt,Inflow,125075.44,SO-005120,Completed,Sales
FIN-003102,2024-11-06,Customer Receipt,Inflow,46896.3,SO-005619,Completed,Sales
FIN-003798,2024-11-06,Customer Receipt,Inflow,4455.1,SO-006862,Completed,Sales
FIN-004208,2024-11-06,Customer Receipt,Inflow,18373.92,SO-007616,Completed,Sales
FIN-004669,2024-11-06,Customer Receipt,Inflow,122522.4,SO-008445,Completed,Sales
FIN-000051,2024-11-07,Customer Receipt,Inflow,1240.5,SO-000083,Completed,Sales
FIN-000432,2024-11-07,Customer Receipt,Inflow,164032.56,SO-000775,Completed,Sales
FIN-001500,2024-11-07,Customer Receipt,Inflow,55143.22,SO-002755,Completed,Sales
FIN-001622,2024-11-07,Customer Receipt,Inflow,60149.46,SO-003000,Completed,Sales
FIN-002537,2024-11-07,Customer Receipt,Inflow,116225.72,SO-004652,Completed,Sales
FIN-002716,2024-11-07,Customer Receipt,Inflow,5369.68,SO-004969,Completed,Sales
FIN-004430,2024-11-07,Customer Receipt,Inflow,54598.32,SO-008019,Completed,Sales
FIN-004473,2024-11-07,Customer Receipt,Inflow,8567.24,SO-008086,Completed,Sales
FIN-004810,2024-11-07,Customer Receipt,Inflow,109280.76,SO-008694,Completed,Sales
FIN-000287,2024-11-08,Customer Receipt,Inflow,57250.0,SO-000531,Completed,Sales
FIN-001021,2024-11-08,Customer Receipt,Inflow,27036.68,SO-001839,Completed,Sales
FIN-001502,2024-11-08,Customer Receipt,Inflow,70352.4,SO-002762,Completed,Sales
FIN-001635,2024-11-08,Customer Receipt,Inflow,27464.1,SO-003034,Completed,Sales
FIN-002638,2024-11-08,Customer Receipt,Inflow,76684.59,SO-004816,Completed,Sales
FIN-003137,2024-11-08,Customer Receipt,Inflow,147605.7,SO-005677,Completed,Sales
FIN-003943,2024-11-08,Customer Receipt,Inflow,119320.79,SO-007145,Completed,Sales
FIN-004059,2024-11-08,Customer Receipt,Inflow,52862.64,SO-007355,Completed,Sales
FIN-004690,2024-11-08,Customer Receipt,Inflow,19426.66,SO-008481,Completed,Sales
FIN-000161,2024-11-09,Customer Receipt,Inflow,135602.37,SO-000287,Completed,Sales
FIN-000312,2024-11-09,Customer Receipt,Inflow,82427.49,SO-000582,Completed,Sales
FIN-000977,2024-11-09,Customer Receipt,Inflow,10797.4,SO-001768,Completed,Sales
FIN-001026,2024-11-09,Customer Receipt,Inflow,2161.8,SO-001848,Completed,Sales
FIN-001330,2024-11-09,Customer Receipt,Inflow,103074.0,SO-002440,Completed,Sales
FIN-002237,2024-11-09,Customer Receipt,Inflow,186672.92,SO-004153,Completed,Sales
FIN-003844,2024-11-09,Customer Receipt,Inflow,101972.81,SO-006955,Completed,Sales
FIN-003971,2024-11-09,Customer Receipt,Inflow,3084.3,SO-007182,Completed,Sales
FIN-004377,2024-11-09,Customer Receipt,Inflow,202775.1,SO-007920,Completed,Sales
FIN-004453,2024-11-09,Customer Receipt,Inflow,93990.53,SO-008052,Completed,Sales
FIN-004736,2024-11-09,Customer Receipt,Inflow,116840.15,SO-008556,Completed,Sales
FIN-005928,2024-11-09,Operating Expense,Outflow,17704.95,EXP-202411-Maintenance,Completed,Maintenance
FIN-000966,2024-11-10,Customer Receipt,Inflow,16415.16,SO-001749,Completed,Sales
FIN-003060,2024-11-10,Customer Receipt,Inflow,52641.12,SO-005553,Completed,Sales
FIN-003237,2024-11-10,Customer Receipt,Inflow,130752.16,SO-005870,Completed,Sales
FIN-003469,2024-11-10,Customer Receipt,Inflow,26290.16,SO-006282,Completed,Sales
FIN-004049,2024-11-10,Customer Receipt,Inflow,5492.82,SO-007340,Completed,Sales
FIN-004631,2024-11-10,Customer Receipt,Inflow,12836.08,SO-008386,Completed,Sales
FIN-004841,2024-11-10,Customer Receipt,Inflow,3210.95,SO-008746,Completed,Sales
FIN-005001,2024-11-10,Customer Receipt,Inflow,40005.35,SO-009024,Completed,Sales
FIN-005486,2024-11-10,Customer Receipt,Inflow,44521.83,SO-009896,Completed,Sales
FIN-001040,2024-11-11,Customer Receipt,Inflow,14724.08,SO-001880,Completed,Sales
FIN-002049,2024-11-11,Customer Receipt,Inflow,78469.5,SO-003811,Completed,Sales
FIN-003892,2024-11-11,Customer Receipt,Inflow,14754.04,SO-007055,Completed,Sales
FIN-001435,2024-11-12,Customer Receipt,Inflow,24356.08,SO-002641,Completed,Sales
FIN-002000,2024-11-12,Customer Receipt,Inflow,54943.15,SO-003714,Completed,Sales
FIN-002481,2024-11-12,Customer Receipt,Inflow,148074.25,SO-004559,Completed,Sales
FIN-002783,2024-11-12,Customer Receipt,Inflow,74795.92,SO-005080,Completed,Sales
FIN-005554,2024-11-12,Customer Receipt,Inflow,45781.78,SO-009995,Completed,Sales
FIN-005929,2024-11-12,Operating Expense,Outflow,7422.85,EXP-202411-Software,Completed,Software
FIN-000176,2024-11-13,Customer Receipt,Inflow,82378.8,SO-000323,Completed,Sales
FIN-000297,2024-11-13,Customer Receipt,Inflow,14102.7,SO-000553,Completed,Sales
FIN-000594,2024-11-13,Customer Receipt,Inflow,56542.8,SO-001074,Completed,Sales
FIN-001051,2024-11-13,Customer Receipt,Inflow,93102.24,SO-001899,Completed,Sales
FIN-001656,2024-11-13,Customer Receipt,Inflow,124558.0,SO-003073,Completed,Sales
FIN-001749,2024-11-13,Customer Receipt,Inflow,54250.74,SO-003240,Completed,Sales
FIN-001773,2024-11-13,Customer Receipt,Inflow,8031.06,SO-003281,Completed,Sales
FIN-002114,2024-11-13,Customer Receipt,Inflow,152587.75,SO-003933,Completed,Sales
FIN-002149,2024-11-13,Customer Receipt,Inflow,30133.86,SO-004001,Completed,Sales
FIN-004587,2024-11-13,Customer Receipt,Inflow,90705.12,SO-008312,Completed,Sales
FIN-005027,2024-11-13,Customer Receipt,Inflow,5140.5,SO-009075,Completed,Sales
FIN-005045,2024-11-13,Customer Receipt,Inflow,111480.22,SO-009110,Completed,Sales
FIN-000492,2024-11-14,Customer Receipt,Inflow,93439.92,SO-000893,Completed,Sales
FIN-000744,2024-11-14,Customer Receipt,Inflow,5284.2,SO-001341,Completed,Sales
FIN-000924,2024-11-14,Customer Receipt,Inflow,22010.84,SO-001674,Completed,Sales
FIN-001736,2024-11-14,Customer Receipt,Inflow,11272.03,SO-003224,Completed,Sales
FIN-001826,2024-11-14,Customer Receipt,Inflow,70852.44,SO-003376,Completed,Sales
FIN-002330,2024-11-14,Customer Receipt,Inflow,14207.55,SO-004312,Completed,Sales
FIN-004862,2024-11-14,Customer Receipt,Inflow,7750.16,SO-008779,Completed,Sales
FIN-005779,2024-11-14,Supplier Payment,Outflow,32011.4,PO-00605,Completed,Procurement
FIN-000809,2024-11-15,Customer Receipt,Inflow,57473.19,SO-001459,Completed,Sales
FIN-000884,2024-11-15,Customer Receipt,Inflow,22057.8,SO-001611,Completed,Sales
FIN-001906,2024-11-15,Customer Receipt,Inflow,70245.01,SO-003529,Completed,Sales
FIN-005619,2024-11-15,Supplier Payment,Outflow,92865.4,PO-00184,Completed,Procurement
FIN-005925,2024-11-15,Operating Expense,Outflow,52416.79,EXP-202411-Rent,Completed,Rent
FIN-000170,2024-11-16,Customer Receipt,Inflow,84423.6,SO-000308,Completed,Sales
FIN-000188,2024-11-16,Customer Receipt,Inflow,41503.33,SO-000350,Completed,Sales
FIN-000493,2024-11-16,Customer Receipt,Inflow,8613.12,SO-000894,Completed,Sales
FIN-001274,2024-11-16,Customer Receipt,Inflow,39710.44,SO-002325,Completed,Sales
FIN-001573,2024-11-16,Customer Receipt,Inflow,10851.12,SO-002903,Completed,Sales
FIN-002250,2024-11-16,Customer Receipt,Inflow,81103.43,SO-004171,Completed,Sales
FIN-002477,2024-11-16,Customer Receipt,Inflow,502.63,SO-004552,Completed,Sales
FIN-002539,2024-11-16,Customer Receipt,Inflow,191716.2,SO-004654,Completed,Sales
FIN-002542,2024-11-16,Customer Receipt,Inflow,17703.66,SO-004660,Completed,Sales
FIN-002729,2024-11-16,Customer Receipt,Inflow,94849.8,SO-004998,Completed,Sales
FIN-003649,2024-11-16,Customer Receipt,Inflow,5885.0,SO-006613,Completed,Sales
FIN-003775,2024-11-16,Customer Receipt,Inflow,8108.16,SO-006818,Completed,Sales
FIN-004724,2024-11-16,Customer Receipt,Inflow,39492.96,SO-008533,Completed,Sales
FIN-001113,2024-11-17,Customer Receipt,Inflow,167897.62,SO-002032,Completed,Sales
FIN-002082,2024-11-17,Customer Receipt,Inflow,24498.56,SO-003869,Completed,Sales
FIN-003926,2024-11-17,Customer Receipt,Inflow,76443.12,SO-007122,Completed,Sales
FIN-005490,2024-11-17,Customer Receipt,Inflow,77359.15,SO-009903,Completed,Sales
FIN-001526,2024-11-18,Customer Receipt,Inflow,17764.05,SO-002817,Completed,Sales
FIN-002562,2024-11-18,Customer Receipt,Inflow,9308.86,SO-004691,Completed,Sales
FIN-004797,2024-11-18,Customer Receipt,Inflow,7531.12,SO-008675,Completed,Sales
FIN-005661,2024-11-18,Supplier Payment,Outflow,79637.2,PO-00288,Completed,Procurement
FIN-000914,2024-11-19,Customer Receipt,Inflow,33612.0,SO-001657,Completed,Sales
FIN-001125,2024-11-19,Customer Receipt,Inflow,212997.3,SO-002052,Completed,Sales
FIN-001299,2024-11-19,Customer Receipt,Inflow,35587.68,SO-002380,Completed,Sales
FIN-002552,2024-11-19,Customer Receipt,Inflow,24840.42,SO-004673,Completed,Sales
FIN-002741,2024-11-19,Customer Receipt,Inflow,105557.22,SO-005016,Completed,Sales
FIN-003296,2024-11-19,Customer Receipt,Inflow,81081.6,SO-005968,Completed,Sales
FIN-003686,2024-11-19,Customer Receipt,Inflow,106795.84,SO-006672,Completed,Sales
FIN-003835,2024-11-19,Customer Receipt,Inflow,14671.06,SO-006937,Completed,Sales
FIN-003895,2024-11-19,Customer Receipt,Inflow,76054.3,SO-007060,Completed,Sales
FIN-004177,2024-11-19,Customer Receipt,Inflow,10628.9,SO-007567,Completed,Sales
FIN-004264,2024-11-19,Customer Receipt,Inflow,42820.47,SO-007723,Completed,Sales
FIN-004465,2024-11-19,Customer Receipt,Inflow,99212.23,SO-008072,Completed,Sales
FIN-005267,2024-11-19,Customer Receipt,Inflow,7035.1,SO-009514,Completed,Sales
FIN-005926,2024-11-19,Operating Expense,Outflow,13153.23,EXP-202411-Utilities,Completed,Utilities
FIN-000622,2024-11-20,Customer Receipt,Inflow,29253.55,SO-001132,Completed,Sales
FIN-000704,2024-11-20,Customer Receipt,Inflow,25863.89,SO-001281,Completed,Sales
FIN-000717,2024-11-20,Customer Receipt,Inflow,28692.44,SO-001298,Completed,Sales
FIN-000817,2024-11-20,Customer Receipt,Inflow,50605.52,SO-001477,Completed,Sales
FIN-001417,2024-11-20,Customer Receipt,Inflow,17635.64,SO-002605,Completed,Sales
FIN-002626,2024-11-20,Customer Receipt,Inflow,37298.38,SO-004793,Completed,Sales
FIN-003420,2024-11-20,Customer Receipt,Inflow,10466.52,SO-006181,Completed,Sales
FIN-003837,2024-11-20,Customer Receipt,Inflow,145806.72,SO-006941,Completed,Sales
FIN-003842,2024-11-20,Customer Receipt,Inflow,26383.7,SO-006953,Completed,Sales
FIN-004340,2024-11-20,Customer Receipt,Inflow,60267.72,SO-007868,Completed,Sales
FIN-005350,2024-11-20,Customer Receipt,Inflow,77770.0,SO-009647,Completed,Sales
FIN-005864,2024-11-20,Supplier Payment,Outflow,11440.4,PO-00858,Completed,Procurement
FIN-000684,2024-11-21,Customer Receipt,Inflow,64555.8,SO-001240,Completed,Sales
FIN-001450,2024-11-21,Customer Receipt,Inflow,36169.64,SO-002667,Completed,Sales
FIN-002290,2024-11-21,Customer Receipt,Inflow,8845.4,SO-004243,Completed,Sales
FIN-002754,2024-11-21,Customer Receipt,Inflow,7278.34,SO-005041,Completed,Sales
FIN-003343,2024-11-21,Customer Receipt,Inflow,90701.16,SO-006043,Completed,Sales
FIN-004766,2024-11-21,Customer Receipt,Inflow,96895.5,SO-008610,Completed,Sales
FIN-004774,2024-11-21,Customer Receipt,Inflow,86003.56,SO-008630,Completed,Sales
FIN-005799,2024-11-21,Supplier Payment,Outflow,60804.0,PO-00681,Completed,Procurement
FIN-000964,2024-11-22,Customer Receipt,Inflow,77466.96,SO-001744,Completed,Sales
FIN-001054,2024-11-22,Customer Receipt,Inflow,34628.09,SO-001908,Completed,Sales
FIN-001117,2024-11-22,Customer Receipt,Inflow,10237.56,SO-002042,Completed,Sales
FIN-001364,2024-11-22,Customer Receipt,Inflow,33138.9,SO-002500,Completed,Sales
FIN-001433,2024-11-22,Customer Receipt,Inflow,42626.72,SO-002638,Completed,Sales
FIN-001480,2024-11-22,Customer Receipt,Inflow,4577.5,SO-002713,Completed,Sales
FIN-001516,2024-11-22,Customer Receipt,Inflow,32406.56,SO-002797,Completed,Sales
FIN-004434,2024-11-22,Customer Receipt,Inflow,89305.28,SO-008023,Completed,Sales
FIN-004482,2024-11-22,Customer Receipt,Inflow,44785.05,SO-008104,Completed,Sales
FIN-000317,2024-11-23,Customer Receipt,Inflow,22544.06,SO-000591,Completed,Sales
FIN-000335,2024-11-23,Customer Receipt,Inflow,55207.2,SO-000619,Completed,Sales
FIN-000377,2024-11-23,Customer Receipt,Inflow,135013.25,SO-000683,Completed,Sales
FIN-000447,2024-11-23,Customer Receipt,Inflow,88938.75,SO-000807,Completed,Sales
FIN-002753,2024-11-23,Customer Receipt,Inflow,18025.0,SO-005040,Completed,Sales
FIN-002786,2024-11-23,Customer Receipt,Inflow,27942.04,SO-005084,Completed,Sales
FIN-003458,2024-11-23,Customer Receipt,Inflow,87484.56,SO-006261,Completed,Sales
FIN-003621,2024-11-23,Customer Receipt,Inflow,105468.51,SO-006567,Completed,Sales
FIN-004428,2024-11-23,Customer Receipt,Inflow,113655.96,SO-008016,Completed,Sales
FIN-004458,2024-11-23,Customer Receipt,Inflow,88091.01,SO-008061,Completed,Sales
FIN-005314,2024-11-23,Customer Receipt,Inflow,38158.55,SO-009591,Completed,Sales
FIN-005546,2024-11-23,Customer Receipt,Inflow,25811.15,SO-009984,Completed,Sales
FIN-002847,2024-11-24,Customer Receipt,Inflow,49943.76,SO-005191,Completed,Sales
FIN-003664,2024-11-24,Customer Receipt,Inflow,206188.5,SO-006639,Completed,Sales
FIN-004707,2024-11-24,Customer Receipt,Inflow,96842.59,SO-008509,Completed,Sales
FIN-004906,2024-11-24,Customer Receipt,Inflow,14009.16,SO-008851,Completed,Sales
FIN-005665,2024-11-24,Supplier Payment,Outflow,46665.4,PO-00297,Completed,Procurement
FIN-005703,2024-11-24,Supplier Payment,Outflow,75165.6,PO-00421,Completed,Procurement
FIN-000428,2024-11-25,Customer Receipt,Inflow,11406.09,SO-000768,Completed,Sales
FIN-000580,2024-11-25,Customer Receipt,Inflow,14432.21,SO-001046,Completed,Sales
FIN-001358,2024-11-25,Customer Receipt,Inflow,168872.48,SO-002487,Completed,Sales
FIN-001768,2024-11-25,Customer Receipt,Inflow,7128.72,SO-003276,Completed,Sales
FIN-001823,2024-11-25,Customer Receipt,Inflow,138207.06,SO-003365,Completed,Sales
FIN-002269,2024-11-25,Customer Receipt,Inflow,25048.85,SO-004205,Completed,Sales
FIN-002464,2024-11-25,Customer Receipt,Inflow,45667.57,SO-004530,Completed,Sales
FIN-002622,2024-11-25,Customer Receipt,Inflow,7105.84,SO-004787,Completed,Sales
FIN-002700,2024-11-25,Customer Receipt,Inflow,146677.77,SO-004940,Completed,Sales
FIN-003446,2024-11-25,Customer Receipt,Inflow,2889.12,SO-006242,Completed,Sales
FIN-003681,2024-11-25,Customer Receipt,Inflow,2713.45,SO-006663,Completed,Sales
FIN-004829,2024-11-25,Customer Receipt,Inflow,94849.56,SO-008724,Completed,Sales
FIN-005585,2024-11-25,Supplier Payment,Outflow,19435.4,PO-00076,Completed,Procurement
FIN-001407,2024-11-26,Customer Receipt,Inflow,134195.57,SO-002585,Completed,Sales
FIN-002171,2024-11-26,Customer Receipt,Inflow,133270.94,SO-004040,Completed,Sales
FIN-002444,2024-11-26,Customer Receipt,Inflow,117685.08,SO-004502,Completed,Sales
FIN-002637,2024-11-26,Customer Receipt,Inflow,27095.52,SO-004812,Completed,Sales
FIN-004058,2024-11-26,Customer Receipt,Inflow,8683.5,SO-007354,Completed,Sales
FIN-005651,2024-11-26,Supplier Payment,Outflow,24393.8,PO-00267,Completed,Procurement
FIN-000323,2024-11-27,Customer Receipt,Inflow,4669.6,SO-000597,Completed,Sales
FIN-000971,2024-11-27,Customer Receipt,Inflow,42085.56,SO-001755,Completed,Sales
FIN-002038,2024-11-27,Customer Receipt,Inflow,38285.0,SO-003787,Completed,Sales
FIN-003287,2024-11-27,Customer Receipt,Inflow,60117.24,SO-005950,Completed,Sales
FIN-003859,2024-11-27,Customer Receipt,Inflow,14685.12,SO-006990,Completed,Sales
FIN-005623,2024-11-27,Supplier Payment,Outflow,3984.3,PO-00195,Completed,Procurement
FIN-005689,2024-11-27,Supplier Payment,Outflow,15160.5,PO-00389,Completed,Procurement
FIN-005719,2024-11-27,Supplier Payment,Outflow,8899.7,PO-00469,Completed,Procurement
FIN-000180,2024-11-28,Customer Receipt,Inflow,12292.43,SO-000334,Completed,Sales
FIN-001356,2024-11-28,Customer Receipt,Inflow,110258.87,SO-002485,Completed,Sales
FIN-002263,2024-11-28,Customer Receipt,Inflow,5678.42,SO-004192,Completed,Sales
FIN-004592,2024-11-28,Customer Receipt,Inflow,104116.86,SO-008319,Completed,Sales
FIN-005848,2024-11-28,Supplier Payment,Outflow,10400.7,PO-00799,Completed,Procurement
FIN-000642,2024-11-29,Customer Receipt,Inflow,61678.4,SO-001169,Completed,Sales
FIN-000759,2024-11-29,Customer Receipt,Inflow,57854.52,SO-001365,Completed,Sales
FIN-000981,2024-11-29,Customer Receipt,Inflow,100174.88,SO-001773,Completed,Sales
FIN-001487,2024-11-29,Customer Receipt,Inflow,8090.6,SO-002728,Completed,Sales
FIN-001544,2024-11-29,Customer Receipt,Inflow,71632.56,SO-002848,Completed,Sales
FIN-001609,2024-11-29,Customer Receipt,Inflow,149806.72,SO-002982,Completed,Sales
FIN-001633,2024-11-29,Customer Receipt,Inflow,24039.56,SO-003028,Completed,Sales
FIN-002264,2024-11-29,Customer Receipt,Inflow,40035.76,SO-004193,Completed,Sales
FIN-002361,2024-11-29,Customer Receipt,Inflow,87157.5,SO-004355,Completed,Sales
FIN-002510,2024-11-29,Customer Receipt,Inflow,21301.8,SO-004606,Completed,Sales
FIN-002678,2024-11-29,Customer Receipt,Inflow,88969.2,SO-004896,Completed,Sales
FIN-003095,2024-11-29,Customer Receipt,Inflow,11049.84,SO-005611,Completed,Sales
FIN-003357,2024-11-29,Customer Receipt,Inflow,71367.45,SO-006063,Completed,Sales
FIN-004403,2024-11-29,Customer Receipt,Inflow,48046.44,SO-007974,Completed,Sales
FIN-005126,2024-11-29,Customer Receipt,Inflow,16290.27,SO-009262,Completed,Sales
FIN-000179,2024-11-30,Customer Receipt,Inflow,202405.21,SO-000327,Completed,Sales
FIN-001197,2024-11-30,Customer Receipt,Inflow,53025.0,SO-002178,Completed,Sales
FIN-002056,2024-11-30,Customer Receipt,Inflow,81024.3,SO-003826,Completed,Sales
FIN-003175,2024-11-30,Customer Receipt,Inflow,14369.58,SO-005750,Completed,Sales
FIN-004359,2024-11-30,Customer Receipt,Inflow,34950.24,SO-007892,Completed,Sales
FIN-004800,2024-11-30,Customer Receipt,Inflow,53444.88,SO-008678,Completed,Sales
FIN-004866,2024-11-30,Customer Receipt,Inflow,83726.02,SO-008783,Completed,Sales
FIN-004939,2024-11-30,Customer Receipt,Inflow,48133.8,SO-008904,Completed,Sales
FIN-001928,2024-12-01,Customer Receipt,Inflow,96739.07,SO-003574,Completed,Sales
FIN-002111,2024-12-01,Customer Receipt,Inflow,28953.2,SO-003927,Completed,Sales
FIN-002830,2024-12-01,Customer Receipt,Inflow,2746.79,SO-005160,Completed,Sales
FIN-002849,2024-12-01,Customer Receipt,Inflow,31671.04,SO-005195,Completed,Sales
FIN-003346,2024-12-01,Customer Receipt,Inflow,119040.57,SO-006047,Completed,Sales
FIN-004650,2024-12-01,Customer Receipt,Inflow,2754.01,SO-008416,Completed,Sales
FIN-004773,2024-12-01,Customer Receipt,Inflow,169135.0,SO-008626,Completed,Sales
FIN-000562,2024-12-02,Customer Receipt,Inflow,646.97,SO-001012,Completed,Sales
FIN-001157,2024-12-02,Customer Receipt,Inflow,121777.2,SO-002100,Completed,Sales
FIN-001789,2024-12-02,Customer Receipt,Inflow,72913.76,SO-003311,Completed,Sales
FIN-001878,2024-12-02,Customer Receipt,Inflow,47112.8,SO-003484,Completed,Sales
FIN-002336,2024-12-02,Customer Receipt,Inflow,7548.8,SO-004321,Completed,Sales
FIN-002459,2024-12-02,Customer Receipt,Inflow,140450.16,SO-004522,Completed,Sales
FIN-003901,2024-12-02,Customer Receipt,Inflow,1167.4,SO-007068,Completed,Sales
FIN-000383,2024-12-03,Customer Receipt,Inflow,18699.6,SO-000692,Completed,Sales
FIN-000482,2024-12-03,Customer Receipt,Inflow,94649.12,SO-000874,Completed,Sales
FIN-000834,2024-12-03,Customer Receipt,Inflow,13618.2,SO-001516,Completed,Sales
FIN-003333,2024-12-03,Customer Receipt,Inflow,69917.92,SO-006027,Completed,Sales
FIN-004892,2024-12-03,Customer Receipt,Inflow,147850.44,SO-008823,Completed,Sales
FIN-005026,2024-12-03,Customer Receipt,Inflow,197741.18,SO-009073,Completed,Sales
FIN-005932,2024-12-03,Operating Expense,Outflow,11806.75,EXP-202412-Utilities,Completed,Utilities
FIN-000498,2024-12-04,Customer Receipt,Inflow,45427.36,SO-000902,Completed,Sales
FIN-000947,2024-12-04,Customer Receipt,Inflow,70015.08,SO-001713,Completed,Sales
FIN-001601,2024-12-04,Customer Receipt,Inflow,218519.64,SO-002958,Completed,Sales
FIN-001952,2024-12-04,Customer Receipt,Inflow,105707.28,SO-003612,Completed,Sales
FIN-002516,2024-12-04,Customer Receipt,Inflow,45181.92,SO-004620,Completed,Sales
FIN-003184,2024-12-04,Customer Receipt,Inflow,51534.28,SO-005766,Completed,Sales
FIN-004174,2024-12-04,Customer Receipt,Inflow,28057.04,SO-007564,Completed,Sales
FIN-005306,2024-12-04,Customer Receipt,Inflow,67957.24,SO-009576,Completed,Sales
FIN-000182,2024-12-05,Customer Receipt,Inflow,82833.52,SO-000339,Completed,Sales
FIN-000376,2024-12-05,Customer Receipt,Inflow,24465.3,SO-000682,Completed,Sales
FIN-000949,2024-12-05,Customer Receipt,Inflow,159242.6,SO-001718,Completed,Sales
FIN-001628,2024-12-05,Customer Receipt,Inflow,56183.02,SO-003015,Completed,Sales
FIN-002051,2024-12-05,Customer Receipt,Inflow,154718.3,SO-003815,Completed,Sales
FIN-002255,2024-12-05,Customer Receipt,Inflow,206522.73,SO-004177,Completed,Sales
FIN-003051,2024-12-05,Customer Receipt,Inflow,20063.9,SO-005535,Completed,Sales
FIN-003389,2024-12-05,Customer Receipt,Inflow,40559.0,SO-006124,Completed,Sales
FIN-003546,2024-12-05,Customer Receipt,Inflow,14995.04,SO-006440,Completed,Sales
FIN-003709,2024-12-05,Customer Receipt,Inflow,44508.6,SO-006708,Completed,Sales
FIN-004224,2024-12-05,Customer Receipt,Inflow,19010.15,SO-007649,Completed,Sales
FIN-005531,2024-12-05,Customer Receipt,Inflow,36169.64,SO-009959,Completed,Sales
FIN-000227,2024-12-06,Customer Receipt,Inflow,119964.78,SO-000417,Completed,Sales
FIN-000931,2024-12-06,Customer Receipt,Inflow,30526.84,SO-001685,Completed,Sales
FIN-001024,2024-12-06,Customer Receipt,Inflow,21661.2,SO-001843,Completed,Sales
FIN-001148,2024-12-06,Customer Receipt,Inflow,41019.8,SO-002086,Completed,Sales
FIN-001712,2024-12-06,Customer Receipt,Inflow,52001.29,SO-003180,Completed,Sales
FIN-003052,2024-12-06,Customer Receipt,Inflow,16071.12,SO-005536,Completed,Sales
FIN-003841,2024-12-06,Customer Receipt,Inflow,3330.18,SO-006948,Completed,Sales
FIN-003958,2024-12-06,Customer Receipt,Inflow,10490.2,SO-007164,Completed,Sales
FIN-004577,2024-12-06,Customer Receipt,Inflow,5284.2,SO-008283,Completed,Sales
FIN-000687,2024-12-07,Customer Receipt,Inflow,35197.08,SO-001250,Completed,Sales
FIN-001063,2024-12-07,Customer Receipt,Inflow,154508.64,SO-001925,Completed,Sales
FIN-001365,2024-12-07,Customer Receipt,Inflow,54864.6,SO-002503,Completed,Sales
FIN-001582,2024-12-07,Customer Receipt,Inflow,172904.16,SO-002921,Completed,Sales
FIN-001808,2024-12-07,Customer Receipt,Inflow,11426.0,SO-003342,Completed,Sales
FIN-001947,2024-12-07,Customer Receipt,Inflow,22993.01,SO-003601,Completed,Sales
FIN-003196,2024-12-07,Customer Receipt,Inflow,77957.81,SO-005791,Completed,Sales
FIN-003773,2024-12-07,Customer Receipt,Inflow,16574.76,SO-006815,Completed,Sales
FIN-004152,2024-12-07,Customer Receipt,Inflow,96395.71,SO-007524,Completed,Sales
FIN-004534,2024-12-07,Customer Receipt,Inflow,189454.72,SO-008194,Completed,Sales
FIN-005179,2024-12-07,Customer Receipt,Inflow,10138.34,SO-009350,Completed,Sales
FIN-005352,2024-12-07,Customer Receipt,Inflow,202672.4,SO-009649,Completed,Sales
FIN-000406,2024-12-08,Customer Receipt,Inflow,11759.5,SO-000734,Completed,Sales
FIN-000688,2024-12-08,Customer Receipt,Inflow,63593.53,SO-001251,Completed,Sales
FIN-000761,2024-12-08,Customer Receipt,Inflow,6854.95,SO-001367,Completed,Sales
FIN-001445,2024-12-08,Customer Receipt,Inflow,52737.12,SO-002659,Completed,Sales
FIN-001865,2024-12-08,Customer Receipt,Inflow,15983.06,SO-003453,Completed,Sales
FIN-002868,2024-12-08,Customer Receipt,Inflow,22198.14,SO-005231,Completed,Sales
FIN-003177,2024-12-08,Customer Receipt,Inflow,5263.63,SO-005755,Completed,Sales
FIN-004032,2024-12-08,Customer Receipt,Inflow,137437.5,SO-007309,Completed,Sales
FIN-005063,2024-12-08,Customer Receipt,Inflow,65190.12,SO-009144,Completed,Sales
FIN-005904,2024-12-08,Supplier Payment,Outflow,93212.0,PO-00962,Completed,Procurement
FIN-000679,2024-12-09,Customer Receipt,Inflow,35362.9,SO-001231,Completed,Sales
FIN-000742,2024-12-09,Customer Receipt,Inflow,5478.83,SO-001337,Completed,Sales
FIN-000847,2024-12-09,Customer Receipt,Inflow,147710.75,SO-001537,Completed,Sales
FIN-000888,2024-12-09,Customer Receipt,Inflow,105415.42,SO-001615,Completed,Sales
FIN-001093,2024-12-09,Customer Receipt,Inflow,19692.4,SO-001991,Completed,Sales
FIN-002699,2024-12-09,Customer Receipt,Inflow,16887.25,SO-004938,Completed,Sales
FIN-002947,2024-12-09,Customer Receipt,Inflow,197862.65,SO-005371,Completed,Sales
FIN-003378,2024-12-09,Customer Receipt,Inflow,129394.1,SO-006110,Completed,Sales
FIN-004366,2024-12-09,Customer Receipt,Inflow,20957.6,SO-007906,Completed,Sales
FIN-004795,2024-12-09,Customer Receipt,Inflow,36457.38,SO-008671,Completed,Sales
FIN-005154,2024-12-09,Customer Receipt,Inflow,46645.5,SO-009311,Completed,Sales
FIN-005167,2024-12-09,Customer Receipt,Inflow,130289.4,SO-009336,Completed,Sales
FIN-005194,2024-12-09,Customer Receipt,Inflow,26160.89,SO-009376,Completed,Sales
FIN-005269,2024-12-09,Customer Receipt,Inflow,17965.36,SO-009517,Completed,Sales
FIN-005934,2024-12-09,Operating Expense,Outflow,18776.77,EXP-202412-Maintenance,Completed,Maintenance
FIN-000194,2024-12-10,Customer Receipt,Inflow,94344.21,SO-000365,Completed,Sales
FIN-001128,2024-12-10,Customer Receipt,Inflow,87817.84,SO-002056,Completed,Sales
FIN-001192,2024-12-10,Customer Receipt,Inflow,101865.6,SO-002169,Completed,Sales
FIN-001473,2024-12-10,Customer Receipt,Inflow,14837.96,SO-002703,Completed,Sales
FIN-001624,2024-12-10,Customer Receipt,Inflow,18251.55,SO-003007,Completed,Sales
FIN-002793,2024-12-10,Customer Receipt,Inflow,16574.76,SO-005098,Completed,Sales
FIN-005516,2024-12-10,Customer Receipt,Inflow,14327.24,SO-009936,Completed,Sales
FIN-005807,2024-12-10,Supplier Payment,Outflow,40350.1,PO-00709,Completed,Procurement
FIN-000042,2024-12-11,Customer Receipt,Inflow,13784.4,SO-000070,Completed,Sales
FIN-000230,2024-12-11,Customer Receipt,Inflow,178228.7,SO-000421,Completed,Sales
FIN-000513,2024-12-11,Customer Receipt,Inflow,150152.24,SO-000924,Completed,Sales
FIN-000612,2024-12-11,Customer Receipt,Inflow,10043.26,SO-001115,Completed,Sales
FIN-002228,2024-12-11,Customer Receipt,Inflow,43742.28,SO-004140,Completed,Sales
FIN-002254,2024-12-11,Customer Receipt,Inflow,107835.76,SO-004176,Completed,Sales
FIN-002553,2024-12-11,Customer Receipt,Inflow,33678.12,SO-004674,Completed,Sales
FIN-002730,2024-12-11,Customer Receipt,Inflow,182665.8,SO-004999,Completed,Sales
FIN-004753,2024-12-11,Customer Receipt,Inflow,47838.8,SO-008585,Completed,Sales
FIN-005613,2024-12-11,Supplier Payment,Outflow,10796.1,PO-00172,Completed,Procurement
FIN-005931,2024-12-11,Operating Expense,Outflow,65906.66,EXP-202412-Rent,Completed,Rent
FIN-000240,2024-12-12,Customer Receipt,Inflow,47427.03,SO-000445,Completed,Sales
FIN-001186,2024-12-12,Customer Receipt,Inflow,102824.25,SO-002157,Completed,Sales
FIN-001726,2024-12-12,Customer Receipt,Inflow,16780.25,SO-003211,Completed,Sales
FIN-002045,2024-12-12,Customer Receipt,Inflow,66372.12,SO-003804,Completed,Sales
FIN-003442,2024-12-12,Customer Receipt,Inflow,52294.5,SO-006235,Completed,Sales
FIN-003754,2024-12-12,Customer Receipt,Inflow,33754.16,SO-006780,Completed,Sales
FIN-004326,2024-12-12,Customer Receipt,Inflow,19223.32,SO-007838,Completed,Sales
FIN-005933,2024-12-12,Operating Expense,Outflow,214351.76,EXP-202412-Salaries,Completed,Salaries
FIN-000853,2024-12-13,Customer Receipt,Inflow,2594.85,SO-001548,Completed,Sales
FIN-000990,2024-12-13,Customer Receipt,Inflow,71075.64,SO-001785,Completed,Sales
FIN-001982,2024-12-13,Customer Receipt,Inflow,16000.92,SO-003667,Completed,Sales
FIN-002002,2024-12-13,Customer Receipt,Inflow,102973.5,SO-003716,Completed,Sales
FIN-002507,2024-12-13,Customer Receipt,Inflow,5367.68,SO-004602,Completed,Sales
FIN-002832,2024-12-13,Customer Receipt,Inflow,8104.2,SO-005163,Completed,Sales
FIN-003283,2024-12-13,Customer Receipt,Inflow,38951.92,SO-005939,Completed,Sales
FIN-003822,2024-12-13,Customer Receipt,Inflow,16054.75,SO-006915,Completed,Sales
FIN-005242,2024-12-13,Customer Receipt,Inflow,5486.46,SO-009466,Completed,Sales
FIN-005329,2024-12-13,Customer Receipt,Inflow,23708.58,SO-009616,Completed,Sales
FIN-005404,2024-12-13,Customer Receipt,Inflow,9123.32,SO-009738,Completed,Sales
FIN-000459,2024-12-14,Customer Receipt,Inflow,90068.16,SO-000834,Completed,Sales
FIN-001468,2024-12-14,Customer Receipt,Inflow,144419.94,SO-002696,Completed,Sales
FIN-002205,2024-12-14,Customer Receipt,Inflow,179151.6,SO-004103,Completed,Sales
FIN-003150,2024-12-14,Customer Receipt,Inflow,164059.84,SO-005701,Completed,Sales
FIN-003201,2024-12-14,Customer Receipt,Inflow,19223.32,SO-005797,Completed,Sales
FIN-003406,2024-12-14,Customer Receipt,Inflow,48566.96,SO-006157,Completed,Sales
FIN-003422,2024-12-14,Customer Receipt,Inflow,140897.0,SO-006183,Completed,Sales
FIN-004610,2024-12-14,Customer Receipt,Inflow,11093.16,SO-008347,Completed,Sales
FIN-004614,2024-12-14,Customer Receipt,Inflow,48174.5,SO-008353,Completed,Sales
FIN-005211,2024-12-14,Customer Receipt,Inflow,159417.99,SO-009410,Completed,Sales
FIN-000976,2024-12-15,Customer Receipt,Inflow,50581.7,SO-001765,Completed,Sales
FIN-001007,2024-12-15,Customer Receipt,Inflow,12919.68,SO-001817,Completed,Sales
FIN-002972,2024-12-15,Customer Receipt,Inflow,152979.8,SO-005410,Completed,Sales
FIN-003937,2024-12-15,Customer Receipt,Inflow,14841.96,SO-007135,Completed,Sales
FIN-000523,2024-12-16,Customer Receipt,Inflow,91142.2,SO-000942,Completed,Sales
FIN-002838,2024-12-16,Customer Receipt,Inflow,6483.36,SO-005178,Completed,Sales
FIN-005024,2024-12-16,Customer Receipt,Inflow,15549.0,SO-009068,Completed,Sales
FIN-000568,2024-12-17,Customer Receipt,Inflow,6485.84,SO-001022,Completed,Sales
FIN-001306,2024-12-17,Customer Receipt,Inflow,56933.5,SO-002394,Completed,Sales
FIN-001839,2024-12-17,Customer Receipt,Inflow,86162.94,SO-003402,Completed,Sales
FIN-002252,2024-12-17,Customer Receipt,Inflow,122526.39,SO-004173,Completed,Sales
FIN-003039,2024-12-17,Customer Receipt,Inflow,11763.1,SO-005513,Completed,Sales
FIN-003249,2024-12-17,Customer Receipt,Inflow,71034.3,SO-005892,Completed,Sales
FIN-003393,2024-12-17,Customer Receipt,Inflow,14340.8,SO-006132,Completed,Sales
FIN-004782,2024-12-17,Customer Receipt,Inflow,4027.26,SO-008647,Completed,Sales
FIN-005291,2024-12-17,Customer Receipt,Inflow,129739.07,SO-009554,Completed,Sales
FIN-005935,2024-12-17,Operating Expense,Outflow,8181.58,EXP-202412-Software,Completed,Software
FIN-001217,2024-12-18,Customer Receipt,Inflow,1989.53,SO-002211,Completed,Sales
FIN-001640,2024-12-18,Customer Receipt,Inflow,106900.76,SO-003040,Completed,Sales
FIN-002558,2024-12-18,Customer Receipt,Inflow,4810.96,SO-004685,Completed,Sales
FIN-003302,2024-12-18,Customer Receipt,Inflow,35007.54,SO-005977,Completed,Sales
FIN-004794,2024-12-18,Customer Receipt,Inflow,46695.43,SO-008670,Completed,Sales
FIN-004875,2024-12-18,Customer Receipt,Inflow,52091.2,SO-008792,Completed,Sales
FIN-005088,2024-12-18,Customer Receipt,Inflow,60109.62,SO-009195,Completed,Sales
FIN-005128,2024-12-18,Customer Receipt,Inflow,49468.7,SO-009265,Completed,Sales
FIN-005397,2024-12-18,Customer Receipt,Inflow,19732.24,SO-009725,Completed,Sales
FIN-000004,2024-12-19,Customer Receipt,Inflow,52707.48,SO-000008,Completed,Sales
FIN-001017,2024-12-19,Customer Receipt,Inflow,38783.4,SO-001835,Completed,Sales
FIN-001141,2024-12-19,Customer Receipt,Inflow,3788.68,SO-002072,Completed,Sales
FIN-002055,2024-12-19,Customer Receipt,Inflow,133881.2,SO-003824,Completed,Sales
FIN-002072,2024-12-19,Customer Receipt,Inflow,7550.06,SO-003850,Completed,Sales
FIN-002472,2024-12-19,Customer Receipt,Inflow,111457.42,SO-004545,Completed,Sales
FIN-003255,2024-12-19,Customer Receipt,Inflow,46593.96,SO-005903,Completed,Sales
FIN-003638,2024-12-19,Customer Receipt,Inflow,9032.88,SO-006600,Completed,Sales
FIN-003897,2024-12-19,Customer Receipt,Inflow,48400.31,SO-007064,Completed,Sales
FIN-004170,2024-12-19,Customer Receipt,Inflow,139335.66,SO-007557,Completed,Sales
FIN-004391,2024-12-19,Customer Receipt,Inflow,18969.48,SO-007945,Completed,Sales
FIN-004405,2024-12-19,Customer Receipt,Inflow,90232.94,SO-007976,Completed,Sales
FIN-004485,2024-12-19,Customer Receipt,Inflow,4143.48,SO-008107,Completed,Sales
FIN-005936,2024-12-19,Operating Expense,Outflow,22983.2,EXP-202412-Transport,Completed,Transport
FIN-000411,2024-12-20,Customer Receipt,Inflow,83169.02,SO-000739,Completed,Sales
FIN-000602,2024-12-20,Customer Receipt,Inflow,92493.87,SO-001084,Completed,Sales
FIN-000794,2024-12-20,Customer Receipt,Inflow,110930.1,SO-001434,Completed,Sales
FIN-001244,2024-12-20,Customer Receipt,Inflow,38518.97,SO-002264,Completed,Sales
FIN-001367,2024-12-20,Customer Receipt,Inflow,19916.68,SO-002508,Completed,Sales
FIN-001996,2024-12-20,Customer Receipt,Inflow,6557.66,SO-003703,Completed,Sales
FIN-002298,2024-12-20,Customer Receipt,Inflow,67495.14,SO-004256,Completed,Sales
FIN-002613,2024-12-20,Customer Receipt,Inflow,2202.61,SO-004775,Completed,Sales
FIN-002775,2024-12-20,Customer Receipt,Inflow,113124.96,SO-005070,Completed,Sales
FIN-002930,2024-12-20,Customer Receipt,Inflow,78333.15,SO-005342,Completed,Sales
FIN-003376,2024-12-20,Customer Receipt,Inflow,18436.7,SO-006107,Completed,Sales
FIN-003432,2024-12-20,Customer Receipt,Inflow,140704.8,SO-006216,Completed,Sales
FIN-004188,2024-12-20,Customer Receipt,Inflow,44533.92,SO-007585,Completed,Sales
FIN-005107,2024-12-20,Customer Receipt,Inflow,2072.76,SO-009224,Completed,Sales
FIN-005248,2024-12-20,Customer Receipt,Inflow,160105.2,SO-009475,Completed,Sales
FIN-000313,2024-12-21,Customer Receipt,Inflow,51187.8,SO-000583,Completed,Sales
FIN-000450,2024-12-21,Customer Receipt,Inflow,36563.89,SO-000812,Completed,Sales
FIN-000722,2024-12-21,Customer Receipt,Inflow,35358.6,SO-001309,Completed,Sales
FIN-001153,2024-12-21,Customer Receipt,Inflow,140971.2,SO-002094,Completed,Sales
FIN-001163,2024-12-21,Customer Receipt,Inflow,26323.28,SO-002114,Completed,Sales
FIN-001413,2024-12-21,Customer Receipt,Inflow,36657.32,SO-002597,Completed,Sales
FIN-001493,2024-12-21,Customer Receipt,Inflow,130443.5,SO-002741,Completed,Sales
FIN-001988,2024-12-21,Customer Receipt,Inflow,173949.0,SO-003678,Completed,Sales
FIN-004289,2024-12-21,Customer Receipt,Inflow,69919.74,SO-007772,Completed,Sales
FIN-004568,2024-12-21,Customer Receipt,Inflow,24348.84,SO-008266,Completed,Sales
FIN-005136,2024-12-21,Customer Receipt,Inflow,38447.99,SO-009281,Completed,Sales
FIN-005367,2024-12-21,Customer Receipt,Inflow,9568.46,SO-009671,Completed,Sales
FIN-005915,2024-12-21,Supplier Payment,Outflow,27858.2,PO-00997,Completed,Procurement
FIN-000496,2024-12-22,Customer Receipt,Inflow,7563.0,SO-000900,Completed,Sales
FIN-000625,2024-12-22,Customer Receipt,Inflow,92890.44,SO-001138,Completed,Sales
FIN-000633,2024-12-22,Customer Receipt,Inflow,50397.21,SO-001152,Completed,Sales
FIN-001003,2024-12-22,Customer Receipt,Inflow,16216.32,SO-001810,Completed,Sales
FIN-001522,2024-12-22,Customer Receipt,Inflow,32335.6,SO-002808,Completed,Sales
FIN-002087,2024-12-22,Customer Receipt,Inflow,38838.54,SO-003879,Completed,Sales
FIN-002447,2024-12-22,Customer Receipt,Inflow,53304.4,SO-004506,Completed,Sales
FIN-003331,2024-12-22,Customer Receipt,Inflow,16645.68,SO-006025,Completed,Sales
FIN-004084,2024-12-22,Customer Receipt,Inflow,32595.06,SO-007398,Completed,Sales
FIN-004339,2024-12-22,Customer Receipt,Inflow,113655.96,SO-007867,Completed,Sales
FIN-004404,2024-12-22,Customer Receipt,Inflow,88331.52,SO-007975,Completed,Sales
FIN-000617,2024-12-23,Customer Receipt,Inflow,14351.64,SO-001125,Completed,Sales
FIN-000860,2024-12-23,Customer Receipt,Inflow,103865.72,SO-001562,Completed,Sales
FIN-002001,2024-12-23,Customer Receipt,Inflow,68644.2,SO-003715,Completed,Sales
FIN-002098,2024-12-23,Customer Receipt,Inflow,26776.24,SO-003899,Completed,Sales
FIN-004079,2024-12-23,Customer Receipt,Inflow,22715.4,SO-007393,Completed,Sales
FIN-004179,2024-12-23,Customer Receipt,Inflow,117631.0,SO-007571,Completed,Sales
FIN-004822,2024-12-23,Customer Receipt,Inflow,105272.6,SO-008710,Completed,Sales
FIN-004985,2024-12-23,Customer Receipt,Inflow,76698.6,SO-008990,Completed,Sales
FIN-005324,2024-12-23,Customer Receipt,Inflow,27467.9,SO-009610,Completed,Sales
FIN-005885,2024-12-23,Supplier Payment,Outflow,155466.0,PO-00917,Completed,Procurement
FIN-000396,2024-12-24,Customer Receipt,Inflow,22010.84,SO-000720,Completed,Sales
FIN-001135,2024-12-24,Customer Receipt,Inflow,12278.76,SO-002065,Completed,Sales
FIN-001252,2024-12-24,Customer Receipt,Inflow,11877.14,SO-002285,Completed,Sales
FIN-003618,2024-12-24,Customer Receipt,Inflow,6894.5,SO-006559,Completed,Sales
FIN-003881,2024-12-24,Customer Receipt,Inflow,7010.77,SO-007031,Completed,Sales
FIN-003904,2024-12-24,Customer Receipt,Inflow,154866.9,SO-007077,Completed,Sales
FIN-004247,2024-12-24,Customer Receipt,Inflow,135280.75,SO-007685,Completed,Sales
FIN-004504,2024-12-24,Customer Receipt,Inflow,182811.44,SO-008145,Completed,Sales
FIN-004505,2024-12-24,Customer Receipt,Inflow,95928.2,SO-008146,Completed,Sales
FIN-004653,2024-12-24,Customer Receipt,Inflow,65301.83,SO-008420,Completed,Sales
FIN-000121,2024-12-25,Customer Receipt,Inflow,110484.15,SO-000220,Completed,Sales
FIN-001464,2024-12-25,Customer Receipt,Inflow,7680.14,SO-002688,Completed,Sales
FIN-001583,2024-12-25,Customer Receipt,Inflow,57030.45,SO-002923,Completed,Sales
FIN-003037,2024-12-25,Customer Receipt,Inflow,117473.78,SO-005510,Completed,Sales
FIN-004242,2024-12-25,Customer Receipt,Inflow,155662.72,SO-007678,Completed,Sales
FIN-004887,2024-12-25,Customer Receipt,Inflow,40540.72,SO-008816,Completed,Sales
FIN-004910,2024-12-25,Customer Receipt,Inflow,59383.2,SO-008855,Completed,Sales
FIN-005577,2024-12-25,Supplier Payment,Outflow,567262.0,PO-00056,Completed,Procurement
FIN-005700,2024-12-25,Supplier Payment,Outflow,8294.0,PO-00416,Completed,Procurement
FIN-000237,2024-12-26,Customer Receipt,Inflow,22960.15,SO-000438,Completed,Sales
FIN-000905,2024-12-26,Customer Receipt,Inflow,124348.35,SO-001643,Completed,Sales
FIN-000996,2024-12-26,Customer Receipt,Inflow,169989.56,SO-001796,Completed,Sales
FIN-001243,2024-12-26,Customer Receipt,Inflow,12156.3,SO-002263,Completed,Sales
FIN-002938,2024-12-26,Customer Receipt,Inflow,42274.35,SO-005355,Completed,Sales
FIN-003708,2024-12-26,Customer Receipt,Inflow,88474.24,SO-006706,Completed,Sales
FIN-004145,2024-12-26,Customer Receipt,Inflow,165070.31,SO-007513,Completed,Sales
FIN-004273,2024-12-26,Customer Receipt,Inflow,64369.98,SO-007744,Completed,Sales
FIN-005526,2024-12-26,Customer Receipt,Inflow,58794.39,SO-009950,Completed,Sales
FIN-005644,2024-12-26,Supplier Payment,Outflow,3093.5,PO-00244,Completed,Procurement
FIN-005704,2024-12-26,Supplier Payment,Outflow,40619.5,PO-00422,Completed,Procurement
FIN-005892,2024-12-26,Supplier Payment,Outflow,397438.0,PO-00936,Completed,Procurement
FIN-002424,2024-12-27,Customer Receipt,Inflow,57843.76,SO-004463,Completed,Sales
FIN-003639,2024-12-27,Customer Receipt,Inflow,34982.08,SO-006602,Completed,Sales
FIN-003954,2024-12-27,Customer Receipt,Inflow,10735.36,SO-007158,Completed,Sales
FIN-004304,2024-12-27,Customer Receipt,Inflow,33887.14,SO-007797,Completed,Sales
FIN-004355,2024-12-27,Customer Receipt,Inflow,12211.48,SO-007887,Completed,Sales
FIN-004368,2024-12-27,Customer Receipt,Inflow,18661.76,SO-007908,Completed,Sales
FIN-005292,2024-12-27,Customer Receipt,Inflow,44702.2,SO-009557,Completed,Sales
FIN-000102,2024-12-28,Customer Receipt,Inflow,124234.66,SO-000180,Completed,Sales
FIN-000284,2024-12-28,Customer Receipt,Inflow,2851.11,SO-000527,Completed,Sales
FIN-000401,2024-12-28,Customer Receipt,Inflow,92654.76,SO-000729,Completed,Sales
FIN-000550,2024-12-28,Customer Receipt,Inflow,29598.08,SO-000987,Completed,Sales
FIN-000709,2024-12-28,Customer Receipt,Inflow,5132.96,SO-001290,Completed,Sales
FIN-001002,2024-12-28,Customer Receipt,Inflow,85725.75,SO-001809,Completed,Sales
FIN-001016,2024-12-28,Customer Receipt,Inflow,61053.68,SO-001833,Completed,Sales
FIN-002222,2024-12-28,Customer Receipt,Inflow,126207.69,SO-004130,Completed,Sales
FIN-004075,2024-12-28,Customer Receipt,Inflow,106289.0,SO-007386,Completed,Sales
FIN-004831,2024-12-28,Customer Receipt,Inflow,28681.6,SO-008726,Completed,Sales
FIN-005226,2024-12-28,Customer Receipt,Inflow,23873.04,SO-009444,Completed,Sales
FIN-005236,2024-12-28,Customer Receipt,Inflow,174881.28,SO-009458,Completed,Sales
FIN-000031,2024-12-29,Customer Receipt,Inflow,136051.08,SO-000054,Completed,Sales
FIN-000997,2024-12-29,Customer Receipt,Inflow,4576.28,SO-001797,Completed,Sales
FIN-001613,2024-12-29,Customer Receipt,Inflow,58810.3,SO-002986,Completed,Sales
FIN-001985,2024-12-29,Customer Receipt,Inflow,33289.08,SO-003672,Completed,Sales
FIN-002981,2024-12-29,Customer Receipt,Inflow,127941.18,SO-005424,Completed,Sales
FIN-003479,2024-12-29,Customer Receipt,Inflow,143695.8,SO-006303,Completed,Sales
FIN-004173,2024-12-29,Customer Receipt,Inflow,7299.0,SO-007562,Completed,Sales
FIN-000486,2024-12-30,Customer Receipt,Inflow,57731.52,SO-000881,Completed,Sales
FIN-000604,2024-12-30,Customer Receipt,Inflow,39975.6,SO-001089,Completed,Sales
FIN-001226,2024-12-30,Customer Receipt,Inflow,73665.2,SO-002229,Completed,Sales
FIN-001398,2024-12-30,Customer Receipt,Inflow,22634.1,SO-002570,Completed,Sales
FIN-001570,2024-12-30,Customer Receipt,Inflow,20296.2,SO-002900,Completed,Sales
FIN-001585,2024-12-30,Customer Receipt,Inflow,2781.24,SO-002927,Completed,Sales
FIN-001825,2024-12-30,Customer Receipt,Inflow,138175.7,SO-003368,Completed,Sales
FIN-002162,2024-12-30,Customer Receipt,Inflow,91869.6,SO-004029,Completed,Sales
FIN-002676,2024-12-30,Customer Receipt,Inflow,160507.2,SO-004892,Completed,Sales
FIN-004469,2024-12-30,Customer Receipt,Inflow,12794.44,SO-008080,Completed,Sales
FIN-004994,2024-12-30,Customer Receipt,Inflow,30335.8,SO-009009,Completed,Sales
FIN-005675,2024-12-30,Supplier Payment,Outflow,198736.5,PO-00330,Completed,Procurement
FIN-000076,2024-12-31,Customer Receipt,Inflow,17468.19,SO-000128,Completed,Sales
FIN-000991,2024-12-31,Customer Receipt,Inflow,43212.68,SO-001788,Completed,Sales
FIN-001560,2024-12-31,Customer Receipt,Inflow,16619.95,SO-002882,Completed,Sales
FIN-001905,2024-12-31,Customer Receipt,Inflow,121860.9,SO-003528,Completed,Sales
FIN-002727,2024-12-31,Customer Receipt,Inflow,38285.0,SO-004995,Completed,Sales
FIN-003999,2024-12-31,Customer Receipt,Inflow,35831.24,SO-007241,Completed,Sales
FIN-005020,2024-12-31,Customer Receipt,Inflow,18779.28,SO-009058,Completed,Sales
FIN-005297,2024-12-31,Customer Receipt,Inflow,42832.32,SO-009564,Completed,Sales
FIN-001596,2025-01-01,Customer Receipt,Inflow,170886.56,SO-002950,Completed,Sales
FIN-002742,2025-01-01,Customer Receipt,Inflow,167598.64,SO-005017,Completed,Sales
FIN-002816,2025-01-01,Customer Receipt,Inflow,29253.55,SO-005133,Completed,Sales
FIN-003254,2025-01-01,Customer Receipt,Inflow,30862.37,SO-005899,Completed,Sales
FIN-004050,2025-01-01,Customer Receipt,Inflow,93019.68,SO-007342,Completed,Sales
FIN-005378,2025-01-01,Customer Receipt,Inflow,41672.96,SO-009689,Completed,Sales
FIN-000300,2025-01-02,Customer Receipt,Inflow,2851.11,SO-000559,Completed,Sales
FIN-001072,2025-01-02,Customer Receipt,Inflow,45473.46,SO-001945,Completed,Sales
FIN-001638,2025-01-02,Customer Receipt,Inflow,10574.45,SO-003037,Completed,Sales
FIN-001799,2025-01-02,Customer Receipt,Inflow,11767.08,SO-003327,Completed,Sales
FIN-002010,2025-01-02,Customer Receipt,Inflow,79383.24,SO-003731,Completed,Sales
FIN-002053,2025-01-02,Customer Receipt,Inflow,72914.76,SO-003818,Completed,Sales
FIN-002071,2025-01-02,Customer Receipt,Inflow,30685.6,SO-003847,Completed,Sales
FIN-002119,2025-01-02,Customer Receipt,Inflow,35281.44,SO-003941,Completed,Sales
FIN-002534,2025-01-02,Customer Receipt,Inflow,207182.64,SO-004649,Completed,Sales
FIN-002772,2025-01-02,Customer Receipt,Inflow,73868.55,SO-005067,Completed,Sales
FIN-005656,2025-01-02,Supplier Payment,Outflow,82082.8,PO-00276,Completed,Procurement
FIN-000173,2025-01-03,Customer Receipt,Inflow,87950.2,SO-000315,Completed,Sales
FIN-000881,2025-01-03,Customer Receipt,Inflow,62442.87,SO-001604,Completed,Sales
FIN-001350,2025-01-03,Customer Receipt,Inflow,12670.21,SO-002474,Completed,Sales
FIN-001513,2025-01-03,Customer Receipt,Inflow,8412.99,SO-002791,Completed,Sales
FIN-003029,2025-01-03,Customer Receipt,Inflow,81565.75,SO-005495,Completed,Sales
FIN-003970,2025-01-03,Customer Receipt,Inflow,107251.6,SO-007180,Completed,Sales
FIN-004171,2025-01-03,Customer Receipt,Inflow,41911.8,SO-007560,Completed,Sales
FIN-004407,2025-01-03,Customer Receipt,Inflow,41718.51,SO-007983,Completed,Sales
FIN-005323,2025-01-03,Customer Receipt,Inflow,50539.74,SO-009607,Completed,Sales
FIN-005762,2025-01-03,Supplier Payment,Outflow,75916.0,PO-00578,Completed,Procurement
FIN-000681,2025-01-04,Customer Receipt,Inflow,50274.4,SO-001235,Completed,Sales
FIN-001648,2025-01-04,Customer Receipt,Inflow,86123.64,SO-003059,Completed,Sales
FIN-002386,2025-01-04,Customer Receipt,Inflow,9463.87,SO-004398,Completed,Sales
FIN-002586,2025-01-04,Customer Receipt,Inflow,111211.38,SO-004736,Completed,Sales
FIN-002598,2025-01-04,Customer Receipt,Inflow,1563.12,SO-004753,Completed,Sales
FIN-003864,2025-01-04,Customer Receipt,Inflow,85075.99,SO-006998,Completed,Sales
FIN-004126,2025-01-04,Customer Receipt,Inflow,8533.2,SO-007478,Completed,Sales
FIN-004569,2025-01-04,Customer Receipt,Inflow,5464.72,SO-008268,Completed,Sales
FIN-004655,2025-01-04,Customer Receipt,Inflow,8531.97,SO-008422,Completed,Sales
FIN-005333,2025-01-04,Customer Receipt,Inflow,15100.12,SO-009620,Completed,Sales
FIN-005939,2025-01-04,Operating Expense,Outflow,197912.1,EXP-202501-Salaries,Completed,Salaries
FIN-000601,2025-01-05,Customer Receipt,Inflow,78689.6,SO-001083,Completed,Sales
FIN-000632,2025-01-05,Customer Receipt,Inflow,26431.66,SO-001151,Completed,Sales
FIN-000750,2025-01-05,Customer Receipt,Inflow,57428.69,SO-001352,Completed,Sales
FIN-001377,2025-01-05,Customer Receipt,Inflow,38305.15,SO-002525,Completed,Sales
FIN-001568,2025-01-05,Customer Receipt,Inflow,4811.16,SO-002895,Completed,Sales
FIN-002584,2025-01-05,Customer Receipt,Inflow,108178.02,SO-004732,Completed,Sales
FIN-002966,2025-01-05,Customer Receipt,Inflow,25440.6,SO-005400,Completed,Sales
FIN-004472,2025-01-05,Customer Receipt,Inflow,24817.52,SO-008084,Completed,Sales
FIN-005002,2025-01-05,Customer Receipt,Inflow,11707.44,SO-009025,Completed,Sales
FIN-005254,2025-01-05,Customer Receipt,Inflow,62495.5,SO-009482,Completed,Sales
FIN-005710,2025-01-05,Supplier Payment,Outflow,61955.2,PO-00439,Completed,Procurement
FIN-000848,2025-01-06,Customer Receipt,Inflow,189472.75,SO-001538,Completed,Sales
FIN-000890,2025-01-06,Customer Receipt,Inflow,148406.1,SO-001618,Completed,Sales
FIN-000933,2025-01-06,Customer Receipt,Inflow,6469.68,SO-001687,Completed,Sales
FIN-001460,2025-01-06,Customer Receipt,Inflow,1468.92,SO-002683,Completed,Sales
FIN-001484,2025-01-06,Customer Receipt,Inflow,7185.36,SO-002719,Completed,Sales
FIN-002490,2025-01-06,Customer Receipt,Inflow,137056.66,SO-004572,Completed,Sales
FIN-002983,2025-01-06,Customer Receipt,Inflow,60722.34,SO-005426,Completed,Sales
FIN-004490,2025-01-06,Customer Receipt,Inflow,19220.74,SO-008115,Completed,Sales
FIN-004861,2025-01-06,Customer Receipt,Inflow,9911.25,SO-008778,Completed,Sales
FIN-005571,2025-01-06,Supplier Payment,Outflow,61540.5,PO-00041,Completed,Procurement
FIN-000782,2025-01-07,Customer Receipt,Inflow,45503.84,SO-001412,Completed,Sales
FIN-003088,2025-01-07,Customer Receipt,Inflow,11893.88,SO-005599,Completed,Sales
FIN-003819,2025-01-07,Customer Receipt,Inflow,8068.36,SO-006908,Completed,Sales
FIN-004803,2025-01-07,Customer Receipt,Inflow,41321.4,SO-008683,Completed,Sales
FIN-004809,2025-01-07,Customer Receipt,Inflow,7443.0,SO-008690,Completed,Sales
FIN-005670,2025-01-07,Supplier Payment,Outflow,170012.5,PO-00320,Completed,Procurement
FIN-005837,2025-01-07,Supplier Payment,Outflow,67857.0,PO-00780,Completed,Procurement
FIN-001843,2025-01-08,Customer Receipt,Inflow,7163.62,SO-003408,Completed,Sales
FIN-003050,2025-01-08,Customer Receipt,Inflow,182719.26,SO-005532,Completed,Sales
FIN-003508,2025-01-08,Customer Receipt,Inflow,192344.53,SO-006358,Completed,Sales
FIN-000065,2025-01-09,Customer Receipt,Inflow,78848.64,SO-000112,Completed,Sales
FIN-000887,2025-01-09,Customer Receipt,Inflow,7803.32,SO-001614,Completed,Sales
FIN-001182,2025-01-09,Customer Receipt,Inflow,59140.34,SO-002152,Completed,Sales
FIN-002128,2025-01-09,Customer Receipt,Inflow,68807.68,SO-003964,Completed,Sales
FIN-002936,2025-01-09,Customer Receipt,Inflow,108003.7,SO-005350,Completed,Sales
FIN-003942,2025-01-09,Customer Receipt,Inflow,65567.32,SO-007141,Completed,Sales
FIN-005315,2025-01-09,Customer Receipt,Inflow,10514.88,SO-009592,Completed,Sales
FIN-005550,2025-01-09,Customer Receipt,Inflow,8688.9,SO-009989,Completed,Sales
FIN-005647,2025-01-09,Supplier Payment,Outflow,19113.2,PO-00256,Completed,Procurement
FIN-001071,2025-01-10,Customer Receipt,Inflow,87590.0,SO-001942,Completed,Sales
FIN-001682,2025-01-10,Customer Receipt,Inflow,16336.65,SO-003119,Completed,Sales
FIN-004000,2025-01-10,Customer Receipt,Inflow,13902.24,SO-007244,Completed,Sales
FIN-004290,2025-01-10,Customer Receipt,Inflow,23345.4,SO-007776,Completed,Sales
FIN-004478,2025-01-10,Customer Receipt,Inflow,49577.22,SO-008097,Completed,Sales
FIN-004529,2025-01-10,Customer Receipt,Inflow,50083.19,SO-008185,Completed,Sales
FIN-004739,2025-01-10,Customer Receipt,Inflow,71336.64,SO-008561,Completed,Sales
FIN-005379,2025-01-10,Customer Receipt,Inflow,49485.9,SO-009690,Completed,Sales
FIN-000154,2025-01-11,Customer Receipt,Inflow,26810.0,SO-000274,Completed,Sales
FIN-001479,2025-01-11,Customer Receipt,Inflow,172954.2,SO-002712,Completed,Sales
FIN-002079,2025-01-11,Customer Receipt,Inflow,62986.9,SO-003864,Completed,Sales
FIN-002563,2025-01-11,Customer Receipt,Inflow,67673.76,SO-004697,Completed,Sales
FIN-002725,2025-01-11,Customer Receipt,Inflow,1494.23,SO-004991,Completed,Sales
FIN-003047,2025-01-11,Customer Receipt,Inflow,61246.32,SO-005527,Completed,Sales
FIN-004322,2025-01-11,Customer Receipt,Inflow,94270.8,SO-007831,Completed,Sales
FIN-005863,2025-01-11,Supplier Payment,Outflow,24166.7,PO-00854,Completed,Procurement
FIN-001295,2025-01-12,Customer Receipt,Inflow,47305.28,SO-002371,Completed,Sales
FIN-001490,2025-01-12,Customer Receipt,Inflow,100127.88,SO-002732,Completed,Sales
FIN-001753,2025-01-12,Customer Receipt,Inflow,23662.28,SO-003248,Completed,Sales
FIN-001908,2025-01-12,Customer Receipt,Inflow,55152.86,SO-003534,Completed,Sales
FIN-002173,2025-01-12,Customer Receipt,Inflow,9007.5,SO-004042,Completed,Sales
FIN-002931,2025-01-12,Customer Receipt,Inflow,75559.9,SO-005343,Completed,Sales
FIN-003404,2025-01-12,Customer Receipt,Inflow,13438.75,SO-006154,Completed,Sales
FIN-004531,2025-01-12,Customer Receipt,Inflow,116587.52,SO-008187,Completed,Sales
FIN-004975,2025-01-12,Customer Receipt,Inflow,2840.17,SO-008972,Completed,Sales
FIN-004987,2025-01-12,Customer Receipt,Inflow,25592.22,SO-008996,Completed,Sales
FIN-005895,2025-01-12,Supplier Payment,Outflow,37915.4,PO-00940,Completed,Procurement
FIN-000243,2025-01-13,Customer Receipt,Inflow,44402.8,SO-000453,Completed,Sales
FIN-000590,2025-01-13,Customer Receipt,Inflow,6471.48,SO-001067,Completed,Sales
FIN-000774,2025-01-13,Customer Receipt,Inflow,84218.08,SO-001389,Completed,Sales
FIN-001363,2025-01-13,Customer Receipt,Inflow,20346.59,SO-002498,Completed,Sales
FIN-001876,2025-01-13,Customer Receipt,Inflow,6029.27,SO-003481,Completed,Sales
FIN-002325,2025-01-13,Customer Receipt,Inflow,46819.9,SO-004304,Completed,Sales
FIN-002858,2025-01-13,Customer Receipt,Inflow,2269.7,SO-005210,Completed,Sales
FIN-005809,2025-01-13,Supplier Payment,Outflow,208342.0,PO-00714,Completed,Procurement
FIN-000002,2025-01-14,Customer Receipt,Inflow,37815.0,SO-000005,Completed,Sales
FIN-000378,2025-01-14,Customer Receipt,Inflow,40560.74,SO-000685,Completed,Sales
FIN-001867,2025-01-14,Customer Receipt,Inflow,50054.72,SO-003460,Completed,Sales
FIN-002008,2025-01-14,Customer Receipt,Inflow,2178.12,SO-003729,Completed,Sales
FIN-003232,2025-01-14,Customer Receipt,Inflow,12891.48,SO-005862,Completed,Sales
FIN-004297,2025-01-14,Customer Receipt,Inflow,12967.8,SO-007788,Completed,Sales
FIN-005774,2025-01-14,Supplier Payment,Outflow,172065.0,PO-00596,Completed,Procurement
FIN-005942,2025-01-14,Operating Expense,Outflow,35401.8,EXP-202501-Transport,Completed,Transport
FIN-000110,2025-01-15,Customer Receipt,Inflow,95083.17,SO-000195,Completed,Sales
FIN-000292,2025-01-15,Customer Receipt,Inflow,81492.48,SO-000543,Completed,Sales
FIN-000963,2025-01-15,Customer Receipt,Inflow,126242.2,SO-001743,Completed,Sales
FIN-003163,2025-01-15,Customer Receipt,Inflow,25833.5,SO-005723,Completed,Sales
FIN-003641,2025-01-15,Customer Receipt,Inflow,125830.2,SO-006604,Completed,Sales
FIN-004111,2025-01-15,Customer Receipt,Inflow,116690.49,SO-007446,Completed,Sales
FIN-005375,2025-01-15,Customer Receipt,Inflow,8789.2,SO-009681,Completed,Sales
FIN-005941,2025-01-15,Operating Expense,Outflow,8450.89,EXP-202501-Software,Completed,Software
FIN-001120,2025-01-16,Customer Receipt,Inflow,38599.56,SO-002045,Completed,Sales
FIN-001388,2025-01-16,Customer Receipt,Inflow,9401.76,SO-002550,Completed,Sales
FIN-001659,2025-01-16,Customer Receipt,Inflow,178.97,SO-003076,Completed,Sales
FIN-002495,2025-01-16,Customer Receipt,Inflow,44621.85,SO-004579,Completed,Sales
FIN-003229,2025-01-16,Customer Receipt,Inflow,63256.92,SO-005857,Completed,Sales
FIN-003482,2025-01-16,Customer Receipt,Inflow,25929.36,SO-006310,Completed,Sales
FIN-003972,2025-01-16,Customer Receipt,Inflow,49230.0,SO-007190,Completed,Sales
FIN-005473,2025-01-16,Customer Receipt,Inflow,173719.2,SO-009877,Completed,Sales
FIN-005581,2025-01-16,Supplier Payment,Outflow,42492.1,PO-00065,Completed,Procurement
FIN-005937,2025-01-16,Operating Expense,Outflow,59867.98,EXP-202501-Rent,Completed,Rent
FIN-005940,2025-01-16,Operating Expense,Outflow,26722.53,EXP-202501-Maintenance,Completed,Maintenance
FIN-001586,2025-01-17,Customer Receipt,Inflow,6591.9,SO-002930,Completed,Sales
FIN-001742,2025-01-17,Customer Receipt,Inflow,61126.24,SO-003233,Completed,Sales
FIN-003721,2025-01-17,Customer Receipt,Inflow,15539.03,SO-006729,Completed,Sales
FIN-005202,2025-01-17,Customer Receipt,Inflow,149993.2,SO-009394,Completed,Sales
FIN-001228,2025-01-18,Customer Receipt,Inflow,58802.4,SO-002237,Completed,Sales
FIN-001240,2025-01-18,Customer Receipt,Inflow,52139.78,SO-002254,Completed,Sales
FIN-001301,2025-01-18,Customer Receipt,Inflow,64559.03,SO-002386,Completed,Sales
FIN-001769,2025-01-18,Customer Receipt,Inflow,29615.03,SO-003277,Completed,Sales
FIN-002196,2025-01-18,Customer Receipt,Inflow,21334.11,SO-004092,Completed,Sales
FIN-003532,2025-01-18,Customer Receipt,Inflow,155743.84,SO-006415,Completed,Sales
FIN-004156,2025-01-18,Customer Receipt,Inflow,76257.6,SO-007532,Completed,Sales
FIN-004548,2025-01-18,Customer Receipt,Inflow,132162.25,SO-008229,Completed,Sales
FIN-001535,2025-01-19,Customer Receipt,Inflow,72343.6,SO-002833,Completed,Sales
FIN-001929,2025-01-19,Customer Receipt,Inflow,26527.04,SO-003575,Completed,Sales
FIN-002136,2025-01-19,Customer Receipt,Inflow,29743.75,SO-003976,Completed,Sales
FIN-002389,2025-01-19,Customer Receipt,Inflow,123582.78,SO-004401,Completed,Sales
FIN-002779,2025-01-19,Customer Receipt,Inflow,39362.48,SO-005075,Completed,Sales
FIN-003489,2025-01-19,Customer Receipt,Inflow,4203.15,SO-006321,Completed,Sales
FIN-005938,2025-01-19,Operating Expense,Outflow,18349.9,EXP-202501-Utilities,Completed,Utilities
FIN-000909,2025-01-20,Customer Receipt,Inflow,22625.4,SO-001647,Completed,Sales
FIN-002723,2025-01-20,Customer Receipt,Inflow,86369.83,SO-004987,Completed,Sales
FIN-003337,2025-01-20,Customer Receipt,Inflow,4231.32,SO-006033,Completed,Sales
FIN-003702,2025-01-20,Customer Receipt,Inflow,20167.35,SO-006698,Completed,Sales
FIN-004232,2025-01-20,Customer Receipt,Inflow,38754.2,SO-007662,Completed,Sales
FIN-004408,2025-01-20,Customer Receipt,Inflow,43684.81,SO-007985,Completed,Sales
FIN-004676,2025-01-20,Customer Receipt,Inflow,20468.0,SO-008455,Completed,Sales
FIN-005708,2025-01-20,Supplier Payment,Outflow,36160.4,PO-00432,Completed,Procurement
FIN-000519,2025-01-21,Customer Receipt,Inflow,11588.4,SO-000936,Completed,Sales
FIN-000535,2025-01-21,Customer Receipt,Inflow,46405.84,SO-000959,Completed,Sales
FIN-000978,2025-01-21,Customer Receipt,Inflow,42267.68,SO-001769,Completed,Sales
FIN-002432,2025-01-21,Customer Receipt,Inflow,98322.12,SO-004477,Completed,Sales
FIN-002547,2025-01-21,Customer Receipt,Inflow,16216.53,SO-004666,Completed,Sales
FIN-002787,2025-01-21,Customer Receipt,Inflow,45629.54,SO-005088,Completed,Sales
FIN-003461,2025-01-21,Customer Receipt,Inflow,75288.07,SO-006268,Completed,Sales
FIN-004181,2025-01-21,Customer Receipt,Inflow,18818.02,SO-007573,Completed,Sales
FIN-004252,2025-01-21,Customer Receipt,Inflow,25592.22,SO-007696,Completed,Sales
FIN-000508,2025-01-22,Customer Receipt,Inflow,38767.42,SO-000915,Completed,Sales
FIN-000592,2025-01-22,Customer Receipt,Inflow,6690.36,SO-001071,Completed,Sales
FIN-001314,2025-01-22,Customer Receipt,Inflow,28810.5,SO-002410,Completed,Sales
FIN-002620,2025-01-22,Customer Receipt,Inflow,118087.44,SO-004785,Completed,Sales
FIN-003526,2025-01-22,Customer Receipt,Inflow,38800.4,SO-006403,Completed,Sales
FIN-003591,2025-01-22,Customer Receipt,Inflow,38779.86,SO-006514,Completed,Sales
FIN-004523,2025-01-22,Customer Receipt,Inflow,5555.74,SO-008175,Completed,Sales
FIN-005237,2025-01-22,Customer Receipt,Inflow,116894.68,SO-009459,Completed,Sales
FIN-005524,2025-01-22,Customer Receipt,Inflow,567.05,SO-009946,Completed,Sales
FIN-000145,2025-01-23,Customer Receipt,Inflow,18685.9,SO-000258,Completed,Sales
FIN-000967,2025-01-23,Customer Receipt,Inflow,118567.53,SO-001751,Completed,Sales
FIN-003207,2025-01-23,Customer Receipt,Inflow,17547.18,SO-005810,Completed,Sales
FIN-003431,2025-01-23,Customer Receipt,Inflow,45070.8,SO-006207,Completed,Sales
FIN-004036,2025-01-23,Customer Receipt,Inflow,11647.44,SO-007317,Completed,Sales
FIN-004591,2025-01-23,Customer Receipt,Inflow,17546.47,SO-008318,Completed,Sales
FIN-005299,2025-01-23,Customer Receipt,Inflow,9471.72,SO-009566,Completed,Sales
FIN-000720,2025-01-24,Customer Receipt,Inflow,154799.12,SO-001306,Completed,Sales
FIN-002587,2025-01-24,Customer Receipt,Inflow,44849.52,SO-004738,Completed,Sales
FIN-003356,2025-01-24,Customer Receipt,Inflow,14702.58,SO-006062,Completed,Sales
FIN-005415,2025-01-24,Customer Receipt,Inflow,64592.5,SO-009751,Completed,Sales
FIN-000627,2025-01-25,Customer Receipt,Inflow,51871.2,SO-001142,Completed,Sales
FIN-000854,2025-01-25,Customer Receipt,Inflow,36138.18,SO-001550,Completed,Sales
FIN-000934,2025-01-25,Customer Receipt,Inflow,56784.24,SO-001689,Completed,Sales
FIN-000993,2025-01-25,Customer Receipt,Inflow,164095.12,SO-001790,Completed,Sales
FIN-001822,2025-01-25,Customer Receipt,Inflow,96323.92,SO-003363,Completed,Sales
FIN-002696,2025-01-25,Customer Receipt,Inflow,58961.44,SO-004930,Completed,Sales
FIN-003656,2025-01-25,Customer Receipt,Inflow,27577.92,SO-006628,Completed,Sales
FIN-004383,2025-01-25,Customer Receipt,Inflow,11815.68,SO-007928,Completed,Sales
FIN-000181,2025-01-26,Customer Receipt,Inflow,1467.85,SO-000338,Completed,Sales
FIN-000736,2025-01-26,Customer Receipt,Inflow,39992.0,SO-001328,Completed,Sales
FIN-001023,2025-01-26,Customer Receipt,Inflow,10986.9,SO-001842,Completed,Sales
FIN-001615,2025-01-26,Customer Receipt,Inflow,12866.52,SO-002988,Completed,Sales
FIN-001625,2025-01-26,Customer Receipt,Inflow,2288.67,SO-003009,Completed,Sales
FIN-002484,2025-01-26,Customer Receipt,Inflow,73363.22,SO-004562,Completed,Sales
FIN-003562,2025-01-26,Customer Receipt,Inflow,84129.9,SO-006472,Completed,Sales
FIN-004918,2025-01-26,Customer Receipt,Inflow,94788.75,SO-008865,Completed,Sales
FIN-005104,2025-01-26,Customer Receipt,Inflow,42602.58,SO-009219,Completed,Sales
FIN-005535,2025-01-26,Customer Receipt,Inflow,18764.2,SO-009966,Completed,Sales
FIN-005584,2025-01-26,Supplier Payment,Outflow,257277.0,PO-00074,Completed,Procurement
FIN-005883,2025-01-26,Supplier Payment,Outflow,32123.2,PO-00912,Completed,Procurement
FIN-000100,2025-01-27,Customer Receipt,Inflow,17563.05,SO-000171,Completed,Sales
FIN-000303,2025-01-27,Customer Receipt,Inflow,35905.77,SO-000564,Completed,Sales
FIN-000534,2025-01-27,Customer Receipt,Inflow,4384.84,SO-000958,Completed,Sales
FIN-001405,2025-01-27,Customer Receipt,Inflow,38100.32,SO-002580,Completed,Sales
FIN-003122,2025-01-27,Customer Receipt,Inflow,128615.97,SO-005652,Completed,Sales
FIN-003770,2025-01-27,Customer Receipt,Inflow,59808.1,SO-006810,Completed,Sales
FIN-003948,2025-01-27,Customer Receipt,Inflow,139539.6,SO-007151,Completed,Sales
FIN-004446,2025-01-27,Customer Receipt,Inflow,47245.8,SO-008043,Completed,Sales
FIN-005911,2025-01-27,Supplier Payment,Outflow,450280.0,PO-00979,Completed,Procurement
FIN-000433,2025-01-28,Customer Receipt,Inflow,68549.52,SO-000776,Completed,Sales
FIN-001174,2025-01-28,Customer Receipt,Inflow,160719.75,SO-002132,Completed,Sales
FIN-002126,2025-01-28,Customer Receipt,Inflow,10440.93,SO-003960,Completed,Sales
FIN-003856,2025-01-28,Customer Receipt,Inflow,24427.9,SO-006984,Completed,Sales
FIN-004519,2025-01-28,Customer Receipt,Inflow,14696.36,SO-008171,Completed,Sales
FIN-005166,2025-01-28,Customer Receipt,Inflow,18125.31,SO-009335,Completed,Sales
FIN-005232,2025-01-28,Customer Receipt,Inflow,23910.17,SO-009451,Completed,Sales
FIN-005418,2025-01-28,Customer Receipt,Inflow,67087.35,SO-009759,Completed,Sales
FIN-005484,2025-01-28,Customer Receipt,Inflow,102927.09,SO-009893,Completed,Sales
FIN-000035,2025-01-29,Customer Receipt,Inflow,110672.4,SO-000058,Completed,Sales
FIN-001765,2025-01-29,Customer Receipt,Inflow,86642.43,SO-003271,Completed,Sales
FIN-002064,2025-01-29,Customer Receipt,Inflow,66716.64,SO-003838,Completed,Sales
FIN-002180,2025-01-29,Customer Receipt,Inflow,70727.12,SO-004058,Completed,Sales
FIN-002581,2025-01-29,Customer Receipt,Inflow,12440.3,SO-004728,Completed,Sales
FIN-003120,2025-01-29,Customer Receipt,Inflow,36498.28,SO-005648,Completed,Sales
FIN-004199,2025-01-29,Customer Receipt,Inflow,19327.0,SO-007604,Completed,Sales
FIN-005447,2025-01-29,Customer Receipt,Inflow,4366.16,SO-009827,Completed,Sales
FIN-005544,2025-01-29,Customer Receipt,Inflow,12325.56,SO-009981,Completed,Sales
FIN-005692,2025-01-29,Supplier Payment,Outflow,1034868.0,PO-00398,Completed,Procurement
FIN-000538,2025-01-30,Customer Receipt,Inflow,61200.75,SO-000964,Completed,Sales
FIN-000546,2025-01-30,Customer Receipt,Inflow,10873.2,SO-000980,Completed,Sales
FIN-000734,2025-01-30,Customer Receipt,Inflow,7880.74,SO-001326,Completed,Sales
FIN-000803,2025-01-30,Customer Receipt,Inflow,16220.06,SO-001451,Completed,Sales
FIN-001945,2025-01-30,Customer Receipt,Inflow,22814.46,SO-003597,Completed,Sales
FIN-003200,2025-01-30,Customer Receipt,Inflow,79071.15,SO-005796,Completed,Sales
FIN-003714,2025-01-30,Customer Receipt,Inflow,113423.92,SO-006716,Completed,Sales
FIN-003762,2025-01-30,Customer Receipt,Inflow,38539.25,SO-006797,Completed,Sales
FIN-004406,2025-01-30,Customer Receipt,Inflow,15414.1,SO-007979,Completed,Sales
FIN-004466,2025-01-30,Customer Receipt,Inflow,13170.87,SO-008073,Completed,Sales
FIN-004845,2025-01-30,Customer Receipt,Inflow,24911.58,SO-008750,Completed,Sales
FIN-005624,2025-01-30,Supplier Payment,Outflow,305220.0,PO-00196,Completed,Procurement
FIN-001770,2025-01-31,Customer Receipt,Inflow,14512.54,SO-003278,Completed,Sales
FIN-001820,2025-01-31,Customer Receipt,Inflow,4447.37,SO-003359,Completed,Sales
FIN-002697,2025-01-31,Customer Receipt,Inflow,89813.61,SO-004933,Completed,Sales
FIN-003588,2025-01-31,Customer Receipt,Inflow,86086.2,SO-006510,Completed,Sales
FIN-003867,2025-01-31,Customer Receipt,Inflow,94537.5,SO-007007,Completed,Sales
FIN-000062,2025-02-01,Customer Receipt,Inflow,168670.96,SO-000102,Completed,Sales
FIN-001492,2025-02-01,Customer Receipt,Inflow,30694.0,SO-002737,Completed,Sales
FIN-001875,2025-02-01,Customer Receipt,Inflow,19036.0,SO-003480,Completed,Sales
FIN-002944,2025-02-01,Customer Receipt,Inflow,2804.33,SO-005366,Completed,Sales
FIN-004226,2025-02-01,Customer Receipt,Inflow,63256.92,SO-007651,Completed,Sales
FIN-005485,2025-02-01,Customer Receipt,Inflow,30971.46,SO-009894,Completed,Sales
FIN-000271,2025-02-02,Customer Receipt,Inflow,49156.18,SO-000505,Completed,Sales
FIN-000558,2025-02-02,Customer Receipt,Inflow,99612.0,SO-001003,Completed,Sales
FIN-001958,2025-02-02,Customer Receipt,Inflow,2561.82,SO-003619,Completed,Sales
FIN-002175,2025-02-02,Customer Receipt,Inflow,65788.91,SO-004044,Completed,Sales
FIN-002213,2025-02-02,Customer Receipt,Inflow,82378.8,SO-004118,Completed,Sales
FIN-002601,2025-02-02,Customer Receipt,Inflow,75332.34,SO-004757,Completed,Sales
FIN-002915,2025-02-02,Customer Receipt,Inflow,73234.24,SO-005321,Completed,Sales
FIN-004821,2025-02-02,Customer Receipt,Inflow,128896.3,SO-008709,Completed,Sales
FIN-004943,2025-02-02,Customer Receipt,Inflow,52623.69,SO-008909,Completed,Sales
FIN-005948,2025-02-02,Operating Expense,Outflow,38354.8,EXP-202502-Transport,Completed,Transport
FIN-000278,2025-02-03,Customer Receipt,Inflow,3997.01,SO-000519,Completed,Sales
FIN-002602,2025-02-03,Customer Receipt,Inflow,85285.65,SO-004758,Completed,Sales
FIN-002903,2025-02-03,Customer Receipt,Inflow,22720.92,SO-005302,Completed,Sales
FIN-003211,2025-02-03,Customer Receipt,Inflow,84438.9,SO-005819,Completed,Sales
FIN-003732,2025-02-03,Customer Receipt,Inflow,68612.04,SO-006745,Completed,Sales
FIN-003986,2025-02-03,Customer Receipt,Inflow,122326.5,SO-007221,Completed,Sales
FIN-004843,2025-02-03,Customer Receipt,Inflow,28102.88,SO-008748,Completed,Sales
FIN-005600,2025-02-03,Supplier Payment,Outflow,6138.6,PO-00135,Completed,Procurement
FIN-005770,2025-02-03,Supplier Payment,Outflow,393626.0,PO-00592,Completed,Procurement
FIN-005854,2025-02-03,Supplier Payment,Outflow,14174.5,PO-00820,Completed,Procurement
FIN-000120,2025-02-04,Customer Receipt,Inflow,9208.2,SO-000219,Completed,Sales
FIN-000374,2025-02-04,Customer Receipt,Inflow,36124.49,SO-000680,Completed,Sales
FIN-001069,2025-02-04,Customer Receipt,Inflow,128170.64,SO-001940,Completed,Sales
FIN-001085,2025-02-04,Customer Receipt,Inflow,89811.0,SO-001980,Completed,Sales
FIN-001108,2025-02-04,Customer Receipt,Inflow,21372.64,SO-002025,Completed,Sales
FIN-003712,2025-02-04,Customer Receipt,Inflow,94547.76,SO-006714,Completed,Sales
FIN-003902,2025-02-04,Customer Receipt,Inflow,87578.02,SO-007071,Completed,Sales
FIN-000034,2025-02-05,Customer Receipt,Inflow,42527.24,SO-000057,Completed,Sales
FIN-000081,2025-02-05,Customer Receipt,Inflow,100286.37,SO-000137,Completed,Sales
FIN-000142,2025-02-05,Customer Receipt,Inflow,38704.32,SO-000254,Completed,Sales
FIN-000200,2025-02-05,Customer Receipt,Inflow,136103.22,SO-000374,Completed,Sales
FIN-000753,2025-02-05,Customer Receipt,Inflow,140731.5,SO-001358,Completed,Sales
FIN-002257,2025-02-05,Customer Receipt,Inflow,93835.01,SO-004179,Completed,Sales
FIN-003563,2025-02-05,Customer Receipt,Inflow,42668.22,SO-006474,Completed,Sales
FIN-004818,2025-02-05,Customer Receipt,Inflow,38918.04,SO-008705,Completed,Sales
FIN-004949,2025-02-05,Customer Receipt,Inflow,52120.9,SO-008925,Completed,Sales
FIN-005658,2025-02-05,Supplier Payment,Outflow,67078.0,PO-00278,Completed,Procurement
FIN-000148,2025-02-06,Customer Receipt,Inflow,77473.45,SO-000264,Completed,Sales
FIN-000598,2025-02-06,Customer Receipt,Inflow,57126.29,SO-001080,Completed,Sales
FIN-001990,2025-02-06,Customer Receipt,Inflow,107147.32,SO-003682,Completed,Sales
FIN-002253,2025-02-06,Customer Receipt,Inflow,13319.16,SO-004174,Completed,Sales
FIN-002760,2025-02-06,Customer Receipt,Inflow,107135.4,SO-005051,Completed,Sales
FIN-002897,2025-02-06,Customer Receipt,Inflow,83995.38,SO-005295,Completed,Sales
FIN-003455,2025-02-06,Customer Receipt,Inflow,11589.25,SO-006256,Completed,Sales
FIN-003486,2025-02-06,Customer Receipt,Inflow,31797.55,SO-006316,Completed,Sales
FIN-003973,2025-02-06,Customer Receipt,Inflow,43867.56,SO-007193,Completed,Sales
FIN-004184,2025-02-06,Customer Receipt,Inflow,108513.34,SO-007578,Completed,Sales
FIN-004244,2025-02-06,Customer Receipt,Inflow,81155.7,SO-007681,Completed,Sales
FIN-005804,2025-02-06,Supplier Payment,Outflow,41699.0,PO-00703,Completed,Procurement
FIN-005947,2025-02-06,Operating Expense,Outflow,9829.32,EXP-202502-Software,Completed,Software
FIN-000048,2025-02-07,Customer Receipt,Inflow,65592.0,SO-000078,Completed,Sales
FIN-000094,2025-02-07,Customer Receipt,Inflow,5761.94,SO-000164,Completed,Sales
FIN-000402,2025-02-07,Customer Receipt,Inflow,14857.7,SO-000730,Completed,Sales
FIN-001267,2025-02-07,Customer Receipt,Inflow,2237.36,SO-002307,Completed,Sales
FIN-002995,2025-02-07,Customer Receipt,Inflow,38106.77,SO-005443,Completed,Sales
FIN-003560,2025-02-07,Customer Receipt,Inflow,128432.59,SO-006469,Completed,Sales
FIN-003884,2025-02-07,Customer Receipt,Inflow,51083.46,SO-007035,Completed,Sales
FIN-004016,2025-02-07,Customer Receipt,Inflow,54443.73,SO-007276,Completed,Sales
FIN-004128,2025-02-07,Customer Receipt,Inflow,31578.8,SO-007480,Completed,Sales
FIN-004895,2025-02-07,Customer Receipt,Inflow,108796.0,SO-008827,Completed,Sales
FIN-000257,2025-02-08,Customer Receipt,Inflow,19456.6,SO-000479,Completed,Sales
FIN-000800,2025-02-08,Customer Receipt,Inflow,24541.7,SO-001445,Completed,Sales
FIN-001041,2025-02-08,Customer Receipt,Inflow,108821.74,SO-001881,Completed,Sales
FIN-001699,2025-02-08,Customer Receipt,Inflow,73645.75,SO-003156,Completed,Sales
FIN-003267,2025-02-08,Customer Receipt,Inflow,2221.02,SO-005916,Completed,Sales
FIN-003920,2025-02-08,Customer Receipt,Inflow,10207.72,SO-007110,Completed,Sales
FIN-005614,2025-02-08,Supplier Payment,Outflow,841700.0,PO-00174,Completed,Procurement
FIN-001375,2025-02-09,Customer Receipt,Inflow,5893.82,SO-002520,Completed,Sales
FIN-002881,2025-02-09,Customer Receipt,Inflow,9608.56,SO-005254,Completed,Sales
FIN-003857,2025-02-09,Customer Receipt,Inflow,93780.39,SO-006986,Completed,Sales
FIN-003875,2025-02-09,Customer Receipt,Inflow,121583.0,SO-007023,Completed,Sales
FIN-005646,2025-02-09,Supplier Payment,Outflow,14712.0,PO-00248,Completed,Procurement
FIN-000056,2025-02-10,Customer Receipt,Inflow,16878.4,SO-000094,Completed,Sales
FIN-000960,2025-02-10,Customer Receipt,Inflow,108985.5,SO-001736,Completed,Sales
FIN-001165,2025-02-10,Customer Receipt,Inflow,118492.26,SO-002116,Completed,Sales
FIN-001172,2025-02-10,Customer Receipt,Inflow,8987.16,SO-002126,Completed,Sales
FIN-003344,2025-02-10,Customer Receipt,Inflow,78071.58,SO-006044,Completed,Sales
FIN-001101,2025-02-11,Customer Receipt,Inflow,27829.62,SO-002011,Completed,Sales
FIN-001442,2025-02-11,Customer Receipt,Inflow,49330.56,SO-002656,Completed,Sales
FIN-003614,2025-02-11,Customer Receipt,Inflow,31503.4,SO-006553,Completed,Sales
FIN-004350,2025-02-11,Customer Receipt,Inflow,118087.44,SO-007879,Completed,Sales
FIN-004395,2025-02-11,Customer Receipt,Inflow,59730.11,SO-007952,Completed,Sales
FIN-005069,2025-02-11,Customer Receipt,Inflow,14845.77,SO-009155,Completed,Sales
FIN-005608,2025-02-11,Supplier Payment,Outflow,1021570.0,PO-00154,Completed,Procurement
FIN-001171,2025-02-12,Customer Receipt,Inflow,80184.44,SO-002124,Completed,Sales
FIN-001331,2025-02-12,Customer Receipt,Inflow,32128.8,SO-002441,Completed,Sales
FIN-001810,2025-02-12,Customer Receipt,Inflow,41310.18,SO-003344,Completed,Sales
FIN-002825,2025-02-12,Customer Receipt,Inflow,11424.92,SO-005148,Completed,Sales
FIN-003587,2025-02-12,Customer Receipt,Inflow,9846.0,SO-006508,Completed,Sales
FIN-004630,2025-02-12,Customer Receipt,Inflow,19427.94,SO-008385,Completed,Sales
FIN-004662,2025-02-12,Customer Receipt,Inflow,94681.65,SO-008433,Completed,Sales
FIN-004913,2025-02-12,Customer Receipt,Inflow,12451.5,SO-008858,Completed,Sales
FIN-005521,2025-02-12,Customer Receipt,Inflow,64248.25,SO-009942,Completed,Sales
FIN-005944,2025-02-12,Operating Expense,Outflow,18519.01,EXP-202502-Utilities,Completed,Utilities
FIN-000111,2025-02-13,Customer Receipt,Inflow,61596.48,SO-000196,Completed,Sales
FIN-002335,2025-02-13,Customer Receipt,Inflow,39736.44,SO-004319,Completed,Sales
FIN-002610,2025-02-13,Customer Receipt,Inflow,85429.07,SO-004770,Completed,Sales
FIN-003069,2025-02-13,Customer Receipt,Inflow,94255.92,SO-005568,Completed,Sales
FIN-003905,2025-02-13,Customer Receipt,Inflow,36439.2,SO-007080,Completed,Sales
FIN-001719,2025-02-14,Customer Receipt,Inflow,19006.9,SO-003197,Completed,Sales
FIN-002007,2025-02-14,Customer Receipt,Inflow,41363.28,SO-003723,Completed,Sales
FIN-002075,2025-02-14,Customer Receipt,Inflow,82288.71,SO-003859,Completed,Sales
FIN-002344,2025-02-14,Customer Receipt,Inflow,15190.36,SO-004332,Completed,Sales
FIN-002545,2025-02-14,Customer Receipt,Inflow,41027.97,SO-004664,Completed,Sales
FIN-002970,2025-02-14,Customer Receipt,Inflow,2360.54,SO-005406,Completed,Sales
FIN-003382,2025-02-14,Customer Receipt,Inflow,48101.2,SO-006114,Completed,Sales
FIN-003792,2025-02-14,Customer Receipt,Inflow,75656.7,SO-006854,Completed,Sales
FIN-004467,2025-02-14,Customer Receipt,Inflow,124877.7,SO-008074,Completed,Sales
FIN-004692,2025-02-14,Customer Receipt,Inflow,8160.6,SO-008484,Completed,Sales
FIN-000198,2025-02-15,Customer Receipt,Inflow,59677.48,SO-000372,Completed,Sales
FIN-000332,2025-02-15,Customer Receipt,Inflow,37860.79,SO-000613,Completed,Sales
FIN-000514,2025-02-15,Customer Receipt,Inflow,42358.89,SO-000927,Completed,Sales
FIN-000695,2025-02-15,Customer Receipt,Inflow,4536.4,SO-001263,Completed,Sales
FIN-001627,2025-02-15,Customer Receipt,Inflow,5053.5,SO-003014,Completed,Sales
FIN-002439,2025-02-15,Customer Receipt,Inflow,23937.18,SO-004491,Completed,Sales
FIN-003607,2025-02-15,Customer Receipt,Inflow,102658.08,SO-006537,Completed,Sales
FIN-003615,2025-02-15,Customer Receipt,Inflow,89819.8,SO-006554,Completed,Sales
FIN-003906,2025-02-15,Customer Receipt,Inflow,21830.8,SO-007082,Completed,Sales
FIN-003987,2025-02-15,Customer Receipt,Inflow,66687.74,SO-007223,Completed,Sales
FIN-004710,2025-02-15,Customer Receipt,Inflow,89699.04,SO-008513,Completed,Sales
FIN-005385,2025-02-15,Customer Receipt,Inflow,41027.97,SO-009698,Completed,Sales
FIN-005400,2025-02-15,Customer Receipt,Inflow,19012.05,SO-009731,Completed,Sales
FIN-005853,2025-02-15,Supplier Payment,Outflow,10796.1,PO-00818,Completed,Procurement
FIN-005872,2025-02-15,Supplier Payment,Outflow,40355.8,PO-00871,Completed,Procurement
FIN-005943,2025-02-15,Operating Expense,Outflow,46596.39,EXP-202502-Rent,Completed,Rent
FIN-000462,2025-02-16,Customer Receipt,Inflow,102658.08,SO-000843,Completed,Sales
FIN-000474,2025-02-16,Customer Receipt,Inflow,18927.84,SO-000860,Completed,Sales
FIN-000871,2025-02-16,Customer Receipt,Inflow,69642.72,SO-001583,Completed,Sales
FIN-001993,2025-02-16,Customer Receipt,Inflow,194221.5,SO-003695,Completed,Sales
FIN-002218,2025-02-16,Customer Receipt,Inflow,104126.36,SO-004123,Completed,Sales
FIN-004729,2025-02-16,Customer Receipt,Inflow,28601.7,SO-008539,Completed,Sales
FIN-004788,2025-02-16,Customer Receipt,Inflow,35032.0,SO-008659,Completed,Sales
FIN-005814,2025-02-16,Supplier Payment,Outflow,108183.5,PO-00733,Completed,Procurement
FIN-000628,2025-02-17,Customer Receipt,Inflow,38388.14,SO-001143,Completed,Sales
FIN-000956,2025-02-17,Customer Receipt,Inflow,2171.0,SO-001731,Completed,Sales
FIN-001035,2025-02-17,Customer Receipt,Inflow,90065.64,SO-001868,Completed,Sales
FIN-001457,2025-02-17,Customer Receipt,Inflow,16284.96,SO-002679,Completed,Sales
FIN-001976,2025-02-17,Customer Receipt,Inflow,93942.96,SO-003657,Completed,Sales
FIN-003082,2025-02-17,Customer Receipt,Inflow,12332.64,SO-005589,Completed,Sales
FIN-005025,2025-02-17,Customer Receipt,Inflow,87890.46,SO-009069,Completed,Sales
FIN-005084,2025-02-17,Customer Receipt,Inflow,156059.8,SO-009185,Completed,Sales
FIN-005343,2025-02-17,Customer Receipt,Inflow,45952.72,SO-009633,Completed,Sales
FIN-005845,2025-02-17,Supplier Payment,Outflow,15249.0,PO-00793,Completed,Procurement
FIN-002067,2025-02-18,Customer Receipt,Inflow,3969.35,SO-003842,Completed,Sales
FIN-002189,2025-02-18,Customer Receipt,Inflow,56991.47,SO-004078,Completed,Sales
FIN-002376,2025-02-18,Customer Receipt,Inflow,135166.29,SO-004384,Completed,Sales
FIN-002709,2025-02-18,Customer Receipt,Inflow,25764.6,SO-004955,Completed,Sales
FIN-003911,2025-02-18,Customer Receipt,Inflow,23567.7,SO-007091,Completed,Sales
FIN-004132,2025-02-18,Customer Receipt,Inflow,55016.46,SO-007485,Completed,Sales
FIN-005138,2025-02-18,Customer Receipt,Inflow,80288.16,SO-009286,Completed,Sales
FIN-003888,2025-02-19,Customer Receipt,Inflow,31765.0,SO-007047,Completed,Sales
FIN-004864,2025-02-19,Customer Receipt,Inflow,31131.44,SO-008781,Completed,Sales
FIN-005300,2025-02-19,Customer Receipt,Inflow,9974.38,SO-009569,Completed,Sales
FIN-000529,2025-02-20,Customer Receipt,Inflow,1427.9,SO-000953,Completed,Sales
FIN-000608,2025-02-20,Customer Receipt,Inflow,34322.04,SO-001106,Completed,Sales
FIN-002398,2025-02-20,Customer Receipt,Inflow,40073.02,SO-004417,Completed,Sales
FIN-002468,2025-02-20,Customer Receipt,Inflow,95494.39,SO-004536,Completed,Sales
FIN-002529,2025-02-20,Customer Receipt,Inflow,6337.35,SO-004643,Completed,Sales
FIN-002890,2025-02-20,Customer Receipt,Inflow,43243.59,SO-005281,Completed,Sales
FIN-003016,2025-02-20,Customer Receipt,Inflow,53222.88,SO-005480,Completed,Sales
FIN-003218,2025-02-20,Customer Receipt,Inflow,96381.36,SO-005837,Completed,Sales
FIN-004236,2025-02-20,Customer Receipt,Inflow,32171.44,SO-007671,Completed,Sales
FIN-005116,2025-02-20,Customer Receipt,Inflow,25018.74,SO-009243,Completed,Sales
FIN-005607,2025-02-20,Supplier Payment,Outflow,105646.0,PO-00152,Completed,Procurement
FIN-005835,2025-02-20,Supplier Payment,Outflow,32523.2,PO-00767,Completed,Procurement
FIN-005945,2025-02-20,Operating Expense,Outflow,203749.94,EXP-202502-Salaries,Completed,Salaries
FIN-005946,2025-02-20,Operating Expense,Outflow,23739.8,EXP-202502-Maintenance,Completed,Maintenance
FIN-001903,2025-02-21,Customer Receipt,Inflow,181982.83,SO-003524,Completed,Sales
FIN-002758,2025-02-21,Customer Receipt,Inflow,148362.0,SO-005048,Completed,Sales
FIN-003367,2025-02-21,Customer Receipt,Inflow,36433.28,SO-006088,Completed,Sales
FIN-003808,2025-02-21,Customer Receipt,Inflow,35486.1,SO-006889,Completed,Sales
FIN-004119,2025-02-21,Customer Receipt,Inflow,16876.31,SO-007460,Completed,Sales
FIN-004385,2025-02-21,Customer Receipt,Inflow,96116.64,SO-007931,Completed,Sales
FIN-004856,2025-02-21,Customer Receipt,Inflow,45703.92,SO-008769,Completed,Sales
FIN-005503,2025-02-21,Customer Receipt,Inflow,65375.04,SO-009919,Completed,Sales
FIN-005672,2025-02-21,Supplier Payment,Outflow,132888.0,PO-00323,Completed,Procurement
FIN-001259,2025-02-22,Customer Receipt,Inflow,50441.49,SO-002296,Completed,Sales
FIN-002693,2025-02-22,Customer Receipt,Inflow,82828.98,SO-004927,Completed,Sales
FIN-003490,2025-02-22,Customer Receipt,Inflow,7791.5,SO-006324,Completed,Sales
FIN-003778,2025-02-22,Customer Receipt,Inflow,39282.98,SO-006824,Completed,Sales
FIN-004320,2025-02-22,Customer Receipt,Inflow,28297.71,SO-007825,Completed,Sales
FIN-004431,2025-02-22,Customer Receipt,Inflow,108536.74,SO-008020,Completed,Sales
FIN-001838,2025-02-23,Customer Receipt,Inflow,75929.76,SO-003401,Completed,Sales
FIN-003174,2025-02-23,Customer Receipt,Inflow,38606.15,SO-005749,Completed,Sales
FIN-004057,2025-02-23,Customer Receipt,Inflow,108615.52,SO-007353,Completed,Sales
FIN-004104,2025-02-23,Customer Receipt,Inflow,45785.93,SO-007434,Completed,Sales
FIN-004195,2025-02-23,Customer Receipt,Inflow,25896.2,SO-007596,Completed,Sales
FIN-004593,2025-02-23,Customer Receipt,Inflow,108816.4,SO-008320,Completed,Sales
FIN-000827,2025-02-24,Customer Receipt,Inflow,408.03,SO-001502,Completed,Sales
FIN-001767,2025-02-24,Customer Receipt,Inflow,40559.04,SO-003275,Completed,Sales
FIN-001882,2025-02-24,Customer Receipt,Inflow,21329.12,SO-003491,Completed,Sales
FIN-002278,2025-02-24,Customer Receipt,Inflow,70552.96,SO-004228,Completed,Sales
FIN-002463,2025-02-24,Customer Receipt,Inflow,174925.68,SO-004529,Completed,Sales
FIN-002467,2025-02-24,Customer Receipt,Inflow,37094.88,SO-004534,Completed,Sales
FIN-000438,2025-02-25,Customer Receipt,Inflow,27804.48,SO-000791,Completed,Sales
FIN-000912,2025-02-25,Customer Receipt,Inflow,97173.96,SO-001654,Completed,Sales
FIN-001707,2025-02-25,Customer Receipt,Inflow,3997.01,SO-003173,Completed,Sales
FIN-002379,2025-02-25,Customer Receipt,Inflow,14526.25,SO-004387,Completed,Sales
FIN-003433,2025-02-25,Customer Receipt,Inflow,22046.94,SO-006217,Completed,Sales
FIN-003617,2025-02-25,Customer Receipt,Inflow,43947.6,SO-006557,Completed,Sales
FIN-003966,2025-02-25,Customer Receipt,Inflow,6955.68,SO-007174,Completed,Sales
FIN-004186,2025-02-25,Customer Receipt,Inflow,40691.91,SO-007581,Completed,Sales
FIN-004300,2025-02-25,Customer Receipt,Inflow,78395.52,SO-007792,Completed,Sales
FIN-004371,2025-02-25,Customer Receipt,Inflow,54961.74,SO-007912,Completed,Sales
FIN-005555,2025-02-25,Customer Receipt,Inflow,44366.76,SO-009997,Completed,Sales
FIN-000026,2025-02-26,Customer Receipt,Inflow,8830.32,SO-000046,Completed,Sales
FIN-003605,2025-02-26,Customer Receipt,Inflow,49977.45,SO-006535,Completed,Sales
FIN-003690,2025-02-26,Customer Receipt,Inflow,126269.28,SO-006679,Completed,Sales
FIN-004727,2025-02-26,Customer Receipt,Inflow,102846.25,SO-008537,Completed,Sales
FIN-004848,2025-02-26,Customer Receipt,Inflow,14592.45,SO-008755,Completed,Sales
FIN-005004,2025-02-26,Customer Receipt,Inflow,119203.6,SO-009032,Completed,Sales
FIN-005137,2025-02-26,Customer Receipt,Inflow,49738.2,SO-009285,Completed,Sales
FIN-005846,2025-02-26,Supplier Payment,Outflow,95904.0,PO-00795,Completed,Procurement
FIN-005900,2025-02-26,Supplier Payment,Outflow,304020.0,PO-00949,Completed,Procurement
FIN-000348,2025-02-27,Customer Receipt,Inflow,17414.5,SO-000636,Completed,Sales
FIN-000659,2025-02-27,Customer Receipt,Inflow,113643.92,SO-001198,Completed,Sales
FIN-001425,2025-02-27,Customer Receipt,Inflow,88438.32,SO-002624,Completed,Sales
FIN-001577,2025-02-27,Customer Receipt,Inflow,116145.86,SO-002911,Completed,Sales
FIN-001827,2025-02-27,Customer Receipt,Inflow,4480.8,SO-003380,Completed,Sales
FIN-003443,2025-02-27,Customer Receipt,Inflow,63808.42,SO-006237,Completed,Sales
FIN-003965,2025-02-27,Customer Receipt,Inflow,143290.16,SO-007173,Completed,Sales
FIN-004857,2025-02-27,Customer Receipt,Inflow,62714.36,SO-008772,Completed,Sales
FIN-005833,2025-02-27,Supplier Payment,Outflow,13751.0,PO-00764,Completed,Procurement
FIN-000092,2025-02-28,Customer Receipt,Inflow,74575.66,SO-000157,Completed,Sales
FIN-000126,2025-02-28,Customer Receipt,Inflow,55996.92,SO-000225,Completed,Sales
FIN-000226,2025-02-28,Customer Receipt,Inflow,2027.52,SO-000416,Completed,Sales
FIN-001025,2025-02-28,Customer Receipt,Inflow,88757.55,SO-001846,Completed,Sales
FIN-001541,2025-02-28,Customer Receipt,Inflow,70873.76,SO-002844,Completed,Sales
FIN-001737,2025-02-28,Customer Receipt,Inflow,9454.88,SO-003225,Completed,Sales
FIN-003280,2025-02-28,Customer Receipt,Inflow,29512.64,SO-005935,Completed,Sales
FIN-003852,2025-02-28,Customer Receipt,Inflow,97110.75,SO-006973,Completed,Sales
FIN-004103,2025-02-28,Customer Receipt,Inflow,48654.98,SO-007432,Completed,Sales
FIN-004470,2025-02-28,Customer Receipt,Inflow,75603.58,SO-008081,Completed,Sales
FIN-004896,2025-02-28,Customer Receipt,Inflow,13501.32,SO-008828,Completed,Sales
FIN-005074,2025-02-28,Customer Receipt,Inflow,47757.44,SO-009164,Completed,Sales
FIN-005079,2025-02-28,Customer Receipt,Inflow,11393.92,SO-009178,Completed,Sales
FIN-005416,2025-02-28,Customer Receipt,Inflow,6175.19,SO-009753,Completed,Sales
FIN-005666,2025-02-28,Supplier Payment,Outflow,7413.7,PO-00304,Completed,Procurement
FIN-000105,2025-03-01,Customer Receipt,Inflow,9025.72,SO-000184,Completed,Sales
FIN-000293,2025-03-01,Customer Receipt,Inflow,118218.79,SO-000544,Completed,Sales
FIN-001372,2025-03-01,Customer Receipt,Inflow,152634.24,SO-002516,Completed,Sales
FIN-002080,2025-03-01,Customer Receipt,Inflow,6245.36,SO-003866,Completed,Sales
FIN-002357,2025-03-01,Customer Receipt,Inflow,36804.8,SO-004350,Completed,Sales
FIN-003289,2025-03-01,Customer Receipt,Inflow,55684.96,SO-005954,Completed,Sales
FIN-003630,2025-03-01,Customer Receipt,Inflow,13669.3,SO-006585,Completed,Sales
FIN-003872,2025-03-01,Customer Receipt,Inflow,29296.38,SO-007015,Completed,Sales
FIN-004532,2025-03-01,Customer Receipt,Inflow,27289.8,SO-008190,Completed,Sales
FIN-005897,2025-03-01,Supplier Payment,Outflow,50914.0,PO-00945,Completed,Procurement
FIN-001978,2025-03-02,Customer Receipt,Inflow,137233.98,SO-003662,Completed,Sales
FIN-002052,2025-03-02,Customer Receipt,Inflow,72475.02,SO-003816,Completed,Sales
FIN-003199,2025-03-02,Customer Receipt,Inflow,13480.74,SO-005794,Completed,Sales
FIN-004010,2025-03-02,Customer Receipt,Inflow,30684.2,SO-007264,Completed,Sales
FIN-004960,2025-03-02,Customer Receipt,Inflow,19585.15,SO-008943,Completed,Sales
FIN-000132,2025-03-03,Customer Receipt,Inflow,118567.53,SO-000233,Completed,Sales
FIN-001080,2025-03-03,Customer Receipt,Inflow,37945.11,SO-001967,Completed,Sales
FIN-001319,2025-03-03,Customer Receipt,Inflow,17918.19,SO-002420,Completed,Sales
FIN-002375,2025-03-03,Customer Receipt,Inflow,131616.48,SO-004383,Completed,Sales
FIN-002645,2025-03-03,Customer Receipt,Inflow,21867.79,SO-004828,Completed,Sales
FIN-003260,2025-03-03,Customer Receipt,Inflow,5853.72,SO-005908,Completed,Sales
FIN-004002,2025-03-03,Customer Receipt,Inflow,58831.96,SO-007252,Completed,Sales
FIN-000351,2025-03-04,Customer Receipt,Inflow,27754.2,SO-000639,Completed,Sales
FIN-002363,2025-03-04,Customer Receipt,Inflow,43800.02,SO-004360,Completed,Sales
FIN-002884,2025-03-04,Customer Receipt,Inflow,120252.6,SO-005261,Completed,Sales
FIN-003694,2025-03-04,Customer Receipt,Inflow,144704.73,SO-006688,Completed,Sales
FIN-005878,2025-03-04,Supplier Payment,Outflow,31115.7,PO-00898,Completed,Procurement
FIN-000252,2025-03-05,Customer Receipt,Inflow,41444.48,SO-000470,Completed,Sales
FIN-000953,2025-03-05,Customer Receipt,Inflow,13809.96,SO-001728,Completed,Sales
FIN-001788,2025-03-05,Customer Receipt,Inflow,5895.75,SO-003310,Completed,Sales
FIN-001864,2025-03-05,Customer Receipt,Inflow,71115.2,SO-003451,Completed,Sales
FIN-002997,2025-03-05,Customer Receipt,Inflow,7492.98,SO-005447,Completed,Sales
FIN-004817,2025-03-05,Customer Receipt,Inflow,43526.56,SO-008704,Completed,Sales
FIN-001263,2025-03-06,Customer Receipt,Inflow,64257.6,SO-002303,Completed,Sales
FIN-001556,2025-03-06,Customer Receipt,Inflow,3465.41,SO-002873,Completed,Sales
FIN-001860,2025-03-06,Customer Receipt,Inflow,117852.72,SO-003445,Completed,Sales
FIN-002029,2025-03-06,Customer Receipt,Inflow,36890.8,SO-003769,Completed,Sales
FIN-002289,2025-03-06,Customer Receipt,Inflow,17821.8,SO-004242,Completed,Sales
FIN-003804,2025-03-06,Customer Receipt,Inflow,12276.55,SO-006881,Completed,Sales
FIN-003983,2025-03-06,Customer Receipt,Inflow,25349.4,SO-007212,Completed,Sales
FIN-004358,2025-03-06,Customer Receipt,Inflow,1349.67,SO-007891,Completed,Sales
FIN-004463,2025-03-06,Customer Receipt,Inflow,137224.08,SO-008070,Completed,Sales
FIN-000702,2025-03-07,Customer Receipt,Inflow,26503.5,SO-001277,Completed,Sales
FIN-003274,2025-03-07,Customer Receipt,Inflow,27648.18,SO-005928,Completed,Sales
FIN-003309,2025-03-07,Customer Receipt,Inflow,4886.91,SO-005990,Completed,Sales
FIN-004259,2025-03-07,Customer Receipt,Inflow,1684.5,SO-007710,Completed,Sales
FIN-004492,2025-03-07,Customer Receipt,Inflow,111829.68,SO-008122,Completed,Sales
FIN-004983,2025-03-07,Customer Receipt,Inflow,51871.2,SO-008986,Completed,Sales
FIN-005342,2025-03-07,Customer Receipt,Inflow,40916.54,SO-009631,Completed,Sales
FIN-000503,2025-03-08,Customer Receipt,Inflow,30830.75,SO-000908,Completed,Sales
FIN-001517,2025-03-08,Customer Receipt,Inflow,73818.5,SO-002801,Completed,Sales
FIN-002687,2025-03-08,Customer Receipt,Inflow,112666.68,SO-004916,Completed,Sales
FIN-003247,2025-03-08,Customer Receipt,Inflow,717.36,SO-005890,Completed,Sales
FIN-004684,2025-03-08,Customer Receipt,Inflow,84705.48,SO-008472,Completed,Sales
FIN-005130,2025-03-08,Customer Receipt,Inflow,177756.04,SO-009270,Completed,Sales
FIN-005637,2025-03-08,Supplier Payment,Outflow,267482.0,PO-00229,Completed,Procurement
FIN-005812,2025-03-08,Supplier Payment,Outflow,1050824.0,PO-00728,Completed,Procurement
FIN-001268,2025-03-09,Customer Receipt,Inflow,78233.0,SO-002309,Completed,Sales
FIN-003969,2025-03-09,Customer Receipt,Inflow,112063.5,SO-007179,Completed,Sales
FIN-004292,2025-03-09,Customer Receipt,Inflow,24615.6,SO-007779,Completed,Sales
FIN-004495,2025-03-09,Customer Receipt,Inflow,7236.25,SO-008126,Completed,Sales
FIN-005125,2025-03-09,Customer Receipt,Inflow,69662.93,SO-009261,Completed,Sales
FIN-001251,2025-03-10,Customer Receipt,Inflow,11301.56,SO-002283,Completed,Sales
FIN-001557,2025-03-10,Customer Receipt,Inflow,124446.56,SO-002877,Completed,Sales
FIN-002142,2025-03-10,Customer Receipt,Inflow,32788.32,SO-003987,Completed,Sales
FIN-002153,2025-03-10,Customer Receipt,Inflow,43852.27,SO-004009,Completed,Sales
FIN-003203,2025-03-10,Customer Receipt,Inflow,28169.25,SO-005800,Completed,Sales
FIN-004180,2025-03-10,Customer Receipt,Inflow,10168.21,SO-007572,Completed,Sales
FIN-005312,2025-03-10,Customer Receipt,Inflow,31071.96,SO-009587,Completed,Sales
FIN-005413,2025-03-10,Customer Receipt,Inflow,60923.84,SO-009747,Completed,Sales
FIN-005726,2025-03-10,Supplier Payment,Outflow,155324.5,PO-00485,Completed,Procurement
FIN-005953,2025-03-10,Operating Expense,Outflow,5976.98,EXP-202503-Software,Completed,Software
FIN-001889,2025-03-11,Customer Receipt,Inflow,27907.92,SO-003500,Completed,Sales
FIN-002011,2025-03-11,Customer Receipt,Inflow,46847.85,SO-003734,Completed,Sales
FIN-003612,2025-03-11,Customer Receipt,Inflow,50420.0,SO-006546,Completed,Sales
FIN-004982,2025-03-11,Customer Receipt,Inflow,115015.0,SO-008983,Completed,Sales
FIN-005255,2025-03-11,Customer Receipt,Inflow,25355.85,SO-009484,Completed,Sales
FIN-005950,2025-03-11,Operating Expense,Outflow,11346.76,EXP-202503-Utilities,Completed,Utilities
FIN-005951,2025-03-11,Operating Expense,Outflow,206996.14,EXP-202503-Salaries,Completed,Salaries
FIN-005952,2025-03-11,Operating Expense,Outflow,26153.8,EXP-202503-Maintenance,Completed,Maintenance
FIN-000151,2025-03-12,Customer Receipt,Inflow,94491.6,SO-000267,Completed,Sales
FIN-003245,2025-03-12,Customer Receipt,Inflow,21334.11,SO-005888,Completed,Sales
FIN-003268,2025-03-12,Customer Receipt,Inflow,110305.72,SO-005917,Completed,Sales
FIN-003627,2025-03-12,Customer Receipt,Inflow,14388.08,SO-006580,Completed,Sales
FIN-003963,2025-03-12,Customer Receipt,Inflow,51491.92,SO-007171,Completed,Sales
FIN-004749,2025-03-12,Customer Receipt,Inflow,112492.16,SO-008576,Completed,Sales
FIN-005954,2025-03-12,Operating Expense,Outflow,25961.83,EXP-202503-Transport,Completed,Transport
FIN-000454,2025-03-13,Customer Receipt,Inflow,51809.8,SO-000827,Completed,Sales
FIN-000778,2025-03-13,Customer Receipt,Inflow,107894.15,SO-001401,Completed,Sales
FIN-000840,2025-03-13,Customer Receipt,Inflow,142183.92,SO-001526,Completed,Sales
FIN-001276,2025-03-13,Customer Receipt,Inflow,19473.0,SO-002327,Completed,Sales
FIN-001819,2025-03-13,Customer Receipt,Inflow,5318.7,SO-003358,Completed,Sales
FIN-003944,2025-03-13,Customer Receipt,Inflow,64198.26,SO-007147,Completed,Sales
FIN-004163,2025-03-13,Customer Receipt,Inflow,122922.58,SO-007543,Completed,Sales
FIN-004238,2025-03-13,Customer Receipt,Inflow,54370.14,SO-007674,Completed,Sales
FIN-001657,2025-03-14,Customer Receipt,Inflow,68882.4,SO-003074,Completed,Sales
FIN-002982,2025-03-14,Customer Receipt,Inflow,26995.87,SO-005425,Completed,Sales
FIN-004471,2025-03-14,Customer Receipt,Inflow,61419.54,SO-008082,Completed,Sales
FIN-004743,2025-03-14,Customer Receipt,Inflow,162841.38,SO-008568,Completed,Sales
FIN-005298,2025-03-14,Customer Receipt,Inflow,37936.48,SO-009565,Completed,Sales
FIN-000010,2025-03-15,Customer Receipt,Inflow,1900.69,SO-000017,Completed,Sales
FIN-001318,2025-03-15,Customer Receipt,Inflow,69300.67,SO-002419,Completed,Sales
FIN-002522,2025-03-15,Customer Receipt,Inflow,22852.24,SO-004630,Completed,Sales
FIN-003154,2025-03-15,Customer Receipt,Inflow,57225.38,SO-005706,Completed,Sales
FIN-004120,2025-03-15,Customer Receipt,Inflow,70971.77,SO-007461,Completed,Sales
FIN-004629,2025-03-15,Customer Receipt,Inflow,2115.66,SO-008384,Completed,Sales
FIN-004784,2025-03-15,Customer Receipt,Inflow,6767.52,SO-008651,Completed,Sales
FIN-005195,2025-03-15,Customer Receipt,Inflow,27926.71,SO-009377,Completed,Sales
FIN-001037,2025-03-16,Customer Receipt,Inflow,37331.28,SO-001872,Completed,Sales
FIN-001467,2025-03-16,Customer Receipt,Inflow,1990.91,SO-002692,Completed,Sales
FIN-002680,2025-03-16,Customer Receipt,Inflow,57873.42,SO-004901,Completed,Sales
FIN-003956,2025-03-16,Customer Receipt,Inflow,27685.46,SO-007161,Completed,Sales
FIN-005822,2025-03-16,Supplier Payment,Outflow,24240.5,PO-00747,Completed,Procurement
FIN-000563,2025-03-17,Customer Receipt,Inflow,67770.65,SO-001013,Completed,Sales
FIN-000626,2025-03-17,Customer Receipt,Inflow,156898.25,SO-001141,Completed,Sales
FIN-001451,2025-03-17,Customer Receipt,Inflow,94639.2,SO-002669,Completed,Sales
FIN-002921,2025-03-17,Customer Receipt,Inflow,82224.12,SO-005329,Completed,Sales
FIN-003371,2025-03-17,Customer Receipt,Inflow,182001.97,SO-006098,Completed,Sales
FIN-004573,2025-03-17,Customer Receipt,Inflow,20268.3,SO-008277,Completed,Sales
FIN-004679,2025-03-17,Customer Receipt,Inflow,52222.08,SO-008463,Completed,Sales
FIN-000362,2025-03-18,Customer Receipt,Inflow,19642.12,SO-000662,Completed,Sales
FIN-000545,2025-03-18,Customer Receipt,Inflow,37487.64,SO-000979,Completed,Sales
FIN-000898,2025-03-18,Customer Receipt,Inflow,64731.58,SO-001634,Completed,Sales
FIN-001525,2025-03-18,Customer Receipt,Inflow,117453.25,SO-002815,Completed,Sales
FIN-005635,2025-03-18,Supplier Payment,Outflow,335686.0,PO-00225,Completed,Procurement
FIN-005949,2025-03-18,Operating Expense,Outflow,48120.91,EXP-202503-Rent,Completed,Rent
FIN-000918,2025-03-19,Customer Receipt,Inflow,80114.32,SO-001663,Completed,Sales
FIN-001934,2025-03-19,Customer Receipt,Inflow,50030.82,SO-003583,Completed,Sales
FIN-002267,2025-03-19,Customer Receipt,Inflow,122352.36,SO-004201,Completed,Sales
FIN-002796,2025-03-19,Customer Receipt,Inflow,67419.67,SO-005102,Completed,Sales
FIN-004332,2025-03-19,Customer Receipt,Inflow,55988.8,SO-007856,Completed,Sales
FIN-004884,2025-03-19,Customer Receipt,Inflow,26889.03,SO-008813,Completed,Sales
FIN-000426,2025-03-20,Customer Receipt,Inflow,6416.16,SO-000763,Completed,Sales
FIN-001727,2025-03-20,Customer Receipt,Inflow,123671.7,SO-003214,Completed,Sales
FIN-002478,2025-03-20,Customer Receipt,Inflow,44785.08,SO-004554,Completed,Sales
FIN-002662,2025-03-20,Customer Receipt,Inflow,11210.24,SO-004856,Completed,Sales
FIN-002720,2025-03-20,Customer Receipt,Inflow,95918.97,SO-004980,Completed,Sales
FIN-005068,2025-03-20,Customer Receipt,Inflow,25669.15,SO-009153,Completed,Sales
FIN-005511,2025-03-20,Customer Receipt,Inflow,8944.98,SO-009930,Completed,Sales
FIN-005800,2025-03-20,Supplier Payment,Outflow,36686.4,PO-00685,Completed,Procurement
FIN-000839,2025-03-21,Customer Receipt,Inflow,99371.16,SO-001525,Completed,Sales
FIN-003035,2025-03-21,Customer Receipt,Inflow,112562.27,SO-005506,Completed,Sales
FIN-003387,2025-03-21,Customer Receipt,Inflow,83216.66,SO-006121,Completed,Sales
FIN-004006,2025-03-21,Customer Receipt,Inflow,7510.42,SO-007259,Completed,Sales
FIN-005831,2025-03-21,Supplier Payment,Outflow,155062.0,PO-00762,Completed,Procurement
FIN-000139,2025-03-22,Customer Receipt,Inflow,59904.39,SO-000246,Completed,Sales
FIN-001531,2025-03-22,Customer Receipt,Inflow,27962.68,SO-002825,Completed,Sales
FIN-003121,2025-03-22,Customer Receipt,Inflow,189472.8,SO-005650,Completed,Sales
FIN-003583,2025-03-22,Customer Receipt,Inflow,29603.64,SO-006501,Completed,Sales
FIN-003632,2025-03-22,Customer Receipt,Inflow,14207.58,SO-006587,Completed,Sales
FIN-004241,2025-03-22,Customer Receipt,Inflow,62225.8,SO-007677,Completed,Sales
FIN-005213,2025-03-22,Customer Receipt,Inflow,31870.8,SO-009416,Completed,Sales
FIN-005381,2025-03-22,Customer Receipt,Inflow,10297.35,SO-009692,Completed,Sales
FIN-005788,2025-03-22,Supplier Payment,Outflow,584856.0,PO-00634,Completed,Procurement
FIN-001623,2025-03-23,Customer Receipt,Inflow,8422.5,SO-003001,Completed,Sales
FIN-002027,2025-03-23,Customer Receipt,Inflow,70770.88,SO-003765,Completed,Sales
FIN-002923,2025-03-23,Customer Receipt,Inflow,119895.66,SO-005332,Completed,Sales
FIN-003504,2025-03-23,Customer Receipt,Inflow,67913.02,SO-006350,Completed,Sales
FIN-003924,2025-03-23,Customer Receipt,Inflow,35367.75,SO-007116,Completed,Sales
FIN-004659,2025-03-23,Customer Receipt,Inflow,94310.79,SO-008428,Completed,Sales
FIN-005326,2025-03-23,Customer Receipt,Inflow,130227.9,SO-009613,Completed,Sales
FIN-001239,2025-03-24,Customer Receipt,Inflow,58707.1,SO-002251,Completed,Sales
FIN-002352,2025-03-24,Customer Receipt,Inflow,99325.76,SO-004343,Completed,Sales
FIN-002595,2025-03-24,Customer Receipt,Inflow,146626.48,SO-004750,Completed,Sales
FIN-003711,2025-03-24,Customer Receipt,Inflow,85672.32,SO-006712,Completed,Sales
FIN-004914,2025-03-24,Customer Receipt,Inflow,129524.5,SO-008860,Completed,Sales
FIN-005229,2025-03-24,Customer Receipt,Inflow,51683.58,SO-009448,Completed,Sales
FIN-005347,2025-03-24,Customer Receipt,Inflow,8716.33,SO-009641,Completed,Sales
FIN-000150,2025-03-25,Customer Receipt,Inflow,130659.48,SO-000266,Completed,Sales
FIN-000315,2025-03-25,Customer Receipt,Inflow,5166.72,SO-000589,Completed,Sales
FIN-000582,2025-03-25,Customer Receipt,Inflow,4359.42,SO-001048,Completed,Sales
FIN-001588,2025-03-25,Customer Receipt,Inflow,165259.11,SO-002934,Completed,Sales
FIN-002086,2025-03-25,Customer Receipt,Inflow,15053.12,SO-003877,Completed,Sales
FIN-002333,2025-03-25,Customer Receipt,Inflow,25404.54,SO-004316,Completed,Sales
FIN-002996,2025-03-25,Customer Receipt,Inflow,24742.95,SO-005444,Completed,Sales
FIN-005512,2025-03-25,Customer Receipt,Inflow,125687.32,SO-009931,Completed,Sales
FIN-005690,2025-03-25,Supplier Payment,Outflow,86242.8,PO-00394,Completed,Procurement
FIN-000055,2025-03-26,Customer Receipt,Inflow,84712.07,SO-000090,Completed,Sales
FIN-001580,2025-03-26,Customer Receipt,Inflow,20469.02,SO-002918,Completed,Sales
FIN-001778,2025-03-26,Customer Receipt,Inflow,24651.25,SO-003289,Completed,Sales
FIN-001836,2025-03-26,Customer Receipt,Inflow,104415.84,SO-003395,Completed,Sales
FIN-002521,2025-03-26,Customer Receipt,Inflow,22044.54,SO-004629,Completed,Sales
FIN-003104,2025-03-26,Customer Receipt,Inflow,18927.84,SO-005622,Completed,Sales
FIN-003523,2025-03-26,Customer Receipt,Inflow,8538.79,SO-006396,Completed,Sales
FIN-003699,2025-03-26,Customer Receipt,Inflow,114081.48,SO-006695,Completed,Sales
FIN-004077,2025-03-26,Customer Receipt,Inflow,71322.9,SO-007390,Completed,Sales
FIN-004080,2025-03-26,Customer Receipt,Inflow,53480.05,SO-007394,Completed,Sales
FIN-004647,2025-03-26,Customer Receipt,Inflow,64897.7,SO-008412,Completed,Sales
FIN-004744,2025-03-26,Customer Receipt,Inflow,27467.88,SO-008570,Completed,Sales
FIN-005461,2025-03-26,Customer Receipt,Inflow,40116.65,SO-009857,Completed,Sales
FIN-005551,2025-03-26,Customer Receipt,Inflow,8834.5,SO-009991,Completed,Sales
FIN-000291,2025-03-27,Customer Receipt,Inflow,123208.7,SO-000542,Completed,Sales
FIN-000375,2025-03-27,Customer Receipt,Inflow,17439.39,SO-000681,Completed,Sales
FIN-000985,2025-03-27,Customer Receipt,Inflow,3381.33,SO-001779,Completed,Sales
FIN-001312,2025-03-27,Customer Receipt,Inflow,100591.89,SO-002408,Completed,Sales
FIN-001459,2025-03-27,Customer Receipt,Inflow,57085.7,SO-002681,Completed,Sales
FIN-001713,2025-03-27,Customer Receipt,Inflow,9471.72,SO-003181,Completed,Sales
FIN-003449,2025-03-27,Customer Receipt,Inflow,36744.9,SO-006246,Completed,Sales
FIN-004575,2025-03-27,Customer Receipt,Inflow,106573.92,SO-008280,Completed,Sales
FIN-004633,2025-03-27,Customer Receipt,Inflow,48843.08,SO-008388,Completed,Sales
FIN-005178,2025-03-27,Customer Receipt,Inflow,107546.56,SO-009349,Completed,Sales
FIN-000999,2025-03-28,Customer Receipt,Inflow,26053.5,SO-001801,Completed,Sales
FIN-001019,2025-03-28,Customer Receipt,Inflow,52847.08,SO-001837,Completed,Sales
FIN-001337,2025-03-28,Customer Receipt,Inflow,37578.64,SO-002449,Completed,Sales
FIN-002502,2025-03-28,Customer Receipt,Inflow,57899.34,SO-004592,Completed,Sales
FIN-002959,2025-03-28,Customer Receipt,Inflow,19434.8,SO-005388,Completed,Sales
FIN-003041,2025-03-28,Customer Receipt,Inflow,17778.08,SO-005516,Completed,Sales
FIN-003182,2025-03-28,Customer Receipt,Inflow,63601.5,SO-005763,Completed,Sales
FIN-004935,2025-03-28,Customer Receipt,Inflow,30245.4,SO-008894,Completed,Sales
FIN-005007,2025-03-28,Customer Receipt,Inflow,56193.59,SO-009038,Completed,Sales
FIN-000504,2025-03-29,Customer Receipt,Inflow,70699.92,SO-000910,Completed,Sales
FIN-001592,2025-03-29,Customer Receipt,Inflow,97621.2,SO-002942,Completed,Sales
FIN-001595,2025-03-29,Customer Receipt,Inflow,25833.6,SO-002947,Completed,Sales
FIN-002122,2025-03-29,Customer Receipt,Inflow,120941.31,SO-003952,Completed,Sales
FIN-002499,2025-03-29,Customer Receipt,Inflow,37467.04,SO-004583,Completed,Sales
FIN-003248,2025-03-29,Customer Receipt,Inflow,138826.25,SO-005891,Completed,Sales
FIN-003696,2025-03-29,Customer Receipt,Inflow,19905.06,SO-006691,Completed,Sales
FIN-003947,2025-03-29,Customer Receipt,Inflow,50656.66,SO-007150,Completed,Sales
FIN-004898,2025-03-29,Customer Receipt,Inflow,82864.08,SO-008831,Completed,Sales
FIN-005396,2025-03-29,Customer Receipt,Inflow,48427.34,SO-009723,Completed,Sales
FIN-000236,2025-03-30,Customer Receipt,Inflow,47257.62,SO-000437,Completed,Sales
FIN-000869,2025-03-30,Customer Receipt,Inflow,119597.1,SO-001579,Completed,Sales
FIN-001797,2025-03-30,Customer Receipt,Inflow,21085.64,SO-003325,Completed,Sales
FIN-002321,2025-03-30,Customer Receipt,Inflow,18498.96,SO-004294,Completed,Sales
FIN-003311,2025-03-30,Customer Receipt,Inflow,115856.82,SO-005992,Completed,Sales
FIN-004277,2025-03-30,Customer Receipt,Inflow,33293.42,SO-007751,Completed,Sales
FIN-004791,2025-03-30,Customer Receipt,Inflow,39476.36,SO-008665,Completed,Sales
FIN-005478,2025-03-30,Customer Receipt,Inflow,38331.23,SO-009883,Completed,Sales
FIN-005638,2025-03-30,Supplier Payment,Outflow,8250.8,PO-00230,Completed,Procurement
FIN-000385,2025-03-31,Customer Receipt,Inflow,23252.52,SO-000694,Completed,Sales
FIN-000584,2025-03-31,Customer Receipt,Inflow,93124.51,SO-001053,Completed,Sales
FIN-000802,2025-03-31,Customer Receipt,Inflow,13934.7,SO-001449,Completed,Sales
FIN-002841,2025-03-31,Customer Receipt,Inflow,57727.54,SO-005182,Completed,Sales
FIN-003294,2025-03-31,Customer Receipt,Inflow,73777.6,SO-005960,Completed,Sales
FIN-003439,2025-03-31,Customer Receipt,Inflow,27150.05,SO-006229,Completed,Sales
FIN-000640,2025-04-01,Customer Receipt,Inflow,126795.24,SO-001167,Completed,Sales
FIN-001147,2025-04-01,Customer Receipt,Inflow,69703.92,SO-002085,Completed,Sales
FIN-001602,2025-04-01,Customer Receipt,Inflow,19449.53,SO-002959,Completed,Sales
FIN-003427,2025-04-01,Customer Receipt,Inflow,10135.2,SO-006200,Completed,Sales
FIN-003757,2025-04-01,Customer Receipt,Inflow,93759.73,SO-006786,Completed,Sales
FIN-004955,2025-04-01,Customer Receipt,Inflow,59710.4,SO-008936,Completed,Sales
FIN-000861,2025-04-02,Customer Receipt,Inflow,50691.72,SO-001565,Completed,Sales
FIN-002494,2025-04-02,Customer Receipt,Inflow,15779.54,SO-004576,Completed,Sales
FIN-003259,2025-04-02,Customer Receipt,Inflow,87938.7,SO-005907,Completed,Sales
FIN-004877,2025-04-02,Customer Receipt,Inflow,3806.73,SO-008799,Completed,Sales
FIN-005096,2025-04-02,Customer Receipt,Inflow,61245.7,SO-009206,Completed,Sales
FIN-005322,2025-04-02,Customer Receipt,Inflow,47135.4,SO-009604,Completed,Sales
FIN-005667,2025-04-02,Supplier Payment,Outflow,148393.5,PO-00305,Completed,Procurement
FIN-005757,2025-04-02,Supplier Payment,Outflow,43121.4,PO-00564,Completed,Procurement
FIN-005766,2025-04-02,Supplier Payment,Outflow,192851.0,PO-00584,Completed,Procurement
FIN-005955,2025-04-02,Operating Expense,Outflow,56891.0,EXP-202504-Rent,Completed,Rent
FIN-000407,2025-04-03,Customer Receipt,Inflow,76507.89,SO-000735,Completed,Sales
FIN-000677,2025-04-03,Customer Receipt,Inflow,50950.52,SO-001229,Completed,Sales
FIN-000812,2025-04-03,Customer Receipt,Inflow,19585.15,SO-001466,Completed,Sales
FIN-000862,2025-04-03,Customer Receipt,Inflow,92766.6,SO-001567,Completed,Sales
FIN-001590,2025-04-03,Customer Receipt,Inflow,51989.6,SO-002939,Completed,Sales
FIN-003824,2025-04-03,Customer Receipt,Inflow,111357.18,SO-006918,Completed,Sales
FIN-004922,2025-04-03,Customer Receipt,Inflow,91868.55,SO-008874,Completed,Sales
FIN-000136,2025-04-04,Customer Receipt,Inflow,2157.0,SO-000242,Completed,Sales
FIN-001645,2025-04-04,Customer Receipt,Inflow,188745.3,SO-003054,Completed,Sales
FIN-002427,2025-04-04,Customer Receipt,Inflow,29456.73,SO-004466,Completed,Sales
FIN-003939,2025-04-04,Customer Receipt,Inflow,111350.26,SO-007137,Completed,Sales
FIN-004671,2025-04-04,Customer Receipt,Inflow,79831.0,SO-008447,Completed,Sales
FIN-004769,2025-04-04,Customer Receipt,Inflow,46926.36,SO-008614,Completed,Sales
FIN-005548,2025-04-04,Customer Receipt,Inflow,108556.25,SO-009986,Completed,Sales
FIN-005655,2025-04-04,Supplier Payment,Outflow,233538.0,PO-00275,Completed,Procurement
FIN-005960,2025-04-04,Operating Expense,Outflow,20220.66,EXP-202504-Transport,Completed,Transport
FIN-000168,2025-04-05,Customer Receipt,Inflow,54719.28,SO-000298,Completed,Sales
FIN-000512,2025-04-05,Customer Receipt,Inflow,19934.76,SO-000923,Completed,Sales
FIN-000844,2025-04-05,Customer Receipt,Inflow,78123.68,SO-001532,Completed,Sales
FIN-002658,2025-04-05,Customer Receipt,Inflow,126132.46,SO-004845,Completed,Sales
FIN-003008,2025-04-05,Customer Receipt,Inflow,71562.45,SO-005467,Completed,Sales
FIN-003064,2025-04-05,Customer Receipt,Inflow,94510.2,SO-005561,Completed,Sales
FIN-003471,2025-04-05,Customer Receipt,Inflow,6261.86,SO-006286,Completed,Sales
FIN-003728,2025-04-05,Customer Receipt,Inflow,45401.6,SO-006740,Completed,Sales
FIN-004925,2025-04-05,Customer Receipt,Inflow,41278.44,SO-008879,Completed,Sales
FIN-005210,2025-04-05,Customer Receipt,Inflow,28492.95,SO-009407,Completed,Sales
FIN-000345,2025-04-06,Customer Receipt,Inflow,123385.86,SO-000632,Completed,Sales
FIN-001304,2025-04-06,Customer Receipt,Inflow,8249.64,SO-002391,Completed,Sales
FIN-001474,2025-04-06,Customer Receipt,Inflow,7344.09,SO-002704,Completed,Sales
FIN-002097,2025-04-06,Customer Receipt,Inflow,50397.12,SO-003898,Completed,Sales
FIN-002675,2025-04-06,Customer Receipt,Inflow,27798.6,SO-004890,Completed,Sales
FIN-002964,2025-04-06,Customer Receipt,Inflow,10485.02,SO-005398,Completed,Sales
FIN-003373,2025-04-06,Customer Receipt,Inflow,22075.8,SO-006101,Completed,Sales
FIN-003736,2025-04-06,Customer Receipt,Inflow,74494.32,SO-006752,Completed,Sales
FIN-004755,2025-04-06,Customer Receipt,Inflow,37533.51,SO-008589,Completed,Sales
FIN-005142,2025-04-06,Customer Receipt,Inflow,18987.95,SO-009290,Completed,Sales
FIN-000171,2025-04-07,Customer Receipt,Inflow,12363.5,SO-000310,Completed,Sales
FIN-000516,2025-04-07,Customer Receipt,Inflow,27429.57,SO-000929,Completed,Sales
FIN-001955,2025-04-07,Customer Receipt,Inflow,128816.8,SO-003615,Completed,Sales
FIN-002381,2025-04-07,Customer Receipt,Inflow,43632.4,SO-004391,Completed,Sales
FIN-002992,2025-04-07,Customer Receipt,Inflow,7958.34,SO-005439,Completed,Sales
FIN-005474,2025-04-07,Customer Receipt,Inflow,149615.7,SO-009878,Completed,Sales
FIN-001514,2025-04-08,Customer Receipt,Inflow,72316.37,SO-002792,Completed,Sales
FIN-003419,2025-04-08,Customer Receipt,Inflow,29538.0,SO-006177,Completed,Sales
FIN-004312,2025-04-08,Customer Receipt,Inflow,61543.17,SO-007809,Completed,Sales
FIN-004880,2025-04-08,Customer Receipt,Inflow,14622.52,SO-008804,Completed,Sales
FIN-001100,2025-04-09,Customer Receipt,Inflow,30823.39,SO-002006,Completed,Sales
FIN-001404,2025-04-09,Customer Receipt,Inflow,128282.44,SO-002579,Completed,Sales
FIN-004052,2025-04-09,Customer Receipt,Inflow,7400.38,SO-007345,Completed,Sales
FIN-004176,2025-04-09,Customer Receipt,Inflow,131780.67,SO-007566,Completed,Sales
FIN-005101,2025-04-09,Customer Receipt,Inflow,14598.32,SO-009215,Completed,Sales
FIN-000032,2025-04-10,Customer Receipt,Inflow,71047.68,SO-000055,Completed,Sales
FIN-000231,2025-04-10,Customer Receipt,Inflow,56918.68,SO-000422,Completed,Sales
FIN-000400,2025-04-10,Customer Receipt,Inflow,42935.04,SO-000727,Completed,Sales
FIN-000858,2025-04-10,Customer Receipt,Inflow,21888.4,SO-001556,Completed,Sales
FIN-001469,2025-04-10,Customer Receipt,Inflow,34605.54,SO-002697,Completed,Sales
FIN-002223,2025-04-10,Customer Receipt,Inflow,99564.37,SO-004131,Completed,Sales
FIN-002406,2025-04-10,Customer Receipt,Inflow,32152.25,SO-004434,Completed,Sales
FIN-002899,2025-04-10,Customer Receipt,Inflow,107512.0,SO-005298,Completed,Sales
FIN-002908,2025-04-10,Customer Receipt,Inflow,20760.78,SO-005311,Completed,Sales
FIN-004295,2025-04-10,Customer Receipt,Inflow,26101.8,SO-007785,Completed,Sales
FIN-004586,2025-04-10,Customer Receipt,Inflow,4600.6,SO-008311,Completed,Sales
FIN-005733,2025-04-10,Supplier Payment,Outflow,251077.0,PO-00505,Completed,Procurement
FIN-000129,2025-04-11,Customer Receipt,Inflow,5391.4,SO-000229,Completed,Sales
FIN-000215,2025-04-11,Customer Receipt,Inflow,74619.27,SO-000396,Completed,Sales
FIN-001896,2025-04-11,Customer Receipt,Inflow,4464.2,SO-003510,Completed,Sales
FIN-003089,2025-04-11,Customer Receipt,Inflow,43550.64,SO-005600,Completed,Sales
FIN-003774,2025-04-11,Customer Receipt,Inflow,31203.67,SO-006816,Completed,Sales
FIN-004283,2025-04-11,Customer Receipt,Inflow,4589.1,SO-007761,Completed,Sales
FIN-004605,2025-04-11,Customer Receipt,Inflow,6337.35,SO-008339,Completed,Sales
FIN-004790,2025-04-11,Customer Receipt,Inflow,50348.54,SO-008664,Completed,Sales
FIN-000561,2025-04-12,Customer Receipt,Inflow,131833.71,SO-001010,Completed,Sales
FIN-000808,2025-04-12,Customer Receipt,Inflow,6534.36,SO-001458,Completed,Sales
FIN-000915,2025-04-12,Customer Receipt,Inflow,138150.32,SO-001658,Completed,Sales
FIN-001001,2025-04-12,Customer Receipt,Inflow,60773.02,SO-001805,Completed,Sales
FIN-001114,2025-04-12,Customer Receipt,Inflow,117688.2,SO-002036,Completed,Sales
FIN-001751,2025-04-12,Customer Receipt,Inflow,111059.18,SO-003242,Completed,Sales
FIN-001956,2025-04-12,Customer Receipt,Inflow,38118.72,SO-003616,Completed,Sales
FIN-002743,2025-04-12,Customer Receipt,Inflow,3149.23,SO-005019,Completed,Sales
FIN-002854,2025-04-12,Customer Receipt,Inflow,38190.62,SO-005204,Completed,Sales
FIN-003015,2025-04-12,Customer Receipt,Inflow,12511.17,SO-005478,Completed,Sales
FIN-003038,2025-04-12,Customer Receipt,Inflow,42267.68,SO-005511,Completed,Sales
FIN-003793,2025-04-12,Customer Receipt,Inflow,12436.2,SO-006855,Completed,Sales
FIN-004141,2025-04-12,Customer Receipt,Inflow,6219.6,SO-007504,Completed,Sales
FIN-004344,2025-04-12,Customer Receipt,Inflow,49080.32,SO-007873,Completed,Sales
FIN-005575,2025-04-12,Supplier Payment,Outflow,83839.0,PO-00047,Completed,Procurement
FIN-005580,2025-04-12,Supplier Payment,Outflow,997860.0,PO-00064,Completed,Procurement
FIN-000423,2025-04-13,Customer Receipt,Inflow,18874.53,SO-000760,Completed,Sales
FIN-000435,2025-04-13,Customer Receipt,Inflow,36415.6,SO-000782,Completed,Sales
FIN-000752,2025-04-13,Customer Receipt,Inflow,18207.8,SO-001354,Completed,Sales
FIN-000798,2025-04-13,Customer Receipt,Inflow,136020.5,SO-001442,Completed,Sales
FIN-001340,2025-04-13,Customer Receipt,Inflow,5823.72,SO-002455,Completed,Sales
FIN-001496,2025-04-13,Customer Receipt,Inflow,105625.8,SO-002749,Completed,Sales
FIN-002401,2025-04-13,Customer Receipt,Inflow,50196.58,SO-004421,Completed,Sales
FIN-002608,2025-04-13,Customer Receipt,Inflow,51911.02,SO-004767,Completed,Sales
FIN-003335,2025-04-13,Customer Receipt,Inflow,21278.22,SO-006029,Completed,Sales
FIN-003677,2025-04-13,Customer Receipt,Inflow,14470.42,SO-006658,Completed,Sales
FIN-004268,2025-04-13,Customer Receipt,Inflow,83599.5,SO-007729,Completed,Sales
FIN-004382,2025-04-13,Customer Receipt,Inflow,6401.07,SO-007926,Completed,Sales
FIN-004964,2025-04-13,Customer Receipt,Inflow,15520.16,SO-008950,Completed,Sales
FIN-005956,2025-04-13,Operating Expense,Outflow,13370.11,EXP-202504-Utilities,Completed,Utilities
FIN-000088,2025-04-14,Customer Receipt,Inflow,42031.5,SO-000152,Completed,Sales
FIN-000641,2025-04-14,Customer Receipt,Inflow,76768.23,SO-001168,Completed,Sales
FIN-000903,2025-04-14,Customer Receipt,Inflow,62053.92,SO-001640,Completed,Sales
FIN-001011,2025-04-14,Customer Receipt,Inflow,79087.68,SO-001824,Completed,Sales
FIN-001302,2025-04-14,Customer Receipt,Inflow,42790.58,SO-002389,Completed,Sales
FIN-001458,2025-04-14,Customer Receipt,Inflow,31565.52,SO-002680,Completed,Sales
FIN-001662,2025-04-14,Customer Receipt,Inflow,17909.5,SO-003082,Completed,Sales
FIN-002640,2025-04-14,Customer Receipt,Inflow,17401.55,SO-004818,Completed,Sales
FIN-003452,2025-04-14,Customer Receipt,Inflow,1286.09,SO-006250,Completed,Sales
FIN-003849,2025-04-14,Customer Receipt,Inflow,17856.8,SO-006968,Completed,Sales
FIN-004347,2025-04-14,Customer Receipt,Inflow,4069.62,SO-007876,Completed,Sales
FIN-004530,2025-04-14,Customer Receipt,Inflow,21521.3,SO-008186,Completed,Sales
FIN-005564,2025-04-14,Supplier Payment,Outflow,214195.5,PO-00033,Completed,Procurement
FIN-005620,2025-04-14,Supplier Payment,Outflow,22594.4,PO-00189,Completed,Procurement
FIN-001059,2025-04-15,Customer Receipt,Inflow,93287.04,SO-001915,Completed,Sales
FIN-002277,2025-04-15,Customer Receipt,Inflow,16641.44,SO-004225,Completed,Sales
FIN-002315,2025-04-15,Customer Receipt,Inflow,17889.96,SO-004287,Completed,Sales
FIN-003811,2025-04-15,Customer Receipt,Inflow,36977.55,SO-006893,Completed,Sales
FIN-005688,2025-04-15,Supplier Payment,Outflow,159853.0,PO-00385,Completed,Procurement
FIN-000352,2025-04-16,Customer Receipt,Inflow,66408.0,SO-000646,Completed,Sales
FIN-001214,2025-04-16,Customer Receipt,Inflow,32469.58,SO-002208,Completed,Sales
FIN-002591,2025-04-16,Customer Receipt,Inflow,8002.94,SO-004745,Completed,Sales
FIN-002883,2025-04-16,Customer Receipt,Inflow,33185.12,SO-005259,Completed,Sales
FIN-003009,2025-04-16,Customer Receipt,Inflow,6095.46,SO-005469,Completed,Sales
FIN-003374,2025-04-16,Customer Receipt,Inflow,91408.96,SO-006103,Completed,Sales
FIN-003750,2025-04-16,Customer Receipt,Inflow,55399.8,SO-006776,Completed,Sales
FIN-004888,2025-04-16,Customer Receipt,Inflow,12237.6,SO-008817,Completed,Sales
FIN-005214,2025-04-16,Customer Receipt,Inflow,37636.04,SO-009417,Completed,Sales
FIN-005288,2025-04-16,Customer Receipt,Inflow,62662.8,SO-009551,Completed,Sales
FIN-005629,2025-04-16,Supplier Payment,Outflow,1021740.0,PO-00216,Completed,Procurement
FIN-005636,2025-04-16,Supplier Payment,Outflow,3562.5,PO-00227,Completed,Procurement
FIN-005724,2025-04-16,Supplier Payment,Outflow,2974.9,PO-00480,Completed,Procurement
FIN-000907,2025-04-17,Customer Receipt,Inflow,3722.48,SO-001645,Completed,Sales
FIN-001205,2025-04-17,Customer Receipt,Inflow,27685.46,SO-002191,Completed,Sales
FIN-001396,2025-04-17,Customer Receipt,Inflow,11773.76,SO-002568,Completed,Sales
FIN-001399,2025-04-17,Customer Receipt,Inflow,1170.87,SO-002571,Completed,Sales
FIN-002039,2025-04-17,Customer Receipt,Inflow,13934.7,SO-003789,Completed,Sales
FIN-002169,2025-04-17,Customer Receipt,Inflow,11884.29,SO-004037,Completed,Sales
FIN-003619,2025-04-17,Customer Receipt,Inflow,2448.18,SO-006562,Completed,Sales
FIN-003991,2025-04-17,Customer Receipt,Inflow,65999.42,SO-007228,Completed,Sales
FIN-004324,2025-04-17,Customer Receipt,Inflow,59425.1,SO-007833,Completed,Sales
FIN-005773,2025-04-17,Supplier Payment,Outflow,31823.0,PO-00595,Completed,Procurement
FIN-000506,2025-04-18,Customer Receipt,Inflow,192863.7,SO-000912,Completed,Sales
FIN-000525,2025-04-18,Customer Receipt,Inflow,363.16,SO-000946,Completed,Sales
FIN-000559,2025-04-18,Customer Receipt,Inflow,28498.68,SO-001004,Completed,Sales
FIN-001478,2025-04-18,Customer Receipt,Inflow,181273.4,SO-002709,Completed,Sales
FIN-001692,2025-04-18,Customer Receipt,Inflow,44410.14,SO-003138,Completed,Sales
FIN-002514,2025-04-18,Customer Receipt,Inflow,25125.1,SO-004617,Completed,Sales
FIN-003013,2025-04-18,Customer Receipt,Inflow,130771.44,SO-005473,Completed,Sales
FIN-003212,2025-04-18,Customer Receipt,Inflow,4891.68,SO-005821,Completed,Sales
FIN-003847,2025-04-18,Customer Receipt,Inflow,64091.72,SO-006964,Completed,Sales
FIN-005453,2025-04-18,Customer Receipt,Inflow,18743.82,SO-009844,Completed,Sales
FIN-005713,2025-04-18,Supplier Payment,Outflow,37582.8,PO-00450,Completed,Procurement
FIN-000484,2025-04-19,Customer Receipt,Inflow,28723.09,SO-000878,Completed,Sales
FIN-000878,2025-04-19,Customer Receipt,Inflow,22187.99,SO-001596,Completed,Sales
FIN-001621,2025-04-19,Customer Receipt,Inflow,94681.65,SO-002998,Completed,Sales
FIN-001665,2025-04-19,Customer Receipt,Inflow,17762.32,SO-003087,Completed,Sales
FIN-001927,2025-04-19,Customer Receipt,Inflow,63754.21,SO-003573,Completed,Sales
FIN-002319,2025-04-19,Customer Receipt,Inflow,8782.15,SO-004292,Completed,Sales
FIN-002364,2025-04-19,Customer Receipt,Inflow,44018.61,SO-004365,Completed,Sales
FIN-004374,2025-04-19,Customer Receipt,Inflow,2253.51,SO-007916,Completed,Sales
FIN-004967,2025-04-19,Customer Receipt,Inflow,100838.67,SO-008959,Completed,Sales
FIN-005958,2025-04-19,Operating Expense,Outflow,8974.96,EXP-202504-Maintenance,Completed,Maintenance
FIN-005959,2025-04-19,Operating Expense,Outflow,6963.67,EXP-202504-Software,Completed,Software
FIN-000341,2025-04-20,Customer Receipt,Inflow,25345.86,SO-000627,Completed,Sales
FIN-000932,2025-04-20,Customer Receipt,Inflow,54108.48,SO-001686,Completed,Sales
FIN-001428,2025-04-20,Customer Receipt,Inflow,17926.02,SO-002630,Completed,Sales
FIN-001637,2025-04-20,Customer Receipt,Inflow,47259.52,SO-003036,Completed,Sales
FIN-001783,2025-04-20,Customer Receipt,Inflow,141180.26,SO-003300,Completed,Sales
FIN-002536,2025-04-20,Customer Receipt,Inflow,39795.84,SO-004651,Completed,Sales
FIN-002834,2025-04-20,Customer Receipt,Inflow,63859.08,SO-005165,Completed,Sales
FIN-003473,2025-04-20,Customer Receipt,Inflow,17959.5,SO-006288,Completed,Sales
FIN-003898,2025-04-20,Customer Receipt,Inflow,27615.78,SO-007065,Completed,Sales
FIN-003915,2025-04-20,Customer Receipt,Inflow,61817.5,SO-007101,Completed,Sales
FIN-005209,2025-04-20,Customer Receipt,Inflow,66027.99,SO-009403,Completed,Sales
FIN-001324,2025-04-21,Customer Receipt,Inflow,64380.96,SO-002432,Completed,Sales
FIN-001383,2025-04-21,Customer Receipt,Inflow,3473.6,SO-002538,Completed,Sales
FIN-001393,2025-04-21,Customer Receipt,Inflow,65337.61,SO-002557,Completed,Sales
FIN-002065,2025-04-21,Customer Receipt,Inflow,54502.45,SO-003840,Completed,Sales
FIN-002434,2025-04-21,Customer Receipt,Inflow,12982.0,SO-004480,Completed,Sales
FIN-002843,2025-04-21,Customer Receipt,Inflow,169015.5,SO-005184,Completed,Sales
FIN-005562,2025-04-21,Supplier Payment,Outflow,292222.0,PO-00024,Completed,Procurement
FIN-005957,2025-04-21,Operating Expense,Outflow,156321.19,EXP-202504-Salaries,Completed,Salaries
FIN-000101,2025-04-22,Customer Receipt,Inflow,2341.69,SO-000179,Completed,Sales
FIN-000572,2025-04-22,Customer Receipt,Inflow,9961.52,SO-001033,Completed,Sales
FIN-001647,2025-04-22,Customer Receipt,Inflow,2848.48,SO-003057,Completed,Sales
FIN-005150,2025-04-22,Customer Receipt,Inflow,16858.4,SO-009306,Completed,Sales
FIN-005609,2025-04-22,Supplier Payment,Outflow,31923.7,PO-00157,Completed,Procurement
FIN-001389,2025-04-23,Customer Receipt,Inflow,68938.8,SO-002551,Completed,Sales
FIN-002291,2025-04-23,Customer Receipt,Inflow,2488.06,SO-004246,Completed,Sales
FIN-002900,2025-04-23,Customer Receipt,Inflow,21073.0,SO-005299,Completed,Sales
FIN-003412,2025-04-23,Customer Receipt,Inflow,93631.44,SO-006166,Completed,Sales
FIN-003565,2025-04-23,Customer Receipt,Inflow,94885.38,SO-006477,Completed,Sales
FIN-004189,2025-04-23,Customer Receipt,Inflow,23129.37,SO-007586,Completed,Sales
FIN-004584,2025-04-23,Customer Receipt,Inflow,40775.5,SO-008302,Completed,Sales
FIN-005204,2025-04-23,Customer Receipt,Inflow,20527.41,SO-009396,Completed,Sales
FIN-005850,2025-04-23,Supplier Payment,Outflow,326424.0,PO-00803,Completed,Procurement
FIN-000325,2025-04-24,Customer Receipt,Inflow,34045.5,SO-000600,Completed,Sales
FIN-000825,2025-04-24,Customer Receipt,Inflow,10601.4,SO-001498,Completed,Sales
FIN-001055,2025-04-24,Customer Receipt,Inflow,46601.83,SO-001909,Completed,Sales
FIN-001476,2025-04-24,Customer Receipt,Inflow,11199.36,SO-002706,Completed,Sales
FIN-003815,2025-04-24,Customer Receipt,Inflow,12661.04,SO-006903,Completed,Sales
FIN-004998,2025-04-24,Customer Receipt,Inflow,16178.45,SO-009019,Completed,Sales
FIN-000294,2025-04-25,Customer Receipt,Inflow,24601.55,SO-000545,Completed,Sales
FIN-000329,2025-04-25,Customer Receipt,Inflow,104978.23,SO-000607,Completed,Sales
FIN-001013,2025-04-25,Customer Receipt,Inflow,131988.96,SO-001829,Completed,Sales
FIN-001309,2025-04-25,Customer Receipt,Inflow,14886.56,SO-002400,Completed,Sales
FIN-002744,2025-04-25,Customer Receipt,Inflow,82503.4,SO-005021,Completed,Sales
FIN-002821,2025-04-25,Customer Receipt,Inflow,72241.16,SO-005142,Completed,Sales
FIN-002836,2025-04-25,Customer Receipt,Inflow,70108.25,SO-005170,Completed,Sales
FIN-003582,2025-04-25,Customer Receipt,Inflow,56369.46,SO-006500,Completed,Sales
FIN-004549,2025-04-25,Customer Receipt,Inflow,3113.27,SO-008230,Completed,Sales
FIN-004696,2025-04-25,Customer Receipt,Inflow,17077.8,SO-008494,Completed,Sales
FIN-002438,2025-04-26,Customer Receipt,Inflow,91840.56,SO-004489,Completed,Sales
FIN-004094,2025-04-26,Customer Receipt,Inflow,28557.44,SO-007415,Completed,Sales
FIN-005201,2025-04-26,Customer Receipt,Inflow,36810.24,SO-009388,Completed,Sales
FIN-000370,2025-04-27,Customer Receipt,Inflow,9704.52,SO-000671,Completed,Sales
FIN-000440,2025-04-27,Customer Receipt,Inflow,2876.0,SO-000793,Completed,Sales
FIN-001090,2025-04-27,Customer Receipt,Inflow,32229.84,SO-001987,Completed,Sales
FIN-001420,2025-04-27,Customer Receipt,Inflow,74179.77,SO-002616,Completed,Sales
FIN-001515,2025-04-27,Customer Receipt,Inflow,14788.92,SO-002793,Completed,Sales
FIN-001859,2025-04-27,Customer Receipt,Inflow,9409.25,SO-003444,Completed,Sales
FIN-002907,2025-04-27,Customer Receipt,Inflow,18085.9,SO-005309,Completed,Sales
FIN-004067,2025-04-27,Customer Receipt,Inflow,4214.6,SO-007371,Completed,Sales
FIN-004752,2025-04-27,Customer Receipt,Inflow,14415.8,SO-008582,Completed,Sales
FIN-004772,2025-04-27,Customer Receipt,Inflow,32524.38,SO-008624,Completed,Sales
FIN-005499,2025-04-27,Customer Receipt,Inflow,157206.9,SO-009914,Completed,Sales
FIN-005699,2025-04-27,Supplier Payment,Outflow,151454.0,PO-00414,Completed,Procurement
FIN-005880,2025-04-27,Supplier Payment,Outflow,36908.8,PO-00907,Completed,Procurement
FIN-002168,2025-04-28,Customer Receipt,Inflow,8894.74,SO-004036,Completed,Sales
FIN-002951,2025-04-28,Customer Receipt,Inflow,31284.24,SO-005375,Completed,Sales
FIN-003253,2025-04-28,Customer Receipt,Inflow,21168.23,SO-005897,Completed,Sales
FIN-003281,2025-04-28,Customer Receipt,Inflow,183388.2,SO-005937,Completed,Sales
FIN-004021,2025-04-28,Customer Receipt,Inflow,28010.37,SO-007289,Completed,Sales
FIN-004789,2025-04-28,Customer Receipt,Inflow,55113.15,SO-008663,Completed,Sales
FIN-004990,2025-04-28,Customer Receipt,Inflow,47781.84,SO-009000,Completed,Sales
FIN-005238,2025-04-28,Customer Receipt,Inflow,8685.24,SO-009460,Completed,Sales
FIN-000164,2025-04-29,Customer Receipt,Inflow,67398.87,SO-000294,Completed,Sales
FIN-002679,2025-04-29,Customer Receipt,Inflow,82928.1,SO-004900,Completed,Sales
FIN-002771,2025-04-29,Customer Receipt,Inflow,80362.75,SO-005066,Completed,Sales
FIN-002876,2025-04-29,Customer Receipt,Inflow,5702.07,SO-005248,Completed,Sales
FIN-003007,2025-04-29,Customer Receipt,Inflow,56417.1,SO-005465,Completed,Sales
FIN-004621,2025-04-29,Customer Receipt,Inflow,22344.1,SO-008369,Completed,Sales
FIN-004855,2025-04-29,Customer Receipt,Inflow,66726.99,SO-008767,Completed,Sales
FIN-005335,2025-04-29,Customer Receipt,Inflow,4490.82,SO-009622,Completed,Sales
FIN-005517,2025-04-29,Customer Receipt,Inflow,50878.08,SO-009937,Completed,Sales
FIN-005627,2025-04-29,Supplier Payment,Outflow,200632.5,PO-00209,Completed,Procurement
FIN-000725,2025-04-30,Customer Receipt,Inflow,16725.28,SO-001317,Completed,Sales
FIN-000904,2025-04-30,Customer Receipt,Inflow,45401.6,SO-001642,Completed,Sales
FIN-001077,2025-04-30,Customer Receipt,Inflow,4150.5,SO-001960,Completed,Sales
FIN-002244,2025-04-30,Customer Receipt,Inflow,25838.8,SO-004164,Completed,Sales
FIN-002661,2025-04-30,Customer Receipt,Inflow,58505.7,SO-004854,Completed,Sales
FIN-003540,2025-04-30,Customer Receipt,Inflow,27364.25,SO-006428,Completed,Sales
FIN-003900,2025-04-30,Customer Receipt,Inflow,47781.84,SO-007067,Completed,Sales
FIN-004396,2025-04-30,Customer Receipt,Inflow,21418.08,SO-007957,Completed,Sales
FIN-000202,2025-05-01,Customer Receipt,Inflow,44724.9,SO-000377,Completed,Sales
FIN-000922,2025-05-01,Customer Receipt,Inflow,22115.9,SO-001672,Completed,Sales
FIN-000948,2025-05-01,Customer Receipt,Inflow,176059.0,SO-001715,Completed,Sales
FIN-004227,2025-05-01,Customer Receipt,Inflow,118640.25,SO-007653,Completed,Sales
FIN-004686,2025-05-01,Customer Receipt,Inflow,33185.12,SO-008475,Completed,Sales
FIN-005094,2025-05-01,Customer Receipt,Inflow,24190.66,SO-009203,Completed,Sales
FIN-005253,2025-05-01,Customer Receipt,Inflow,63367.2,SO-009481,Completed,Sales
FIN-000456,2025-05-02,Customer Receipt,Inflow,98937.36,SO-000830,Completed,Sales
FIN-000787,2025-05-02,Customer Receipt,Inflow,68155.21,SO-001420,Completed,Sales
FIN-002235,2025-05-02,Customer Receipt,Inflow,16453.08,SO-004151,Completed,Sales
FIN-003045,2025-05-02,Customer Receipt,Inflow,6207.86,SO-005524,Completed,Sales
FIN-003568,2025-05-02,Customer Receipt,Inflow,11224.26,SO-006480,Completed,Sales
FIN-004178,2025-05-02,Customer Receipt,Inflow,51386.0,SO-007568,Completed,Sales
FIN-004806,2025-05-02,Customer Receipt,Inflow,29734.68,SO-008686,Completed,Sales
FIN-000517,2025-05-03,Customer Receipt,Inflow,58625.8,SO-000933,Completed,Sales
FIN-002524,2025-05-03,Customer Receipt,Inflow,32171.44,SO-004632,Completed,Sales
FIN-004678,2025-05-03,Customer Receipt,Inflow,156446.92,SO-008461,Completed,Sales
FIN-005625,2025-05-03,Supplier Payment,Outflow,378581.0,PO-00197,Completed,Procurement
FIN-005747,2025-05-03,Supplier Payment,Outflow,236420.0,PO-00542,Completed,Procurement
FIN-005966,2025-05-03,Operating Expense,Outflow,20680.78,EXP-202505-Transport,Completed,Transport
FIN-001310,2025-05-04,Customer Receipt,Inflow,63098.28,SO-002405,Completed,Sales
FIN-001578,2025-05-04,Customer Receipt,Inflow,20292.48,SO-002913,Completed,Sales
FIN-002365,2025-05-04,Customer Receipt,Inflow,31226.8,SO-004366,Completed,Sales
FIN-003033,2025-05-04,Customer Receipt,Inflow,49996.32,SO-005503,Completed,Sales
FIN-003674,2025-05-04,Customer Receipt,Inflow,13367.0,SO-006654,Completed,Sales
FIN-004318,2025-05-04,Customer Receipt,Inflow,47365.12,SO-007823,Completed,Sales
FIN-000850,2025-05-05,Customer Receipt,Inflow,51292.76,SO-001543,Completed,Sales
FIN-001109,2025-05-05,Customer Receipt,Inflow,57736.39,SO-002026,Completed,Sales
FIN-003833,2025-05-05,Customer Receipt,Inflow,9955.4,SO-006935,Completed,Sales
FIN-004525,2025-05-05,Customer Receipt,Inflow,96323.92,SO-008179,Completed,Sales
FIN-004891,2025-05-05,Customer Receipt,Inflow,1566.96,SO-008822,Completed,Sales
FIN-005717,2025-05-05,Supplier Payment,Outflow,42080.2,PO-00465,Completed,Procurement
FIN-005718,2025-05-05,Supplier Payment,Outflow,26127.7,PO-00467,Completed,Procurement
FIN-001034,2025-05-06,Customer Receipt,Inflow,27000.25,SO-001867,Completed,Sales
FIN-001745,2025-05-06,Customer Receipt,Inflow,53808.48,SO-003236,Completed,Sales
FIN-002066,2025-05-06,Customer Receipt,Inflow,64577.25,SO-003841,Completed,Sales
FIN-002120,2025-05-06,Customer Receipt,Inflow,131530.5,SO-003945,Completed,Sales
FIN-002799,2025-05-06,Customer Receipt,Inflow,13429.1,SO-005105,Completed,Sales
FIN-002869,2025-05-06,Customer Receipt,Inflow,29405.16,SO-005232,Completed,Sales
FIN-004254,2025-05-06,Customer Receipt,Inflow,54697.5,SO-007699,Completed,Sales
FIN-004475,2025-05-06,Customer Receipt,Inflow,83054.86,SO-008090,Completed,Sales
FIN-000466,2025-05-07,Customer Receipt,Inflow,16359.59,SO-000848,Completed,Sales
FIN-000806,2025-05-07,Customer Receipt,Inflow,5823.72,SO-001455,Completed,Sales
FIN-001717,2025-05-07,Customer Receipt,Inflow,155560.72,SO-003192,Completed,Sales
FIN-001991,2025-05-07,Customer Receipt,Inflow,32364.36,SO-003684,Completed,Sales
FIN-002150,2025-05-07,Customer Receipt,Inflow,73329.4,SO-004006,Completed,Sales
FIN-003692,2025-05-07,Customer Receipt,Inflow,11476.54,SO-006685,Completed,Sales
FIN-004205,2025-05-07,Customer Receipt,Inflow,87188.4,SO-007611,Completed,Sales
FIN-005576,2025-05-07,Supplier Payment,Outflow,85370.0,PO-00049,Completed,Procurement
FIN-000255,2025-05-08,Customer Receipt,Inflow,31460.75,SO-000477,Completed,Sales
FIN-000772,2025-05-08,Customer Receipt,Inflow,18498.96,SO-001387,Completed,Sales
FIN-000979,2025-05-08,Customer Receipt,Inflow,9418.32,SO-001770,Completed,Sales
FIN-002505,2025-05-08,Customer Receipt,Inflow,23235.42,SO-004599,Completed,Sales
FIN-003140,2025-05-08,Customer Receipt,Inflow,31554.05,SO-005682,Completed,Sales
FIN-005287,2025-05-08,Customer Receipt,Inflow,108816.4,SO-009550,Completed,Sales
FIN-005432,2025-05-08,Customer Receipt,Inflow,5440.82,SO-009801,Completed,Sales
FIN-005592,2025-05-08,Supplier Payment,Outflow,47781.4,PO-00105,Completed,Procurement
FIN-005794,2025-05-08,Supplier Payment,Outflow,19628.3,PO-00658,Completed,Procurement
FIN-005961,2025-05-08,Operating Expense,Outflow,35327.65,EXP-202505-Rent,Completed,Rent
FIN-005965,2025-05-08,Operating Expense,Outflow,14428.56,EXP-202505-Software,Completed,Software
FIN-000060,2025-05-09,Customer Receipt,Inflow,68658.38,SO-000100,Completed,Sales
FIN-001235,2025-05-09,Customer Receipt,Inflow,58329.04,SO-002246,Completed,Sales
FIN-001816,2025-05-09,Customer Receipt,Inflow,60357.15,SO-003353,Completed,Sales
FIN-001994,2025-05-09,Customer Receipt,Inflow,66247.44,SO-003698,Completed,Sales
FIN-002124,2025-05-09,Customer Receipt,Inflow,87397.44,SO-003954,Completed,Sales
FIN-002711,2025-05-09,Customer Receipt,Inflow,27208.72,SO-004958,Completed,Sales
FIN-003066,2025-05-09,Customer Receipt,Inflow,17909.5,SO-005563,Completed,Sales
FIN-003128,2025-05-09,Customer Receipt,Inflow,99368.74,SO-005660,Completed,Sales
FIN-004360,2025-05-09,Customer Receipt,Inflow,64077.76,SO-007894,Completed,Sales
FIN-005140,2025-05-09,Customer Receipt,Inflow,50991.05,SO-009288,Completed,Sales
FIN-005441,2025-05-09,Customer Receipt,Inflow,88075.45,SO-009816,Completed,Sales
FIN-000706,2025-05-10,Customer Receipt,Inflow,70108.25,SO-001285,Completed,Sales
FIN-001015,2025-05-10,Customer Receipt,Inflow,3684.93,SO-001832,Completed,Sales
FIN-001463,2025-05-10,Customer Receipt,Inflow,62026.72,SO-002687,Completed,Sales
FIN-002294,2025-05-10,Customer Receipt,Inflow,12266.13,SO-004251,Completed,Sales
FIN-002615,2025-05-10,Customer Receipt,Inflow,103919.98,SO-004777,Completed,Sales
FIN-002650,2025-05-10,Customer Receipt,Inflow,2162.37,SO-004835,Completed,Sales
FIN-002745,2025-05-10,Customer Receipt,Inflow,9508.78,SO-005025,Completed,Sales
FIN-005014,2025-05-10,Customer Receipt,Inflow,38839.71,SO-009048,Completed,Sales
FIN-001494,2025-05-11,Customer Receipt,Inflow,37002.49,SO-002743,Completed,Sales
FIN-002885,2025-05-11,Customer Receipt,Inflow,83645.27,SO-005262,Completed,Sales
FIN-003313,2025-05-11,Customer Receipt,Inflow,126513.84,SO-005996,Completed,Sales
FIN-004288,2025-05-11,Customer Receipt,Inflow,7841.4,SO-007769,Completed,Sales
FIN-005118,2025-05-11,Customer Receipt,Inflow,28224.6,SO-009245,Completed,Sales
FIN-005155,2025-05-11,Customer Receipt,Inflow,112793.04,SO-009313,Completed,Sales
FIN-005365,2025-05-11,Customer Receipt,Inflow,10471.5,SO-009669,Completed,Sales
FIN-005964,2025-05-11,Operating Expense,Outflow,21214.44,EXP-202505-Maintenance,Completed,Maintenance
FIN-001574,2025-05-12,Customer Receipt,Inflow,50366.07,SO-002905,Completed,Sales
FIN-001671,2025-05-12,Customer Receipt,Inflow,149450.05,SO-003099,Completed,Sales
FIN-003372,2025-05-12,Customer Receipt,Inflow,81383.4,SO-006099,Completed,Sales
FIN-003967,2025-05-12,Customer Receipt,Inflow,94030.18,SO-007175,Completed,Sales
FIN-004061,2025-05-12,Customer Receipt,Inflow,44111.61,SO-007359,Completed,Sales
FIN-004293,2025-05-12,Customer Receipt,Inflow,51330.58,SO-007781,Completed,Sales
FIN-004299,2025-05-12,Customer Receipt,Inflow,28723.09,SO-007791,Completed,Sales
FIN-004323,2025-05-12,Customer Receipt,Inflow,48578.16,SO-007832,Completed,Sales
FIN-004756,2025-05-12,Customer Receipt,Inflow,61751.9,SO-008590,Completed,Sales
FIN-005182,2025-05-12,Customer Receipt,Inflow,5873.8,SO-009355,Completed,Sales
FIN-005685,2025-05-12,Supplier Payment,Outflow,13464.1,PO-00374,Completed,Procurement
FIN-005797,2025-05-12,Supplier Payment,Outflow,148534.0,PO-00668,Completed,Procurement
FIN-005820,2025-05-12,Supplier Payment,Outflow,94872.4,PO-00744,Completed,Procurement
FIN-005963,2025-05-12,Operating Expense,Outflow,229720.39,EXP-202505-Salaries,Completed,Salaries
FIN-001004,2025-05-13,Customer Receipt,Inflow,127095.9,SO-001811,Completed,Sales
FIN-001091,2025-05-13,Customer Receipt,Inflow,70735.5,SO-001989,Completed,Sales
FIN-001723,2025-05-13,Customer Receipt,Inflow,33911.02,SO-003206,Completed,Sales
FIN-002430,2025-05-13,Customer Receipt,Inflow,48585.47,SO-004474,Completed,Sales
FIN-003513,2025-05-13,Customer Receipt,Inflow,2572.18,SO-006375,Completed,Sales
FIN-003626,2025-05-13,Customer Receipt,Inflow,42935.04,SO-006578,Completed,Sales
FIN-003724,2025-05-13,Customer Receipt,Inflow,24384.32,SO-006732,Completed,Sales
FIN-004625,2025-05-13,Customer Receipt,Inflow,120452.08,SO-008375,Completed,Sales
FIN-005962,2025-05-13,Operating Expense,Outflow,11164.96,EXP-202505-Utilities,Completed,Utilities
FIN-000339,2025-05-14,Customer Receipt,Inflow,51674.0,SO-000625,Completed,Sales
FIN-000363,2025-05-14,Customer Receipt,Inflow,26026.11,SO-000663,Completed,Sales
FIN-000828,2025-05-14,Customer Receipt,Inflow,106088.76,SO-001506,Completed,Sales
FIN-001705,2025-05-14,Customer Receipt,Inflow,4377.68,SO-003171,Completed,Sales
FIN-002059,2025-05-14,Customer Receipt,Inflow,24328.92,SO-003829,Completed,Sales
FIN-003251,2025-05-14,Customer Receipt,Inflow,58774.76,SO-005894,Completed,Sales
FIN-005394,2025-05-14,Customer Receipt,Inflow,59904.39,SO-009720,Completed,Sales
FIN-000685,2025-05-15,Customer Receipt,Inflow,15857.8,SO-001244,Completed,Sales
FIN-002962,2025-05-15,Customer Receipt,Inflow,29703.0,SO-005392,Completed,Sales
FIN-003034,2025-05-15,Customer Receipt,Inflow,103203.1,SO-005505,Completed,Sales
FIN-003737,2025-05-15,Customer Receipt,Inflow,34334.85,SO-006756,Completed,Sales
FIN-004491,2025-05-15,Customer Receipt,Inflow,58831.96,SO-008116,Completed,Sales
FIN-001152,2025-05-16,Customer Receipt,Inflow,40787.23,SO-002093,Completed,Sales
FIN-003012,2025-05-16,Customer Receipt,Inflow,4589.1,SO-005472,Completed,Sales
FIN-003846,2025-05-16,Customer Receipt,Inflow,10797.36,SO-006961,Completed,Sales
FIN-004133,2025-05-16,Customer Receipt,Inflow,108766.5,SO-007486,Completed,Sales
FIN-004441,2025-05-16,Customer Receipt,Inflow,16045.08,SO-008037,Completed,Sales
FIN-005036,2025-05-16,Customer Receipt,Inflow,3568.05,SO-009095,Completed,Sales
FIN-000968,2025-05-17,Customer Receipt,Inflow,74789.73,SO-001752,Completed,Sales
FIN-000983,2025-05-17,Customer Receipt,Inflow,13501.32,SO-001776,Completed,Sales
FIN-002788,2025-05-17,Customer Receipt,Inflow,11123.79,SO-005090,Completed,Sales
FIN-003321,2025-05-17,Customer Receipt,Inflow,29425.02,SO-006009,Completed,Sales
FIN-003324,2025-05-17,Customer Receipt,Inflow,18987.95,SO-006012,Completed,Sales
FIN-003806,2025-05-17,Customer Receipt,Inflow,70770.88,SO-006886,Completed,Sales
FIN-005353,2025-05-17,Customer Receipt,Inflow,29223.67,SO-009650,Completed,Sales
FIN-001897,2025-05-18,Customer Receipt,Inflow,71017.38,SO-003513,Completed,Sales
FIN-002538,2025-05-18,Customer Receipt,Inflow,171560.76,SO-004653,Completed,Sales
FIN-003173,2025-05-18,Customer Receipt,Inflow,41787.76,SO-005748,Completed,Sales
FIN-003424,2025-05-18,Customer Receipt,Inflow,24660.32,SO-006185,Completed,Sales
FIN-003483,2025-05-18,Customer Receipt,Inflow,38869.6,SO-006312,Completed,Sales
FIN-004213,2025-05-18,Customer Receipt,Inflow,136416.21,SO-007625,Completed,Sales
FIN-004719,2025-05-18,Customer Receipt,Inflow,54925.68,SO-008526,Completed,Sales
FIN-004958,2025-05-18,Customer Receipt,Inflow,62752.7,SO-008941,Completed,Sales
FIN-005681,2025-05-18,Supplier Payment,Outflow,261885.0,PO-00361,Completed,Procurement
FIN-000588,2025-05-19,Customer Receipt,Inflow,59961.46,SO-001063,Completed,Sales
FIN-001086,2025-05-19,Customer Receipt,Inflow,22751.01,SO-001981,Completed,Sales
FIN-001672,2025-05-19,Customer Receipt,Inflow,36201.15,SO-003100,Completed,Sales
FIN-002092,2025-05-19,Customer Receipt,Inflow,2318.56,SO-003891,Completed,Sales
FIN-004497,2025-05-19,Customer Receipt,Inflow,50397.12,SO-008130,Completed,Sales
FIN-005235,2025-05-19,Customer Receipt,Inflow,5738.88,SO-009455,Completed,Sales
FIN-005810,2025-05-19,Supplier Payment,Outflow,58302.4,PO-00721,Completed,Procurement
FIN-000153,2025-05-20,Customer Receipt,Inflow,62145.71,SO-000272,Completed,Sales
FIN-000166,2025-05-20,Customer Receipt,Inflow,146845.0,SO-000296,Completed,Sales
FIN-000710,2025-05-20,Customer Receipt,Inflow,9706.5,SO-001291,Completed,Sales
FIN-001229,2025-05-20,Customer Receipt,Inflow,31213.28,SO-002240,Completed,Sales
FIN-001281,2025-05-20,Customer Receipt,Inflow,68837.8,SO-002346,Completed,Sales
FIN-002732,2025-05-20,Customer Receipt,Inflow,47856.48,SO-005002,Completed,Sales
FIN-003027,2025-05-20,Customer Receipt,Inflow,68718.78,SO-005493,Completed,Sales
FIN-004200,2025-05-20,Customer Receipt,Inflow,122491.4,SO-007605,Completed,Sales
FIN-004438,2025-05-20,Customer Receipt,Inflow,54351.44,SO-008033,Completed,Sales
FIN-004561,2025-05-20,Customer Receipt,Inflow,153068.67,SO-008254,Completed,Sales
FIN-000386,2025-05-21,Customer Receipt,Inflow,58852.17,SO-000695,Completed,Sales
FIN-000441,2025-05-21,Customer Receipt,Inflow,18286.38,SO-000794,Completed,Sales
FIN-002123,2025-05-21,Customer Receipt,Inflow,23884.16,SO-003953,Completed,Sales
FIN-002224,2025-05-21,Customer Receipt,Inflow,48442.75,SO-004134,Completed,Sales
FIN-003776,2025-05-21,Customer Receipt,Inflow,47045.18,SO-006820,Completed,Sales
FIN-004988,2025-05-21,Customer Receipt,Inflow,55622.8,SO-008998,Completed,Sales
FIN-001346,2025-05-22,Customer Receipt,Inflow,57400.35,SO-002469,Completed,Sales
FIN-001884,2025-05-22,Customer Receipt,Inflow,120941.31,SO-003493,Completed,Sales
FIN-002166,2025-05-22,Customer Receipt,Inflow,107262.98,SO-004034,Completed,Sales
FIN-002332,2025-05-22,Customer Receipt,Inflow,62001.94,SO-004315,Completed,Sales
FIN-002710,2025-05-22,Customer Receipt,Inflow,10127.04,SO-004957,Completed,Sales
FIN-003730,2025-05-22,Customer Receipt,Inflow,21933.78,SO-006743,Completed,Sales
FIN-004544,2025-05-22,Customer Receipt,Inflow,46971.48,SO-008214,Completed,Sales
FIN-005160,2025-05-22,Customer Receipt,Inflow,24867.75,SO-009327,Completed,Sales
FIN-005798,2025-05-22,Supplier Payment,Outflow,242230.0,PO-00670,Completed,Procurement
FIN-000886,2025-05-23,Customer Receipt,Inflow,44405.8,SO-001613,Completed,Sales
FIN-000961,2025-05-23,Customer Receipt,Inflow,24515.64,SO-001741,Completed,Sales
FIN-001461,2025-05-23,Customer Receipt,Inflow,48301.92,SO-002684,Completed,Sales
FIN-002491,2025-05-23,Customer Receipt,Inflow,26547.5,SO-004573,Completed,Sales
FIN-002617,2025-05-23,Customer Receipt,Inflow,48767.4,SO-004781,Completed,Sales
FIN-003611,2025-05-23,Customer Receipt,Inflow,17179.0,SO-006545,Completed,Sales
FIN-004154,2025-05-23,Customer Receipt,Inflow,83158.56,SO-007530,Completed,Sales
FIN-004187,2025-05-23,Customer Receipt,Inflow,67084.16,SO-007583,Completed,Sales
FIN-004648,2025-05-23,Customer Receipt,Inflow,19731.78,SO-008413,Completed,Sales
FIN-000944,2025-05-24,Customer Receipt,Inflow,39866.49,SO-001702,Completed,Sales
FIN-001409,2025-05-24,Customer Receipt,Inflow,20853.36,SO-002590,Completed,Sales
FIN-001566,2025-05-24,Customer Receipt,Inflow,50460.41,SO-002892,Completed,Sales
FIN-002670,2025-05-24,Customer Receipt,Inflow,112511.0,SO-004876,Completed,Sales
FIN-002790,2025-05-24,Customer Receipt,Inflow,14649.2,SO-005093,Completed,Sales
FIN-003301,2025-05-24,Customer Receipt,Inflow,102860.64,SO-005975,Completed,Sales
FIN-003308,2025-05-24,Customer Receipt,Inflow,85672.32,SO-005989,Completed,Sales
FIN-003496,2025-05-24,Customer Receipt,Inflow,108665.34,SO-006333,Completed,Sales
FIN-003620,2025-05-24,Customer Receipt,Inflow,108796.0,SO-006563,Completed,Sales
FIN-004130,2025-05-24,Customer Receipt,Inflow,9653.64,SO-007483,Completed,Sales
FIN-004819,2025-05-24,Customer Receipt,Inflow,36479.38,SO-008706,Completed,Sales
FIN-005008,2025-05-24,Customer Receipt,Inflow,34245.97,SO-009039,Completed,Sales
FIN-005132,2025-05-24,Customer Receipt,Inflow,102880.61,SO-009276,Completed,Sales
FIN-005459,2025-05-24,Customer Receipt,Inflow,18483.77,SO-009855,Completed,Sales
FIN-005573,2025-05-24,Supplier Payment,Outflow,40393.5,PO-00043,Completed,Procurement
FIN-005668,2025-05-24,Supplier Payment,Outflow,46305.6,PO-00317,Completed,Procurement
FIN-001039,2025-05-25,Customer Receipt,Inflow,123474.75,SO-001875,Completed,Sales
FIN-001064,2025-05-25,Customer Receipt,Inflow,90787.76,SO-001930,Completed,Sales
FIN-001666,2025-05-25,Customer Receipt,Inflow,52714.1,SO-003089,Completed,Sales
FIN-003502,2025-05-25,Customer Receipt,Inflow,94303.68,SO-006346,Completed,Sales
FIN-003747,2025-05-25,Customer Receipt,Inflow,88434.24,SO-006770,Completed,Sales
FIN-004042,2025-05-25,Customer Receipt,Inflow,39818.2,SO-007328,Completed,Sales
FIN-004167,2025-05-25,Customer Receipt,Inflow,55988.8,SO-007550,Completed,Sales
FIN-004725,2025-05-25,Customer Receipt,Inflow,4442.04,SO-008535,Completed,Sales
FIN-004779,2025-05-25,Customer Receipt,Inflow,37098.25,SO-008643,Completed,Sales
FIN-004890,2025-05-25,Customer Receipt,Inflow,9525.08,SO-008821,Completed,Sales
FIN-005039,2025-05-25,Customer Receipt,Inflow,25153.52,SO-009099,Completed,Sales
FIN-001559,2025-05-26,Customer Receipt,Inflow,22313.52,SO-002880,Completed,Sales
FIN-002421,2025-05-26,Customer Receipt,Inflow,32546.5,SO-004458,Completed,Sales
FIN-002473,2025-05-26,Customer Receipt,Inflow,1078.28,SO-004546,Completed,Sales
FIN-002497,2025-05-26,Customer Receipt,Inflow,26056.7,SO-004581,Completed,Sales
FIN-003640,2025-05-26,Customer Receipt,Inflow,22478.94,SO-006603,Completed,Sales
FIN-004159,2025-05-26,Customer Receipt,Inflow,5525.17,SO-007537,Completed,Sales
FIN-004164,2025-05-26,Customer Receipt,Inflow,173785.23,SO-007544,Completed,Sales
FIN-004198,2025-05-26,Customer Receipt,Inflow,20383.02,SO-007603,Completed,Sales
FIN-004378,2025-05-26,Customer Receipt,Inflow,11374.32,SO-007921,Completed,Sales
FIN-000554,2025-05-27,Customer Receipt,Inflow,77703.2,SO-000997,Completed,Sales
FIN-000692,2025-05-27,Customer Receipt,Inflow,8839.65,SO-001259,Completed,Sales
FIN-000873,2025-05-27,Customer Receipt,Inflow,7425.08,SO-001585,Completed,Sales
FIN-001553,2025-05-27,Customer Receipt,Inflow,587.14,SO-002869,Completed,Sales
FIN-001919,2025-05-27,Customer Receipt,Inflow,99564.37,SO-003559,Completed,Sales
FIN-003098,2025-05-27,Customer Receipt,Inflow,136081.57,SO-005615,Completed,Sales
FIN-003491,2025-05-27,Customer Receipt,Inflow,133421.1,SO-006325,Completed,Sales
FIN-003855,2025-05-27,Customer Receipt,Inflow,27162.54,SO-006981,Completed,Sales
FIN-004699,2025-05-27,Customer Receipt,Inflow,89330.8,SO-008498,Completed,Sales
FIN-004704,2025-05-27,Customer Receipt,Inflow,159948.88,SO-008504,Completed,Sales
FIN-004882,2025-05-27,Customer Receipt,Inflow,4218.76,SO-008809,Completed,Sales
FIN-005174,2025-05-27,Customer Receipt,Inflow,70363.58,SO-009344,Completed,Sales
FIN-005786,2025-05-27,Supplier Payment,Outflow,261027.0,PO-00620,Completed,Procurement
FIN-000089,2025-05-28,Customer Receipt,Inflow,2703.96,SO-000153,Completed,Sales
FIN-000197,2025-05-28,Customer Receipt,Inflow,7398.71,SO-000371,Completed,Sales
FIN-000566,2025-05-28,Customer Receipt,Inflow,77742.48,SO-001018,Completed,Sales
FIN-001729,2025-05-28,Customer Receipt,Inflow,3612.7,SO-003216,Completed,Sales
FIN-002125,2025-05-28,Customer Receipt,Inflow,39922.08,SO-003955,Completed,Sales
FIN-002456,2025-05-28,Customer Receipt,Inflow,35236.04,SO-004519,Completed,Sales
FIN-002657,2025-05-28,Customer Receipt,Inflow,2703.36,SO-004842,Completed,Sales
FIN-003800,2025-05-28,Customer Receipt,Inflow,53682.41,SO-006866,Completed,Sales
FIN-004814,2025-05-28,Customer Receipt,Inflow,63847.03,SO-008701,Completed,Sales
FIN-005498,2025-05-28,Customer Receipt,Inflow,47144.8,SO-009913,Completed,Sales
FIN-000279,2025-05-29,Customer Receipt,Inflow,75656.7,SO-000520,Completed,Sales
FIN-000366,2025-05-29,Customer Receipt,Inflow,20613.8,SO-000667,Completed,Sales
FIN-002088,2025-05-29,Customer Receipt,Inflow,25046.14,SO-003882,Completed,Sales
FIN-002445,2025-05-29,Customer Receipt,Inflow,52714.1,SO-004503,Completed,Sales
FIN-002596,2025-05-29,Customer Receipt,Inflow,92766.24,SO-004751,Completed,Sales
FIN-003564,2025-05-29,Customer Receipt,Inflow,43069.35,SO-006475,Completed,Sales
FIN-003976,2025-05-29,Customer Receipt,Inflow,22700.8,SO-007202,Completed,Sales
FIN-003990,2025-05-29,Customer Receipt,Inflow,84145.49,SO-007226,Completed,Sales
FIN-004628,2025-05-29,Customer Receipt,Inflow,4923.9,SO-008383,Completed,Sales
FIN-005285,2025-05-29,Customer Receipt,Inflow,21121.55,SO-009542,Completed,Sales
FIN-000831,2025-05-30,Customer Receipt,Inflow,142137.41,SO-001511,Completed,Sales
FIN-001368,2025-05-30,Customer Receipt,Inflow,113981.56,SO-002509,Completed,Sales
FIN-001735,2025-05-30,Customer Receipt,Inflow,133341.0,SO-003222,Completed,Sales
FIN-002492,2025-05-30,Customer Receipt,Inflow,70485.6,SO-004574,Completed,Sales
FIN-002554,2025-05-30,Customer Receipt,Inflow,47456.1,SO-004676,Completed,Sales
FIN-002706,2025-05-30,Customer Receipt,Inflow,293.57,SO-004948,Completed,Sales
FIN-004125,2025-05-30,Customer Receipt,Inflow,5053.5,SO-007470,Completed,Sales
FIN-004349,2025-05-30,Customer Receipt,Inflow,87964.38,SO-007878,Completed,Sales
FIN-004997,2025-05-30,Customer Receipt,Inflow,56783.52,SO-009016,Completed,Sales
FIN-000570,2025-05-31,Customer Receipt,Inflow,12584.99,SO-001025,Completed,Sales
FIN-003409,2025-05-31,Customer Receipt,Inflow,12752.08,SO-006161,Completed,Sales
FIN-004169,2025-05-31,Customer Receipt,Inflow,91143.36,SO-007556,Completed,Sales
FIN-005100,2025-05-31,Customer Receipt,Inflow,18157.6,SO-009214,Completed,Sales
FIN-005309,2025-05-31,Customer Receipt,Inflow,76908.96,SO-009580,Completed,Sales
FIN-005467,2025-05-31,Customer Receipt,Inflow,82104.88,SO-009868,Completed,Sales
FIN-005487,2025-05-31,Customer Receipt,Inflow,91129.8,SO-009897,Completed,Sales
FIN-000063,2025-06-01,Customer Receipt,Inflow,35666.62,SO-000108,Completed,Sales
FIN-001079,2025-06-01,Customer Receipt,Inflow,155501.06,SO-001964,Completed,Sales
FIN-002033,2025-06-01,Customer Receipt,Inflow,6534.36,SO-003780,Completed,Sales
FIN-002300,2025-06-01,Customer Receipt,Inflow,136094.91,SO-004260,Completed,Sales
FIN-002455,2025-06-01,Customer Receipt,Inflow,9724.32,SO-004517,Completed,Sales
FIN-003040,2025-06-01,Customer Receipt,Inflow,19422.15,SO-005514,Completed,Sales
FIN-003467,2025-06-01,Customer Receipt,Inflow,23522.59,SO-006280,Completed,Sales
FIN-003545,2025-06-01,Customer Receipt,Inflow,8071.32,SO-006437,Completed,Sales
FIN-003952,2025-06-01,Customer Receipt,Inflow,90176.32,SO-007155,Completed,Sales
FIN-004632,2025-06-01,Customer Receipt,Inflow,34341.12,SO-008387,Completed,Sales
FIN-000336,2025-06-02,Customer Receipt,Inflow,46276.65,SO-000621,Completed,Sales
FIN-000868,2025-06-02,Customer Receipt,Inflow,52479.13,SO-001578,Completed,Sales
FIN-001710,2025-06-02,Customer Receipt,Inflow,39168.48,SO-003177,Completed,Sales
FIN-001870,2025-06-02,Customer Receipt,Inflow,45778.75,SO-003469,Completed,Sales
FIN-005246,2025-06-02,Customer Receipt,Inflow,18381.51,SO-009472,Completed,Sales
FIN-005444,2025-06-02,Customer Receipt,Inflow,14321.28,SO-009822,Completed,Sales
FIN-005682,2025-06-02,Supplier Payment,Outflow,278582.0,PO-00366,Completed,Procurement
FIN-005967,2025-06-02,Operating Expense,Outflow,49643.22,EXP-202506-Rent,Completed,Rent
FIN-000726,2025-06-03,Customer Receipt,Inflow,166730.13,SO-001318,Completed,Sales
FIN-002535,2025-06-03,Customer Receipt,Inflow,43717.52,SO-004650,Completed,Sales
FIN-004037,2025-06-03,Customer Receipt,Inflow,29606.76,SO-007319,Completed,Sales
FIN-004363,2025-06-03,Customer Receipt,Inflow,46819.92,SO-007899,Completed,Sales
FIN-004950,2025-06-03,Customer Receipt,Inflow,10797.36,SO-008927,Completed,Sales
FIN-005586,2025-06-03,Supplier Payment,Outflow,28002.0,PO-00079,Completed,Procurement
FIN-005671,2025-06-03,Supplier Payment,Outflow,9936.2,PO-00322,Completed,Procurement
FIN-000495,2025-06-04,Customer Receipt,Inflow,39085.05,SO-000898,Completed,Sales
FIN-001248,2025-06-04,Customer Receipt,Inflow,2899.52,SO-002269,Completed,Sales
FIN-001989,2025-06-04,Customer Receipt,Inflow,182001.97,SO-003679,Completed,Sales
FIN-003385,2025-06-04,Customer Receipt,Inflow,53963.78,SO-006118,Completed,Sales
FIN-003547,2025-06-04,Customer Receipt,Inflow,50091.35,SO-006444,Completed,Sales
FIN-003559,2025-06-04,Customer Receipt,Inflow,16597.21,SO-006467,Completed,Sales
FIN-004461,2025-06-04,Customer Receipt,Inflow,5836.98,SO-008065,Completed,Sales
FIN-004745,2025-06-04,Customer Receipt,Inflow,36510.24,SO-008571,Completed,Sales
FIN-004754,2025-06-04,Customer Receipt,Inflow,11579.04,SO-008588,Completed,Sales
FIN-004986,2025-06-04,Customer Receipt,Inflow,13729.08,SO-008992,Completed,Sales
FIN-005055,2025-06-04,Customer Receipt,Inflow,58625.8,SO-009132,Completed,Sales
FIN-005262,2025-06-04,Customer Receipt,Inflow,17170.56,SO-009504,Completed,Sales
FIN-005316,2025-06-04,Customer Receipt,Inflow,8043.03,SO-009593,Completed,Sales
FIN-005552,2025-06-04,Customer Receipt,Inflow,89767.02,SO-009992,Completed,Sales
FIN-005582,2025-06-04,Supplier Payment,Outflow,247588.0,PO-00069,Completed,Procurement
FIN-001418,2025-06-05,Customer Receipt,Inflow,50981.84,SO-002607,Completed,Sales
FIN-001741,2025-06-05,Customer Receipt,Inflow,7834.8,SO-003232,Completed,Sales
FIN-002374,2025-06-05,Customer Receipt,Inflow,22603.12,SO-004381,Completed,Sales
FIN-003514,2025-06-05,Customer Receipt,Inflow,27002.64,SO-006381,Completed,Sales
FIN-004291,2025-06-05,Customer Receipt,Inflow,19448.64,SO-007778,Completed,Sales
FIN-004751,2025-06-05,Customer Receipt,Inflow,2253.51,SO-008580,Completed,Sales
FIN-005032,2025-06-05,Customer Receipt,Inflow,112255.64,SO-009089,Completed,Sales
FIN-005721,2025-06-05,Supplier Payment,Outflow,31592.0,PO-00471,Completed,Procurement
FIN-005972,2025-06-05,Operating Expense,Outflow,43438.0,EXP-202506-Transport,Completed,Transport
FIN-000135,2025-06-06,Customer Receipt,Inflow,23437.05,SO-000241,Completed,Sales
FIN-001536,2025-06-06,Customer Receipt,Inflow,18927.84,SO-002835,Completed,Sales
FIN-005087,2025-06-06,Customer Receipt,Inflow,32419.5,SO-009193,Completed,Sales
FIN-005281,2025-06-06,Customer Receipt,Inflow,18612.4,SO-009536,Completed,Sales
FIN-005801,2025-06-06,Supplier Payment,Outflow,416086.0,PO-00687,Completed,Procurement
FIN-000274,2025-06-07,Customer Receipt,Inflow,55999.89,SO-000508,Completed,Sales
FIN-001233,2025-06-07,Customer Receipt,Inflow,22814.77,SO-002244,Completed,Sales
FIN-001415,2025-06-07,Customer Receipt,Inflow,50124.48,SO-002602,Completed,Sales
FIN-001926,2025-06-07,Customer Receipt,Inflow,28482.63,SO-003572,Completed,Sales
FIN-002288,2025-06-07,Customer Receipt,Inflow,92111.78,SO-004241,Completed,Sales
FIN-003521,2025-06-07,Customer Receipt,Inflow,10422.68,SO-006394,Completed,Sales
FIN-005110,2025-06-07,Customer Receipt,Inflow,111567.6,SO-009229,Completed,Sales
FIN-005795,2025-06-07,Supplier Payment,Outflow,76713.8,PO-00663,Completed,Procurement
FIN-000595,2025-06-08,Customer Receipt,Inflow,73327.2,SO-001076,Completed,Sales
FIN-000624,2025-06-08,Customer Receipt,Inflow,3772.35,SO-001136,Completed,Sales
FIN-001149,2025-06-08,Customer Receipt,Inflow,122749.62,SO-002088,Completed,Sales
FIN-001497,2025-06-08,Customer Receipt,Inflow,26715.8,SO-002750,Completed,Sales
FIN-001674,2025-06-08,Customer Receipt,Inflow,14236.83,SO-003105,Completed,Sales
FIN-001963,2025-06-08,Customer Receipt,Inflow,170167.5,SO-003632,Completed,Sales
FIN-003312,2025-06-08,Customer Receipt,Inflow,102927.09,SO-005993,Completed,Sales
FIN-003644,2025-06-08,Customer Receipt,Inflow,21340.22,SO-006608,Completed,Sales
FIN-003809,2025-06-08,Customer Receipt,Inflow,41481.4,SO-006890,Completed,Sales
FIN-004203,2025-06-08,Customer Receipt,Inflow,42798.86,SO-007609,Completed,Sales
FIN-000175,2025-06-09,Customer Receipt,Inflow,122724.36,SO-000322,Completed,Sales
FIN-001343,2025-06-09,Customer Receipt,Inflow,115631.62,SO-002461,Completed,Sales
FIN-001491,2025-06-09,Customer Receipt,Inflow,9704.52,SO-002736,Completed,Sales
FIN-001899,2025-06-09,Customer Receipt,Inflow,74963.28,SO-003519,Completed,Sales
FIN-001977,2025-06-09,Customer Receipt,Inflow,50380.46,SO-003658,Completed,Sales
FIN-002081,2025-06-09,Customer Receipt,Inflow,70946.4,SO-003867,Completed,Sales
FIN-002312,2025-06-09,Customer Receipt,Inflow,31247.7,SO-004278,Completed,Sales
FIN-003807,2025-06-09,Customer Receipt,Inflow,111631.68,SO-006887,Completed,Sales
FIN-003899,2025-06-09,Customer Receipt,Inflow,140846.25,SO-007066,Completed,Sales
FIN-004222,2025-06-09,Customer Receipt,Inflow,41278.44,SO-007642,Completed,Sales
FIN-004582,2025-06-09,Customer Receipt,Inflow,53545.2,SO-008299,Completed,Sales
FIN-004904,2025-06-09,Customer Receipt,Inflow,36191.52,SO-008844,Completed,Sales
FIN-005313,2025-06-09,Customer Receipt,Inflow,11100.6,SO-009588,Completed,Sales
FIN-005422,2025-06-09,Customer Receipt,Inflow,105559.06,SO-009765,Completed,Sales
FIN-005759,2025-06-09,Supplier Payment,Outflow,53456.2,PO-00568,Completed,Procurement
FIN-005763,2025-06-09,Supplier Payment,Outflow,219515.5,PO-00579,Completed,Procurement
FIN-005968,2025-06-09,Operating Expense,Outflow,10339.6,EXP-202506-Utilities,Completed,Utilities
FIN-001333,2025-06-10,Customer Receipt,Inflow,68396.4,SO-002445,Completed,Sales
FIN-001424,2025-06-10,Customer Receipt,Inflow,27283.78,SO-002623,Completed,Sales
FIN-001851,2025-06-10,Customer Receipt,Inflow,1709.16,SO-003431,Completed,Sales
FIN-002851,2025-06-10,Customer Receipt,Inflow,38061.43,SO-005200,Completed,Sales
FIN-002895,2025-06-10,Customer Receipt,Inflow,4896.36,SO-005291,Completed,Sales
FIN-005227,2025-06-10,Customer Receipt,Inflow,82832.26,SO-009445,Completed,Sales
FIN-005893,2025-06-10,Supplier Payment,Outflow,6761.2,PO-00937,Completed,Procurement
FIN-005971,2025-06-10,Operating Expense,Outflow,13004.83,EXP-202506-Software,Completed,Software
FIN-001444,2025-06-11,Customer Receipt,Inflow,5365.91,SO-002658,Completed,Sales
FIN-003725,2025-06-11,Customer Receipt,Inflow,10915.92,SO-006734,Completed,Sales
FIN-005180,2025-06-11,Customer Receipt,Inflow,112949.68,SO-009353,Completed,Sales
FIN-005970,2025-06-11,Operating Expense,Outflow,9800.61,EXP-202506-Maintenance,Completed,Maintenance
FIN-002323,2025-06-12,Customer Receipt,Inflow,62818.4,SO-004297,Completed,Sales
FIN-002611,2025-06-12,Customer Receipt,Inflow,5486.36,SO-004771,Completed,Sales
FIN-003093,2025-06-12,Customer Receipt,Inflow,2868.55,SO-005609,Completed,Sales
FIN-003731,2025-06-12,Customer Receipt,Inflow,8369.44,SO-006744,Completed,Sales
FIN-004065,2025-06-12,Customer Receipt,Inflow,73494.84,SO-007366,Completed,Sales
FIN-004639,2025-06-12,Customer Receipt,Inflow,32152.25,SO-008401,Completed,Sales
FIN-005536,2025-06-12,Customer Receipt,Inflow,115718.22,SO-009968,Completed,Sales
FIN-000115,2025-06-13,Customer Receipt,Inflow,146567.4,SO-000208,Completed,Sales
FIN-000992,2025-06-13,Customer Receipt,Inflow,114043.7,SO-001789,Completed,Sales
FIN-002940,2025-06-13,Customer Receipt,Inflow,122293.31,SO-005357,Completed,Sales
FIN-003153,2025-06-13,Customer Receipt,Inflow,57746.52,SO-005704,Completed,Sales
FIN-003917,2025-06-13,Customer Receipt,Inflow,128776.82,SO-007106,Completed,Sales
FIN-004063,2025-06-13,Customer Receipt,Inflow,22591.14,SO-007364,Completed,Sales
FIN-004798,2025-06-13,Customer Receipt,Inflow,18800.74,SO-008676,Completed,Sales
FIN-004945,2025-06-13,Customer Receipt,Inflow,13429.1,SO-008913,Completed,Sales
FIN-000893,2025-06-14,Customer Receipt,Inflow,34334.85,SO-001626,Completed,Sales
FIN-001031,2025-06-14,Customer Receipt,Inflow,5071.17,SO-001859,Completed,Sales
FIN-001371,2025-06-14,Customer Receipt,Inflow,57249.96,SO-002512,Completed,Sales
FIN-001382,2025-06-14,Customer Receipt,Inflow,27360.45,SO-002536,Completed,Sales
FIN-002371,2025-06-14,Customer Receipt,Inflow,99951.04,SO-004378,Completed,Sales
FIN-002396,2025-06-14,Customer Receipt,Inflow,65167.63,SO-004413,Completed,Sales
FIN-002933,2025-06-14,Customer Receipt,Inflow,73728.48,SO-005347,Completed,Sales
FIN-003528,2025-06-14,Customer Receipt,Inflow,96085.6,SO-006408,Completed,Sales
FIN-004343,2025-06-14,Customer Receipt,Inflow,17618.02,SO-007872,Completed,Sales
FIN-005969,2025-06-14,Operating Expense,Outflow,223434.82,EXP-202506-Salaries,Completed,Salaries
FIN-000140,2025-06-15,Customer Receipt,Inflow,133773.52,SO-000250,Completed,Sales
FIN-000578,2025-06-15,Customer Receipt,Inflow,79859.85,SO-001044,Completed,Sales
FIN-002099,2025-06-15,Customer Receipt,Inflow,50357.78,SO-003904,Completed,Sales
FIN-004243,2025-06-15,Customer Receipt,Inflow,58919.25,SO-007680,Completed,Sales
FIN-004993,2025-06-15,Customer Receipt,Inflow,8325.45,SO-009008,Completed,Sales
FIN-005519,2025-06-15,Customer Receipt,Inflow,106377.3,SO-009940,Completed,Sales
FIN-001455,2025-06-16,Customer Receipt,Inflow,44018.66,SO-002673,Completed,Sales
FIN-002110,2025-06-16,Customer Receipt,Inflow,82189.94,SO-003924,Completed,Sales
FIN-002239,2025-06-16,Customer Receipt,Inflow,17880.54,SO-004156,Completed,Sales
FIN-003169,2025-06-16,Customer Receipt,Inflow,11371.25,SO-005733,Completed,Sales
FIN-003215,2025-06-16,Customer Receipt,Inflow,189472.8,SO-005827,Completed,Sales
FIN-003441,2025-06-16,Customer Receipt,Inflow,19591.55,SO-006234,Completed,Sales
FIN-004098,2025-06-16,Customer Receipt,Inflow,30648.52,SO-007421,Completed,Sales
FIN-004599,2025-06-16,Customer Receipt,Inflow,25893.3,SO-008329,Completed,Sales
FIN-004936,2025-06-16,Customer Receipt,Inflow,160712.2,SO-008895,Completed,Sales
FIN-005470,2025-06-16,Customer Receipt,Inflow,8772.72,SO-009872,Completed,Sales
FIN-001166,2025-06-17,Customer Receipt,Inflow,18748.62,SO-002117,Completed,Sales
FIN-001227,2025-06-17,Customer Receipt,Inflow,65665.2,SO-002236,Completed,Sales
FIN-003187,2025-06-17,Customer Receipt,Inflow,4590.02,SO-005771,Completed,Sales
FIN-003234,2025-06-17,Customer Receipt,Inflow,19835.14,SO-005865,Completed,Sales
FIN-003535,2025-06-17,Customer Receipt,Inflow,52133.4,SO-006419,Completed,Sales
FIN-003805,2025-06-17,Customer Receipt,Inflow,139486.88,SO-006882,Completed,Sales
FIN-004682,2025-06-17,Customer Receipt,Inflow,18207.8,SO-008470,Completed,Sales
FIN-005587,2025-06-17,Supplier Payment,Outflow,246986.5,PO-00082,Completed,Procurement
FIN-005823,2025-06-17,Supplier Payment,Outflow,804234.0,PO-00750,Completed,Procurement
FIN-001201,2025-06-18,Customer Receipt,Inflow,6078.8,SO-002186,Completed,Sales
FIN-002941,2025-06-18,Customer Receipt,Inflow,66820.75,SO-005360,Completed,Sales
FIN-003497,2025-06-18,Customer Receipt,Inflow,107592.9,SO-006334,Completed,Sales
FIN-004785,2025-06-18,Customer Receipt,Inflow,7428.85,SO-008652,Completed,Sales
FIN-005817,2025-06-18,Supplier Payment,Outflow,672832.0,PO-00738,Completed,Procurement
FIN-000169,2025-06-19,Customer Receipt,Inflow,1246.9,SO-000305,Completed,Sales
FIN-002560,2025-06-19,Customer Receipt,Inflow,5854.35,SO-004688,Completed,Sales
FIN-002726,2025-06-19,Customer Receipt,Inflow,58661.76,SO-004993,Completed,Sales
FIN-003839,2025-06-19,Customer Receipt,Inflow,6019.0,SO-006945,Completed,Sales
FIN-004265,2025-06-19,Customer Receipt,Inflow,126677.52,SO-007724,Completed,Sales
FIN-004394,2025-06-19,Customer Receipt,Inflow,12332.56,SO-007950,Completed,Sales
FIN-004571,2025-06-19,Customer Receipt,Inflow,41423.67,SO-008274,Completed,Sales
FIN-004786,2025-06-19,Customer Receipt,Inflow,10052.64,SO-008653,Completed,Sales
FIN-004837,2025-06-19,Customer Receipt,Inflow,78169.28,SO-008739,Completed,Sales
FIN-005064,2025-06-19,Customer Receipt,Inflow,8569.75,SO-009146,Completed,Sales
FIN-005109,2025-06-19,Customer Receipt,Inflow,89645.96,SO-009227,Completed,Sales
FIN-005327,2025-06-19,Customer Receipt,Inflow,6233.2,SO-009614,Completed,Sales
FIN-005896,2025-06-19,Supplier Payment,Outflow,78041.5,PO-00941,Completed,Procurement
FIN-002485,2025-06-20,Customer Receipt,Inflow,16149.25,SO-004564,Completed,Sales
FIN-002644,2025-06-20,Customer Receipt,Inflow,63006.16,SO-004826,Completed,Sales
FIN-002646,2025-06-20,Customer Receipt,Inflow,21191.22,SO-004830,Completed,Sales
FIN-003108,2025-06-20,Customer Receipt,Inflow,73342.23,SO-005629,Completed,Sales
FIN-003466,2025-06-20,Customer Receipt,Inflow,54898.24,SO-006279,Completed,Sales
FIN-003527,2025-06-20,Customer Receipt,Inflow,10542.82,SO-006406,Completed,Sales
FIN-003697,2025-06-20,Customer Receipt,Inflow,18037.44,SO-006693,Completed,Sales
FIN-003955,2025-06-20,Customer Receipt,Inflow,168325.3,SO-007159,Completed,Sales
FIN-004005,2025-06-20,Customer Receipt,Inflow,88668.8,SO-007258,Completed,Sales
FIN-004423,2025-06-20,Customer Receipt,Inflow,21021.52,SO-008010,Completed,Sales
FIN-000672,2025-06-21,Customer Receipt,Inflow,27426.72,SO-001220,Completed,Sales
FIN-003036,2025-06-21,Customer Receipt,Inflow,99325.76,SO-005508,Completed,Sales
FIN-003384,2025-06-21,Customer Receipt,Inflow,155377.2,SO-006116,Completed,Sales
FIN-003602,2025-06-21,Customer Receipt,Inflow,29405.16,SO-006531,Completed,Sales
FIN-003613,2025-06-21,Customer Receipt,Inflow,94117.2,SO-006548,Completed,Sales
FIN-005865,2025-06-21,Supplier Payment,Outflow,26928.2,PO-00859,Completed,Procurement
FIN-000804,2025-06-22,Customer Receipt,Inflow,78413.76,SO-001453,Completed,Sales
FIN-001378,2025-06-22,Customer Receipt,Inflow,116614.05,SO-002527,Completed,Sales
FIN-001743,2025-06-22,Customer Receipt,Inflow,5346.8,SO-003234,Completed,Sales
FIN-003032,2025-06-22,Customer Receipt,Inflow,68718.78,SO-005501,Completed,Sales
FIN-004452,2025-06-22,Customer Receipt,Inflow,107818.92,SO-008051,Completed,Sales
FIN-004885,2025-06-22,Customer Receipt,Inflow,16897.24,SO-008814,Completed,Sales
FIN-005406,2025-06-22,Customer Receipt,Inflow,54439.2,SO-009740,Completed,Sales
FIN-005491,2025-06-22,Customer Receipt,Inflow,94519.04,SO-009904,Completed,Sales
FIN-000282,2025-06-23,Customer Receipt,Inflow,43880.31,SO-000525,Completed,Sales
FIN-001207,2025-06-23,Customer Receipt,Inflow,45416.86,SO-002193,Completed,Sales
FIN-001237,2025-06-23,Customer Receipt,Inflow,105989.26,SO-002248,Completed,Sales
FIN-002197,2025-06-23,Customer Receipt,Inflow,138946.72,SO-004093,Completed,Sales
FIN-002259,2025-06-23,Customer Receipt,Inflow,97112.96,SO-004181,Completed,Sales
FIN-004139,2025-06-23,Customer Receipt,Inflow,60126.3,SO-007495,Completed,Sales
FIN-004547,2025-06-23,Customer Receipt,Inflow,19508.3,SO-008228,Completed,Sales
FIN-005192,2025-06-23,Customer Receipt,Inflow,170525.52,SO-009374,Completed,Sales
FIN-005208,2025-06-23,Customer Receipt,Inflow,27487.94,SO-009401,Completed,Sales
FIN-005705,2025-06-23,Supplier Payment,Outflow,557124.0,PO-00424,Completed,Procurement
FIN-000390,2025-06-24,Customer Receipt,Inflow,118492.26,SO-000702,Completed,Sales
FIN-000841,2025-06-24,Customer Receipt,Inflow,38177.1,SO-001527,Completed,Sales
FIN-001619,2025-06-24,Customer Receipt,Inflow,125830.2,SO-002995,Completed,Sales
FIN-001967,2025-06-24,Customer Receipt,Inflow,5873.8,SO-003639,Completed,Sales
FIN-002179,2025-06-24,Customer Receipt,Inflow,48855.8,SO-004052,Completed,Sales
FIN-002639,2025-06-24,Customer Receipt,Inflow,35927.92,SO-004817,Completed,Sales
FIN-004570,2025-06-24,Customer Receipt,Inflow,6726.1,SO-008272,Completed,Sales
FIN-005493,2025-06-24,Customer Receipt,Inflow,17848.4,SO-009906,Completed,Sales
FIN-000683,2025-06-25,Customer Receipt,Inflow,74494.32,SO-001239,Completed,Sales
FIN-000908,2025-06-25,Customer Receipt,Inflow,10809.0,SO-001646,Completed,Sales
FIN-002990,2025-06-25,Customer Receipt,Inflow,33070.41,SO-005437,Completed,Sales
FIN-003749,2025-06-25,Customer Receipt,Inflow,19038.7,SO-006774,Completed,Sales
FIN-004626,2025-06-25,Customer Receipt,Inflow,12550.54,SO-008377,Completed,Sales
FIN-005102,2025-06-25,Customer Receipt,Inflow,141743.94,SO-009216,Completed,Sales
FIN-000936,2025-06-26,Customer Receipt,Inflow,93376.8,SO-001692,Completed,Sales
FIN-002280,2025-06-26,Customer Receipt,Inflow,115187.8,SO-004230,Completed,Sales
FIN-002802,2025-06-26,Customer Receipt,Inflow,15254.24,SO-005112,Completed,Sales
FIN-003428,2025-06-26,Customer Receipt,Inflow,78846.94,SO-006201,Completed,Sales
FIN-004035,2025-06-26,Customer Receipt,Inflow,27603.6,SO-007313,Completed,Sales
FIN-004144,2025-06-26,Customer Receipt,Inflow,10176.24,SO-007512,Completed,Sales
FIN-005572,2025-06-26,Supplier Payment,Outflow,94449.0,PO-00042,Completed,Procurement
FIN-005697,2025-06-26,Supplier Payment,Outflow,5029.5,PO-00409,Completed,Procurement
FIN-000665,2025-06-27,Customer Receipt,Inflow,21830.8,SO-001206,Completed,Sales
FIN-003703,2025-06-27,Customer Receipt,Inflow,1302.6,SO-006699,Completed,Sales
FIN-004148,2025-06-27,Customer Receipt,Inflow,652.24,SO-007518,Completed,Sales
FIN-004486,2025-06-27,Customer Receipt,Inflow,53293.5,SO-008108,Completed,Sales
FIN-004715,2025-06-27,Customer Receipt,Inflow,46819.26,SO-008520,Completed,Sales
FIN-004874,2025-06-27,Customer Receipt,Inflow,139279.4,SO-008791,Completed,Sales
FIN-005482,2025-06-27,Customer Receipt,Inflow,44853.21,SO-009887,Completed,Sales
FIN-000028,2025-06-28,Customer Receipt,Inflow,23495.2,SO-000050,Completed,Sales
FIN-000500,2025-06-28,Customer Receipt,Inflow,17276.93,SO-000905,Completed,Sales
FIN-003134,2025-06-28,Customer Receipt,Inflow,50790.39,SO-005673,Completed,Sales
FIN-003586,2025-06-28,Customer Receipt,Inflow,46495.0,SO-006507,Completed,Sales
FIN-003921,2025-06-28,Customer Receipt,Inflow,17057.13,SO-007112,Completed,Sales
FIN-004672,2025-06-28,Customer Receipt,Inflow,167096.26,SO-008449,Completed,Sales
FIN-004801,2025-06-28,Customer Receipt,Inflow,190135.8,SO-008681,Completed,Sales
FIN-005630,2025-06-28,Supplier Payment,Outflow,33455.8,PO-00217,Completed,Procurement
FIN-001066,2025-06-29,Customer Receipt,Inflow,76659.12,SO-001934,Completed,Sales
FIN-001528,2025-06-29,Customer Receipt,Inflow,9491.22,SO-002820,Completed,Sales
FIN-001634,2025-06-29,Customer Receipt,Inflow,11497.05,SO-003029,Completed,Sales
FIN-001660,2025-06-29,Customer Receipt,Inflow,36200.64,SO-003078,Completed,Sales
FIN-001890,2025-06-29,Customer Receipt,Inflow,47118.9,SO-003501,Completed,Sales
FIN-002241,2025-06-29,Customer Receipt,Inflow,41294.5,SO-004158,Completed,Sales
FIN-002284,2025-06-29,Customer Receipt,Inflow,142723.89,SO-004234,Completed,Sales
FIN-003005,2025-06-29,Customer Receipt,Inflow,66670.5,SO-005463,Completed,Sales
FIN-005162,2025-06-29,Customer Receipt,Inflow,32513.6,SO-009329,Completed,Sales
FIN-005386,2025-06-29,Customer Receipt,Inflow,83216.66,SO-009699,Completed,Sales
FIN-005903,2025-06-29,Supplier Payment,Outflow,210380.0,PO-00960,Completed,Procurement
FIN-000296,2025-06-30,Customer Receipt,Inflow,15370.92,SO-000552,Completed,Sales
FIN-001162,2025-06-30,Customer Receipt,Inflow,79984.2,SO-002113,Completed,Sales
FIN-001395,2025-06-30,Customer Receipt,Inflow,899.78,SO-002562,Completed,Sales
FIN-002231,2025-06-30,Customer Receipt,Inflow,2326.61,SO-004143,Completed,Sales
FIN-002882,2025-06-30,Customer Receipt,Inflow,111153.42,SO-005258,Completed,Sales
FIN-003880,2025-06-30,Customer Receipt,Inflow,17667.44,SO-007030,Completed,Sales
FIN-004245,2025-06-30,Customer Receipt,Inflow,128131.47,SO-007682,Completed,Sales
FIN-004331,2025-06-30,Customer Receipt,Inflow,99743.8,SO-007855,Completed,Sales
FIN-005720,2025-06-30,Supplier Payment,Outflow,227582.5,PO-00470,Completed,Procurement
FIN-000536,2025-07-01,Customer Receipt,Inflow,45461.06,SO-000962,Completed,Sales
FIN-000799,2025-07-01,Customer Receipt,Inflow,55815.84,SO-001443,Completed,Sales
FIN-000822,2025-07-01,Customer Receipt,Inflow,31791.33,SO-001492,Completed,Sales
FIN-001448,2025-07-01,Customer Receipt,Inflow,92811.68,SO-002664,Completed,Sales
FIN-001540,2025-07-01,Customer Receipt,Inflow,20297.42,SO-002842,Completed,Sales
FIN-002167,2025-07-01,Customer Receipt,Inflow,30534.3,SO-004035,Completed,Sales
FIN-003676,2025-07-01,Customer Receipt,Inflow,5849.06,SO-006657,Completed,Sales
FIN-003803,2025-07-01,Customer Receipt,Inflow,5448.38,SO-006877,Completed,Sales
FIN-003861,2025-07-01,Customer Receipt,Inflow,38138.66,SO-006993,Completed,Sales
FIN-004082,2025-07-01,Customer Receipt,Inflow,48827.3,SO-007396,Completed,Sales
FIN-005153,2025-07-01,Customer Receipt,Inflow,19132.36,SO-009309,Completed,Sales
FIN-005907,2025-07-01,Supplier Payment,Outflow,32793.0,PO-00969,Completed,Procurement
FIN-000054,2025-07-02,Customer Receipt,Inflow,8905.25,SO-000089,Completed,Sales
FIN-000174,2025-07-02,Customer Receipt,Inflow,145566.72,SO-000320,Completed,Sales
FIN-000178,2025-07-02,Customer Receipt,Inflow,19948.76,SO-000325,Completed,Sales
FIN-002686,2025-07-02,Customer Receipt,Inflow,39405.24,SO-004913,Completed,Sales
FIN-002801,2025-07-02,Customer Receipt,Inflow,39233.36,SO-005107,Completed,Sales
FIN-003083,2025-07-02,Customer Receipt,Inflow,28956.38,SO-005590,Completed,Sales
FIN-003265,2025-07-02,Customer Receipt,Inflow,73562.55,SO-005913,Completed,Sales
FIN-004033,2025-07-02,Customer Receipt,Inflow,4929.64,SO-007311,Completed,Sales
FIN-002207,2025-07-03,Customer Receipt,Inflow,4009.13,SO-004108,Completed,Sales
FIN-002769,2025-07-03,Customer Receipt,Inflow,28435.8,SO-005064,Completed,Sales
FIN-003079,2025-07-03,Customer Receipt,Inflow,150606.48,SO-005583,Completed,Sales
FIN-004781,2025-07-03,Customer Receipt,Inflow,131884.8,SO-008645,Completed,Sales
FIN-005304,2025-07-03,Customer Receipt,Inflow,5269.29,SO-009573,Completed,Sales
FIN-005978,2025-07-03,Operating Expense,Outflow,29612.04,EXP-202507-Transport,Completed,Transport
FIN-000104,2025-07-04,Customer Receipt,Inflow,45252.35,SO-000183,Completed,Sales
FIN-000810,2025-07-04,Customer Receipt,Inflow,60111.92,SO-001462,Completed,Sales
FIN-001342,2025-07-04,Customer Receipt,Inflow,10302.04,SO-002459,Completed,Sales
FIN-002182,2025-07-04,Customer Receipt,Inflow,76968.32,SO-004061,Completed,Sales
FIN-002402,2025-07-04,Customer Receipt,Inflow,40038.7,SO-004422,Completed,Sales
FIN-003499,2025-07-04,Customer Receipt,Inflow,5334.25,SO-006341,Completed,Sales
FIN-004799,2025-07-04,Customer Receipt,Inflow,27311.62,SO-008677,Completed,Sales
FIN-005048,2025-07-04,Customer Receipt,Inflow,64785.4,SO-009113,Completed,Sales
FIN-005793,2025-07-04,Supplier Payment,Outflow,16369.4,PO-00654,Completed,Procurement
FIN-000680,2025-07-05,Customer Receipt,Inflow,28982.0,SO-001234,Completed,Sales
FIN-000700,2025-07-05,Customer Receipt,Inflow,31374.33,SO-001274,Completed,Sales
FIN-001806,2025-07-05,Customer Receipt,Inflow,29260.44,SO-003339,Completed,Sales
FIN-001850,2025-07-05,Customer Receipt,Inflow,67927.09,SO-003430,Completed,Sales
FIN-002665,2025-07-05,Customer Receipt,Inflow,130555.2,SO-004868,Completed,Sales
FIN-004883,2025-07-05,Customer Receipt,Inflow,68358.22,SO-008810,Completed,Sales
FIN-000662,2025-07-06,Customer Receipt,Inflow,14966.9,SO-001201,Completed,Sales
FIN-002178,2025-07-06,Customer Receipt,Inflow,4910.53,SO-004051,Completed,Sales
FIN-002924,2025-07-06,Customer Receipt,Inflow,56722.5,SO-005333,Completed,Sales
FIN-003669,2025-07-06,Customer Receipt,Inflow,16065.07,SO-006646,Completed,Sales
FIN-003838,2025-07-06,Customer Receipt,Inflow,5813.6,SO-006944,Completed,Sales
FIN-003886,2025-07-06,Customer Receipt,Inflow,23622.9,SO-007045,Completed,Sales
FIN-005052,2025-07-06,Customer Receipt,Inflow,95461.5,SO-009126,Completed,Sales
FIN-005302,2025-07-06,Customer Receipt,Inflow,19587.0,SO-009571,Completed,Sales
FIN-000093,2025-07-07,Customer Receipt,Inflow,3086.86,SO-000161,Completed,Sales
FIN-000211,2025-07-07,Customer Receipt,Inflow,103203.1,SO-000391,Completed,Sales
FIN-000897,2025-07-07,Customer Receipt,Inflow,21638.68,SO-001633,Completed,Sales
FIN-002440,2025-07-07,Customer Receipt,Inflow,89565.6,SO-004493,Completed,Sales
FIN-002685,2025-07-07,Customer Receipt,Inflow,48283.92,SO-004912,Completed,Sales
FIN-002991,2025-07-07,Customer Receipt,Inflow,148913.96,SO-005438,Completed,Sales
FIN-003055,2025-07-07,Customer Receipt,Inflow,26720.72,SO-005539,Completed,Sales
FIN-004714,2025-07-07,Customer Receipt,Inflow,100194.94,SO-008519,Completed,Sales
FIN-005022,2025-07-07,Customer Receipt,Inflow,68829.76,SO-009064,Completed,Sales
FIN-005882,2025-07-07,Supplier Payment,Outflow,190417.0,PO-00909,Completed,Procurement
FIN-001403,2025-07-08,Customer Receipt,Inflow,21591.5,SO-002578,Completed,Sales
FIN-002152,2025-07-08,Customer Receipt,Inflow,41478.52,SO-004008,Completed,Sales
FIN-002926,2025-07-08,Customer Receipt,Inflow,9303.75,SO-005335,Completed,Sales
FIN-003110,2025-07-08,Customer Receipt,Inflow,12071.43,SO-005631,Completed,Sales
FIN-003115,2025-07-08,Customer Receipt,Inflow,5757.6,SO-005639,Completed,Sales
FIN-003272,2025-07-08,Customer Receipt,Inflow,75136.32,SO-005926,Completed,Sales
FIN-004069,2025-07-08,Customer Receipt,Inflow,18146.1,SO-007378,Completed,Sales
FIN-004228,2025-07-08,Customer Receipt,Inflow,48109.56,SO-007654,Completed,Sales
FIN-005244,2025-07-08,Customer Receipt,Inflow,10296.81,SO-009470,Completed,Sales
FIN-005977,2025-07-08,Operating Expense,Outflow,13856.17,EXP-202507-Software,Completed,Software
FIN-000779,2025-07-09,Customer Receipt,Inflow,16890.25,SO-001404,Completed,Sales
FIN-001168,2025-07-09,Customer Receipt,Inflow,66262.59,SO-002119,Completed,Sales
FIN-001305,2025-07-09,Customer Receipt,Inflow,17679.3,SO-002393,Completed,Sales
FIN-001913,2025-07-09,Customer Receipt,Inflow,80329.71,SO-003546,Completed,Sales
FIN-002449,2025-07-09,Customer Receipt,Inflow,61492.5,SO-004508,Completed,Sales
FIN-005741,2025-07-09,Supplier Payment,Outflow,520468.0,PO-00531,Completed,Procurement
FIN-005884,2025-07-09,Supplier Payment,Outflow,464986.0,PO-00915,Completed,Procurement
FIN-000122,2025-07-10,Customer Receipt,Inflow,65925.21,SO-000221,Completed,Sales
FIN-000946,2025-07-10,Customer Receipt,Inflow,18247.9,SO-001712,Completed,Sales
FIN-003114,2025-07-10,Customer Receipt,Inflow,71112.32,SO-005638,Completed,Sales
FIN-004214,2025-07-10,Customer Receipt,Inflow,7756.74,SO-007626,Completed,Sales
FIN-004550,2025-07-10,Customer Receipt,Inflow,37992.4,SO-008232,Completed,Sales
FIN-005219,2025-07-10,Customer Receipt,Inflow,5124.36,SO-009427,Completed,Sales
FIN-005494,2025-07-10,Customer Receipt,Inflow,91868.55,SO-009907,Completed,Sales
FIN-005976,2025-07-10,Operating Expense,Outflow,28328.48,EXP-202507-Maintenance,Completed,Maintenance
FIN-000019,2025-07-11,Customer Receipt,Inflow,64146.08,SO-000032,Completed,Sales
FIN-000530,2025-07-11,Customer Receipt,Inflow,21912.02,SO-000954,Completed,Sales
FIN-001118,2025-07-11,Customer Receipt,Inflow,19630.31,SO-002043,Completed,Sales
FIN-001156,2025-07-11,Customer Receipt,Inflow,119910.3,SO-002099,Completed,Sales
FIN-001401,2025-07-11,Customer Receipt,Inflow,14696.36,SO-002573,Completed,Sales
FIN-002528,2025-07-11,Customer Receipt,Inflow,113032.5,SO-004640,Completed,Sales
FIN-002592,2025-07-11,Customer Receipt,Inflow,84848.84,SO-004746,Completed,Sales
FIN-003068,2025-07-11,Customer Receipt,Inflow,3091.24,SO-005565,Completed,Sales
FIN-003155,2025-07-11,Customer Receipt,Inflow,1945.66,SO-005709,Completed,Sales
FIN-003510,2025-07-11,Customer Receipt,Inflow,48164.22,SO-006363,Completed,Sales
FIN-004417,2025-07-11,Customer Receipt,Inflow,24190.66,SO-007999,Completed,Sales
FIN-004477,2025-07-11,Customer Receipt,Inflow,9246.96,SO-008092,Completed,Sales
FIN-004681,2025-07-11,Customer Receipt,Inflow,10081.11,SO-008465,Completed,Sales
FIN-005259,2025-07-11,Customer Receipt,Inflow,2109.38,SO-009496,Completed,Sales
FIN-005771,2025-07-11,Supplier Payment,Outflow,254967.0,PO-00593,Completed,Procurement
FIN-005866,2025-07-11,Supplier Payment,Outflow,9819.5,PO-00861,Completed,Procurement
FIN-000046,2025-07-12,Customer Receipt,Inflow,54810.5,SO-000076,Completed,Sales
FIN-000643,2025-07-12,Customer Receipt,Inflow,125597.01,SO-001170,Completed,Sales
FIN-000784,2025-07-12,Customer Receipt,Inflow,81912.24,SO-001414,Completed,Sales
FIN-001170,2025-07-12,Customer Receipt,Inflow,38783.7,SO-002123,Completed,Sales
FIN-002651,2025-07-12,Customer Receipt,Inflow,9250.2,SO-004836,Completed,Sales
FIN-002817,2025-07-12,Customer Receipt,Inflow,59098.68,SO-005134,Completed,Sales
FIN-002839,2025-07-12,Customer Receipt,Inflow,69703.92,SO-005180,Completed,Sales
FIN-004249,2025-07-12,Customer Receipt,Inflow,73852.24,SO-007690,Completed,Sales
FIN-005258,2025-07-12,Customer Receipt,Inflow,62262.88,SO-009493,Completed,Sales
FIN-005289,2025-07-12,Customer Receipt,Inflow,12248.3,SO-009552,Completed,Sales
FIN-001043,2025-07-13,Customer Receipt,Inflow,45252.35,SO-001887,Completed,Sales
FIN-001472,2025-07-13,Customer Receipt,Inflow,30136.05,SO-002702,Completed,Sales
FIN-001973,2025-07-13,Customer Receipt,Inflow,35764.96,SO-003650,Completed,Sales
FIN-002387,2025-07-13,Customer Receipt,Inflow,96715.52,SO-004399,Completed,Sales
FIN-002967,2025-07-13,Customer Receipt,Inflow,32034.52,SO-005402,Completed,Sales
FIN-003340,2025-07-13,Customer Receipt,Inflow,18800.74,SO-006040,Completed,Sales
FIN-004115,2025-07-13,Customer Receipt,Inflow,10440.93,SO-007454,Completed,Sales
FIN-004537,2025-07-13,Customer Receipt,Inflow,10536.5,SO-008200,Completed,Sales
FIN-004919,2025-07-13,Customer Receipt,Inflow,68729.52,SO-008866,Completed,Sales
FIN-005042,2025-07-13,Customer Receipt,Inflow,30773.12,SO-009104,Completed,Sales
FIN-005185,2025-07-13,Customer Receipt,Inflow,91868.55,SO-009361,Completed,Sales
FIN-005909,2025-07-13,Supplier Payment,Outflow,67744.5,PO-00972,Completed,Procurement
FIN-000079,2025-07-14,Customer Receipt,Inflow,30431.97,SO-000132,Completed,Sales
FIN-001289,2025-07-14,Customer Receipt,Inflow,8703.68,SO-002365,Completed,Sales
FIN-001782,2025-07-14,Customer Receipt,Inflow,2297.96,SO-003296,Completed,Sales
FIN-004093,2025-07-14,Customer Receipt,Inflow,99605.16,SO-007413,Completed,Sales
FIN-004915,2025-07-14,Customer Receipt,Inflow,22301.2,SO-008861,Completed,Sales
FIN-005783,2025-07-14,Supplier Payment,Outflow,164219.5,PO-00616,Completed,Procurement
FIN-000379,2025-07-15,Customer Receipt,Inflow,62026.72,SO-000686,Completed,Sales
FIN-000767,2025-07-15,Customer Receipt,Inflow,9354.08,SO-001380,Completed,Sales
FIN-002041,2025-07-15,Customer Receipt,Inflow,5944.72,SO-003793,Completed,Sales
FIN-002526,2025-07-15,Customer Receipt,Inflow,8538.79,SO-004637,Completed,Sales
FIN-002597,2025-07-15,Customer Receipt,Inflow,4942.74,SO-004752,Completed,Sales
FIN-002781,2025-07-15,Customer Receipt,Inflow,132888.3,SO-005078,Completed,Sales
FIN-002852,2025-07-15,Customer Receipt,Inflow,40914.08,SO-005201,Completed,Sales
FIN-003572,2025-07-15,Customer Receipt,Inflow,33470.28,SO-006485,Completed,Sales
FIN-004870,2025-07-15,Customer Receipt,Inflow,58512.13,SO-008787,Completed,Sales
FIN-005230,2025-07-15,Customer Receipt,Inflow,61924.52,SO-009449,Completed,Sales
FIN-005569,2025-07-15,Supplier Payment,Outflow,77127.0,PO-00038,Completed,Procurement
FIN-005879,2025-07-15,Supplier Payment,Outflow,39119.9,PO-00900,Completed,Procurement
FIN-005975,2025-07-15,Operating Expense,Outflow,238925.32,EXP-202507-Salaries,Completed,Salaries
FIN-000430,2025-07-16,Customer Receipt,Inflow,66726.24,SO-000772,Completed,Sales
FIN-000658,2025-07-16,Customer Receipt,Inflow,62053.92,SO-001196,Completed,Sales
FIN-000675,2025-07-16,Customer Receipt,Inflow,40964.15,SO-001224,Completed,Sales
FIN-001213,2025-07-16,Customer Receipt,Inflow,50606.6,SO-002207,Completed,Sales
FIN-001397,2025-07-16,Customer Receipt,Inflow,52540.32,SO-002569,Completed,Sales
FIN-001641,2025-07-16,Customer Receipt,Inflow,94510.2,SO-003041,Completed,Sales
FIN-001829,2025-07-16,Customer Receipt,Inflow,123420.24,SO-003383,Completed,Sales
FIN-003338,2025-07-16,Customer Receipt,Inflow,99951.04,SO-006034,Completed,Sales
FIN-003657,2025-07-16,Customer Receipt,Inflow,3705.57,SO-006629,Completed,Sales
FIN-003877,2025-07-16,Customer Receipt,Inflow,2386.88,SO-007025,Completed,Sales
FIN-003879,2025-07-16,Customer Receipt,Inflow,313.9,SO-007027,Completed,Sales
FIN-004479,2025-07-16,Customer Receipt,Inflow,28146.3,SO-008098,Completed,Sales
FIN-004711,2025-07-16,Customer Receipt,Inflow,79780.26,SO-008514,Completed,Sales
FIN-004716,2025-07-16,Customer Receipt,Inflow,115164.42,SO-008522,Completed,Sales
FIN-005056,2025-07-16,Customer Receipt,Inflow,53166.26,SO-009133,Completed,Sales
FIN-005172,2025-07-16,Customer Receipt,Inflow,75795.01,SO-009342,Completed,Sales
FIN-005231,2025-07-16,Customer Receipt,Inflow,9178.2,SO-009450,Completed,Sales
FIN-005974,2025-07-16,Operating Expense,Outflow,10379.9,EXP-202507-Utilities,Completed,Utilities
FIN-001254,2025-07-17,Customer Receipt,Inflow,4148.14,SO-002287,Completed,Sales
FIN-002550,2025-07-17,Customer Receipt,Inflow,39706.25,SO-004671,Completed,Sales
FIN-004381,2025-07-17,Customer Receipt,Inflow,1193.34,SO-007924,Completed,Sales
FIN-000970,2025-07-18,Customer Receipt,Inflow,45699.68,SO-001754,Completed,Sales
FIN-001210,2025-07-18,Customer Receipt,Inflow,29506.1,SO-002204,Completed,Sales
FIN-001352,2025-07-18,Customer Receipt,Inflow,43282.55,SO-002479,Completed,Sales
FIN-003043,2025-07-18,Customer Receipt,Inflow,77199.12,SO-005520,Completed,Sales
FIN-003119,2025-07-18,Customer Receipt,Inflow,28825.68,SO-005647,Completed,Sales
FIN-003779,2025-07-18,Customer Receipt,Inflow,9734.97,SO-006825,Completed,Sales
FIN-004612,2025-07-18,Customer Receipt,Inflow,73327.2,SO-008351,Completed,Sales
FIN-004787,2025-07-18,Customer Receipt,Inflow,101752.2,SO-008658,Completed,Sales
FIN-005457,2025-07-18,Customer Receipt,Inflow,73818.5,SO-009850,Completed,Sales
FIN-000099,2025-07-19,Customer Receipt,Inflow,37224.8,SO-000170,Completed,Sales
FIN-000368,2025-07-19,Customer Receipt,Inflow,45812.52,SO-000669,Completed,Sales
FIN-001895,2025-07-19,Customer Receipt,Inflow,38811.76,SO-003507,Completed,Sales
FIN-002063,2025-07-19,Customer Receipt,Inflow,87735.12,SO-003834,Completed,Sales
FIN-002823,2025-07-19,Customer Receipt,Inflow,18083.53,SO-005145,Completed,Sales
FIN-000337,2025-07-20,Customer Receipt,Inflow,90467.03,SO-000622,Completed,Sales
FIN-001292,2025-07-20,Customer Receipt,Inflow,55557.4,SO-002368,Completed,Sales
FIN-001510,2025-07-20,Customer Receipt,Inflow,12253.43,SO-002784,Completed,Sales
FIN-001757,2025-07-20,Customer Receipt,Inflow,4493.58,SO-003259,Completed,Sales
FIN-001842,2025-07-20,Customer Receipt,Inflow,11076.2,SO-003407,Completed,Sales
FIN-002965,2025-07-20,Customer Receipt,Inflow,129223.6,SO-005399,Completed,Sales
FIN-003006,2025-07-20,Customer Receipt,Inflow,24501.0,SO-005464,Completed,Sales
FIN-003019,2025-07-20,Customer Receipt,Inflow,59004.4,SO-005483,Completed,Sales
FIN-004760,2025-07-20,Customer Receipt,Inflow,753.35,SO-008596,Completed,Sales
FIN-005124,2025-07-20,Customer Receipt,Inflow,5886.88,SO-009259,Completed,Sales
FIN-005601,2025-07-20,Supplier Payment,Outflow,16221.1,PO-00137,Completed,Procurement
FIN-000920,2025-07-21,Customer Receipt,Inflow,23250.24,SO-001670,Completed,Sales
FIN-002501,2025-07-21,Customer Receipt,Inflow,5814.72,SO-004588,Completed,Sales
FIN-003133,2025-07-21,Customer Receipt,Inflow,16858.4,SO-005669,Completed,Sales
FIN-003556,2025-07-21,Customer Receipt,Inflow,59425.1,SO-006460,Completed,Sales
FIN-005127,2025-07-21,Customer Receipt,Inflow,84145.49,SO-009264,Completed,Sales
FIN-005496,2025-07-21,Customer Receipt,Inflow,4732.02,SO-009910,Completed,Sales
FIN-005973,2025-07-21,Operating Expense,Outflow,48133.56,EXP-202507-Rent,Completed,Rent
FIN-001534,2025-07-22,Customer Receipt,Inflow,131350.8,SO-002831,Completed,Sales
FIN-002513,2025-07-22,Customer Receipt,Inflow,52249.26,SO-004613,Completed,Sales
FIN-003836,2025-07-22,Customer Receipt,Inflow,10572.14,SO-006939,Completed,Sales
FIN-004558,2025-07-22,Customer Receipt,Inflow,75608.16,SO-008251,Completed,Sales
FIN-004944,2025-07-22,Customer Receipt,Inflow,72149.76,SO-008910,Completed,Sales
FIN-005047,2025-07-22,Customer Receipt,Inflow,96457.5,SO-009112,Completed,Sales
FIN-000113,2025-07-23,Customer Receipt,Inflow,54255.88,SO-000203,Completed,Sales
FIN-000235,2025-07-23,Customer Receipt,Inflow,101673.77,SO-000435,Completed,Sales
FIN-001805,2025-07-23,Customer Receipt,Inflow,10680.46,SO-003338,Completed,Sales
FIN-003233,2025-07-23,Customer Receipt,Inflow,49895.0,SO-005863,Completed,Sales
FIN-003603,2025-07-23,Customer Receipt,Inflow,159238.82,SO-006532,Completed,Sales
FIN-003682,2025-07-23,Customer Receipt,Inflow,96876.03,SO-006665,Completed,Sales
FIN-005565,2025-07-23,Supplier Payment,Outflow,68005.0,PO-00034,Completed,Procurement
FIN-000795,2025-07-24,Customer Receipt,Inflow,24788.14,SO-001436,Completed,Sales
FIN-000870,2025-07-24,Customer Receipt,Inflow,58729.05,SO-001581,Completed,Sales
FIN-001361,2025-07-24,Customer Receipt,Inflow,26616.87,SO-002495,Completed,Sales
FIN-002077,2025-07-24,Customer Receipt,Inflow,134729.7,SO-003862,Completed,Sales
FIN-002912,2025-07-24,Customer Receipt,Inflow,20041.56,SO-005317,Completed,Sales
FIN-005308,2025-07-24,Customer Receipt,Inflow,73512.9,SO-009579,Completed,Sales
FIN-001029,2025-07-25,Customer Receipt,Inflow,75987.86,SO-001856,Completed,Sales
FIN-001158,2025-07-25,Customer Receipt,Inflow,147862.17,SO-002102,Completed,Sales
FIN-002487,2025-07-25,Customer Receipt,Inflow,90478.8,SO-004567,Completed,Sales
FIN-002599,2025-07-25,Customer Receipt,Inflow,115169.86,SO-004755,Completed,Sales
FIN-004099,2025-07-25,Customer Receipt,Inflow,92319.36,SO-007422,Completed,Sales
FIN-004578,2025-07-25,Customer Receipt,Inflow,3241.94,SO-008287,Completed,Sales
FIN-004608,2025-07-25,Customer Receipt,Inflow,12550.54,SO-008345,Completed,Sales
FIN-004830,2025-07-25,Customer Receipt,Inflow,57367.44,SO-008725,Completed,Sales
FIN-005412,2025-07-25,Customer Receipt,Inflow,39362.48,SO-009746,Completed,Sales
FIN-005751,2025-07-25,Supplier Payment,Outflow,219021.0,PO-00553,Completed,Procurement
FIN-000754,2025-07-26,Customer Receipt,Inflow,58266.45,SO-001360,Completed,Sales
FIN-001339,2025-07-26,Customer Receipt,Inflow,5084.24,SO-002452,Completed,Sales
FIN-001701,2025-07-26,Customer Receipt,Inflow,109487.4,SO-003161,Completed,Sales
FIN-003788,2025-07-26,Customer Receipt,Inflow,102110.58,SO-006847,Completed,Sales
FIN-004511,2025-07-26,Customer Receipt,Inflow,11204.0,SO-008161,Completed,Sales
FIN-004969,2025-07-26,Customer Receipt,Inflow,2441.28,SO-008962,Completed,Sales
FIN-005113,2025-07-26,Customer Receipt,Inflow,7880.69,SO-009232,Completed,Sales
FIN-005307,2025-07-26,Customer Receipt,Inflow,120524.3,SO-009578,Completed,Sales
FIN-001187,2025-07-27,Customer Receipt,Inflow,907.9,SO-002159,Completed,Sales
FIN-001287,2025-07-27,Customer Receipt,Inflow,16955.51,SO-002361,Completed,Sales
FIN-001511,2025-07-27,Customer Receipt,Inflow,67640.4,SO-002785,Completed,Sales
FIN-002078,2025-07-27,Customer Receipt,Inflow,20418.19,SO-003863,Completed,Sales
FIN-002380,2025-07-27,Customer Receipt,Inflow,117276.25,SO-004389,Completed,Sales
FIN-003048,2025-07-27,Customer Receipt,Inflow,45093.6,SO-005528,Completed,Sales
FIN-003158,2025-07-27,Customer Receipt,Inflow,6712.08,SO-005716,Completed,Sales
FIN-003320,2025-07-27,Customer Receipt,Inflow,105272.64,SO-006008,Completed,Sales
FIN-003764,2025-07-27,Customer Receipt,Inflow,17201.92,SO-006801,Completed,Sales
FIN-004364,2025-07-27,Customer Receipt,Inflow,59713.44,SO-007900,Completed,Sales
FIN-000749,2025-07-28,Customer Receipt,Inflow,110396.22,SO-001351,Completed,Sales
FIN-001597,2025-07-28,Customer Receipt,Inflow,32806.32,SO-002952,Completed,Sales
FIN-001931,2025-07-28,Customer Receipt,Inflow,16392.18,SO-003577,Completed,Sales
FIN-001974,2025-07-28,Customer Receipt,Inflow,12160.98,SO-003652,Completed,Sales
FIN-003359,2025-07-28,Customer Receipt,Inflow,16110.09,SO-006072,Completed,Sales
FIN-005912,2025-07-28,Supplier Payment,Outflow,112804.0,PO-00984,Completed,Procurement
FIN-000543,2025-07-29,Customer Receipt,Inflow,115921.78,SO-000976,Completed,Sales
FIN-001879,2025-07-29,Customer Receipt,Inflow,1356.72,SO-003485,Completed,Sales
FIN-003164,2025-07-29,Customer Receipt,Inflow,26641.68,SO-005724,Completed,Sales
FIN-004303,2025-07-29,Customer Receipt,Inflow,4731.96,SO-007796,Completed,Sales
FIN-005460,2025-07-29,Customer Receipt,Inflow,16958.24,SO-009856,Completed,Sales
FIN-005476,2025-07-29,Customer Receipt,Inflow,5018.01,SO-009881,Completed,Sales
FIN-005716,2025-07-29,Supplier Payment,Outflow,190242.0,PO-00459,Completed,Procurement
FIN-002057,2025-07-30,Customer Receipt,Inflow,40584.96,SO-003827,Completed,Sales
FIN-002341,2025-07-30,Customer Receipt,Inflow,3574.68,SO-004328,Completed,Sales
FIN-000146,2025-07-31,Customer Receipt,Inflow,21334.11,SO-000261,Completed,Sales
FIN-002076,2025-07-31,Customer Receipt,Inflow,31179.0,SO-003860,Completed,Sales
FIN-002276,2025-07-31,Customer Receipt,Inflow,4403.55,SO-004224,Completed,Sales
FIN-003403,2025-07-31,Customer Receipt,Inflow,91236.96,SO-006153,Completed,Sales
FIN-003430,2025-07-31,Customer Receipt,Inflow,48827.3,SO-006206,Completed,Sales
FIN-003927,2025-07-31,Customer Receipt,Inflow,34571.55,SO-007124,Completed,Sales
FIN-004553,2025-07-31,Customer Receipt,Inflow,22502.2,SO-008240,Completed,Sales
FIN-005165,2025-07-31,Customer Receipt,Inflow,62986.9,SO-009333,Completed,Sales
FIN-001345,2025-08-01,Customer Receipt,Inflow,5168.75,SO-002467,Completed,Sales
FIN-002004,2025-08-01,Customer Receipt,Inflow,13502.72,SO-003718,Completed,Sales
FIN-002131,2025-08-01,Customer Receipt,Inflow,2583.7,SO-003970,Completed,Sales
FIN-002256,2025-08-01,Customer Receipt,Inflow,35163.24,SO-004178,Completed,Sales
FIN-002268,2025-08-01,Customer Receipt,Inflow,48602.56,SO-004202,Completed,Sales
FIN-002279,2025-08-01,Customer Receipt,Inflow,25802.88,SO-004229,Completed,Sales
FIN-003894,2025-08-01,Customer Receipt,Inflow,4034.18,SO-007059,Completed,Sales
FIN-004106,2025-08-01,Customer Receipt,Inflow,16630.25,SO-007439,Completed,Sales
FIN-005824,2025-08-01,Supplier Payment,Outflow,27647.0,PO-00753,Completed,Procurement
FIN-005913,2025-08-01,Supplier Payment,Outflow,46606.0,PO-00986,Completed,Procurement
FIN-000078,2025-08-02,Customer Receipt,Inflow,104317.2,SO-000130,Completed,Sales
FIN-001898,2025-08-02,Customer Receipt,Inflow,69082.44,SO-003518,Completed,Sales
FIN-001933,2025-08-02,Customer Receipt,Inflow,2094.3,SO-003580,Completed,Sales
FIN-002471,2025-08-02,Customer Receipt,Inflow,6487.11,SO-004544,Completed,Sales
FIN-002774,2025-08-02,Customer Receipt,Inflow,53165.76,SO-005069,Completed,Sales
FIN-003204,2025-08-02,Customer Receipt,Inflow,38434.24,SO-005802,Completed,Sales
FIN-004392,2025-08-02,Customer Receipt,Inflow,116770.92,SO-007946,Completed,Sales
FIN-005628,2025-08-02,Supplier Payment,Outflow,733402.0,PO-00214,Completed,Procurement
FIN-000522,2025-08-03,Customer Receipt,Inflow,114030.21,SO-000941,Completed,Sales
FIN-001047,2025-08-03,Customer Receipt,Inflow,7443.28,SO-001892,Completed,Sales
FIN-001048,2025-08-03,Customer Receipt,Inflow,101982.1,SO-001895,Completed,Sales
FIN-001507,2025-08-03,Customer Receipt,Inflow,4572.06,SO-002776,Completed,Sales
FIN-003318,2025-08-03,Customer Receipt,Inflow,2590.92,SO-006002,Completed,Sales
FIN-003650,2025-08-03,Customer Receipt,Inflow,3914.29,SO-006615,Completed,Sales
FIN-005199,2025-08-03,Customer Receipt,Inflow,61419.54,SO-009386,Completed,Sales
FIN-005842,2025-08-03,Supplier Payment,Outflow,184124.0,PO-00789,Completed,Procurement
FIN-001449,2025-08-04,Customer Receipt,Inflow,11920.9,SO-002666,Completed,Sales
FIN-001999,2025-08-04,Customer Receipt,Inflow,19937.16,SO-003711,Completed,Sales
FIN-002061,2025-08-04,Customer Receipt,Inflow,29065.65,SO-003831,Completed,Sales
FIN-003683,2025-08-04,Customer Receipt,Inflow,9142.24,SO-006669,Completed,Sales
FIN-004693,2025-08-04,Customer Receipt,Inflow,6281.84,SO-008485,Completed,Sales
FIN-001446,2025-08-05,Customer Receipt,Inflow,128458.69,SO-002662,Completed,Sales
FIN-002349,2025-08-05,Customer Receipt,Inflow,13092.98,SO-004340,Completed,Sales
FIN-002609,2025-08-05,Customer Receipt,Inflow,9370.27,SO-004769,Completed,Sales
FIN-002810,2025-08-05,Customer Receipt,Inflow,76647.05,SO-005124,Completed,Sales
FIN-002993,2025-08-05,Customer Receipt,Inflow,101702.9,SO-005440,Completed,Sales
FIN-004496,2025-08-05,Customer Receipt,Inflow,24918.45,SO-008129,Completed,Sales
FIN-001089,2025-08-06,Customer Receipt,Inflow,29743.75,SO-001986,Completed,Sales
FIN-001603,2025-08-06,Customer Receipt,Inflow,76333.28,SO-002961,Completed,Sales
FIN-003577,2025-08-06,Customer Receipt,Inflow,7782.64,SO-006494,Completed,Sales
FIN-004498,2025-08-06,Customer Receipt,Inflow,21065.75,SO-008132,Completed,Sales
FIN-000183,2025-08-07,Customer Receipt,Inflow,120107.0,SO-000341,Completed,Sales
FIN-000361,2025-08-07,Customer Receipt,Inflow,54659.25,SO-000661,Completed,Sales
FIN-000676,2025-08-07,Customer Receipt,Inflow,71852.82,SO-001227,Completed,Sales
FIN-000865,2025-08-07,Customer Receipt,Inflow,39878.72,SO-001574,Completed,Sales
FIN-003209,2025-08-07,Customer Receipt,Inflow,44375.98,SO-005817,Completed,Sales
FIN-003440,2025-08-07,Customer Receipt,Inflow,37453.65,SO-006233,Completed,Sales
FIN-005542,2025-08-07,Customer Receipt,Inflow,13669.3,SO-009978,Completed,Sales
FIN-000103,2025-08-08,Customer Receipt,Inflow,107262.98,SO-000181,Completed,Sales
FIN-000510,2025-08-08,Customer Receipt,Inflow,157783.78,SO-000919,Completed,Sales
FIN-002147,2025-08-08,Customer Receipt,Inflow,34772.4,SO-003999,Completed,Sales
FIN-003257,2025-08-08,Customer Receipt,Inflow,68395.86,SO-005905,Completed,Sales
FIN-003862,2025-08-08,Customer Receipt,Inflow,28796.95,SO-006995,Completed,Sales
FIN-005303,2025-08-08,Customer Receipt,Inflow,64728.72,SO-009572,Completed,Sales
FIN-000143,2025-08-09,Customer Receipt,Inflow,12071.43,SO-000255,Completed,Sales
FIN-000372,2025-08-09,Customer Receipt,Inflow,6737.9,SO-000675,Completed,Sales
FIN-000463,2025-08-09,Customer Receipt,Inflow,59670.26,SO-000844,Completed,Sales
FIN-000718,2025-08-09,Customer Receipt,Inflow,71569.12,SO-001299,Completed,Sales
FIN-001402,2025-08-09,Customer Receipt,Inflow,35049.6,SO-002574,Completed,Sales
FIN-001551,2025-08-09,Customer Receipt,Inflow,10695.29,SO-002861,Completed,Sales
FIN-002103,2025-08-09,Customer Receipt,Inflow,73240.05,SO-003912,Completed,Sales
FIN-002887,2025-08-09,Customer Receipt,Inflow,16057.47,SO-005272,Completed,Sales
FIN-003354,2025-08-09,Customer Receipt,Inflow,114639.75,SO-006059,Completed,Sales
FIN-003648,2025-08-09,Customer Receipt,Inflow,12565.8,SO-006612,Completed,Sales
FIN-003912,2025-08-09,Customer Receipt,Inflow,80233.3,SO-007093,Completed,Sales
FIN-005051,2025-08-09,Customer Receipt,Inflow,142723.89,SO-009124,Completed,Sales
FIN-005488,2025-08-09,Customer Receipt,Inflow,10143.39,SO-009898,Completed,Sales
FIN-005777,2025-08-09,Supplier Payment,Outflow,72584.8,PO-00603,Completed,Procurement
FIN-000733,2025-08-10,Customer Receipt,Inflow,48869.1,SO-001325,Completed,Sales
FIN-004932,2025-08-10,Customer Receipt,Inflow,37216.4,SO-008890,Completed,Sales
FIN-005184,2025-08-10,Customer Receipt,Inflow,120623.28,SO-009358,Completed,Sales
FIN-001336,2025-08-11,Customer Receipt,Inflow,6751.36,SO-002448,Completed,Sales
FIN-002096,2025-08-11,Customer Receipt,Inflow,35520.07,SO-003897,Completed,Sales
FIN-002623,2025-08-11,Customer Receipt,Inflow,1808.96,SO-004788,Completed,Sales
FIN-003014,2025-08-11,Customer Receipt,Inflow,142912.22,SO-005477,Completed,Sales
FIN-003843,2025-08-11,Customer Receipt,Inflow,40994.88,SO-006954,Completed,Sales
FIN-004258,2025-08-11,Customer Receipt,Inflow,28990.5,SO-007709,Completed,Sales
FIN-004282,2025-08-11,Customer Receipt,Inflow,41706.72,SO-007760,Completed,Sales
FIN-005982,2025-08-11,Operating Expense,Outflow,17545.54,EXP-202508-Maintenance,Completed,Maintenance
FIN-002015,2025-08-12,Customer Receipt,Inflow,124336.24,SO-003741,Completed,Sales
FIN-005173,2025-08-12,Customer Receipt,Inflow,4102.6,SO-009343,Completed,Sales
FIN-000357,2025-08-13,Customer Receipt,Inflow,15483.0,SO-000656,Completed,Sales
FIN-000644,2025-08-13,Customer Receipt,Inflow,130267.5,SO-001174,Completed,Sales
FIN-001892,2025-08-13,Customer Receipt,Inflow,105813.8,SO-003503,Completed,Sales
FIN-002035,2025-08-13,Customer Receipt,Inflow,48928.1,SO-003782,Completed,Sales
FIN-003488,2025-08-13,Customer Receipt,Inflow,113148.14,SO-006318,Completed,Sales
FIN-003561,2025-08-13,Customer Receipt,Inflow,12752.08,SO-006470,Completed,Sales
FIN-004263,2025-08-13,Customer Receipt,Inflow,81882.97,SO-007722,Completed,Sales
FIN-004314,2025-08-13,Customer Receipt,Inflow,116442.79,SO-007815,Completed,Sales
FIN-005263,2025-08-13,Customer Receipt,Inflow,1999.6,SO-009505,Completed,Sales
FIN-005732,2025-08-13,Supplier Payment,Outflow,31207.6,PO-00502,Completed,Procurement
FIN-000302,2025-08-14,Customer Receipt,Inflow,40501.14,SO-000562,Completed,Sales
FIN-001910,2025-08-14,Customer Receipt,Inflow,66818.18,SO-003539,Completed,Sales
FIN-003868,2025-08-14,Customer Receipt,Inflow,140504.28,SO-007009,Completed,Sales
FIN-004734,2025-08-14,Customer Receipt,Inflow,25169.98,SO-008553,Completed,Sales
FIN-005071,2025-08-14,Customer Receipt,Inflow,35489.16,SO-009161,Completed,Sales
FIN-005145,2025-08-14,Customer Receipt,Inflow,18502.8,SO-009295,Completed,Sales
FIN-005849,2025-08-14,Supplier Payment,Outflow,118896.0,PO-00800,Completed,Procurement
FIN-005981,2025-08-14,Operating Expense,Outflow,122748.36,EXP-202508-Salaries,Completed,Salaries
FIN-005983,2025-08-14,Operating Expense,Outflow,13111.74,EXP-202508-Software,Completed,Software
FIN-000207,2025-08-15,Customer Receipt,Inflow,21044.88,SO-000387,Completed,Sales
FIN-000288,2025-08-15,Customer Receipt,Inflow,96833.61,SO-000535,Completed,Sales
FIN-001137,2025-08-15,Customer Receipt,Inflow,66430.65,SO-002068,Completed,Sales
FIN-001272,2025-08-15,Customer Receipt,Inflow,66380.71,SO-002316,Completed,Sales
FIN-001384,2025-08-15,Customer Receipt,Inflow,40399.35,SO-002539,Completed,Sales
FIN-002028,2025-08-15,Customer Receipt,Inflow,84328.81,SO-003767,Completed,Sales
FIN-003183,2025-08-15,Customer Receipt,Inflow,156881.75,SO-005764,Completed,Sales
FIN-004700,2025-08-15,Customer Receipt,Inflow,96372.92,SO-008499,Completed,Sales
FIN-005979,2025-08-15,Operating Expense,Outflow,41886.47,EXP-202508-Rent,Completed,Rent
FIN-000234,2025-08-16,Customer Receipt,Inflow,32801.28,SO-000433,Completed,Sales
FIN-000309,2025-08-16,Customer Receipt,Inflow,33803.1,SO-000574,Completed,Sales
FIN-001049,2025-08-16,Customer Receipt,Inflow,44151.6,SO-001896,Completed,Sales
FIN-001575,2025-08-16,Customer Receipt,Inflow,125716.5,SO-002909,Completed,Sales
FIN-002911,2025-08-16,Customer Receipt,Inflow,62034.28,SO-005315,Completed,Sales
FIN-004266,2025-08-16,Customer Receipt,Inflow,103652.01,SO-007725,Completed,Sales
FIN-004589,2025-08-16,Customer Receipt,Inflow,43852.27,SO-008316,Completed,Sales
FIN-005161,2025-08-16,Customer Receipt,Inflow,27746.56,SO-009328,Completed,Sales
FIN-005439,2025-08-16,Customer Receipt,Inflow,177619.2,SO-009812,Completed,Sales
FIN-000013,2025-08-17,Customer Receipt,Inflow,3171.6,SO-000024,Completed,Sales
FIN-000701,2025-08-17,Customer Receipt,Inflow,118087.44,SO-001276,Completed,Sales
FIN-002763,2025-08-17,Customer Receipt,Inflow,17192.85,SO-005055,Completed,Sales
FIN-003156,2025-08-17,Customer Receipt,Inflow,5796.4,SO-005712,Completed,Sales
FIN-003671,2025-08-17,Customer Receipt,Inflow,9096.6,SO-006650,Completed,Sales
FIN-004090,2025-08-17,Customer Receipt,Inflow,160707.0,SO-007408,Completed,Sales
FIN-004576,2025-08-17,Customer Receipt,Inflow,31003.36,SO-008282,Completed,Sales
FIN-005066,2025-08-17,Customer Receipt,Inflow,26547.5,SO-009150,Completed,Sales
FIN-005218,2025-08-17,Customer Receipt,Inflow,68612.04,SO-009424,Completed,Sales
FIN-005502,2025-08-17,Customer Receipt,Inflow,96895.5,SO-009918,Completed,Sales
FIN-001537,2025-08-18,Customer Receipt,Inflow,41735.9,SO-002836,Completed,Sales
FIN-001670,2025-08-18,Customer Receipt,Inflow,70365.75,SO-003098,Completed,Sales
FIN-001856,2025-08-18,Customer Receipt,Inflow,32729.7,SO-003438,Completed,Sales
FIN-002737,2025-08-18,Customer Receipt,Inflow,2133.3,SO-005007,Completed,Sales
FIN-002969,2025-08-18,Customer Receipt,Inflow,102874.52,SO-005404,Completed,Sales
FIN-003652,2025-08-18,Customer Receipt,Inflow,8545.44,SO-006617,Completed,Sales
FIN-003878,2025-08-18,Customer Receipt,Inflow,59612.67,SO-007026,Completed,Sales
FIN-004129,2025-08-18,Customer Receipt,Inflow,26946.26,SO-007481,Completed,Sales
FIN-004389,2025-08-18,Customer Receipt,Inflow,2666.14,SO-007940,Completed,Sales
FIN-000275,2025-08-19,Customer Receipt,Inflow,6864.9,SO-000511,Completed,Sales
FIN-000823,2025-08-19,Customer Receipt,Inflow,92941.92,SO-001496,Completed,Sales
FIN-001056,2025-08-19,Customer Receipt,Inflow,7064.74,SO-001910,Completed,Sales
FIN-001828,2025-08-19,Customer Receipt,Inflow,9754.08,SO-003382,Completed,Sales
FIN-002437,2025-08-19,Customer Receipt,Inflow,13135.08,SO-004485,Completed,Sales
FIN-002794,2025-08-19,Customer Receipt,Inflow,80360.49,SO-005099,Completed,Sales
FIN-003812,2025-08-19,Customer Receipt,Inflow,101860.33,SO-006898,Completed,Sales
FIN-000125,2025-08-20,Customer Receipt,Inflow,53522.88,SO-000224,Completed,Sales
FIN-000524,2025-08-20,Customer Receipt,Inflow,153552.56,SO-000944,Completed,Sales
FIN-000674,2025-08-20,Customer Receipt,Inflow,96499.92,SO-001223,Completed,Sales
FIN-001216,2025-08-20,Customer Receipt,Inflow,46641.42,SO-002210,Completed,Sales
FIN-001270,2025-08-20,Customer Receipt,Inflow,45739.2,SO-002313,Completed,Sales
FIN-001702,2025-08-20,Customer Receipt,Inflow,4122.39,SO-003163,Completed,Sales
FIN-002369,2025-08-20,Customer Receipt,Inflow,23524.2,SO-004376,Completed,Sales
FIN-002735,2025-08-20,Customer Receipt,Inflow,26346.45,SO-005005,Completed,Sales
FIN-003077,2025-08-20,Customer Receipt,Inflow,7237.7,SO-005579,Completed,Sales
FIN-003865,2025-08-20,Customer Receipt,Inflow,74102.28,SO-007005,Completed,Sales
FIN-003925,2025-08-20,Customer Receipt,Inflow,15642.12,SO-007121,Completed,Sales
FIN-004501,2025-08-20,Customer Receipt,Inflow,42870.69,SO-008137,Completed,Sales
FIN-004663,2025-08-20,Customer Receipt,Inflow,7428.85,SO-008434,Completed,Sales
FIN-005980,2025-08-20,Operating Expense,Outflow,10664.23,EXP-202508-Utilities,Completed,Utilities
FIN-000797,2025-08-21,Customer Receipt,Inflow,91639.36,SO-001440,Completed,Sales
FIN-001212,2025-08-21,Customer Receipt,Inflow,63754.21,SO-002206,Completed,Sales
FIN-001506,2025-08-21,Customer Receipt,Inflow,22349.56,SO-002773,Completed,Sales
FIN-002140,2025-08-21,Customer Receipt,Inflow,15657.16,SO-003984,Completed,Sales
FIN-002234,2025-08-21,Customer Receipt,Inflow,14045.07,SO-004149,Completed,Sales
FIN-003297,2025-08-21,Customer Receipt,Inflow,3707.93,SO-005969,Completed,Sales
FIN-003832,2025-08-21,Customer Receipt,Inflow,25303.3,SO-006934,Completed,Sales
FIN-004802,2025-08-21,Customer Receipt,Inflow,51809.8,SO-008682,Completed,Sales
FIN-005234,2025-08-21,Customer Receipt,Inflow,125368.98,SO-009454,Completed,Sales
FIN-005984,2025-08-21,Operating Expense,Outflow,41268.54,EXP-202508-Transport,Completed,Transport
FIN-001290,2025-08-22,Customer Receipt,Inflow,48522.24,SO-002366,Completed,Sales
FIN-001608,2025-08-22,Customer Receipt,Inflow,56507.8,SO-002977,Completed,Sales
FIN-001998,2025-08-22,Customer Receipt,Inflow,6920.26,SO-003708,Completed,Sales
FIN-005257,2025-08-22,Customer Receipt,Inflow,25278.9,SO-009491,Completed,Sales
FIN-005772,2025-08-22,Supplier Payment,Outflow,77985.5,PO-00594,Completed,Procurement
FIN-000998,2025-08-23,Customer Receipt,Inflow,42089.56,SO-001799,Completed,Sales
FIN-001012,2025-08-23,Customer Receipt,Inflow,6315.76,SO-001828,Completed,Sales
FIN-001038,2025-08-23,Customer Receipt,Inflow,117553.8,SO-001873,Completed,Sales
FIN-002017,2025-08-23,Customer Receipt,Inflow,62419.42,SO-003744,Completed,Sales
FIN-002018,2025-08-23,Customer Receipt,Inflow,12014.58,SO-003747,Completed,Sales
FIN-002748,2025-08-23,Customer Receipt,Inflow,117205.11,SO-005031,Completed,Sales
FIN-002840,2025-08-23,Customer Receipt,Inflow,10726.66,SO-005181,Completed,Sales
FIN-004240,2025-08-23,Customer Receipt,Inflow,25929.36,SO-007676,Completed,Sales
FIN-005188,2025-08-23,Customer Receipt,Inflow,115002.68,SO-009368,Completed,Sales
FIN-005207,2025-08-23,Customer Receipt,Inflow,163951.29,SO-009400,Completed,Sales
FIN-000334,2025-08-24,Customer Receipt,Inflow,7142.36,SO-000618,Completed,Sales
FIN-000980,2025-08-24,Customer Receipt,Inflow,9270.72,SO-001771,Completed,Sales
FIN-001900,2025-08-24,Customer Receipt,Inflow,1525.8,SO-003520,Completed,Sales
FIN-002636,2025-08-24,Customer Receipt,Inflow,12865.6,SO-004810,Completed,Sales
FIN-003226,2025-08-24,Customer Receipt,Inflow,78951.36,SO-005853,Completed,Sales
FIN-004149,2025-08-24,Customer Receipt,Inflow,69180.67,SO-007521,Completed,Sales
FIN-004741,2025-08-24,Customer Receipt,Inflow,82288.71,SO-008564,Completed,Sales
FIN-005240,2025-08-24,Customer Receipt,Inflow,2426.64,SO-009464,Completed,Sales
FIN-000838,2025-08-25,Customer Receipt,Inflow,49896.45,SO-001524,Completed,Sales
FIN-002265,2025-08-25,Customer Receipt,Inflow,24501.0,SO-004195,Completed,Sales
FIN-002433,2025-08-25,Customer Receipt,Inflow,12739.86,SO-004479,Completed,Sales
FIN-002874,2025-08-25,Customer Receipt,Inflow,38689.98,SO-005245,Completed,Sales
FIN-003017,2025-08-25,Customer Receipt,Inflow,34137.18,SO-005481,Completed,Sales
FIN-003263,2025-08-25,Customer Receipt,Inflow,7098.03,SO-005911,Completed,Sales
FIN-003931,2025-08-25,Customer Receipt,Inflow,67789.44,SO-007128,Completed,Sales
FIN-004100,2025-08-25,Customer Receipt,Inflow,52624.56,SO-007423,Completed,Sales
FIN-000009,2025-08-26,Customer Receipt,Inflow,18665.64,SO-000016,Completed,Sales
FIN-000714,2025-08-26,Customer Receipt,Inflow,118071.36,SO-001295,Completed,Sales
FIN-001739,2025-08-26,Customer Receipt,Inflow,79739.04,SO-003230,Completed,Sales
FIN-001766,2025-08-26,Customer Receipt,Inflow,109600.12,SO-003273,Completed,Sales
FIN-002091,2025-08-26,Customer Receipt,Inflow,9251.4,SO-003886,Completed,Sales
FIN-005695,2025-08-26,Supplier Payment,Outflow,2755.9,PO-00401,Completed,Procurement
FIN-000408,2025-08-27,Customer Receipt,Inflow,68539.32,SO-000736,Completed,Sales
FIN-000791,2025-08-27,Customer Receipt,Inflow,93398.1,SO-001431,Completed,Sales
FIN-002187,2025-08-27,Customer Receipt,Inflow,135026.33,SO-004070,Completed,Sales
FIN-002618,2025-08-27,Customer Receipt,Inflow,119306.7,SO-004782,Completed,Sales
FIN-002619,2025-08-27,Customer Receipt,Inflow,21924.2,SO-004783,Completed,Sales
FIN-003310,2025-08-27,Customer Receipt,Inflow,5790.16,SO-005991,Completed,Sales
FIN-003891,2025-08-27,Customer Receipt,Inflow,181888.28,SO-007053,Completed,Sales
FIN-004522,2025-08-27,Customer Receipt,Inflow,76333.28,SO-008174,Completed,Sales
FIN-000994,2025-08-28,Customer Receipt,Inflow,64079.96,SO-001791,Completed,Sales
FIN-001020,2025-08-28,Customer Receipt,Inflow,118311.36,SO-001838,Completed,Sales
FIN-001709,2025-08-28,Customer Receipt,Inflow,43746.78,SO-003176,Completed,Sales
FIN-001891,2025-08-28,Customer Receipt,Inflow,1245.19,SO-003502,Completed,Sales
FIN-002414,2025-08-28,Customer Receipt,Inflow,4030.32,SO-004447,Completed,Sales
FIN-003459,2025-08-28,Customer Receipt,Inflow,17437.68,SO-006265,Completed,Sales
FIN-004596,2025-08-28,Customer Receipt,Inflow,99325.76,SO-008323,Completed,Sales
FIN-005351,2025-08-28,Customer Receipt,Inflow,4377.68,SO-009648,Completed,Sales
FIN-005707,2025-08-28,Supplier Payment,Outflow,43003.0,PO-00429,Completed,Procurement
FIN-005869,2025-08-28,Supplier Payment,Outflow,664860.0,PO-00867,Completed,Procurement
FIN-000040,2025-08-29,Customer Receipt,Inflow,58850.04,SO-000068,Completed,Sales
FIN-000128,2025-08-29,Customer Receipt,Inflow,64034.88,SO-000228,Completed,Sales
FIN-000224,2025-08-29,Customer Receipt,Inflow,63219.0,SO-000412,Completed,Sales
FIN-001980,2025-08-29,Customer Receipt,Inflow,17690.76,SO-003664,Completed,Sales
FIN-002297,2025-08-29,Customer Receipt,Inflow,141303.14,SO-004255,Completed,Sales
FIN-003189,2025-08-29,Customer Receipt,Inflow,95692.96,SO-005774,Completed,Sales
FIN-004046,2025-08-29,Customer Receipt,Inflow,10951.78,SO-007337,Completed,Sales
FIN-004230,2025-08-29,Customer Receipt,Inflow,27240.01,SO-007658,Completed,Sales
FIN-000639,2025-08-30,Customer Receipt,Inflow,41748.1,SO-001166,Completed,Sales
FIN-000894,2025-08-30,Customer Receipt,Inflow,13812.3,SO-001627,Completed,Sales
FIN-001297,2025-08-30,Customer Receipt,Inflow,21528.0,SO-002375,Completed,Sales
FIN-001920,2025-08-30,Customer Receipt,Inflow,49083.4,SO-003564,Completed,Sales
FIN-002117,2025-08-30,Customer Receipt,Inflow,111114.8,SO-003937,Completed,Sales
FIN-002299,2025-08-30,Customer Receipt,Inflow,169450.11,SO-004259,Completed,Sales
FIN-004640,2025-08-30,Customer Receipt,Inflow,134716.5,SO-008402,Completed,Sales
FIN-005225,2025-08-30,Customer Receipt,Inflow,28982.0,SO-009442,Completed,Sales
FIN-005340,2025-08-30,Customer Receipt,Inflow,33951.15,SO-009627,Completed,Sales
FIN-005429,2025-08-30,Customer Receipt,Inflow,29327.54,SO-009789,Completed,Sales
FIN-000206,2025-08-31,Customer Receipt,Inflow,26206.74,SO-000384,Completed,Sales
FIN-000959,2025-08-31,Customer Receipt,Inflow,72795.84,SO-001734,Completed,Sales
FIN-003094,2025-08-31,Customer Receipt,Inflow,34199.06,SO-005610,Completed,Sales
FIN-003269,2025-08-31,Customer Receipt,Inflow,29450.2,SO-005919,Completed,Sales
FIN-003829,2025-08-31,Customer Receipt,Inflow,11793.84,SO-006928,Completed,Sales
FIN-004102,2025-08-31,Customer Receipt,Inflow,121967.3,SO-007430,Completed,Sales
FIN-004287,2025-08-31,Customer Receipt,Inflow,49492.08,SO-007768,Completed,Sales
FIN-004954,2025-08-31,Customer Receipt,Inflow,4166.36,SO-008935,Completed,Sales
FIN-005427,2025-08-31,Customer Receipt,Inflow,70353.09,SO-009781,Completed,Sales
FIN-005567,2025-08-31,Supplier Payment,Outflow,323986.0,PO-00036,Completed,Procurement
FIN-001708,2025-09-01,Customer Receipt,Inflow,11258.2,SO-003175,Completed,Sales
FIN-003326,2025-09-01,Customer Receipt,Inflow,76067.55,SO-006015,Completed,Sales
FIN-004832,2025-09-01,Customer Receipt,Inflow,35338.0,SO-008729,Completed,Sales
FIN-004899,2025-09-01,Customer Receipt,Inflow,21019.2,SO-008834,Completed,Sales
FIN-005796,2025-09-01,Supplier Payment,Outflow,55753.5,PO-00665,Completed,Procurement
FIN-000193,2025-09-02,Customer Receipt,Inflow,15706.3,SO-000363,Completed,Sales
FIN-001199,2025-09-02,Customer Receipt,Inflow,3350.88,SO-002180,Completed,Sales
FIN-002174,2025-09-02,Customer Receipt,Inflow,6541.56,SO-004043,Completed,Sales
FIN-003258,2025-09-02,Customer Receipt,Inflow,15169.86,SO-005906,Completed,Sales
FIN-004670,2025-09-02,Customer Receipt,Inflow,5730.95,SO-008446,Completed,Sales
FIN-000852,2025-09-03,Customer Receipt,Inflow,100886.28,SO-001546,Completed,Sales
FIN-001518,2025-09-03,Customer Receipt,Inflow,62026.72,SO-002803,Completed,Sales
FIN-003823,2025-09-03,Customer Receipt,Inflow,155639.52,SO-006917,Completed,Sales
FIN-004261,2025-09-03,Customer Receipt,Inflow,20604.08,SO-007720,Completed,Sales
FIN-004329,2025-09-03,Customer Receipt,Inflow,4607.46,SO-007847,Completed,Sales
FIN-004764,2025-09-03,Customer Receipt,Inflow,18216.81,SO-008605,Completed,Sales
FIN-005829,2025-09-03,Supplier Payment,Outflow,90708.0,PO-00760,Completed,Procurement
FIN-005902,2025-09-03,Supplier Payment,Outflow,150456.0,PO-00954,Completed,Procurement
FIN-000620,2025-09-04,Customer Receipt,Inflow,173698.02,SO-001128,Completed,Sales
FIN-000816,2025-09-04,Customer Receipt,Inflow,24736.6,SO-001473,Completed,Sales
FIN-000874,2025-09-04,Customer Receipt,Inflow,101716.56,SO-001586,Completed,Sales
FIN-000929,2025-09-04,Customer Receipt,Inflow,16817.31,SO-001682,Completed,Sales
FIN-002642,2025-09-04,Customer Receipt,Inflow,29884.56,SO-004822,Completed,Sales
FIN-003100,2025-09-04,Customer Receipt,Inflow,31095.68,SO-005617,Completed,Sales
FIN-003328,2025-09-04,Customer Receipt,Inflow,32201.28,SO-006020,Completed,Sales
FIN-005151,2025-09-04,Customer Receipt,Inflow,64228.7,SO-009307,Completed,Sales
FIN-001129,2025-09-05,Customer Receipt,Inflow,39407.33,SO-002057,Completed,Sales
FIN-002989,2025-09-05,Customer Receipt,Inflow,23040.15,SO-005435,Completed,Sales
FIN-005469,2025-09-05,Customer Receipt,Inflow,12249.14,SO-009871,Completed,Sales
FIN-005543,2025-09-05,Customer Receipt,Inflow,74016.9,SO-009980,Completed,Sales
FIN-005631,2025-09-05,Supplier Payment,Outflow,15429.0,PO-00218,Completed,Procurement
FIN-000766,2025-09-06,Customer Receipt,Inflow,1078.28,SO-001378,Completed,Sales
FIN-000833,2025-09-06,Customer Receipt,Inflow,46628.82,SO-001515,Completed,Sales
FIN-001408,2025-09-06,Customer Receipt,Inflow,14182.32,SO-002586,Completed,Sales
FIN-001538,2025-09-06,Customer Receipt,Inflow,184850.64,SO-002837,Completed,Sales
FIN-002525,2025-09-06,Customer Receipt,Inflow,3862.8,SO-004636,Completed,Sales
FIN-003536,2025-09-06,Customer Receipt,Inflow,7417.12,SO-006420,Completed,Sales
FIN-004677,2025-09-06,Customer Receipt,Inflow,84392.0,SO-008459,Completed,Sales
FIN-005867,2025-09-06,Supplier Payment,Outflow,174891.0,PO-00862,Completed,Procurement
FIN-005868,2025-09-06,Supplier Payment,Outflow,138265.0,PO-00864,Completed,Procurement
FIN-005990,2025-09-06,Operating Expense,Outflow,29921.59,EXP-202509-Transport,Completed,Transport
FIN-000431,2025-09-07,Customer Receipt,Inflow,22420.48,SO-000773,Completed,Sales
FIN-000574,2025-09-07,Customer Receipt,Inflow,139589.76,SO-001037,Completed,Sales
FIN-002272,2025-09-07,Customer Receipt,Inflow,19958.0,SO-004210,Completed,Sales
FIN-002904,2025-09-07,Customer Receipt,Inflow,79732.98,SO-005303,Completed,Sales
FIN-003230,2025-09-07,Customer Receipt,Inflow,140846.25,SO-005860,Completed,Sales
FIN-003585,2025-09-07,Customer Receipt,Inflow,5790.16,SO-006506,Completed,Sales
FIN-003854,2025-09-07,Customer Receipt,Inflow,13292.64,SO-006980,Completed,Sales
FIN-004503,2025-09-07,Customer Receipt,Inflow,63529.83,SO-008142,Completed,Sales
FIN-005013,2025-09-07,Customer Receipt,Inflow,12979.96,SO-009047,Completed,Sales
FIN-000892,2025-09-08,Customer Receipt,Inflow,26463.06,SO-001620,Completed,Sales
FIN-001070,2025-09-08,Customer Receipt,Inflow,69703.92,SO-001941,Completed,Sales
FIN-003487,2025-09-08,Customer Receipt,Inflow,128594.84,SO-006317,Completed,Sales
FIN-004657,2025-09-08,Customer Receipt,Inflow,18898.32,SO-008425,Completed,Sales
FIN-005149,2025-09-08,Customer Receipt,Inflow,38018.79,SO-009305,Completed,Sales
FIN-005894,2025-09-08,Supplier Payment,Outflow,13426.9,PO-00939,Completed,Procurement
FIN-005986,2025-09-08,Operating Expense,Outflow,11024.34,EXP-202509-Utilities,Completed,Utilities
FIN-000068,2025-09-09,Customer Receipt,Inflow,45061.12,SO-000118,Completed,Sales
FIN-000521,2025-09-09,Customer Receipt,Inflow,59811.48,SO-000938,Completed,Sales
FIN-001706,2025-09-09,Customer Receipt,Inflow,39183.1,SO-003172,Completed,Sales
FIN-002506,2025-09-09,Customer Receipt,Inflow,34199.06,SO-004601,Completed,Sales
FIN-002648,2025-09-09,Customer Receipt,Inflow,49072.24,SO-004833,Completed,Sales
FIN-003186,2025-09-09,Customer Receipt,Inflow,62533.78,SO-005768,Completed,Sales
FIN-003288,2025-09-09,Customer Receipt,Inflow,29295.63,SO-005952,Completed,Sales
FIN-005989,2025-09-09,Operating Expense,Outflow,5069.62,EXP-202509-Software,Completed,Software
FIN-000353,2025-09-10,Customer Receipt,Inflow,105135.76,SO-000648,Completed,Sales
FIN-002139,2025-09-10,Customer Receipt,Inflow,8782.78,SO-003981,Completed,Sales
FIN-002829,2025-09-10,Customer Receipt,Inflow,40374.29,SO-005159,Completed,Sales
FIN-003000,2025-09-10,Customer Receipt,Inflow,102874.52,SO-005452,Completed,Sales
FIN-003049,2025-09-10,Customer Receipt,Inflow,17751.51,SO-005529,Completed,Sales
FIN-003330,2025-09-10,Customer Receipt,Inflow,25722.0,SO-006023,Completed,Sales
FIN-004352,2025-09-10,Customer Receipt,Inflow,58452.2,SO-007882,Completed,Sales
FIN-004427,2025-09-10,Customer Receipt,Inflow,3737.18,SO-008015,Completed,Sales
FIN-001095,2025-09-11,Customer Receipt,Inflow,32074.4,SO-001993,Completed,Sales
FIN-003423,2025-09-11,Customer Receipt,Inflow,128816.8,SO-006184,Completed,Sales
FIN-003460,2025-09-11,Customer Receipt,Inflow,6751.36,SO-006266,Completed,Sales
FIN-004089,2025-09-11,Customer Receipt,Inflow,72903.84,SO-007407,Completed,Sales
FIN-005362,2025-09-11,Customer Receipt,Inflow,78939.51,SO-009665,Completed,Sales
FIN-000738,2025-09-12,Customer Receipt,Inflow,33334.44,SO-001330,Completed,Sales
FIN-001422,2025-09-12,Customer Receipt,Inflow,29607.7,SO-002619,Completed,Sales
FIN-002025,2025-09-12,Customer Receipt,Inflow,6233.2,SO-003762,Completed,Sales
FIN-002190,2025-09-12,Customer Receipt,Inflow,4249.08,SO-004079,Completed,Sales
FIN-003208,2025-09-12,Customer Receipt,Inflow,33951.15,SO-005814,Completed,Sales
FIN-003334,2025-09-12,Customer Receipt,Inflow,27962.68,SO-006028,Completed,Sales
FIN-003579,2025-09-12,Customer Receipt,Inflow,120934.32,SO-006497,Completed,Sales
FIN-004071,2025-09-12,Customer Receipt,Inflow,48788.48,SO-007381,Completed,Sales
FIN-004409,2025-09-12,Customer Receipt,Inflow,30011.5,SO-007986,Completed,Sales
FIN-005050,2025-09-12,Customer Receipt,Inflow,32319.48,SO-009121,Completed,Sales
FIN-005987,2025-09-12,Operating Expense,Outflow,127551.63,EXP-202509-Salaries,Completed,Salaries
FIN-005988,2025-09-12,Operating Expense,Outflow,20004.57,EXP-202509-Maintenance,Completed,Maintenance
FIN-000025,2025-09-13,Customer Receipt,Inflow,48058.32,SO-000042,Completed,Sales
FIN-000067,2025-09-13,Customer Receipt,Inflow,37651.62,SO-000115,Completed,Sales
FIN-002316,2025-09-13,Customer Receipt,Inflow,49812.32,SO-004288,Completed,Sales
FIN-004127,2025-09-13,Customer Receipt,Inflow,139143.15,SO-007479,Completed,Sales
FIN-004454,2025-09-13,Customer Receipt,Inflow,57593.9,SO-008053,Completed,Sales
FIN-004533,2025-09-13,Customer Receipt,Inflow,16403.16,SO-008192,Completed,Sales
FIN-005752,2025-09-13,Supplier Payment,Outflow,602832.0,PO-00554,Completed,Procurement
FIN-000565,2025-09-14,Customer Receipt,Inflow,90435.8,SO-001017,Completed,Sales
FIN-001238,2025-09-14,Customer Receipt,Inflow,8158.4,SO-002250,Completed,Sales
FIN-002342,2025-09-14,Customer Receipt,Inflow,13509.84,SO-004329,Completed,Sales
FIN-002682,2025-09-14,Customer Receipt,Inflow,70673.94,SO-004906,Completed,Sales
FIN-003727,2025-09-14,Customer Receipt,Inflow,57507.5,SO-006739,Completed,Sales
FIN-004096,2025-09-14,Customer Receipt,Inflow,3450.02,SO-007417,Completed,Sales
FIN-004444,2025-09-14,Customer Receipt,Inflow,68771.4,SO-008041,Completed,Sales
FIN-005133,2025-09-14,Customer Receipt,Inflow,28776.16,SO-009278,Completed,Sales
FIN-005602,2025-09-14,Supplier Payment,Outflow,131005.0,PO-00138,Completed,Procurement
FIN-000880,2025-09-15,Customer Receipt,Inflow,5181.84,SO-001599,Completed,Sales
FIN-001761,2025-09-15,Customer Receipt,Inflow,178818.35,SO-003266,Completed,Sales
FIN-002565,2025-09-15,Customer Receipt,Inflow,87945.76,SO-004700,Completed,Sales
FIN-003135,2025-09-15,Customer Receipt,Inflow,12351.9,SO-005674,Completed,Sales
FIN-003314,2025-09-15,Customer Receipt,Inflow,142180.25,SO-005997,Completed,Sales
FIN-005684,2025-09-15,Supplier Payment,Outflow,27152.0,PO-00373,Completed,Procurement
FIN-000350,2025-09-16,Customer Receipt,Inflow,9877.98,SO-000638,Completed,Sales
FIN-001303,2025-09-16,Customer Receipt,Inflow,159857.28,SO-002390,Completed,Sales
FIN-001986,2025-09-16,Customer Receipt,Inflow,8944.98,SO-003673,Completed,Sales
FIN-002146,2025-09-16,Customer Receipt,Inflow,26052.1,SO-003996,Completed,Sales
FIN-002195,2025-09-16,Customer Receipt,Inflow,24660.32,SO-004091,Completed,Sales
FIN-002350,2025-09-16,Customer Receipt,Inflow,68845.2,SO-004341,Completed,Sales
FIN-002777,2025-09-16,Customer Receipt,Inflow,16918.44,SO-005073,Completed,Sales
FIN-004206,2025-09-16,Customer Receipt,Inflow,54351.44,SO-007613,Completed,Sales
FIN-004481,2025-09-16,Customer Receipt,Inflow,16322.46,SO-008102,Completed,Sales
FIN-005382,2025-09-16,Customer Receipt,Inflow,68258.26,SO-009695,Completed,Sales
FIN-002583,2025-09-17,Customer Receipt,Inflow,45029.81,SO-004730,Completed,Sales
FIN-003498,2025-09-17,Customer Receipt,Inflow,87363.63,SO-006338,Completed,Sales
FIN-004476,2025-09-17,Customer Receipt,Inflow,27177.36,SO-008091,Completed,Sales
FIN-005790,2025-09-17,Supplier Payment,Outflow,145447.0,PO-00646,Completed,Procurement
FIN-005985,2025-09-17,Operating Expense,Outflow,42648.3,EXP-202509-Rent,Completed,Rent
FIN-000070,2025-09-18,Customer Receipt,Inflow,14470.42,SO-000120,Completed,Sales
FIN-001394,2025-09-18,Customer Receipt,Inflow,43441.38,SO-002558,Completed,Sales
FIN-001591,2025-09-18,Customer Receipt,Inflow,94681.65,SO-002941,Completed,Sales
FIN-001718,2025-09-18,Customer Receipt,Inflow,157836.6,SO-003193,Completed,Sales
FIN-001873,2025-09-18,Customer Receipt,Inflow,18308.56,SO-003473,Completed,Sales
FIN-000020,2025-09-19,Customer Receipt,Inflow,6244.15,SO-000033,Completed,Sales
FIN-000238,2025-09-19,Customer Receipt,Inflow,107077.73,SO-000441,Completed,Sales
FIN-000872,2025-09-19,Customer Receipt,Inflow,110079.93,SO-001584,Completed,Sales
FIN-001010,2025-09-19,Customer Receipt,Inflow,88565.58,SO-001820,Completed,Sales
FIN-002520,2025-09-19,Customer Receipt,Inflow,76200.64,SO-004628,Completed,Sales
FIN-004518,2025-09-19,Customer Receipt,Inflow,5404.5,SO-008170,Completed,Sales
FIN-004872,2025-09-19,Customer Receipt,Inflow,12973.48,SO-008789,Completed,Sales
FIN-005181,2025-09-19,Customer Receipt,Inflow,56130.2,SO-009354,Completed,Sales
FIN-005471,2025-09-19,Customer Receipt,Inflow,86278.92,SO-009874,Completed,Sales
FIN-005588,2025-09-19,Supplier Payment,Outflow,47592.0,PO-00087,Completed,Procurement
FIN-001690,2025-09-20,Customer Receipt,Inflow,41949.16,SO-003135,Completed,Sales
FIN-002404,2025-09-20,Customer Receipt,Inflow,68544.84,SO-004426,Completed,Sales
FIN-004691,2025-09-20,Customer Receipt,Inflow,31993.6,SO-008482,Completed,Sales
FIN-005265,2025-09-20,Customer Receipt,Inflow,102546.19,SO-009511,Completed,Sales
FIN-005278,2025-09-20,Customer Receipt,Inflow,134691.45,SO-009532,Completed,Sales
FIN-001317,2025-09-21,Customer Receipt,Inflow,14475.4,SO-002418,Completed,Sales
FIN-001579,2025-09-21,Customer Receipt,Inflow,57371.0,SO-002915,Completed,Sales
FIN-002020,2025-09-21,Customer Receipt,Inflow,40289.83,SO-003752,Completed,Sales
FIN-002161,2025-09-21,Customer Receipt,Inflow,19059.36,SO-004028,Completed,Sales
FIN-002916,2025-09-21,Customer Receipt,Inflow,79468.22,SO-005323,Completed,Sales
FIN-003261,2025-09-21,Customer Receipt,Inflow,46697.16,SO-005909,Completed,Sales
FIN-003992,2025-09-21,Customer Receipt,Inflow,53796.45,SO-007229,Completed,Sales
FIN-004030,2025-09-21,Customer Receipt,Inflow,59693.76,SO-007303,Completed,Sales
FIN-004269,2025-09-21,Customer Receipt,Inflow,7149.36,SO-007730,Completed,Sales
FIN-004274,2025-09-21,Customer Receipt,Inflow,146013.89,SO-007746,Completed,Sales
FIN-004731,2025-09-21,Customer Receipt,Inflow,58002.1,SO-008543,Completed,Sales
FIN-000448,2025-09-22,Customer Receipt,Inflow,10052.64,SO-000809,Completed,Sales
FIN-001050,2025-09-22,Customer Receipt,Inflow,41991.6,SO-001897,Completed,Sales
FIN-001569,2025-09-22,Customer Receipt,Inflow,14517.12,SO-002899,Completed,Sales
FIN-002191,2025-09-22,Customer Receipt,Inflow,7751.1,SO-004080,Completed,Sales
FIN-002519,2025-09-22,Customer Receipt,Inflow,36996.9,SO-004626,Completed,Sales
FIN-004018,2025-09-22,Customer Receipt,Inflow,78027.84,SO-007282,Completed,Sales
FIN-004468,2025-09-22,Customer Receipt,Inflow,57584.93,SO-008078,Completed,Sales
FIN-004963,2025-09-22,Customer Receipt,Inflow,26512.47,SO-008949,Completed,Sales
FIN-000883,2025-09-23,Customer Receipt,Inflow,49368.67,SO-001610,Completed,Sales
FIN-001381,2025-09-23,Customer Receipt,Inflow,21858.76,SO-002532,Completed,Sales
FIN-001840,2025-09-23,Customer Receipt,Inflow,1302.6,SO-003404,Completed,Sales
FIN-002413,2025-09-23,Customer Receipt,Inflow,34208.37,SO-004444,Completed,Sales
FIN-004121,2025-09-23,Customer Receipt,Inflow,40038.7,SO-007462,Completed,Sales
FIN-004513,2025-09-23,Customer Receipt,Inflow,69143.1,SO-008163,Completed,Sales
FIN-004858,2025-09-23,Customer Receipt,Inflow,121703.4,SO-008773,Completed,Sales
FIN-005451,2025-09-23,Customer Receipt,Inflow,55501.2,SO-009833,Completed,Sales
FIN-002327,2025-09-24,Customer Receipt,Inflow,32392.7,SO-004309,Completed,Sales
FIN-003125,2025-09-24,Customer Receipt,Inflow,62042.86,SO-005656,Completed,Sales
FIN-003271,2025-09-24,Customer Receipt,Inflow,32130.14,SO-005921,Completed,Sales
FIN-004027,2025-09-24,Customer Receipt,Inflow,130761.12,SO-007297,Completed,Sales
FIN-005341,2025-09-24,Customer Receipt,Inflow,56841.84,SO-009630,Completed,Sales
FIN-005792,2025-09-24,Supplier Payment,Outflow,952872.0,PO-00653,Completed,Procurement
FIN-000263,2025-09-25,Customer Receipt,Inflow,24541.7,SO-000493,Completed,Sales
FIN-000974,2025-09-25,Customer Receipt,Inflow,101409.3,SO-001761,Completed,Sales
FIN-001279,2025-09-25,Customer Receipt,Inflow,39233.36,SO-002333,Completed,Sales
FIN-001392,2025-09-25,Customer Receipt,Inflow,33620.13,SO-002555,Completed,Sales
FIN-002367,2025-09-25,Customer Receipt,Inflow,50760.02,SO-004373,Completed,Sales
FIN-005339,2025-09-25,Customer Receipt,Inflow,33070.41,SO-009626,Completed,Sales
FIN-005642,2025-09-25,Supplier Payment,Outflow,29151.2,PO-00238,Completed,Procurement
FIN-005648,2025-09-25,Supplier Payment,Outflow,940490.0,PO-00257,Completed,Procurement
FIN-000365,2025-09-26,Customer Receipt,Inflow,142780.78,SO-000666,Completed,Sales
FIN-004757,2025-09-26,Customer Receipt,Inflow,37655.58,SO-008592,Completed,Sales
FIN-001811,2025-09-27,Customer Receipt,Inflow,109289.43,SO-003345,Completed,Sales
FIN-002548,2025-09-27,Customer Receipt,Inflow,47257.62,SO-004667,Completed,Sales
FIN-003515,2025-09-27,Customer Receipt,Inflow,7673.5,SO-006383,Completed,Sales
FIN-004827,2025-09-27,Customer Receipt,Inflow,56995.77,SO-008720,Completed,Sales
FIN-005875,2025-09-27,Supplier Payment,Outflow,61870.0,PO-00875,Completed,Procurement
FIN-002370,2025-09-28,Customer Receipt,Inflow,13442.4,SO-004377,Completed,Sales
FIN-002861,2025-09-28,Customer Receipt,Inflow,67771.69,SO-005214,Completed,Sales
FIN-003144,2025-09-28,Customer Receipt,Inflow,99925.25,SO-005690,Completed,Sales
FIN-004551,2025-09-28,Customer Receipt,Inflow,60412.22,SO-008236,Completed,Sales
FIN-004758,2025-09-28,Customer Receipt,Inflow,83442.52,SO-008593,Completed,Sales
FIN-004833,2025-09-28,Customer Receipt,Inflow,1632.12,SO-008732,Completed,Sales
FIN-004839,2025-09-28,Customer Receipt,Inflow,52926.12,SO-008742,Completed,Sales
FIN-005901,2025-09-28,Supplier Payment,Outflow,21486.5,PO-00953,Completed,Procurement
FIN-000502,2025-09-29,Customer Receipt,Inflow,114232.2,SO-000907,Completed,Sales
FIN-000962,2025-09-29,Customer Receipt,Inflow,115302.72,SO-001742,Completed,Sales
FIN-002541,2025-09-29,Customer Receipt,Inflow,102411.54,SO-004659,Completed,Sales
FIN-005669,2025-09-29,Supplier Payment,Outflow,19327.0,PO-00318,Completed,Procurement
FIN-000090,2025-09-30,Customer Receipt,Inflow,25881.83,SO-000155,Completed,Sales
FIN-000489,2025-09-30,Customer Receipt,Inflow,16708.16,SO-000888,Completed,Sales
FIN-001327,2025-09-30,Customer Receipt,Inflow,7526.56,SO-002437,Completed,Sales
FIN-001944,2025-09-30,Customer Receipt,Inflow,91191.78,SO-003596,Completed,Sales
FIN-002866,2025-09-30,Customer Receipt,Inflow,2375.91,SO-005225,Completed,Sales
FIN-004401,2025-09-30,Customer Receipt,Inflow,66067.02,SO-007972,Completed,Sales
FIN-004413,2025-09-30,Customer Receipt,Inflow,20974.58,SO-007991,Completed,Sales
FIN-005371,2025-09-30,Customer Receipt,Inflow,37931.4,SO-009677,Completed,Sales
FIN-005597,2025-09-30,Supplier Payment,Outflow,812252.0,PO-00120,Completed,Procurement
FIN-005858,2025-09-30,Supplier Payment,Outflow,232318.0,PO-00834,Completed,Procurement
FIN-000547,2025-10-01,Customer Receipt,Inflow,135166.29,SO-000981,Completed,Sales
FIN-001323,2025-10-01,Customer Receipt,Inflow,2157.0,SO-002426,Completed,Sales
FIN-001436,2025-10-01,Customer Receipt,Inflow,56687.95,SO-002644,Completed,Sales
FIN-001715,2025-10-01,Customer Receipt,Inflow,114619.0,SO-003189,Completed,Sales
FIN-001771,2025-10-01,Customer Receipt,Inflow,138291.72,SO-003279,Completed,Sales
FIN-003126,2025-10-01,Customer Receipt,Inflow,90944.14,SO-005657,Completed,Sales
FIN-003219,2025-10-01,Customer Receipt,Inflow,49062.64,SO-005838,Completed,Sales
FIN-003220,2025-10-01,Customer Receipt,Inflow,67084.16,SO-005839,Completed,Sales
FIN-003704,2025-10-01,Customer Receipt,Inflow,11834.34,SO-006701,Completed,Sales
FIN-004920,2025-10-01,Customer Receipt,Inflow,6005.0,SO-008869,Completed,Sales
FIN-005169,2025-10-01,Customer Receipt,Inflow,82047.56,SO-009339,Completed,Sales
FIN-005803,2025-10-01,Supplier Payment,Outflow,146284.0,PO-00690,Completed,Procurement
FIN-000382,2025-10-02,Customer Receipt,Inflow,45049.57,SO-000690,Completed,Sales
FIN-001617,2025-10-02,Customer Receipt,Inflow,25293.58,SO-002992,Completed,Sales
FIN-003484,2025-10-02,Customer Receipt,Inflow,62016.13,SO-006313,Completed,Sales
FIN-004024,2025-10-02,Customer Receipt,Inflow,147125.1,SO-007293,Completed,Sales
FIN-005054,2025-10-02,Customer Receipt,Inflow,66994.85,SO-009131,Completed,Sales
FIN-005426,2025-10-02,Customer Receipt,Inflow,22696.94,SO-009773,Completed,Sales
FIN-001328,2025-10-03,Customer Receipt,Inflow,5813.13,SO-002438,Completed,Sales
FIN-002210,2025-10-03,Customer Receipt,Inflow,67257.96,SO-004112,Completed,Sales
FIN-003597,2025-10-03,Customer Receipt,Inflow,118475.91,SO-006524,Completed,Sales
FIN-004828,2025-10-03,Customer Receipt,Inflow,19506.96,SO-008722,Completed,Sales
FIN-005346,2025-10-03,Customer Receipt,Inflow,13875.3,SO-009640,Completed,Sales
FIN-005739,2025-10-03,Supplier Payment,Outflow,742110.0,PO-00522,Completed,Procurement
FIN-001185,2025-10-04,Customer Receipt,Inflow,48602.24,SO-002156,Completed,Sales
FIN-003390,2025-10-04,Customer Receipt,Inflow,87853.78,SO-006127,Completed,Sales
FIN-004142,2025-10-04,Customer Receipt,Inflow,56985.9,SO-007509,Completed,Sales
FIN-004808,2025-10-04,Customer Receipt,Inflow,60512.7,SO-008689,Completed,Sales
FIN-005706,2025-10-04,Supplier Payment,Outflow,121796.0,PO-00428,Completed,Procurement
FIN-005735,2025-10-04,Supplier Payment,Outflow,42165.2,PO-00507,Completed,Procurement
FIN-000478,2025-10-05,Customer Receipt,Inflow,131988.96,SO-000868,Completed,Sales
FIN-000783,2025-10-05,Customer Receipt,Inflow,60343.83,SO-001413,Completed,Sales
FIN-001027,2025-10-05,Customer Receipt,Inflow,53007.0,SO-001850,Completed,Sales
FIN-001533,2025-10-05,Customer Receipt,Inflow,75940.8,SO-002830,Completed,Sales
FIN-001857,2025-10-05,Customer Receipt,Inflow,72707.11,SO-003442,Completed,Sales
FIN-002047,2025-10-05,Customer Receipt,Inflow,31095.68,SO-003808,Completed,Sales
FIN-003500,2025-10-05,Customer Receipt,Inflow,23840.72,SO-006342,Completed,Sales
FIN-004137,2025-10-05,Customer Receipt,Inflow,15786.2,SO-007493,Completed,Sales
FIN-004541,2025-10-05,Customer Receipt,Inflow,26391.15,SO-008209,Completed,Sales
FIN-005991,2025-10-05,Operating Expense,Outflow,37192.37,EXP-202510-Rent,Completed,Rent
FIN-005995,2025-10-05,Operating Expense,Outflow,9779.86,EXP-202510-Software,Completed,Software
FIN-000147,2025-10-06,Customer Receipt,Inflow,14831.72,SO-000263,Completed,Sales
FIN-001098,2025-10-06,Customer Receipt,Inflow,44287.1,SO-002001,Completed,Sales
FIN-002134,2025-10-06,Customer Receipt,Inflow,17095.77,SO-003974,Completed,Sales
FIN-002906,2025-10-06,Customer Receipt,Inflow,99488.52,SO-005308,Completed,Sales
FIN-004442,2025-10-06,Customer Receipt,Inflow,102973.5,SO-008038,Completed,Sales
FIN-005030,2025-10-06,Customer Receipt,Inflow,63309.32,SO-009084,Completed,Sales
FIN-005740,2025-10-06,Supplier Payment,Outflow,133509.5,PO-00524,Completed,Procurement
FIN-000597,2025-10-07,Customer Receipt,Inflow,58149.91,SO-001078,Completed,Sales
FIN-002532,2025-10-07,Customer Receipt,Inflow,103714.92,SO-004646,Completed,Sales
FIN-002761,2025-10-07,Customer Receipt,Inflow,80424.63,SO-005053,Completed,Sales
FIN-003386,2025-10-07,Customer Receipt,Inflow,15370.92,SO-006119,Completed,Sales
FIN-004656,2025-10-07,Customer Receipt,Inflow,1713.95,SO-008423,Completed,Sales
FIN-005224,2025-10-07,Customer Receipt,Inflow,85804.74,SO-009440,Completed,Sales
FIN-005505,2025-10-07,Customer Receipt,Inflow,175926.77,SO-009922,Completed,Sales
FIN-000902,2025-10-08,Customer Receipt,Inflow,14412.84,SO-001639,Completed,Sales
FIN-000987,2025-10-08,Customer Receipt,Inflow,17723.4,SO-001781,Completed,Sales
FIN-001499,2025-10-08,Customer Receipt,Inflow,19895.28,SO-002754,Completed,Sales
FIN-002540,2025-10-08,Customer Receipt,Inflow,21607.8,SO-004656,Completed,Sales
FIN-003067,2025-10-08,Customer Receipt,Inflow,84162.65,SO-005564,Completed,Sales
FIN-003464,2025-10-08,Customer Receipt,Inflow,10134.15,SO-006274,Completed,Sales
FIN-004286,2025-10-08,Customer Receipt,Inflow,100435.33,SO-007767,Completed,Sales
FIN-005176,2025-10-08,Customer Receipt,Inflow,84119.04,SO-009347,Completed,Sales
FIN-005239,2025-10-08,Customer Receipt,Inflow,28811.04,SO-009462,Completed,Sales
FIN-005994,2025-10-08,Operating Expense,Outflow,22181.95,EXP-202510-Maintenance,Completed,Maintenance
FIN-001159,2025-10-09,Customer Receipt,Inflow,43520.26,SO-002104,Completed,Sales
FIN-002688,2025-10-09,Customer Receipt,Inflow,168357.54,SO-004919,Completed,Sales
FIN-003011,2025-10-09,Customer Receipt,Inflow,72164.4,SO-005471,Completed,Sales
FIN-003076,2025-10-09,Customer Receipt,Inflow,27897.0,SO-005578,Completed,Sales
FIN-004952,2025-10-09,Customer Receipt,Inflow,32663.52,SO-008933,Completed,Sales
FIN-005500,2025-10-09,Customer Receipt,Inflow,136548.72,SO-009915,Completed,Sales
FIN-000027,2025-10-10,Customer Receipt,Inflow,36996.9,SO-000049,Completed,Sales
FIN-000052,2025-10-10,Customer Receipt,Inflow,51014.88,SO-000084,Completed,Sales
FIN-001126,2025-10-10,Customer Receipt,Inflow,24301.28,SO-002054,Completed,Sales
FIN-001355,2025-10-10,Customer Receipt,Inflow,174045.56,SO-002484,Completed,Sales
FIN-001954,2025-10-10,Customer Receipt,Inflow,80372.24,SO-003614,Completed,Sales
FIN-002005,2025-10-10,Customer Receipt,Inflow,83843.68,SO-003720,Completed,Sales
FIN-005403,2025-10-10,Customer Receipt,Inflow,68034.0,SO-009736,Completed,Sales
FIN-005694,2025-10-10,Supplier Payment,Outflow,927282.0,PO-00400,Completed,Procurement
FIN-000262,2025-10-11,Customer Receipt,Inflow,153513.62,SO-000490,Completed,Sales
FIN-001223,2025-10-11,Customer Receipt,Inflow,65254.5,SO-002221,Completed,Sales
FIN-002012,2025-10-11,Customer Receipt,Inflow,59988.0,SO-003737,Completed,Sales
FIN-002518,2025-10-11,Customer Receipt,Inflow,57622.08,SO-004623,Completed,Sales
FIN-002555,2025-10-11,Customer Receipt,Inflow,66747.4,SO-004679,Completed,Sales
FIN-002654,2025-10-11,Customer Receipt,Inflow,48830.25,SO-004839,Completed,Sales
FIN-002759,2025-10-11,Customer Receipt,Inflow,22348.29,SO-005050,Completed,Sales
FIN-002870,2025-10-11,Customer Receipt,Inflow,80503.2,SO-005233,Completed,Sales
FIN-003355,2025-10-11,Customer Receipt,Inflow,68416.74,SO-006060,Completed,Sales
FIN-004695,2025-10-11,Customer Receipt,Inflow,60412.22,SO-008488,Completed,Sales
FIN-005393,2025-10-11,Customer Receipt,Inflow,154119.05,SO-009717,Completed,Sales
FIN-005421,2025-10-11,Customer Receipt,Inflow,96202.4,SO-009762,Completed,Sales
FIN-000298,2025-10-12,Customer Receipt,Inflow,11206.71,SO-000554,Completed,Sales
FIN-000439,2025-10-12,Customer Receipt,Inflow,2133.3,SO-000792,Completed,Sales
FIN-001218,2025-10-12,Customer Receipt,Inflow,82832.26,SO-002212,Completed,Sales
FIN-001488,2025-10-12,Customer Receipt,Inflow,18503.52,SO-002729,Completed,Sales
FIN-001730,2025-10-12,Customer Receipt,Inflow,16036.52,SO-003217,Completed,Sales
FIN-003178,2025-10-12,Customer Receipt,Inflow,39736.44,SO-005756,Completed,Sales
FIN-004210,2025-10-12,Customer Receipt,Inflow,64227.36,SO-007620,Completed,Sales
FIN-004278,2025-10-12,Customer Receipt,Inflow,48500.5,SO-007752,Completed,Sales
FIN-004411,2025-10-12,Customer Receipt,Inflow,126267.6,SO-007989,Completed,Sales
FIN-004823,2025-10-12,Customer Receipt,Inflow,90067.41,SO-008714,Completed,Sales
FIN-001209,2025-10-13,Customer Receipt,Inflow,155639.52,SO-002200,Completed,Sales
FIN-001562,2025-10-13,Customer Receipt,Inflow,116901.54,SO-002884,Completed,Sales
FIN-001759,2025-10-13,Customer Receipt,Inflow,27685.46,SO-003261,Completed,Sales
FIN-001807,2025-10-13,Customer Receipt,Inflow,37872.66,SO-003341,Completed,Sales
FIN-002864,2025-10-13,Customer Receipt,Inflow,13874.13,SO-005223,Completed,Sales
FIN-004889,2025-10-13,Customer Receipt,Inflow,99016.12,SO-008818,Completed,Sales
FIN-004911,2025-10-13,Customer Receipt,Inflow,117591.68,SO-008856,Completed,Sales
FIN-005037,2025-10-13,Customer Receipt,Inflow,75090.57,SO-009096,Completed,Sales
FIN-005159,2025-10-13,Customer Receipt,Inflow,18624.16,SO-009326,Completed,Sales
FIN-005553,2025-10-13,Customer Receipt,Inflow,65576.6,SO-009993,Completed,Sales
FIN-002739,2025-10-14,Customer Receipt,Inflow,1887.2,SO-005013,Completed,Sales
FIN-003097,2025-10-14,Customer Receipt,Inflow,10761.76,SO-005613,Completed,Sales
FIN-003642,2025-10-14,Customer Receipt,Inflow,28293.98,SO-006606,Completed,Sales
FIN-004583,2025-10-14,Customer Receipt,Inflow,141406.2,SO-008301,Completed,Sales
FIN-004740,2025-10-14,Customer Receipt,Inflow,14656.74,SO-008562,Completed,Sales
FIN-004905,2025-10-14,Customer Receipt,Inflow,131153.28,SO-008847,Completed,Sales
FIN-005276,2025-10-14,Customer Receipt,Inflow,185149.2,SO-009528,Completed,Sales
FIN-005355,2025-10-14,Customer Receipt,Inflow,43526.56,SO-009652,Completed,Sales
FIN-000638,2025-10-15,Customer Receipt,Inflow,697.63,SO-001162,Completed,Sales
FIN-000792,2025-10-15,Customer Receipt,Inflow,142051.05,SO-001432,Completed,Sales
FIN-002355,2025-10-15,Customer Receipt,Inflow,131238.47,SO-004346,Completed,Sales
FIN-002606,2025-10-15,Customer Receipt,Inflow,32406.56,SO-004764,Completed,Sales
FIN-003889,2025-10-15,Customer Receipt,Inflow,40842.13,SO-007049,Completed,Sales
FIN-004393,2025-10-15,Customer Receipt,Inflow,43938.96,SO-007947,Completed,Sales
FIN-004977,2025-10-15,Customer Receipt,Inflow,91990.91,SO-008977,Completed,Sales
FIN-005147,2025-10-15,Customer Receipt,Inflow,58524.6,SO-009298,Completed,Sales
FIN-005558,2025-10-15,Supplier Payment,Outflow,328383.0,PO-00007,Completed,Procurement
FIN-000603,2025-10-16,Customer Receipt,Inflow,7877.12,SO-001086,Completed,Sales
FIN-000755,2025-10-16,Customer Receipt,Inflow,47422.62,SO-001361,Completed,Sales
FIN-001465,2025-10-16,Customer Receipt,Inflow,64948.07,SO-002690,Completed,Sales
FIN-002797,2025-10-16,Customer Receipt,Inflow,20947.04,SO-005103,Completed,Sales
FIN-003062,2025-10-16,Customer Receipt,Inflow,26795.76,SO-005558,Completed,Sales
FIN-003065,2025-10-16,Customer Receipt,Inflow,144636.3,SO-005562,Completed,Sales
FIN-003266,2025-10-16,Customer Receipt,Inflow,70711.68,SO-005914,Completed,Sales
FIN-004231,2025-10-16,Customer Receipt,Inflow,9374.82,SO-007660,Completed,Sales
FIN-005144,2025-10-16,Customer Receipt,Inflow,7910.28,SO-009293,Completed,Sales
FIN-000210,2025-10-17,Customer Receipt,Inflow,18678.4,SO-000390,Completed,Sales
FIN-000471,2025-10-17,Customer Receipt,Inflow,37536.12,SO-000857,Completed,Sales
FIN-001046,2025-10-17,Customer Receipt,Inflow,342.7,SO-001891,Completed,Sales
FIN-001979,2025-10-17,Customer Receipt,Inflow,44179.75,SO-003663,Completed,Sales
FIN-002003,2025-10-17,Customer Receipt,Inflow,163198.2,SO-003717,Completed,Sales
FIN-004192,2025-10-17,Customer Receipt,Inflow,57484.96,SO-007591,Completed,Sales
FIN-005005,2025-10-17,Customer Receipt,Inflow,53286.96,SO-009034,Completed,Sales
FIN-000415,2025-10-18,Customer Receipt,Inflow,7415.86,SO-000745,Completed,Sales
FIN-001652,2025-10-18,Customer Receipt,Inflow,34278.36,SO-003068,Completed,Sales
FIN-001832,2025-10-18,Customer Receipt,Inflow,24803.52,SO-003386,Completed,Sales
FIN-002702,2025-10-18,Customer Receipt,Inflow,108714.04,SO-004943,Completed,Sales
FIN-003278,2025-10-18,Customer Receipt,Inflow,160274.4,SO-005932,Completed,Sales
FIN-003938,2025-10-18,Customer Receipt,Inflow,4728.43,SO-007136,Completed,Sales
FIN-004346,2025-10-18,Customer Receipt,Inflow,42546.51,SO-007875,Completed,Sales
FIN-004560,2025-10-18,Customer Receipt,Inflow,13671.33,SO-008253,Completed,Sales
FIN-005286,2025-10-18,Customer Receipt,Inflow,157836.5,SO-009547,Completed,Sales
FIN-005334,2025-10-18,Customer Receipt,Inflow,14698.96,SO-009621,Completed,Sales
FIN-000814,2025-10-19,Customer Receipt,Inflow,129727.0,SO-001469,Completed,Sales
FIN-003171,2025-10-19,Customer Receipt,Inflow,35163.25,SO-005740,Completed,Sales
FIN-003908,2025-10-19,Customer Receipt,Inflow,67149.74,SO-007085,Completed,Sales
FIN-003919,2025-10-19,Customer Receipt,Inflow,29598.36,SO-007109,Completed,Sales
FIN-004029,2025-10-19,Customer Receipt,Inflow,101339.16,SO-007302,Completed,Sales
FIN-004235,2025-10-19,Customer Receipt,Inflow,10341.98,SO-007669,Completed,Sales
FIN-004619,2025-10-19,Customer Receipt,Inflow,15863.76,SO-008363,Completed,Sales
FIN-005437,2025-10-19,Customer Receipt,Inflow,67440.72,SO-009807,Completed,Sales
FIN-005621,2025-10-19,Supplier Payment,Outflow,698300.0,PO-00191,Completed,Procurement
FIN-005993,2025-10-19,Operating Expense,Outflow,144794.02,EXP-202510-Salaries,Completed,Salaries
FIN-000107,2025-10-20,Customer Receipt,Inflow,157348.84,SO-000189,Completed,Sales
FIN-000469,2025-10-20,Customer Receipt,Inflow,52165.52,SO-000852,Completed,Sales
FIN-002418,2025-10-20,Customer Receipt,Inflow,139028.22,SO-004453,Completed,Sales
FIN-002845,2025-10-20,Customer Receipt,Inflow,21624.14,SO-005186,Completed,Sales
FIN-002954,2025-10-20,Customer Receipt,Inflow,46509.62,SO-005378,Completed,Sales
FIN-003719,2025-10-20,Customer Receipt,Inflow,159029.59,SO-006726,Completed,Sales
FIN-004554,2025-10-20,Customer Receipt,Inflow,127219.56,SO-008244,Completed,Sales
FIN-004615,2025-10-20,Customer Receipt,Inflow,32580.05,SO-008357,Completed,Sales
FIN-005080,2025-10-20,Customer Receipt,Inflow,20648.92,SO-009180,Completed,Sales
FIN-005099,2025-10-20,Customer Receipt,Inflow,83948.81,SO-009210,Completed,Sales
FIN-005996,2025-10-20,Operating Expense,Outflow,38735.81,EXP-202510-Transport,Completed,Transport
FIN-000029,2025-10-21,Customer Receipt,Inflow,122319.34,SO-000051,Completed,Sales
FIN-000260,2025-10-21,Customer Receipt,Inflow,44076.11,SO-000487,Completed,Sales
FIN-001644,2025-10-21,Customer Receipt,Inflow,15311.6,SO-003053,Completed,Sales
FIN-002306,2025-10-21,Customer Receipt,Inflow,93858.88,SO-004268,Completed,Sales
FIN-002527,2025-10-21,Customer Receipt,Inflow,103044.16,SO-004638,Completed,Sales
FIN-002942,2025-10-21,Customer Receipt,Inflow,2328.02,SO-005363,Completed,Sales
FIN-003010,2025-10-21,Customer Receipt,Inflow,140999.67,SO-005470,Completed,Sales
FIN-003748,2025-10-21,Customer Receipt,Inflow,96739.07,SO-006773,Completed,Sales
FIN-003789,2025-10-21,Customer Receipt,Inflow,154150.37,SO-006848,Completed,Sales
FIN-004502,2025-10-21,Customer Receipt,Inflow,21897.5,SO-008140,Completed,Sales
FIN-005097,2025-10-21,Customer Receipt,Inflow,52906.92,SO-009207,Completed,Sales
FIN-005691,2025-10-21,Supplier Payment,Outflow,87826.0,PO-00397,Completed,Procurement
FIN-005992,2025-10-21,Operating Expense,Outflow,15222.2,EXP-202510-Utilities,Completed,Utilities
FIN-000548,2025-10-22,Customer Receipt,Inflow,3377.45,SO-000983,Completed,Sales
FIN-000619,2025-10-22,Customer Receipt,Inflow,1520.96,SO-001127,Completed,Sales
FIN-002517,2025-10-22,Customer Receipt,Inflow,51303.32,SO-004621,Completed,Sales
FIN-002919,2025-10-22,Customer Receipt,Inflow,83265.84,SO-005327,Completed,Sales
FIN-003362,2025-10-22,Customer Receipt,Inflow,116608.7,SO-006079,Completed,Sales
FIN-004003,2025-10-22,Customer Receipt,Inflow,65244.08,SO-007253,Completed,Sales
FIN-000703,2025-10-23,Customer Receipt,Inflow,105323.68,SO-001279,Completed,Sales
FIN-001471,2025-10-23,Customer Receipt,Inflow,2094.82,SO-002701,Completed,Sales
FIN-001685,2025-10-23,Customer Receipt,Inflow,7751.64,SO-003125,Completed,Sales
FIN-001694,2025-10-23,Customer Receipt,Inflow,100995.07,SO-003141,Completed,Sales
FIN-002305,2025-10-23,Customer Receipt,Inflow,79339.94,SO-004267,Completed,Sales
FIN-002934,2025-10-23,Customer Receipt,Inflow,73791.0,SO-005348,Completed,Sales
FIN-003162,2025-10-23,Customer Receipt,Inflow,57823.78,SO-005722,Completed,Sales
FIN-003277,2025-10-23,Customer Receipt,Inflow,26953.04,SO-005931,Completed,Sales
FIN-003870,2025-10-23,Customer Receipt,Inflow,45940.07,SO-007011,Completed,Sales
FIN-004459,2025-10-23,Customer Receipt,Inflow,67323.9,SO-008062,Completed,Sales
FIN-004991,2025-10-23,Customer Receipt,Inflow,134765.2,SO-009005,Completed,Sales
FIN-005190,2025-10-23,Customer Receipt,Inflow,15437.83,SO-009371,Completed,Sales
FIN-005612,2025-10-23,Supplier Payment,Outflow,31428.4,PO-00169,Completed,Procurement
FIN-005674,2025-10-23,Supplier Payment,Outflow,762538.0,PO-00327,Completed,Procurement
FIN-001853,2025-10-24,Customer Receipt,Inflow,5362.58,SO-003435,Completed,Sales
FIN-002270,2025-10-24,Customer Receipt,Inflow,40950.24,SO-004208,Completed,Sales
FIN-002879,2025-10-24,Customer Receipt,Inflow,133948.64,SO-005251,Completed,Sales
FIN-003785,2025-10-24,Customer Receipt,Inflow,197051.66,SO-006840,Completed,Sales
FIN-005266,2025-10-24,Customer Receipt,Inflow,32033.96,SO-009512,Completed,Sales
FIN-000192,2025-10-25,Customer Receipt,Inflow,175522.43,SO-000362,Completed,Sales
FIN-000346,2025-10-25,Customer Receipt,Inflow,76794.76,SO-000633,Completed,Sales
FIN-001447,2025-10-25,Customer Receipt,Inflow,9289.8,SO-002663,Completed,Sales
FIN-002652,2025-10-25,Customer Receipt,Inflow,18768.06,SO-004837,Completed,Sales
FIN-004697,2025-10-25,Customer Receipt,Inflow,25682.8,SO-008495,Completed,Sales
FIN-004859,2025-10-25,Customer Receipt,Inflow,6549.54,SO-008774,Completed,Sales
FIN-005311,2025-10-25,Customer Receipt,Inflow,32580.05,SO-009583,Completed,Sales
FIN-005749,2025-10-25,Supplier Payment,Outflow,136498.0,PO-00548,Completed,Procurement
FIN-000461,2025-10-26,Customer Receipt,Inflow,15639.41,SO-000837,Completed,Sales
FIN-001123,2025-10-26,Customer Receipt,Inflow,63645.48,SO-002050,Completed,Sales
FIN-001247,2025-10-26,Customer Receipt,Inflow,59723.79,SO-002268,Completed,Sales
FIN-002031,2025-10-26,Customer Receipt,Inflow,82569.28,SO-003776,Completed,Sales
FIN-002132,2025-10-26,Customer Receipt,Inflow,74629.6,SO-003971,Completed,Sales
FIN-002871,2025-10-26,Customer Receipt,Inflow,50044.7,SO-005239,Completed,Sales
FIN-003167,2025-10-26,Customer Receipt,Inflow,3715.92,SO-005730,Completed,Sales
FIN-000082,2025-10-27,Customer Receipt,Inflow,53646.52,SO-000140,Completed,Sales
FIN-000403,2025-10-27,Customer Receipt,Inflow,64176.06,SO-000731,Completed,Sales
FIN-000491,2025-10-27,Customer Receipt,Inflow,112908.32,SO-000890,Completed,Sales
FIN-000756,2025-10-27,Customer Receipt,Inflow,69586.08,SO-001362,Completed,Sales
FIN-002667,2025-10-27,Customer Receipt,Inflow,158142.25,SO-004871,Completed,Sales
FIN-002888,2025-10-27,Customer Receipt,Inflow,13729.21,SO-005273,Completed,Sales
FIN-002978,2025-10-27,Customer Receipt,Inflow,44066.0,SO-005420,Completed,Sales
FIN-003413,2025-10-27,Customer Receipt,Inflow,63089.28,SO-006167,Completed,Sales
FIN-003684,2025-10-27,Customer Receipt,Inflow,54680.6,SO-006670,Completed,Sales
FIN-004348,2025-10-27,Customer Receipt,Inflow,10700.48,SO-007877,Completed,Sales
FIN-004658,2025-10-27,Customer Receipt,Inflow,47549.32,SO-008427,Completed,Sales
FIN-004834,2025-10-27,Customer Receipt,Inflow,41979.15,SO-008734,Completed,Sales
FIN-004903,2025-10-27,Customer Receipt,Inflow,105557.22,SO-008843,Completed,Sales
FIN-001437,2025-10-28,Customer Receipt,Inflow,79689.6,SO-002645,Completed,Sales
FIN-002304,2025-10-28,Customer Receipt,Inflow,16126.5,SO-004266,Completed,Sales
FIN-002752,2025-10-28,Customer Receipt,Inflow,99485.53,SO-005039,Completed,Sales
FIN-002905,2025-10-28,Customer Receipt,Inflow,14312.37,SO-005306,Completed,Sales
FIN-004342,2025-10-28,Customer Receipt,Inflow,124536.36,SO-007871,Completed,Sales
FIN-004555,2025-10-28,Customer Receipt,Inflow,30094.46,SO-008246,Completed,Sales
FIN-005330,2025-10-28,Customer Receipt,Inflow,137619.25,SO-009617,Completed,Sales
FIN-000616,2025-10-29,Customer Receipt,Inflow,153926.78,SO-001124,Completed,Sales
FIN-001045,2025-10-29,Customer Receipt,Inflow,5968.26,SO-001889,Completed,Sales
FIN-001175,2025-10-29,Customer Receipt,Inflow,28364.6,SO-002134,Completed,Sales
FIN-001775,2025-10-29,Customer Receipt,Inflow,117686.06,SO-003285,Completed,Sales
FIN-004023,2025-10-29,Customer Receipt,Inflow,5550.12,SO-007291,Completed,Sales
FIN-004357,2025-10-29,Customer Receipt,Inflow,2845.24,SO-007890,Completed,Sales
FIN-005643,2025-10-29,Supplier Payment,Outflow,124216.0,PO-00241,Completed,Procurement
FIN-001275,2025-10-30,Customer Receipt,Inflow,21789.12,SO-002326,Completed,Sales
FIN-001663,2025-10-30,Customer Receipt,Inflow,27311.48,SO-003084,Completed,Sales
FIN-001786,2025-10-30,Customer Receipt,Inflow,60971.96,SO-003306,Completed,Sales
FIN-002631,2025-10-30,Customer Receipt,Inflow,186452.64,SO-004800,Completed,Sales
FIN-003435,2025-10-30,Customer Receipt,Inflow,119416.5,SO-006221,Completed,Sales
FIN-003655,2025-10-30,Customer Receipt,Inflow,14140.62,SO-006625,Completed,Sales
FIN-004894,2025-10-30,Customer Receipt,Inflow,48208.3,SO-008826,Completed,Sales
FIN-005206,2025-10-30,Customer Receipt,Inflow,18553.92,SO-009398,Completed,Sales
FIN-005359,2025-10-30,Customer Receipt,Inflow,50128.21,SO-009660,Completed,Sales
FIN-005664,2025-10-30,Supplier Payment,Outflow,189577.0,PO-00295,Completed,Procurement
FIN-000205,2025-10-31,Customer Receipt,Inflow,77105.16,SO-000380,Completed,Sales
FIN-000790,2025-10-31,Customer Receipt,Inflow,12243.79,SO-001425,Completed,Sales
FIN-001246,2025-10-31,Customer Receipt,Inflow,49233.53,SO-002267,Completed,Sales
FIN-002571,2025-10-31,Customer Receipt,Inflow,189415.2,SO-004713,Completed,Sales
FIN-002653,2025-10-31,Customer Receipt,Inflow,24304.92,SO-004838,Completed,Sales
FIN-002893,2025-10-31,Customer Receipt,Inflow,102824.25,SO-005289,Completed,Sales
FIN-002987,2025-10-31,Customer Receipt,Inflow,188278.0,SO-005433,Completed,Sales
FIN-003146,2025-10-31,Customer Receipt,Inflow,59292.5,SO-005695,Completed,Sales
FIN-004216,2025-10-31,Customer Receipt,Inflow,53591.52,SO-007630,Completed,Sales
FIN-004311,2025-10-31,Customer Receipt,Inflow,17099.18,SO-007807,Completed,Sales
FIN-005768,2025-10-31,Supplier Payment,Outflow,65578.8,PO-00589,Completed,Procurement
FIN-000475,2025-11-01,Customer Receipt,Inflow,2582.52,SO-000861,Completed,Sales
FIN-001018,2025-11-01,Customer Receipt,Inflow,5011.7,SO-001836,Completed,Sales
FIN-001914,2025-11-01,Customer Receipt,Inflow,35831.46,SO-003549,Completed,Sales
FIN-001961,2025-11-01,Customer Receipt,Inflow,33489.48,SO-003628,Completed,Sales
FIN-002249,2025-11-01,Customer Receipt,Inflow,15433.1,SO-004170,Completed,Sales
FIN-003170,2025-11-01,Customer Receipt,Inflow,130267.5,SO-005739,Completed,Sales
FIN-003216,2025-11-01,Customer Receipt,Inflow,44165.76,SO-005832,Completed,Sales
FIN-003590,2025-11-01,Customer Receipt,Inflow,41373.07,SO-006513,Completed,Sales
FIN-004001,2025-11-01,Customer Receipt,Inflow,198520.2,SO-007248,Completed,Sales
FIN-004194,2025-11-01,Customer Receipt,Inflow,96866.34,SO-007595,Completed,Sales
FIN-005480,2025-11-01,Customer Receipt,Inflow,114553.8,SO-009885,Completed,Sales
FIN-005722,2025-11-01,Supplier Payment,Outflow,15765.6,PO-00473,Completed,Procurement
FIN-005887,2025-11-01,Supplier Payment,Outflow,333796.0,PO-00919,Completed,Procurement
FIN-005918,2025-11-01,Supplier Payment,Outflow,790732.0,PO-01000,Completed,Procurement
FIN-002023,2025-11-02,Customer Receipt,Inflow,34127.88,SO-003759,Completed,Sales
FIN-002894,2025-11-02,Customer Receipt,Inflow,63962.47,SO-005290,Completed,Sales
FIN-003127,2025-11-02,Customer Receipt,Inflow,8609.59,SO-005659,Completed,Sales
FIN-003236,2025-11-02,Customer Receipt,Inflow,92587.11,SO-005869,Completed,Sales
FIN-003936,2025-11-02,Customer Receipt,Inflow,119945.88,SO-007134,Completed,Sales
FIN-005997,2025-11-02,Operating Expense,Outflow,44238.21,EXP-202511-Rent,Completed,Rent
FIN-000225,2025-11-03,Customer Receipt,Inflow,88563.42,SO-000415,Completed,Sales
FIN-000505,2025-11-03,Customer Receipt,Inflow,63133.8,SO-000911,Completed,Sales
FIN-000895,2025-11-03,Customer Receipt,Inflow,76794.76,SO-001630,Completed,Sales
FIN-001139,2025-11-03,Customer Receipt,Inflow,41201.85,SO-002070,Completed,Sales
FIN-001563,2025-11-03,Customer Receipt,Inflow,88538.0,SO-002887,Completed,Sales
FIN-001817,2025-11-03,Customer Receipt,Inflow,6082.5,SO-003355,Completed,Sales
FIN-001845,2025-11-03,Customer Receipt,Inflow,98269.2,SO-003412,Completed,Sales
FIN-001964,2025-11-03,Customer Receipt,Inflow,200393.44,SO-003633,Completed,Sales
FIN-002192,2025-11-03,Customer Receipt,Inflow,4751.85,SO-004083,Completed,Sales
FIN-004488,2025-11-03,Customer Receipt,Inflow,2839.21,SO-008111,Completed,Sales
FIN-000018,2025-11-04,Customer Receipt,Inflow,16608.64,SO-000030,Completed,Sales
FIN-000254,2025-11-04,Customer Receipt,Inflow,75154.4,SO-000475,Completed,Sales
FIN-000343,2025-11-04,Customer Receipt,Inflow,170085.0,SO-000630,Completed,Sales
FIN-001470,2025-11-04,Customer Receipt,Inflow,23509.86,SO-002699,Completed,Sales
FIN-004110,2025-11-04,Customer Receipt,Inflow,132861.25,SO-007443,Completed,Sales
FIN-004370,2025-11-04,Customer Receipt,Inflow,5425.56,SO-007910,Completed,Sales
FIN-004737,2025-11-04,Customer Receipt,Inflow,82190.24,SO-008557,Completed,Sales
FIN-000118,2025-11-05,Customer Receipt,Inflow,73625.0,SO-000215,Completed,Sales
FIN-000387,2025-11-05,Customer Receipt,Inflow,47575.52,SO-000697,Completed,Sales
FIN-001124,2025-11-05,Customer Receipt,Inflow,133219.24,SO-002051,Completed,Sales
FIN-004218,2025-11-05,Customer Receipt,Inflow,15557.64,SO-007634,Completed,Sales
FIN-005595,2025-11-05,Supplier Payment,Outflow,586572.0,PO-00113,Completed,Procurement
FIN-002115,2025-11-06,Customer Receipt,Inflow,51199.2,SO-003934,Completed,Sales
FIN-002329,2025-11-06,Customer Receipt,Inflow,208292.85,SO-004311,Completed,Sales
FIN-002822,2025-11-06,Customer Receipt,Inflow,153955.1,SO-005144,Completed,Sales
FIN-003399,2025-11-06,Customer Receipt,Inflow,39345.96,SO-006144,Completed,Sales
FIN-003751,2025-11-06,Customer Receipt,Inflow,28860.72,SO-006777,Completed,Sales
FIN-004600,2025-11-06,Customer Receipt,Inflow,58281.6,SO-008330,Completed,Sales
FIN-005170,2025-11-06,Customer Receipt,Inflow,74432.12,SO-009340,Completed,Sales
FIN-006001,2025-11-06,Operating Expense,Outflow,8753.33,EXP-202511-Software,Completed,Software
FIN-000080,2025-11-07,Customer Receipt,Inflow,47506.56,SO-000134,Completed,Sales
FIN-000358,2025-11-07,Customer Receipt,Inflow,153513.62,SO-000658,Completed,Sales
FIN-000395,2025-11-07,Customer Receipt,Inflow,1072.4,SO-000716,Completed,Sales
FIN-000952,2025-11-07,Customer Receipt,Inflow,6872.95,SO-001725,Completed,Sales
FIN-001400,2025-11-07,Customer Receipt,Inflow,199437.06,SO-002572,Completed,Sales
FIN-001432,2025-11-07,Customer Receipt,Inflow,70245.01,SO-002636,Completed,Sales
FIN-002384,2025-11-07,Customer Receipt,Inflow,133582.12,SO-004395,Completed,Sales
FIN-002673,2025-11-07,Customer Receipt,Inflow,14304.44,SO-004885,Completed,Sales
FIN-002740,2025-11-07,Customer Receipt,Inflow,39810.16,SO-005014,Completed,Sales
FIN-003786,2025-11-07,Customer Receipt,Inflow,4757.83,SO-006841,Completed,Sales
FIN-000995,2025-11-08,Customer Receipt,Inflow,12241.0,SO-001792,Completed,Sales
FIN-001997,2025-11-08,Customer Receipt,Inflow,22900.0,SO-003706,Completed,Sales
FIN-002226,2025-11-08,Customer Receipt,Inflow,10039.96,SO-004137,Completed,Sales
FIN-002920,2025-11-08,Customer Receipt,Inflow,58670.04,SO-005328,Completed,Sales
FIN-004066,2025-11-08,Customer Receipt,Inflow,14143.44,SO-007369,Completed,Sales
FIN-004907,2025-11-08,Customer Receipt,Inflow,110992.66,SO-008852,Completed,Sales
FIN-005062,2025-11-08,Customer Receipt,Inflow,66558.06,SO-009143,Completed,Sales
FIN-005078,2025-11-08,Customer Receipt,Inflow,170119.22,SO-009173,Completed,Sales
FIN-005325,2025-11-08,Customer Receipt,Inflow,109484.42,SO-009612,Completed,Sales
FIN-005354,2025-11-08,Customer Receipt,Inflow,105368.75,SO-009651,Completed,Sales
FIN-000073,2025-11-09,Customer Receipt,Inflow,132509.41,SO-000124,Completed,Sales
FIN-000938,2025-11-09,Customer Receipt,Inflow,96221.3,SO-001695,Completed,Sales
FIN-002567,2025-11-09,Customer Receipt,Inflow,1361.82,SO-004702,Completed,Sales
FIN-002656,2025-11-09,Customer Receipt,Inflow,8412.4,SO-004841,Completed,Sales
FIN-004622,2025-11-09,Customer Receipt,Inflow,46697.2,SO-008372,Completed,Sales
FIN-004634,2025-11-09,Customer Receipt,Inflow,82388.55,SO-008391,Completed,Sales
FIN-004748,2025-11-09,Customer Receipt,Inflow,91809.56,SO-008575,Completed,Sales
FIN-004796,2025-11-09,Customer Receipt,Inflow,1344.24,SO-008674,Completed,Sales
FIN-005247,2025-11-09,Customer Receipt,Inflow,196141.8,SO-009473,Completed,Sales
FIN-005677,2025-11-09,Supplier Payment,Outflow,317029.0,PO-00337,Completed,Procurement
FIN-000083,2025-11-10,Customer Receipt,Inflow,9308.08,SO-000141,Completed,Sales
FIN-000085,2025-11-10,Customer Receipt,Inflow,163313.8,SO-000146,Completed,Sales
FIN-000693,2025-11-10,Customer Receipt,Inflow,43404.48,SO-001261,Completed,Sales
FIN-001053,2025-11-10,Customer Receipt,Inflow,1113.1,SO-001907,Completed,Sales
FIN-001434,2025-11-10,Customer Receipt,Inflow,10237.56,SO-002639,Completed,Sales
FIN-001758,2025-11-10,Customer Receipt,Inflow,6124.64,SO-003260,Completed,Sales
FIN-002220,2025-11-10,Customer Receipt,Inflow,47506.56,SO-004127,Completed,Sales
FIN-002482,2025-11-10,Customer Receipt,Inflow,13184.28,SO-004560,Completed,Sales
FIN-003231,2025-11-10,Customer Receipt,Inflow,89123.71,SO-005861,Completed,Sales
FIN-003366,2025-11-10,Customer Receipt,Inflow,132112.62,SO-006086,Completed,Sales
FIN-003379,2025-11-10,Customer Receipt,Inflow,23509.86,SO-006111,Completed,Sales
FIN-004594,2025-11-10,Customer Receipt,Inflow,77105.16,SO-008321,Completed,Sales
FIN-004712,2025-11-10,Customer Receipt,Inflow,50581.7,SO-008516,Completed,Sales
FIN-005755,2025-11-10,Supplier Payment,Outflow,309982.0,PO-00560,Completed,Procurement
FIN-005999,2025-11-10,Operating Expense,Outflow,137047.88,EXP-202511-Salaries,Completed,Salaries
FIN-000826,2025-11-11,Customer Receipt,Inflow,69366.96,SO-001499,Completed,Sales
FIN-001683,2025-11-11,Customer Receipt,Inflow,29185.0,SO-003120,Completed,Sales
FIN-001874,2025-11-11,Customer Receipt,Inflow,108963.84,SO-003479,Completed,Sales
FIN-002630,2025-11-11,Customer Receipt,Inflow,33093.6,SO-004799,Completed,Sales
FIN-003166,2025-11-11,Customer Receipt,Inflow,161757.2,SO-005726,Completed,Sales
FIN-004038,2025-11-11,Customer Receipt,Inflow,15439.82,SO-007320,Completed,Sales
FIN-004307,2025-11-11,Customer Receipt,Inflow,87888.06,SO-007802,Completed,Sales
FIN-005021,2025-11-11,Customer Receipt,Inflow,25269.48,SO-009060,Completed,Sales
FIN-005082,2025-11-11,Customer Receipt,Inflow,106394.11,SO-009183,Completed,Sales
FIN-000719,2025-11-12,Customer Receipt,Inflow,104233.64,SO-001303,Completed,Sales
FIN-001140,2025-11-12,Customer Receipt,Inflow,12165.0,SO-002071,Completed,Sales
FIN-001871,2025-11-12,Customer Receipt,Inflow,118535.8,SO-003471,Completed,Sales
FIN-002062,2025-11-12,Customer Receipt,Inflow,148591.3,SO-003833,Completed,Sales
FIN-002457,2025-11-12,Customer Receipt,Inflow,15826.17,SO-004520,Completed,Sales
FIN-003176,2025-11-12,Customer Receipt,Inflow,100612.48,SO-005754,Completed,Sales
FIN-003485,2025-11-12,Customer Receipt,Inflow,199057.6,SO-006315,Completed,Sales
FIN-004399,2025-11-12,Customer Receipt,Inflow,69770.87,SO-007966,Completed,Sales
FIN-005899,2025-11-12,Supplier Payment,Outflow,5957.0,PO-00947,Completed,Procurement
FIN-002733,2025-11-13,Customer Receipt,Inflow,66558.06,SO-005003,Completed,Sales
FIN-002922,2025-11-13,Customer Receipt,Inflow,63312.22,SO-005330,Completed,Sales
FIN-003827,2025-11-13,Customer Receipt,Inflow,73355.3,SO-006925,Completed,Sales
FIN-004680,2025-11-13,Customer Receipt,Inflow,6525.26,SO-008464,Completed,Sales
FIN-005998,2025-11-13,Operating Expense,Outflow,18062.59,EXP-202511-Utilities,Completed,Utilities
FIN-000190,2025-11-14,Customer Receipt,Inflow,78192.12,SO-000356,Completed,Sales
FIN-001567,2025-11-14,Customer Receipt,Inflow,22329.8,SO-002894,Completed,Sales
FIN-002614,2025-11-14,Customer Receipt,Inflow,88152.22,SO-004776,Completed,Sales
FIN-003576,2025-11-14,Customer Receipt,Inflow,180727.68,SO-006493,Completed,Sales
FIN-003940,2025-11-14,Customer Receipt,Inflow,12939.4,SO-007138,Completed,Sales
FIN-005507,2025-11-14,Customer Receipt,Inflow,228162.9,SO-009924,Completed,Sales
FIN-005839,2025-11-14,Supplier Payment,Outflow,38356.9,PO-00783,Completed,Procurement
FIN-000600,2025-11-15,Customer Receipt,Inflow,112940.6,SO-001082,Completed,Sales
FIN-001744,2025-11-15,Customer Receipt,Inflow,54717.2,SO-003235,Completed,Sales
FIN-001950,2025-11-15,Customer Receipt,Inflow,11097.12,SO-003604,Completed,Sales
FIN-004416,2025-11-15,Customer Receipt,Inflow,128757.2,SO-007998,Completed,Sales
FIN-004959,2025-11-15,Customer Receipt,Inflow,89477.82,SO-008942,Completed,Sales
FIN-006002,2025-11-15,Operating Expense,Outflow,32135.81,EXP-202511-Transport,Completed,Transport
FIN-000012,2025-11-16,Customer Receipt,Inflow,13454.85,SO-000020,Completed,Sales
FIN-001060,2025-11-16,Customer Receipt,Inflow,25577.75,SO-001916,Completed,Sales
FIN-001329,2025-11-16,Customer Receipt,Inflow,6365.32,SO-002439,Completed,Sales
FIN-002185,2025-11-16,Customer Receipt,Inflow,24911.6,SO-004068,Completed,Sales
FIN-002683,2025-11-16,Customer Receipt,Inflow,82390.0,SO-004907,Completed,Sales
FIN-002980,2025-11-16,Customer Receipt,Inflow,24350.95,SO-005423,Completed,Sales
FIN-002988,2025-11-16,Customer Receipt,Inflow,62353.33,SO-005434,Completed,Sales
FIN-003090,2025-11-16,Customer Receipt,Inflow,85198.92,SO-005603,Completed,Sales
FIN-003922,2025-11-16,Customer Receipt,Inflow,58945.86,SO-007113,Completed,Sales
FIN-004123,2025-11-16,Customer Receipt,Inflow,2488.88,SO-007466,Completed,Sales
FIN-004901,2025-11-16,Customer Receipt,Inflow,57441.96,SO-008841,Completed,Sales
FIN-005044,2025-11-16,Customer Receipt,Inflow,3715.92,SO-009108,Completed,Sales
FIN-005590,2025-11-16,Supplier Payment,Outflow,58391.4,PO-00101,Completed,Procurement
FIN-006000,2025-11-16,Operating Expense,Outflow,9106.28,EXP-202511-Maintenance,Completed,Maintenance
FIN-000159,2025-11-17,Customer Receipt,Inflow,38778.08,SO-000283,Completed,Sales
FIN-000686,2025-11-17,Customer Receipt,Inflow,84840.0,SO-001249,Completed,Sales
FIN-001116,2025-11-17,Customer Receipt,Inflow,31843.55,SO-002041,Completed,Sales
FIN-001643,2025-11-17,Customer Receipt,Inflow,161143.02,SO-003051,Completed,Sales
FIN-001894,2025-11-17,Customer Receipt,Inflow,67914.54,SO-003506,Completed,Sales
FIN-002913,2025-11-17,Customer Receipt,Inflow,48870.81,SO-005318,Completed,Sales
FIN-003145,2025-11-17,Customer Receipt,Inflow,23774.66,SO-005694,Completed,Sales
FIN-003767,2025-11-17,Customer Receipt,Inflow,41487.12,SO-006807,Completed,Sales
FIN-004351,2025-11-17,Customer Receipt,Inflow,24800.16,SO-007880,Completed,Sales
FIN-004429,2025-11-17,Customer Receipt,Inflow,74388.6,SO-008018,Completed,Sales
FIN-005377,2025-11-17,Customer Receipt,Inflow,4113.48,SO-009687,Completed,Sales
FIN-001772,2025-11-18,Customer Receipt,Inflow,69794.9,SO-003280,Completed,Sales
FIN-001965,2025-11-18,Customer Receipt,Inflow,31848.04,SO-003634,Completed,Sales
FIN-003813,2025-11-18,Customer Receipt,Inflow,74212.96,SO-006899,Completed,Sales
FIN-003949,2025-11-18,Customer Receipt,Inflow,121273.1,SO-007152,Completed,Sales
FIN-005158,2025-11-18,Customer Receipt,Inflow,376.68,SO-009320,Completed,Sales
FIN-000014,2025-11-19,Customer Receipt,Inflow,59562.08,SO-000025,Completed,Sales
FIN-000155,2025-11-19,Customer Receipt,Inflow,30022.47,SO-000275,Completed,Sales
FIN-000245,2025-11-19,Customer Receipt,Inflow,4158.4,SO-000457,Completed,Sales
FIN-000596,2025-11-19,Customer Receipt,Inflow,32229.8,SO-001077,Completed,Sales
FIN-001219,2025-11-19,Customer Receipt,Inflow,68988.38,SO-002214,Completed,Sales
FIN-002186,2025-11-19,Customer Receipt,Inflow,17723.4,SO-004069,Completed,Sales
FIN-002600,2025-11-19,Customer Receipt,Inflow,80225.5,SO-004756,Completed,Sales
FIN-003194,2025-11-19,Customer Receipt,Inflow,52261.68,SO-005782,Completed,Sales
FIN-003531,2025-11-19,Customer Receipt,Inflow,103534.76,SO-006414,Completed,Sales
FIN-004272,2025-11-19,Customer Receipt,Inflow,129014.5,SO-007741,Completed,Sales
FIN-004627,2025-11-19,Customer Receipt,Inflow,10523.6,SO-008381,Completed,Sales
FIN-000416,2025-11-20,Customer Receipt,Inflow,61275.91,SO-000751,Completed,Sales
FIN-000473,2025-11-20,Customer Receipt,Inflow,8896.92,SO-000859,Completed,Sales
FIN-001225,2025-11-20,Customer Receipt,Inflow,153938.98,SO-002225,Completed,Sales
FIN-001334,2025-11-20,Customer Receipt,Inflow,23338.36,SO-002446,Completed,Sales
FIN-003341,2025-11-20,Customer Receipt,Inflow,38215.1,SO-006041,Completed,Sales
FIN-003890,2025-11-20,Customer Receipt,Inflow,49330.82,SO-007050,Completed,Sales
FIN-000417,2025-11-21,Customer Receipt,Inflow,41744.79,SO-000752,Completed,Sales
FIN-000449,2025-11-21,Customer Receipt,Inflow,71075.64,SO-000810,Completed,Sales
FIN-000830,2025-11-21,Customer Receipt,Inflow,66601.44,SO-001510,Completed,Sales
FIN-001311,2025-11-21,Customer Receipt,Inflow,35924.4,SO-002407,Completed,Sales
FIN-003056,2025-11-21,Customer Receipt,Inflow,60525.36,SO-005540,Completed,Sales
FIN-003332,2025-11-21,Customer Receipt,Inflow,177467.1,SO-006026,Completed,Sales
FIN-004543,2025-11-21,Customer Receipt,Inflow,149059.44,SO-008213,Completed,Sales
FIN-004574,2025-11-21,Customer Receipt,Inflow,14749.36,SO-008278,Completed,Sales
FIN-005134,2025-11-21,Customer Receipt,Inflow,127181.72,SO-009279,Completed,Sales
FIN-001731,2025-11-22,Customer Receipt,Inflow,42420.0,SO-003218,Completed,Sales
FIN-003222,2025-11-22,Customer Receipt,Inflow,204028.16,SO-005844,Completed,Sales
FIN-004083,2025-11-22,Customer Receipt,Inflow,1344.24,SO-007397,Completed,Sales
FIN-004538,2025-11-22,Customer Receipt,Inflow,53522.8,SO-008202,Completed,Sales
FIN-000425,2025-11-23,Customer Receipt,Inflow,10725.16,SO-000762,Completed,Sales
FIN-001269,2025-11-23,Customer Receipt,Inflow,2566.48,SO-002310,Completed,Sales
FIN-002533,2025-11-23,Customer Receipt,Inflow,120037.89,SO-004648,Completed,Sales
FIN-003701,2025-11-23,Customer Receipt,Inflow,197132.1,SO-006697,Completed,Sales
FIN-005709,2025-11-23,Supplier Payment,Outflow,548986.0,PO-00436,Completed,Procurement
FIN-000016,2025-11-24,Customer Receipt,Inflow,22022.35,SO-000028,Completed,Sales
FIN-000669,2025-11-24,Customer Receipt,Inflow,21945.84,SO-001214,Completed,Sales
FIN-000939,2025-11-24,Customer Receipt,Inflow,65718.36,SO-001696,Completed,Sales
FIN-001813,2025-11-24,Customer Receipt,Inflow,90068.16,SO-003350,Completed,Sales
FIN-002137,2025-11-24,Customer Receipt,Inflow,80255.6,SO-003978,Completed,Sales
FIN-003569,2025-11-24,Customer Receipt,Inflow,13672.72,SO-006481,Completed,Sales
FIN-004319,2025-11-24,Customer Receipt,Inflow,68247.9,SO-007824,Completed,Sales
FIN-004838,2025-11-24,Customer Receipt,Inflow,24337.89,SO-008741,Completed,Sales
FIN-000109,2025-11-25,Customer Receipt,Inflow,128805.2,SO-000192,Completed,Sales
FIN-000217,2025-11-25,Customer Receipt,Inflow,35312.34,SO-000402,Completed,Sales
FIN-000340,2025-11-25,Customer Receipt,Inflow,68685.39,SO-000626,Completed,Sales
FIN-001646,2025-11-25,Customer Receipt,Inflow,46353.9,SO-003055,Completed,Sales
FIN-001831,2025-11-25,Customer Receipt,Inflow,130398.5,SO-003385,Completed,Sales
FIN-002021,2025-11-25,Customer Receipt,Inflow,88753.43,SO-003755,Completed,Sales
FIN-003795,2025-11-25,Customer Receipt,Inflow,31616.01,SO-006857,Completed,Sales
FIN-004262,2025-11-25,Customer Receipt,Inflow,77260.93,SO-007721,Completed,Sales
FIN-004462,2025-11-25,Customer Receipt,Inflow,218350.2,SO-008066,Completed,Sales
FIN-005862,2025-11-25,Supplier Payment,Outflow,13137.8,PO-00853,Completed,Procurement
FIN-001593,2025-11-26,Customer Receipt,Inflow,63155.81,SO-002943,Completed,Sales
FIN-001680,2025-11-26,Customer Receipt,Inflow,80883.11,SO-003117,Completed,Sales
FIN-003165,2025-11-26,Customer Receipt,Inflow,92973.15,SO-005725,Completed,Sales
FIN-003198,2025-11-26,Customer Receipt,Inflow,98362.0,SO-005793,Completed,Sales
FIN-003405,2025-11-26,Customer Receipt,Inflow,7279.9,SO-006155,Completed,Sales
FIN-004039,2025-11-26,Customer Receipt,Inflow,3882.6,SO-007321,Completed,Sales
FIN-004124,2025-11-26,Customer Receipt,Inflow,54720.9,SO-007468,Completed,Sales
FIN-005560,2025-11-26,Supplier Payment,Outflow,492324.0,PO-00022,Completed,Procurement
FIN-000829,2025-11-27,Customer Receipt,Inflow,35198.08,SO-001508,Completed,Sales
FIN-001486,2025-11-27,Customer Receipt,Inflow,29521.14,SO-002727,Completed,Sales
FIN-001581,2025-11-27,Customer Receipt,Inflow,42435.48,SO-002919,Completed,Sales
FIN-001866,2025-11-27,Customer Receipt,Inflow,91250.56,SO-003458,Completed,Sales
FIN-002258,2025-11-27,Customer Receipt,Inflow,111326.32,SO-004180,Completed,Sales
FIN-002792,2025-11-27,Customer Receipt,Inflow,48263.22,SO-005095,Completed,Sales
FIN-003021,2025-11-27,Customer Receipt,Inflow,21111.71,SO-005485,Completed,Sales
FIN-004654,2025-11-27,Customer Receipt,Inflow,27745.35,SO-008421,Completed,Sales
FIN-004805,2025-11-27,Customer Receipt,Inflow,147550.76,SO-008685,Completed,Sales
FIN-005463,2025-11-27,Customer Receipt,Inflow,96116.6,SO-009862,Completed,Sales
FIN-000276,2025-11-28,Customer Receipt,Inflow,3651.02,SO-000514,Completed,Sales
FIN-000388,2025-11-28,Customer Receipt,Inflow,91265.16,SO-000698,Completed,Sales
FIN-000927,2025-11-28,Customer Receipt,Inflow,9138.58,SO-001678,Completed,Sales
FIN-001844,2025-11-28,Customer Receipt,Inflow,90616.68,SO-003410,Completed,Sales
FIN-001872,2025-11-28,Customer Receipt,Inflow,116546.39,SO-003472,Completed,Sales
FIN-002090,2025-11-28,Customer Receipt,Inflow,82511.96,SO-003884,Completed,Sales
FIN-003347,2025-11-28,Customer Receipt,Inflow,30111.37,SO-006048,Completed,Sales
FIN-005261,2025-11-28,Customer Receipt,Inflow,8663.64,SO-009503,Completed,Sales
FIN-000106,2025-11-29,Customer Receipt,Inflow,13745.9,SO-000187,Completed,Sales
FIN-001406,2025-11-29,Customer Receipt,Inflow,64930.24,SO-002582,Completed,Sales
FIN-001711,2025-11-29,Customer Receipt,Inflow,136671.2,SO-003179,Completed,Sales
FIN-004493,2025-11-29,Customer Receipt,Inflow,13671.33,SO-008123,Completed,Sales
FIN-005650,2025-11-29,Supplier Payment,Outflow,498560.0,PO-00264,Completed,Procurement
FIN-000229,2025-11-30,Customer Receipt,Inflow,97467.76,SO-000420,Completed,Sales
FIN-001975,2025-11-30,Customer Receipt,Inflow,15143.6,SO-003656,Completed,Sales
FIN-002135,2025-11-30,Customer Receipt,Inflow,20651.35,SO-003975,Completed,Sales
FIN-003316,2025-11-30,Customer Receipt,Inflow,5647.03,SO-005999,Completed,Sales
FIN-003566,2025-11-30,Customer Receipt,Inflow,4394.4,SO-006478,Completed,Sales
FIN-003741,2025-11-30,Customer Receipt,Inflow,35966.4,SO-006764,Completed,Sales
FIN-005305,2025-11-30,Customer Receipt,Inflow,150808.9,SO-009574,Completed,Sales
FIN-005508,2025-11-30,Customer Receipt,Inflow,52778.61,SO-009925,Completed,Sales
FIN-000452,2025-12-01,Customer Receipt,Inflow,119515.22,SO-000825,Completed,Sales
FIN-001189,2025-12-01,Customer Receipt,Inflow,18602.0,SO-002163,Completed,Sales
FIN-001968,2025-12-01,Customer Receipt,Inflow,68644.2,SO-003642,Completed,Sales
FIN-002068,2025-12-01,Customer Receipt,Inflow,2854.44,SO-003843,Completed,Sales
FIN-002461,2025-12-01,Customer Receipt,Inflow,170018.3,SO-004525,Completed,Sales
FIN-003073,2025-12-01,Customer Receipt,Inflow,118478.88,SO-005574,Completed,Sales
FIN-005715,2025-12-01,Supplier Payment,Outflow,19399.6,PO-00454,Completed,Procurement
FIN-000096,2025-12-02,Customer Receipt,Inflow,4700.8,SO-000166,Completed,Sales
FIN-000249,2025-12-02,Customer Receipt,Inflow,125325.5,SO-000464,Completed,Sales
FIN-000579,2025-12-02,Customer Receipt,Inflow,122794.76,SO-001045,Completed,Sales
FIN-001032,2025-12-02,Customer Receipt,Inflow,19626.36,SO-001863,Completed,Sales
FIN-002303,2025-12-02,Customer Receipt,Inflow,175738.42,SO-004265,Completed,Sales
FIN-002925,2025-12-02,Customer Receipt,Inflow,2838.5,SO-005334,Completed,Sales
FIN-005156,2025-12-02,Customer Receipt,Inflow,46733.21,SO-009316,Completed,Sales
FIN-005649,2025-12-02,Supplier Payment,Outflow,182062.0,PO-00262,Completed,Procurement
FIN-000697,2025-12-03,Customer Receipt,Inflow,166868.5,SO-001269,Completed,Sales
FIN-001571,2025-12-03,Customer Receipt,Inflow,79717.12,SO-002901,Completed,Sales
FIN-001606,2025-12-03,Customer Receipt,Inflow,16114.9,SO-002968,Completed,Sales
FIN-001983,2025-12-03,Customer Receipt,Inflow,18773.04,SO-003670,Completed,Sales
FIN-002266,2025-12-03,Customer Receipt,Inflow,105321.32,SO-004197,Completed,Sales
FIN-003054,2025-12-03,Customer Receipt,Inflow,6532.59,SO-005538,Completed,Sales
FIN-003377,2025-12-03,Customer Receipt,Inflow,31091.7,SO-006108,Completed,Sales
FIN-003659,2025-12-03,Customer Receipt,Inflow,63342.23,SO-006631,Completed,Sales
FIN-004087,2025-12-03,Customer Receipt,Inflow,69268.42,SO-007404,Completed,Sales
FIN-004854,2025-12-03,Customer Receipt,Inflow,21933.8,SO-008766,Completed,Sales
FIN-005509,2025-12-03,Customer Receipt,Inflow,23256.68,SO-009926,Completed,Sales
FIN-005654,2025-12-03,Supplier Payment,Outflow,41734.0,PO-00273,Completed,Procurement
FIN-001220,2025-12-04,Customer Receipt,Inflow,37208.71,SO-002216,Completed,Sales
FIN-001485,2025-12-04,Customer Receipt,Inflow,6021.61,SO-002724,Completed,Sales
FIN-001589,2025-12-04,Customer Receipt,Inflow,149059.44,SO-002936,Completed,Sales
FIN-001970,2025-12-04,Customer Receipt,Inflow,35496.13,SO-003645,Completed,Sales
FIN-002351,2025-12-04,Customer Receipt,Inflow,28422.55,SO-004342,Completed,Sales
FIN-003101,2025-12-04,Customer Receipt,Inflow,123044.88,SO-005618,Completed,Sales
FIN-003256,2025-12-04,Customer Receipt,Inflow,180260.08,SO-005904,Completed,Sales
FIN-003383,2025-12-04,Customer Receipt,Inflow,210979.5,SO-006115,Completed,Sales
FIN-003883,2025-12-04,Customer Receipt,Inflow,53292.15,SO-007034,Completed,Sales
FIN-004153,2025-12-04,Customer Receipt,Inflow,17473.54,SO-007529,Completed,Sales
FIN-004746,2025-12-04,Customer Receipt,Inflow,70433.36,SO-008572,Completed,Sales
FIN-005196,2025-12-04,Customer Receipt,Inflow,189770.7,SO-009382,Completed,Sales
FIN-006008,2025-12-04,Operating Expense,Outflow,42661.12,EXP-202512-Transport,Completed,Transport
FIN-003519,2025-12-05,Customer Receipt,Inflow,24076.68,SO-006392,Completed,Sales
FIN-003570,2025-12-05,Customer Receipt,Inflow,162697.48,SO-006482,Completed,Sales
FIN-004419,2025-12-05,Customer Receipt,Inflow,5764.8,SO-008003,Completed,Sales
FIN-004811,2025-12-05,Customer Receipt,Inflow,57872.65,SO-008695,Completed,Sales
FIN-005594,2025-12-05,Supplier Payment,Outflow,196268.0,PO-00112,Completed,Procurement
FIN-000141,2025-12-06,Customer Receipt,Inflow,64813.12,SO-000251,Completed,Sales
FIN-000650,2025-12-06,Customer Receipt,Inflow,160707.0,SO-001183,Completed,Sales
FIN-003596,2025-12-06,Customer Receipt,Inflow,13047.9,SO-006523,Completed,Sales
FIN-003740,2025-12-06,Customer Receipt,Inflow,198793.55,SO-006762,Completed,Sales
FIN-003982,2025-12-06,Customer Receipt,Inflow,53052.37,SO-007211,Completed,Sales
FIN-004316,2025-12-06,Customer Receipt,Inflow,109395.0,SO-007819,Completed,Sales
FIN-004361,2025-12-06,Customer Receipt,Inflow,91408.24,SO-007895,Completed,Sales
FIN-000087,2025-12-07,Customer Receipt,Inflow,66668.9,SO-000150,Completed,Sales
FIN-000301,2025-12-07,Customer Receipt,Inflow,71632.56,SO-000560,Completed,Sales
FIN-000306,2025-12-07,Customer Receipt,Inflow,91224.14,SO-000571,Completed,Sales
FIN-001632,2025-12-07,Customer Receipt,Inflow,60290.46,SO-003021,Completed,Sales
FIN-002588,2025-12-07,Customer Receipt,Inflow,88091.01,SO-004740,Completed,Sales
FIN-003143,2025-12-07,Customer Receipt,Inflow,92978.86,SO-005688,Completed,Sales
FIN-003391,2025-12-07,Customer Receipt,Inflow,1506.72,SO-006128,Completed,Sales
FIN-003575,2025-12-07,Customer Receipt,Inflow,171766.13,SO-006491,Completed,Sales
FIN-003666,2025-12-07,Customer Receipt,Inflow,14786.59,SO-006642,Completed,Sales
FIN-005877,2025-12-07,Supplier Payment,Outflow,198795.0,PO-00897,Completed,Procurement
FIN-006003,2025-12-07,Operating Expense,Outflow,57626.61,EXP-202512-Rent,Completed,Rent
FIN-000269,2025-12-08,Customer Receipt,Inflow,73545.08,SO-000503,Completed,Sales
FIN-000573,2025-12-08,Customer Receipt,Inflow,19243.84,SO-001034,Completed,Sales
FIN-000951,2025-12-08,Customer Receipt,Inflow,80537.96,SO-001722,Completed,Sales
FIN-001733,2025-12-08,Customer Receipt,Inflow,60439.25,SO-003220,Completed,Sales
FIN-003300,2025-12-08,Customer Receipt,Inflow,51007.04,SO-005972,Completed,Sales
FIN-004041,2025-12-08,Customer Receipt,Inflow,180843.84,SO-007323,Completed,Sales
FIN-004256,2025-12-08,Customer Receipt,Inflow,121262.56,SO-007704,Completed,Sales
FIN-000049,2025-12-09,Customer Receipt,Inflow,54359.62,SO-000079,Completed,Sales
FIN-001008,2025-12-09,Customer Receipt,Inflow,15986.1,SO-001818,Completed,Sales
FIN-001498,2025-12-09,Customer Receipt,Inflow,20925.2,SO-002751,Completed,Sales
FIN-003243,2025-12-09,Customer Receipt,Inflow,30055.31,SO-005885,Completed,Sales
FIN-003678,2025-12-09,Customer Receipt,Inflow,127265.58,SO-006659,Completed,Sales
FIN-004053,2025-12-09,Customer Receipt,Inflow,19874.47,SO-007347,Completed,Sales
FIN-004412,2025-12-09,Customer Receipt,Inflow,41717.26,SO-007990,Completed,Sales
FIN-005369,2025-12-09,Customer Receipt,Inflow,21333.0,SO-009674,Completed,Sales
FIN-005539,2025-12-09,Customer Receipt,Inflow,26561.4,SO-009972,Completed,Sales
FIN-000442,2025-12-10,Customer Receipt,Inflow,43332.67,SO-000795,Completed,Sales
FIN-000537,2025-12-10,Customer Receipt,Inflow,75221.41,SO-000963,Completed,Sales
FIN-000630,2025-12-10,Customer Receipt,Inflow,123512.55,SO-001146,Completed,Sales
FIN-000965,2025-12-10,Customer Receipt,Inflow,76955.94,SO-001746,Completed,Sales
FIN-002698,2025-12-10,Customer Receipt,Inflow,7231.64,SO-004937,Completed,Sales
FIN-003221,2025-12-10,Customer Receipt,Inflow,136673.52,SO-005840,Completed,Sales
FIN-003299,2025-12-10,Customer Receipt,Inflow,38518.97,SO-005971,Completed,Sales
FIN-003339,2025-12-10,Customer Receipt,Inflow,52509.6,SO-006036,Completed,Sales
FIN-003503,2025-12-10,Customer Receipt,Inflow,16233.69,SO-006349,Completed,Sales
FIN-005332,2025-12-10,Customer Receipt,Inflow,39196.26,SO-009619,Completed,Sales
FIN-005338,2025-12-10,Customer Receipt,Inflow,16181.2,SO-009625,Completed,Sales
FIN-000436,2025-12-11,Customer Receipt,Inflow,3744.33,SO-000784,Completed,Sales
FIN-000532,2025-12-11,Customer Receipt,Inflow,62013.12,SO-000956,Completed,Sales
FIN-000629,2025-12-11,Customer Receipt,Inflow,74402.3,SO-001145,Completed,Sales
FIN-000760,2025-12-11,Customer Receipt,Inflow,39354.3,SO-001366,Completed,Sales
FIN-001369,2025-12-11,Customer Receipt,Inflow,133341.0,SO-002510,Completed,Sales
FIN-004044,2025-12-11,Customer Receipt,Inflow,10441.58,SO-007335,Completed,Sales
FIN-004362,2025-12-11,Customer Receipt,Inflow,10379.4,SO-007898,Completed,Sales
FIN-004966,2025-12-11,Customer Receipt,Inflow,92879.5,SO-008957,Completed,Sales
FIN-005275,2025-12-11,Customer Receipt,Inflow,118442.52,SO-009527,Completed,Sales
FIN-005366,2025-12-11,Customer Receipt,Inflow,192559.92,SO-009670,Completed,Sales
FIN-006004,2025-12-11,Operating Expense,Outflow,8953.79,EXP-202512-Utilities,Completed,Utilities
FIN-001412,2025-12-12,Customer Receipt,Inflow,159714.03,SO-002593,Completed,Sales
FIN-002378,2025-12-12,Customer Receipt,Inflow,77306.72,SO-004386,Completed,Sales
FIN-002977,2025-12-12,Customer Receipt,Inflow,149206.5,SO-005419,Completed,Sales
FIN-003109,2025-12-12,Customer Receipt,Inflow,62619.48,SO-005630,Completed,Sales
FIN-003345,2025-12-12,Customer Receipt,Inflow,6341.04,SO-006046,Completed,Sales
FIN-004510,2025-12-12,Customer Receipt,Inflow,31006.56,SO-008160,Completed,Sales
FIN-005830,2025-12-12,Supplier Payment,Outflow,320301.0,PO-00761,Completed,Procurement
FIN-000437,2025-12-13,Customer Receipt,Inflow,26152.24,SO-000789,Completed,Sales
FIN-000769,2025-12-13,Customer Receipt,Inflow,170256.0,SO-001384,Completed,Sales
FIN-001164,2025-12-13,Customer Receipt,Inflow,98854.56,SO-002115,Completed,Sales
FIN-001604,2025-12-13,Customer Receipt,Inflow,19136.92,SO-002964,Completed,Sales
FIN-001620,2025-12-13,Customer Receipt,Inflow,6545.95,SO-002996,Completed,Sales
FIN-001664,2025-12-13,Customer Receipt,Inflow,44517.9,SO-003085,Completed,Sales
FIN-002042,2025-12-13,Customer Receipt,Inflow,9704.55,SO-003794,Completed,Sales
FIN-003951,2025-12-13,Customer Receipt,Inflow,8845.98,SO-007154,Completed,Sales
FIN-005364,2025-12-13,Customer Receipt,Inflow,77190.3,SO-009668,Completed,Sales
FIN-000715,2025-12-14,Customer Receipt,Inflow,122043.48,SO-001296,Completed,Sales
FIN-001923,2025-12-14,Customer Receipt,Inflow,202675.46,SO-003568,Completed,Sales
FIN-002415,2025-12-14,Customer Receipt,Inflow,61407.05,SO-004449,Completed,Sales
FIN-002672,2025-12-14,Customer Receipt,Inflow,156286.51,SO-004884,Completed,Sales
FIN-002878,2025-12-14,Customer Receipt,Inflow,15642.1,SO-005250,Completed,Sales
FIN-003426,2025-12-14,Customer Receipt,Inflow,62222.0,SO-006199,Completed,Sales
FIN-005374,2025-12-14,Customer Receipt,Inflow,50286.05,SO-009680,Completed,Sales
FIN-000930,2025-12-15,Customer Receipt,Inflow,108560.88,SO-001684,Completed,Sales
FIN-005808,2025-12-15,Supplier Payment,Outflow,174061.0,PO-00712,Completed,Procurement
FIN-006005,2025-12-15,Operating Expense,Outflow,179521.65,EXP-202512-Salaries,Completed,Salaries
FIN-000273,2025-12-16,Customer Receipt,Inflow,32904.1,SO-000507,Completed,Sales
FIN-001177,2025-12-16,Customer Receipt,Inflow,18519.72,SO-002136,Completed,Sales
FIN-001777,2025-12-16,Customer Receipt,Inflow,149431.52,SO-003287,Completed,Sales
FIN-002331,2025-12-16,Customer Receipt,Inflow,18225.95,SO-004314,Completed,Sales
FIN-002889,2025-12-16,Customer Receipt,Inflow,71553.68,SO-005277,Completed,Sales
FIN-003710,2025-12-16,Customer Receipt,Inflow,110317.43,SO-006710,Completed,Sales
FIN-004509,2025-12-16,Customer Receipt,Inflow,18163.95,SO-008158,Completed,Sales
FIN-004562,2025-12-16,Customer Receipt,Inflow,93483.61,SO-008255,Completed,Sales
FIN-005662,2025-12-16,Supplier Payment,Outflow,12411.5,PO-00290,Completed,Procurement
FIN-000468,2025-12-17,Customer Receipt,Inflow,143311.14,SO-000851,Completed,Sales
FIN-001009,2025-12-17,Customer Receipt,Inflow,35496.13,SO-001819,Completed,Sales
FIN-001341,2025-12-17,Customer Receipt,Inflow,111815.0,SO-002456,Completed,Sales
FIN-002326,2025-12-17,Customer Receipt,Inflow,38828.3,SO-004306,Completed,Sales
FIN-002956,2025-12-17,Customer Receipt,Inflow,13789.0,SO-005382,Completed,Sales
FIN-003325,2025-12-17,Customer Receipt,Inflow,2626.61,SO-006014,Completed,Sales
FIN-004847,2025-12-17,Customer Receipt,Inflow,42157.36,SO-008752,Completed,Sales
FIN-005368,2025-12-17,Customer Receipt,Inflow,7138.5,SO-009672,Completed,Sales
FIN-005659,2025-12-17,Supplier Payment,Outflow,329305.0,PO-00281,Completed,Procurement
FIN-005889,2025-12-17,Supplier Payment,Outflow,315706.0,PO-00926,Completed,Procurement
FIN-006006,2025-12-17,Operating Expense,Outflow,8559.16,EXP-202512-Maintenance,Completed,Maintenance
FIN-000539,2025-12-18,Customer Receipt,Inflow,50474.4,SO-000965,Completed,Sales
FIN-001916,2025-12-18,Customer Receipt,Inflow,3086.62,SO-003553,Completed,Sales
FIN-002453,2025-12-18,Customer Receipt,Inflow,7099.91,SO-004514,Completed,Sales
FIN-003606,2025-12-18,Customer Receipt,Inflow,118920.69,SO-006536,Completed,Sales
FIN-003753,2025-12-18,Customer Receipt,Inflow,38675.42,SO-006779,Completed,Sales
FIN-004759,2025-12-18,Customer Receipt,Inflow,106075.8,SO-008594,Completed,Sales
FIN-005000,2025-12-18,Customer Receipt,Inflow,55047.7,SO-009023,Completed,Sales
FIN-002129,2025-12-19,Customer Receipt,Inflow,98007.38,SO-003965,Completed,Sales
FIN-002569,2025-12-19,Customer Receipt,Inflow,2896.09,SO-004704,Completed,Sales
FIN-002917,2025-12-19,Customer Receipt,Inflow,685.4,SO-005325,Completed,Sales
FIN-005428,2025-12-19,Customer Receipt,Inflow,93852.6,SO-009783,Completed,Sales
FIN-005540,2025-12-19,Customer Receipt,Inflow,177467.1,SO-009973,Completed,Sales
FIN-005916,2025-12-19,Supplier Payment,Outflow,132513.0,PO-00998,Completed,Procurement
FIN-000355,2025-12-20,Customer Receipt,Inflow,53035.78,SO-000654,Completed,Sales
FIN-001196,2025-12-20,Customer Receipt,Inflow,75043.2,SO-002177,Completed,Sales
FIN-001696,2025-12-20,Customer Receipt,Inflow,25594.96,SO-003152,Completed,Sales
FIN-003327,2025-12-20,Customer Receipt,Inflow,78810.45,SO-006016,Completed,Sales
FIN-000189,2025-12-21,Customer Receipt,Inflow,27353.24,SO-000355,Completed,Sales
FIN-001440,2025-12-21,Customer Receipt,Inflow,48683.2,SO-002649,Completed,Sales
FIN-002058,2025-12-21,Customer Receipt,Inflow,3657.28,SO-003828,Completed,Sales
FIN-003410,2025-12-21,Customer Receipt,Inflow,92638.92,SO-006162,Completed,Sales
FIN-004175,2025-12-21,Customer Receipt,Inflow,79045.05,SO-007565,Completed,Sales
FIN-004369,2025-12-21,Customer Receipt,Inflow,117641.6,SO-007909,Completed,Sales
FIN-004535,2025-12-21,Customer Receipt,Inflow,690.92,SO-008196,Completed,Sales
FIN-004552,2025-12-21,Customer Receipt,Inflow,2085.34,SO-008237,Completed,Sales
FIN-004792,2025-12-21,Customer Receipt,Inflow,34104.84,SO-008666,Completed,Sales
FIN-006007,2025-12-21,Operating Expense,Outflow,7141.42,EXP-202512-Software,Completed,Software
FIN-000203,2025-12-22,Customer Receipt,Inflow,24124.64,SO-000378,Completed,Sales
FIN-000241,2025-12-22,Customer Receipt,Inflow,154291.0,SO-000447,Completed,Sales
FIN-000266,2025-12-22,Customer Receipt,Inflow,26961.6,SO-000496,Completed,Sales
FIN-000585,2025-12-22,Customer Receipt,Inflow,53809.91,SO-001054,Completed,Sales
FIN-001142,2025-12-22,Customer Receipt,Inflow,79383.24,SO-002074,Completed,Sales
FIN-001353,2025-12-22,Customer Receipt,Inflow,63593.53,SO-002481,Completed,Sales
FIN-002994,2025-12-22,Customer Receipt,Inflow,7018.31,SO-005442,Completed,Sales
FIN-003085,2025-12-22,Customer Receipt,Inflow,2825.49,SO-005593,Completed,Sales
FIN-003451,2025-12-22,Customer Receipt,Inflow,89305.28,SO-006248,Completed,Sales
FIN-003548,2025-12-22,Customer Receipt,Inflow,1359.24,SO-006447,Completed,Sales
FIN-004897,2025-12-22,Customer Receipt,Inflow,77934.36,SO-008830,Completed,Sales
FIN-005033,2025-12-22,Customer Receipt,Inflow,21400.96,SO-009090,Completed,Sales
FIN-005058,2025-12-22,Customer Receipt,Inflow,63944.4,SO-009137,Completed,Sales
FIN-000267,2025-12-23,Customer Receipt,Inflow,148618.34,SO-000497,Completed,Sales
FIN-002543,2025-12-23,Customer Receipt,Inflow,88075.08,SO-004661,Completed,Sales
FIN-004028,2025-12-23,Customer Receipt,Inflow,32832.54,SO-007299,Completed,Sales
FIN-004107,2025-12-23,Customer Receipt,Inflow,186235.75,SO-007440,Completed,Sales
FIN-004968,2025-12-23,Customer Receipt,Inflow,102515.0,SO-008961,Completed,Sales
FIN-005593,2025-12-23,Supplier Payment,Outflow,323922.0,PO-00111,Completed,Procurement
FIN-005729,2025-12-23,Supplier Payment,Outflow,274144.0,PO-00494,Completed,Procurement
FIN-000621,2025-12-24,Customer Receipt,Inflow,59727.25,SO-001130,Completed,Sales
FIN-000656,2025-12-24,Customer Receipt,Inflow,58323.04,SO-001193,Completed,Sales
FIN-001837,2025-12-24,Customer Receipt,Inflow,181893.84,SO-003399,Completed,Sales
FIN-003023,2025-12-24,Customer Receipt,Inflow,17471.15,SO-005488,Completed,Sales
FIN-004008,2025-12-24,Customer Receipt,Inflow,4549.72,SO-007262,Completed,Sales
FIN-004294,2025-12-24,Customer Receipt,Inflow,11687.55,SO-007783,Completed,Sales
FIN-004421,2025-12-24,Customer Receipt,Inflow,68551.48,SO-008005,Completed,Sales
FIN-004651,2025-12-24,Customer Receipt,Inflow,3779.09,SO-008417,Completed,Sales
FIN-005282,2025-12-24,Customer Receipt,Inflow,3356.05,SO-009539,Completed,Sales
FIN-005319,2025-12-24,Customer Receipt,Inflow,19426.66,SO-009601,Completed,Sales
FIN-005534,2025-12-24,Customer Receipt,Inflow,106638.0,SO-009965,Completed,Sales
FIN-000649,2025-12-25,Customer Receipt,Inflow,78106.6,SO-001180,Completed,Sales
FIN-001061,2025-12-25,Customer Receipt,Inflow,169563.68,SO-001917,Completed,Sales
FIN-003457,2025-12-25,Customer Receipt,Inflow,4781.77,SO-006260,Completed,Sales
FIN-004122,2025-12-25,Customer Receipt,Inflow,214896.67,SO-007463,Completed,Sales
FIN-004500,2025-12-25,Customer Receipt,Inflow,53641.01,SO-008136,Completed,Sales
FIN-005293,2025-12-25,Customer Receipt,Inflow,18309.4,SO-009558,Completed,Sales
FIN-000214,2025-12-26,Customer Receipt,Inflow,152986.31,SO-000395,Completed,Sales
FIN-001877,2025-12-26,Customer Receipt,Inflow,21518.6,SO-003483,Completed,Sales
FIN-002778,2025-12-26,Customer Receipt,Inflow,48091.94,SO-005074,Completed,Sales
FIN-002837,2025-12-26,Customer Receipt,Inflow,12887.35,SO-005174,Completed,Sales
FIN-004074,2025-12-26,Customer Receipt,Inflow,67622.76,SO-007385,Completed,Sales
FIN-004379,2025-12-26,Customer Receipt,Inflow,75412.37,SO-007922,Completed,Sales
FIN-004661,2025-12-26,Customer Receipt,Inflow,109196.64,SO-008431,Completed,Sales
FIN-004974,2025-12-26,Customer Receipt,Inflow,132823.8,SO-008969,Completed,Sales
FIN-005277,2025-12-26,Customer Receipt,Inflow,6770.05,SO-009529,Completed,Sales
FIN-005598,2025-12-26,Supplier Payment,Outflow,9804.8,PO-00131,Completed,Procurement
FIN-001075,2025-12-27,Customer Receipt,Inflow,28234.08,SO-001955,Completed,Sales
FIN-001677,2025-12-27,Customer Receipt,Inflow,29960.04,SO-003110,Completed,Sales
FIN-002216,2025-12-27,Customer Receipt,Inflow,64003.68,SO-004121,Completed,Sales
FIN-002219,2025-12-27,Customer Receipt,Inflow,121114.73,SO-004125,Completed,Sales
FIN-003091,2025-12-27,Customer Receipt,Inflow,15568.28,SO-005604,Completed,Sales
FIN-003400,2025-12-27,Customer Receipt,Inflow,1390.62,SO-006146,Completed,Sales
FIN-003509,2025-12-27,Customer Receipt,Inflow,66800.88,SO-006359,Completed,Sales
FIN-003522,2025-12-27,Customer Receipt,Inflow,38377.5,SO-006395,Completed,Sales
FIN-003635,2025-12-27,Customer Receipt,Inflow,429.52,SO-006590,Completed,Sales
FIN-004215,2025-12-27,Customer Receipt,Inflow,14754.04,SO-007629,Completed,Sales
FIN-004330,2025-12-27,Customer Receipt,Inflow,74031.49,SO-007849,Completed,Sales
FIN-004934,2025-12-27,Customer Receipt,Inflow,3798.83,SO-008893,Completed,Sales
FIN-000531,2025-12-28,Customer Receipt,Inflow,71099.75,SO-000955,Completed,Sales
FIN-000631,2025-12-28,Customer Receipt,Inflow,106148.0,SO-001150,Completed,Sales
FIN-001111,2025-12-28,Customer Receipt,Inflow,133358.53,SO-002030,Completed,Sales
FIN-001200,2025-12-28,Customer Receipt,Inflow,104965.28,SO-002185,Completed,Sales
FIN-001421,2025-12-28,Customer Receipt,Inflow,10490.2,SO-002618,Completed,Sales
FIN-001572,2025-12-28,Customer Receipt,Inflow,5523.15,SO-002902,Completed,Sales
FIN-002508,2025-12-28,Customer Receipt,Inflow,27131.83,SO-004603,Completed,Sales
FIN-004116,2025-12-28,Customer Receipt,Inflow,14334.54,SO-007456,Completed,Sales
FIN-004117,2025-12-28,Customer Receipt,Inflow,130254.02,SO-007458,Completed,Sales
FIN-004815,2025-12-28,Customer Receipt,Inflow,94993.56,SO-008702,Completed,Sales
FIN-004921,2025-12-28,Customer Receipt,Inflow,95149.2,SO-008873,Completed,Sales
FIN-001728,2025-12-29,Customer Receipt,Inflow,69672.68,SO-003215,Completed,Sales
FIN-002579,2025-12-29,Customer Receipt,Inflow,4130.27,SO-004726,Completed,Sales
FIN-002738,2025-12-29,Customer Receipt,Inflow,190723.78,SO-005012,Completed,Sales
FIN-003996,2025-12-29,Customer Receipt,Inflow,63728.92,SO-007238,Completed,Sales
FIN-004489,2025-12-29,Customer Receipt,Inflow,17713.11,SO-008113,Completed,Sales
FIN-004777,2025-12-29,Customer Receipt,Inflow,190453.0,SO-008637,Completed,Sales
FIN-005017,2025-12-29,Customer Receipt,Inflow,55104.92,SO-009054,Completed,Sales
FIN-000549,2025-12-30,Customer Receipt,Inflow,26137.4,SO-000984,Completed,Sales
FIN-000571,2025-12-30,Customer Receipt,Inflow,83772.72,SO-001026,Completed,Sales
FIN-000807,2025-12-30,Customer Receipt,Inflow,83826.12,SO-001456,Completed,Sales
FIN-001542,2025-12-30,Customer Receipt,Inflow,190172.14,SO-002846,Completed,Sales
FIN-001584,2025-12-30,Customer Receipt,Inflow,6549.54,SO-002924,Completed,Sales
FIN-001800,2025-12-30,Customer Receipt,Inflow,58713.72,SO-003329,Completed,Sales
FIN-002227,2025-12-30,Customer Receipt,Inflow,16796.64,SO-004138,Completed,Sales
FIN-002806,2025-12-30,Customer Receipt,Inflow,173543.24,SO-005117,Completed,Sales
FIN-002939,2025-12-30,Customer Receipt,Inflow,126175.0,SO-005356,Completed,Sales
FIN-003633,2025-12-30,Customer Receipt,Inflow,41502.44,SO-006588,Completed,Sales
FIN-004565,2025-12-30,Customer Receipt,Inflow,58684.24,SO-008260,Completed,Sales
FIN-005280,2025-12-30,Customer Receipt,Inflow,37215.0,SO-009535,Completed,Sales
FIN-000314,2025-12-31,Customer Receipt,Inflow,31081.4,SO-000584,Completed,Sales
FIN-000605,2025-12-31,Customer Receipt,Inflow,43948.64,SO-001090,Completed,Sales
FIN-001145,2025-12-31,Customer Receipt,Inflow,186420.12,SO-002081,Completed,Sales
FIN-002151,2025-12-31,Customer Receipt,Inflow,2619.12,SO-004007,Completed,Sales
FIN-002559,2025-12-31,Customer Receipt,Inflow,144128.5,SO-004686,Completed,Sales
FIN-003096,2025-12-31,Customer Receipt,Inflow,10186.56,SO-005612,Completed,Sales
FIN-003242,2025-12-31,Customer Receipt,Inflow,66270.8,SO-005884,Completed,Sales
FIN-003285,2025-12-31,Customer Receipt,Inflow,129649.68,SO-005945,Completed,Sales
FIN-004043,2025-12-31,Customer Receipt,Inflow,49449.68,SO-007333,Completed,Sales
FIN-004643,2025-12-31,Customer Receipt,Inflow,45308.34,SO-008406,Completed,Sales
FIN-005472,2025-12-31,Customer Receipt,Inflow,42711.13,SO-009876,Completed,Sales
FIN-000289,2026-01-01,Customer Receipt,Inflow,74875.99,SO-000538,Completed,Sales
FIN-000913,2026-01-01,Customer Receipt,Inflow,62150.88,SO-001656,Completed,Sales
FIN-001132,2026-01-01,Customer Receipt,Inflow,91310.77,SO-002061,Completed,Sales
FIN-001687,2026-01-01,Customer Receipt,Inflow,35163.25,SO-003129,Completed,Sales
FIN-002296,2026-01-01,Customer Receipt,Inflow,55285.67,SO-004253,Completed,Sales
FIN-002382,2026-01-01,Customer Receipt,Inflow,41133.6,SO-004393,Completed,Sales
FIN-003002,2026-01-01,Customer Receipt,Inflow,44614.9,SO-005460,Completed,Sales
FIN-003670,2026-01-01,Customer Receipt,Inflow,9303.16,SO-006648,Completed,Sales
FIN-004019,2026-01-01,Customer Receipt,Inflow,5189.7,SO-007285,Completed,Sales
FIN-004603,2026-01-01,Customer Receipt,Inflow,10333.4,SO-008336,Completed,Sales
FIN-000661,2026-01-02,Customer Receipt,Inflow,26614.21,SO-001200,Completed,Sales
FIN-000950,2026-01-02,Customer Receipt,Inflow,82075.8,SO-001719,Completed,Sales
FIN-001600,2026-01-02,Customer Receipt,Inflow,719.0,SO-002957,Completed,Sales
FIN-002531,2026-01-02,Customer Receipt,Inflow,2993.12,SO-004645,Completed,Sales
FIN-005349,2026-01-02,Customer Receipt,Inflow,27002.65,SO-009646,Completed,Sales
FIN-005723,2026-01-02,Supplier Payment,Outflow,209597.5,PO-00476,Completed,Procurement
FIN-005826,2026-01-02,Supplier Payment,Outflow,864198.0,PO-00755,Completed,Procurement
FIN-005906,2026-01-02,Supplier Payment,Outflow,22880.8,PO-00968,Completed,Procurement
FIN-006010,2026-01-02,Operating Expense,Outflow,18190.14,EXP-202601-Utilities,Completed,Utilities
FIN-000424,2026-01-03,Customer Receipt,Inflow,59562.08,SO-000761,Completed,Sales
FIN-000434,2026-01-03,Customer Receipt,Inflow,35007.54,SO-000781,Completed,Sales
FIN-000770,2026-01-03,Customer Receipt,Inflow,79797.66,SO-001385,Completed,Sales
FIN-001105,2026-01-03,Customer Receipt,Inflow,10665.75,SO-002020,Completed,Sales
FIN-001821,2026-01-03,Customer Receipt,Inflow,29437.54,SO-003360,Completed,Sales
FIN-002604,2026-01-03,Customer Receipt,Inflow,11244.35,SO-004762,Completed,Sales
FIN-003239,2026-01-03,Customer Receipt,Inflow,81786.32,SO-005873,Completed,Sales
FIN-003470,2026-01-03,Customer Receipt,Inflow,5852.09,SO-006284,Completed,Sales
FIN-004201,2026-01-03,Customer Receipt,Inflow,63169.83,SO-007606,Completed,Sales
FIN-004557,2026-01-03,Customer Receipt,Inflow,90373.44,SO-008250,Completed,Sales
FIN-004973,2026-01-03,Customer Receipt,Inflow,148838.8,SO-008968,Completed,Sales
FIN-004999,2026-01-03,Customer Receipt,Inflow,99528.8,SO-009022,Completed,Sales
FIN-001523,2026-01-04,Customer Receipt,Inflow,1344.24,SO-002809,Completed,Sales
FIN-002953,2026-01-04,Customer Receipt,Inflow,42218.12,SO-005377,Completed,Sales
FIN-003825,2026-01-04,Customer Receipt,Inflow,60232.95,SO-006921,Completed,Sales
FIN-004162,2026-01-04,Customer Receipt,Inflow,46319.46,SO-007542,Completed,Sales
FIN-000646,2026-01-05,Customer Receipt,Inflow,91385.76,SO-001177,Completed,Sales
FIN-002963,2026-01-05,Customer Receipt,Inflow,8845.4,SO-005397,Completed,Sales
FIN-003845,2026-01-05,Customer Receipt,Inflow,23350.81,SO-006957,Completed,Sales
FIN-006014,2026-01-05,Operating Expense,Outflow,17358.54,EXP-202601-Transport,Completed,Transport
FIN-000248,2026-01-06,Customer Receipt,Inflow,2315.82,SO-000463,Completed,Sales
FIN-000272,2026-01-06,Customer Receipt,Inflow,59275.75,SO-000506,Completed,Sales
FIN-000464,2026-01-06,Customer Receipt,Inflow,143623.2,SO-000846,Completed,Sales
FIN-000917,2026-01-06,Customer Receipt,Inflow,28042.01,SO-001661,Completed,Sales
FIN-000969,2026-01-06,Customer Receipt,Inflow,17908.14,SO-001753,Completed,Sales
FIN-001456,2026-01-06,Customer Receipt,Inflow,31798.8,SO-002676,Completed,Sales
FIN-001869,2026-01-06,Customer Receipt,Inflow,55622.8,SO-003467,Completed,Sales
FIN-002348,2026-01-06,Customer Receipt,Inflow,7261.53,SO-004339,Completed,Sales
FIN-004353,2026-01-06,Customer Receipt,Inflow,206048.07,SO-007883,Completed,Sales
FIN-004524,2026-01-06,Customer Receipt,Inflow,169203.11,SO-008178,Completed,Sales
FIN-004940,2026-01-06,Customer Receipt,Inflow,1507.89,SO-008906,Completed,Sales
FIN-005615,2026-01-06,Supplier Payment,Outflow,93910.0,PO-00175,Completed,Procurement
FIN-006011,2026-01-06,Operating Expense,Outflow,184588.62,EXP-202601-Salaries,Completed,Salaries
FIN-001144,2026-01-07,Customer Receipt,Inflow,62533.78,SO-002080,Completed,Sales
FIN-001151,2026-01-07,Customer Receipt,Inflow,11046.3,SO-002091,Completed,Sales
FIN-001858,2026-01-07,Customer Receipt,Inflow,113770.8,SO-003443,Completed,Sales
FIN-002390,2026-01-07,Customer Receipt,Inflow,8068.36,SO-004403,Completed,Sales
FIN-002892,2026-01-07,Customer Receipt,Inflow,173197.36,SO-005288,Completed,Sales
FIN-003363,2026-01-07,Customer Receipt,Inflow,13894.92,SO-006081,Completed,Sales
FIN-004455,2026-01-07,Customer Receipt,Inflow,22677.46,SO-008055,Completed,Sales
FIN-005693,2026-01-07,Supplier Payment,Outflow,2232.0,PO-00399,Completed,Procurement
FIN-000239,2026-01-08,Customer Receipt,Inflow,3476.52,SO-000443,Completed,Sales
FIN-003853,2026-01-08,Customer Receipt,Inflow,108560.47,SO-006974,Completed,Sales
FIN-004034,2026-01-08,Customer Receipt,Inflow,38385.62,SO-007312,Completed,Sales
FIN-004730,2026-01-08,Customer Receipt,Inflow,52656.39,SO-008542,Completed,Sales
FIN-004824,2026-01-08,Customer Receipt,Inflow,123449.48,SO-008716,Completed,Sales
FIN-000138,2026-01-09,Customer Receipt,Inflow,81168.48,SO-000245,Completed,Sales
FIN-000540,2026-01-09,Customer Receipt,Inflow,4864.38,SO-000967,Completed,Sales
FIN-000699,2026-01-09,Customer Receipt,Inflow,35489.16,SO-001273,Completed,Sales
FIN-000821,2026-01-09,Customer Receipt,Inflow,71652.48,SO-001491,Completed,Sales
FIN-002717,2026-01-09,Customer Receipt,Inflow,60191.7,SO-004974,Completed,Sales
FIN-002880,2026-01-09,Customer Receipt,Inflow,5261.15,SO-005252,Completed,Sales
FIN-003228,2026-01-09,Customer Receipt,Inflow,32204.2,SO-005856,Completed,Sales
FIN-005610,2026-01-09,Supplier Payment,Outflow,29529.8,PO-00161,Completed,Procurement
FIN-001941,2026-01-10,Customer Receipt,Inflow,3012.94,SO-003593,Completed,Sales
FIN-002407,2026-01-10,Customer Receipt,Inflow,90467.03,SO-004438,Completed,Sales
FIN-002677,2026-01-10,Customer Receipt,Inflow,16892.0,SO-004894,Completed,Sales
FIN-002704,2026-01-10,Customer Receipt,Inflow,1795.56,SO-004946,Completed,Sales
FIN-004733,2026-01-10,Customer Receipt,Inflow,129260.88,SO-008546,Completed,Sales
FIN-004948,2026-01-10,Customer Receipt,Inflow,117876.4,SO-008923,Completed,Sales
FIN-005249,2026-01-10,Customer Receipt,Inflow,47870.24,SO-009477,Completed,Sales
FIN-005284,2026-01-10,Customer Receipt,Inflow,36456.88,SO-009541,Completed,Sales
FIN-000044,2026-01-11,Customer Receipt,Inflow,20758.8,SO-000073,Completed,Sales
FIN-000690,2026-01-11,Customer Receipt,Inflow,186582.0,SO-001254,Completed,Sales
FIN-001410,2026-01-11,Customer Receipt,Inflow,4304.2,SO-002591,Completed,Sales
FIN-002391,2026-01-11,Customer Receipt,Inflow,104843.44,SO-004404,Completed,Sales
FIN-004590,2026-01-11,Customer Receipt,Inflow,75987.86,SO-008317,Completed,Sales
FIN-004863,2026-01-11,Customer Receipt,Inflow,44621.85,SO-008780,Completed,Sales
FIN-004938,2026-01-11,Customer Receipt,Inflow,17511.0,SO-008903,Completed,Sales
FIN-000716,2026-01-12,Customer Receipt,Inflow,99471.0,SO-001297,Completed,Sales
FIN-000740,2026-01-12,Customer Receipt,Inflow,8759.4,SO-001333,Completed,Sales
FIN-001881,2026-01-12,Customer Receipt,Inflow,3418.18,SO-003490,Completed,Sales
FIN-002465,2026-01-12,Customer Receipt,Inflow,104686.14,SO-004531,Completed,Sales
FIN-002590,2026-01-12,Customer Receipt,Inflow,48050.94,SO-004744,Completed,Sales
FIN-003353,2026-01-12,Customer Receipt,Inflow,32102.24,SO-006056,Completed,Sales
FIN-005634,2026-01-12,Supplier Payment,Outflow,175222.0,PO-00224,Completed,Procurement
FIN-000133,2026-01-13,Customer Receipt,Inflow,28637.3,SO-000238,Completed,Sales
FIN-000310,2026-01-13,Customer Receipt,Inflow,4973.55,SO-000576,Completed,Sales
FIN-000832,2026-01-13,Customer Receipt,Inflow,63535.62,SO-001513,Completed,Sales
FIN-001155,2026-01-13,Customer Receipt,Inflow,14008.8,SO-002096,Completed,Sales
FIN-002184,2026-01-13,Customer Receipt,Inflow,36074.88,SO-004065,Completed,Sales
FIN-003968,2026-01-13,Customer Receipt,Inflow,169416.26,SO-007177,Completed,Sales
FIN-006009,2026-01-13,Operating Expense,Outflow,45492.39,EXP-202601-Rent,Completed,Rent
FIN-002469,2026-01-14,Customer Receipt,Inflow,31281.74,SO-004538,Completed,Sales
FIN-003240,2026-01-14,Customer Receipt,Inflow,69726.0,SO-005874,Completed,Sales
FIN-003953,2026-01-14,Customer Receipt,Inflow,1709.16,SO-007157,Completed,Sales
FIN-000149,2026-01-15,Customer Receipt,Inflow,58776.9,SO-000265,Completed,Sales
FIN-000342,2026-01-15,Customer Receipt,Inflow,119040.57,SO-000628,Completed,Sales
FIN-001483,2026-01-15,Customer Receipt,Inflow,161334.32,SO-002718,Completed,Sales
FIN-002200,2026-01-15,Customer Receipt,Inflow,57004.92,SO-004096,Completed,Sales
FIN-002914,2026-01-15,Customer Receipt,Inflow,76214.56,SO-005319,Completed,Sales
FIN-003388,2026-01-15,Customer Receipt,Inflow,1995.04,SO-006122,Completed,Sales
FIN-003539,2026-01-15,Customer Receipt,Inflow,29262.24,SO-006426,Completed,Sales
FIN-003573,2026-01-15,Customer Receipt,Inflow,7222.8,SO-006486,Completed,Sales
FIN-003594,2026-01-15,Customer Receipt,Inflow,78859.5,SO-006520,Completed,Sales
FIN-003653,2026-01-15,Customer Receipt,Inflow,8813.52,SO-006618,Completed,Sales
FIN-004217,2026-01-15,Customer Receipt,Inflow,116840.15,SO-007632,Completed,Sales
FIN-005769,2026-01-15,Supplier Payment,Outflow,19327.0,PO-00590,Completed,Procurement
FIN-006013,2026-01-15,Operating Expense,Outflow,6244.03,EXP-202601-Software,Completed,Software
FIN-000541,2026-01-16,Customer Receipt,Inflow,96416.6,SO-000970,Completed,Sales
FIN-000919,2026-01-16,Customer Receipt,Inflow,56918.68,SO-001664,Completed,Sales
FIN-002764,2026-01-16,Customer Receipt,Inflow,110095.44,SO-005056,Completed,Sales
FIN-003161,2026-01-16,Customer Receipt,Inflow,80225.4,SO-005721,Completed,Sales
FIN-003492,2026-01-16,Customer Receipt,Inflow,16397.64,SO-006326,Completed,Sales
FIN-003637,2026-01-16,Customer Receipt,Inflow,87158.89,SO-006593,Completed,Sales
FIN-005076,2026-01-16,Customer Receipt,Inflow,57723.64,SO-009166,Completed,Sales
FIN-005781,2026-01-16,Supplier Payment,Outflow,20319.5,PO-00614,Completed,Procurement
FIN-000533,2026-01-17,Customer Receipt,Inflow,56326.4,SO-000957,Completed,Sales
FIN-000815,2026-01-17,Customer Receipt,Inflow,19473.0,SO-001472,Completed,Sales
FIN-001962,2026-01-17,Customer Receipt,Inflow,55090.64,SO-003630,Completed,Sales
FIN-002820,2026-01-17,Customer Receipt,Inflow,48960.6,SO-005141,Completed,Sales
FIN-004328,2026-01-17,Customer Receipt,Inflow,41717.5,SO-007844,Completed,Sales
FIN-005023,2026-01-17,Customer Receipt,Inflow,8370.52,SO-009066,Completed,Sales
FIN-000024,2026-01-18,Customer Receipt,Inflow,9353.55,SO-000041,Completed,Sales
FIN-000935,2026-01-18,Customer Receipt,Inflow,27027.2,SO-001691,Completed,Sales
FIN-001390,2026-01-18,Customer Receipt,Inflow,94401.85,SO-002553,Completed,Sales
FIN-001886,2026-01-18,Customer Receipt,Inflow,133881.2,SO-003496,Completed,Sales
FIN-002148,2026-01-18,Customer Receipt,Inflow,4649.5,SO-004000,Completed,Sales
FIN-003168,2026-01-18,Customer Receipt,Inflow,31293.2,SO-005732,Completed,Sales
FIN-004007,2026-01-18,Customer Receipt,Inflow,38177.1,SO-007261,Completed,Sales
FIN-004902,2026-01-18,Customer Receipt,Inflow,58612.45,SO-008842,Completed,Sales
FIN-000606,2026-01-19,Customer Receipt,Inflow,55151.0,SO-001099,Completed,Sales
FIN-002789,2026-01-19,Customer Receipt,Inflow,16546.04,SO-005091,Completed,Sales
FIN-004155,2026-01-19,Customer Receipt,Inflow,28703.28,SO-007531,Completed,Sales
FIN-004720,2026-01-19,Customer Receipt,Inflow,39646.24,SO-008527,Completed,Sales
FIN-005443,2026-01-19,Customer Receipt,Inflow,24726.59,SO-009818,Completed,Sales
FIN-005545,2026-01-19,Customer Receipt,Inflow,53285.76,SO-009982,Completed,Sales
FIN-006012,2026-01-19,Operating Expense,Outflow,5605.02,EXP-202601-Maintenance,Completed,Maintenance
FIN-000039,2026-01-20,Customer Receipt,Inflow,25263.04,SO-000066,Completed,Sales
FIN-000410,2026-01-20,Customer Receipt,Inflow,4363.96,SO-000738,Completed,Sales
FIN-003465,2026-01-20,Customer Receipt,Inflow,77780.36,SO-006277,Completed,Sales
FIN-003516,2026-01-20,Customer Receipt,Inflow,4211.25,SO-006385,Completed,Sales
FIN-004723,2026-01-20,Customer Receipt,Inflow,37827.29,SO-008531,Completed,Sales
FIN-005402,2026-01-20,Customer Receipt,Inflow,38844.3,SO-009733,Completed,Sales
FIN-005417,2026-01-20,Customer Receipt,Inflow,31268.04,SO-009757,Completed,Sales
FIN-005764,2026-01-20,Supplier Payment,Outflow,26875.1,PO-00580,Completed,Procurement
FIN-001661,2026-01-21,Customer Receipt,Inflow,5738.88,SO-003079,Completed,Sales
FIN-001849,2026-01-21,Customer Receipt,Inflow,41495.85,SO-003425,Completed,Sales
FIN-003913,2026-01-21,Customer Receipt,Inflow,97541.5,SO-007094,Completed,Sales
FIN-004045,2026-01-21,Customer Receipt,Inflow,25022.76,SO-007336,Completed,Sales
FIN-004333,2026-01-21,Customer Receipt,Inflow,154543.75,SO-007857,Completed,Sales
FIN-004528,2026-01-21,Customer Receipt,Inflow,35973.09,SO-008184,Completed,Sales
FIN-004598,2026-01-21,Customer Receipt,Inflow,4943.51,SO-008327,Completed,Sales
FIN-004761,2026-01-21,Customer Receipt,Inflow,17778.08,SO-008597,Completed,Sales
FIN-005296,2026-01-21,Customer Receipt,Inflow,19812.26,SO-009561,Completed,Sales
FIN-005603,2026-01-21,Supplier Payment,Outflow,657186.0,PO-00139,Completed,Procurement
FIN-000037,2026-01-22,Customer Receipt,Inflow,74181.0,SO-000063,Completed,Sales
FIN-000664,2026-01-22,Customer Receipt,Inflow,11150.6,SO-001205,Completed,Sales
FIN-000923,2026-01-22,Customer Receipt,Inflow,7994.02,SO-001673,Completed,Sales
FIN-001669,2026-01-22,Customer Receipt,Inflow,10036.02,SO-003095,Completed,Sales
FIN-002671,2026-01-22,Customer Receipt,Inflow,56256.86,SO-004882,Completed,Sales
FIN-003113,2026-01-22,Customer Receipt,Inflow,59818.08,SO-005637,Completed,Sales
FIN-003625,2026-01-22,Customer Receipt,Inflow,11870.3,SO-006576,Completed,Sales
FIN-004951,2026-01-22,Customer Receipt,Inflow,21858.76,SO-008931,Completed,Sales
FIN-005272,2026-01-22,Customer Receipt,Inflow,3452.9,SO-009523,Completed,Sales
FIN-005380,2026-01-22,Customer Receipt,Inflow,80223.0,SO-009691,Completed,Sales
FIN-000453,2026-01-23,Customer Receipt,Inflow,75789.12,SO-000826,Completed,Sales
FIN-000552,2026-01-23,Customer Receipt,Inflow,58655.08,SO-000991,Completed,Sales
FIN-000652,2026-01-23,Customer Receipt,Inflow,31586.85,SO-001187,Completed,Sales
FIN-000732,2026-01-23,Customer Receipt,Inflow,1678.38,SO-001324,Completed,Sales
FIN-001697,2026-01-23,Customer Receipt,Inflow,45164.4,SO-003153,Completed,Sales
FIN-001901,2026-01-23,Customer Receipt,Inflow,88881.3,SO-003522,Completed,Sales
FIN-002512,2026-01-23,Customer Receipt,Inflow,51898.77,SO-004609,Completed,Sales
FIN-002576,2026-01-23,Customer Receipt,Inflow,12273.68,SO-004723,Completed,Sales
FIN-002605,2026-01-23,Customer Receipt,Inflow,67635.6,SO-004763,Completed,Sales
FIN-002782,2026-01-23,Customer Receipt,Inflow,103584.8,SO-005079,Completed,Sales
FIN-003493,2026-01-23,Customer Receipt,Inflow,23409.96,SO-006328,Completed,Sales
FIN-003685,2026-01-23,Customer Receipt,Inflow,7138.5,SO-006671,Completed,Sales
FIN-005389,2026-01-23,Customer Receipt,Inflow,9205.26,SO-009704,Completed,Sales
FIN-000280,2026-01-24,Customer Receipt,Inflow,56847.66,SO-000521,Completed,Sales
FIN-002498,2026-01-24,Customer Receipt,Inflow,20902.91,SO-004582,Completed,Sales
FIN-002844,2026-01-24,Customer Receipt,Inflow,14045.07,SO-005185,Completed,Sales
FIN-004168,2026-01-24,Customer Receipt,Inflow,43698.72,SO-007551,Completed,Sales
FIN-005270,2026-01-24,Customer Receipt,Inflow,47406.25,SO-009521,Completed,Sales
FIN-005568,2026-01-24,Supplier Payment,Outflow,75788.2,PO-00037,Completed,Procurement
FIN-001110,2026-01-25,Customer Receipt,Inflow,28856.73,SO-002029,Completed,Sales
FIN-001264,2026-01-25,Customer Receipt,Inflow,86811.75,SO-002304,Completed,Sales
FIN-001501,2026-01-25,Customer Receipt,Inflow,94809.0,SO-002757,Completed,Sales
FIN-003598,2026-01-25,Customer Receipt,Inflow,73852.24,SO-006525,Completed,Sales
FIN-004437,2026-01-25,Customer Receipt,Inflow,11267.7,SO-008030,Completed,Sales
FIN-004840,2026-01-25,Customer Receipt,Inflow,39874.32,SO-008745,Completed,Sales
FIN-005189,2026-01-25,Customer Receipt,Inflow,15170.0,SO-009369,Completed,Sales
FIN-005419,2026-01-25,Customer Receipt,Inflow,116608.8,SO-009760,Completed,Sales
FIN-000195,2026-01-26,Customer Receipt,Inflow,148523.96,SO-000366,Completed,Sales
FIN-000393,2026-01-26,Customer Receipt,Inflow,103078.17,SO-000710,Completed,Sales
FIN-000421,2026-01-26,Customer Receipt,Inflow,9877.98,SO-000758,Completed,Sales
FIN-000819,2026-01-26,Customer Receipt,Inflow,32109.48,SO-001484,Completed,Sales
FIN-001959,2026-01-26,Customer Receipt,Inflow,27219.15,SO-003620,Completed,Sales
FIN-002800,2026-01-26,Customer Receipt,Inflow,1830.96,SO-005106,Completed,Sales
FIN-003117,2026-01-26,Customer Receipt,Inflow,14279.31,SO-005645,Completed,Sales
FIN-004062,2026-01-26,Customer Receipt,Inflow,7120.62,SO-007362,Completed,Sales
FIN-004302,2026-01-26,Customer Receipt,Inflow,50809.42,SO-007794,Completed,Sales
FIN-005787,2026-01-26,Supplier Payment,Outflow,19282.6,PO-00621,Completed,Procurement
FIN-000124,2026-01-27,Customer Receipt,Inflow,75513.9,SO-000223,Completed,Sales
FIN-001416,2026-01-27,Customer Receipt,Inflow,86326.1,SO-002603,Completed,Sales
FIN-001752,2026-01-27,Customer Receipt,Inflow,16213.5,SO-003244,Completed,Sales
FIN-002798,2026-01-27,Customer Receipt,Inflow,44187.45,SO-005104,Completed,Sales
FIN-003099,2026-01-27,Customer Receipt,Inflow,6335.76,SO-005616,Completed,Sales
FIN-003370,2026-01-27,Customer Receipt,Inflow,9608.56,SO-006093,Completed,Sales
FIN-003434,2026-01-27,Customer Receipt,Inflow,21509.3,SO-006220,Completed,Sales
FIN-004687,2026-01-27,Customer Receipt,Inflow,22696.94,SO-008477,Completed,Sales
FIN-004953,2026-01-27,Customer Receipt,Inflow,117428.7,SO-008934,Completed,Sales
FIN-000460,2026-01-28,Customer Receipt,Inflow,32580.06,SO-000835,Completed,Sales
FIN-000555,2026-01-28,Customer Receipt,Inflow,99612.0,SO-000998,Completed,Sales
FIN-001453,2026-01-28,Customer Receipt,Inflow,29121.21,SO-002671,Completed,Sales
FIN-001616,2026-01-28,Customer Receipt,Inflow,58306.86,SO-002990,Completed,Sales
FIN-002722,2026-01-28,Customer Receipt,Inflow,31111.64,SO-004985,Completed,Sales
FIN-002819,2026-01-28,Customer Receipt,Inflow,93242.25,SO-005139,Completed,Sales
FIN-002827,2026-01-28,Customer Receipt,Inflow,124679.75,SO-005156,Completed,Sales
FIN-005086,2026-01-28,Customer Receipt,Inflow,75605.29,SO-009189,Completed,Sales
FIN-005129,2026-01-28,Customer Receipt,Inflow,37333.26,SO-009268,Completed,Sales
FIN-005205,2026-01-28,Customer Receipt,Inflow,28695.4,SO-009397,Completed,Sales
FIN-005501,2026-01-28,Customer Receipt,Inflow,4721.08,SO-009916,Completed,Sales
FIN-005525,2026-01-28,Customer Receipt,Inflow,80423.86,SO-009948,Completed,Sales
FIN-005652,2026-01-28,Supplier Payment,Outflow,73431.6,PO-00270,Completed,Procurement
FIN-001922,2026-01-29,Customer Receipt,Inflow,5062.73,SO-003567,Completed,Sales
FIN-002500,2026-01-29,Customer Receipt,Inflow,5550.3,SO-004587,Completed,Sales
FIN-003756,2026-01-29,Customer Receipt,Inflow,131764.08,SO-006784,Completed,Sales
FIN-005015,2026-01-29,Customer Receipt,Inflow,44884.71,SO-009049,Completed,Sales
FIN-000758,2026-01-30,Customer Receipt,Inflow,31441.9,SO-001364,Completed,Sales
FIN-000843,2026-01-30,Customer Receipt,Inflow,25916.43,SO-001531,Completed,Sales
FIN-001385,2026-01-30,Customer Receipt,Inflow,15529.92,SO-002541,Completed,Sales
FIN-003246,2026-01-30,Customer Receipt,Inflow,27811.4,SO-005889,Completed,Sales
FIN-003660,2026-01-30,Customer Receipt,Inflow,19923.04,SO-006632,Completed,Sales
FIN-004285,2026-01-30,Customer Receipt,Inflow,33363.12,SO-007765,Completed,Sales
FIN-000515,2026-01-31,Customer Receipt,Inflow,115971.02,SO-000928,Completed,Sales
FIN-001084,2026-01-31,Customer Receipt,Inflow,139914.72,SO-001978,Completed,Sales
FIN-001673,2026-01-31,Customer Receipt,Inflow,2064.4,SO-003102,Completed,Sales
FIN-002217,2026-01-31,Customer Receipt,Inflow,87552.57,SO-004122,Completed,Sales
FIN-002383,2026-01-31,Customer Receipt,Inflow,7067.6,SO-004394,Completed,Sales
FIN-002674,2026-01-31,Customer Receipt,Inflow,2074.07,SO-004887,Completed,Sales
FIN-004641,2026-01-31,Customer Receipt,Inflow,40289.83,SO-008403,Completed,Sales
FIN-004981,2026-01-31,Customer Receipt,Inflow,86764.05,SO-008982,Completed,Sales
FIN-005336,2026-01-31,Customer Receipt,Inflow,66444.15,SO-009623,Completed,Sales
FIN-000413,2026-02-01,Customer Receipt,Inflow,15857.38,SO-000743,Completed,Sales
FIN-001795,2026-02-01,Customer Receipt,Inflow,12071.43,SO-003322,Completed,Sales
FIN-002968,2026-02-01,Customer Receipt,Inflow,24903.8,SO-005403,Completed,Sales
FIN-003364,2026-02-01,Customer Receipt,Inflow,30376.38,SO-006083,Completed,Sales
FIN-004055,2026-02-01,Customer Receipt,Inflow,56352.3,SO-007351,Completed,Sales
FIN-004580,2026-02-01,Customer Receipt,Inflow,23242.0,SO-008296,Completed,Sales
FIN-005886,2026-02-01,Supplier Payment,Outflow,11185.5,PO-00918,Completed,Procurement
FIN-001344,2026-02-02,Customer Receipt,Inflow,16444.45,SO-002465,Completed,Sales
FIN-002109,2026-02-02,Customer Receipt,Inflow,37390.64,SO-003921,Completed,Sales
FIN-002429,2026-02-02,Customer Receipt,Inflow,6804.6,SO-004473,Completed,Sales
FIN-003394,2026-02-02,Customer Receipt,Inflow,516.1,SO-006138,Completed,Sales
FIN-003928,2026-02-02,Customer Receipt,Inflow,35090.88,SO-007125,Completed,Sales
FIN-005765,2026-02-02,Supplier Payment,Outflow,39362.6,PO-00582,Completed,Procurement
FIN-000228,2026-02-03,Customer Receipt,Inflow,2094.3,SO-000418,Completed,Sales
FIN-003507,2026-02-03,Customer Receipt,Inflow,47812.05,SO-006356,Completed,Sales
FIN-003667,2026-02-03,Customer Receipt,Inflow,25105.01,SO-006643,Completed,Sales
FIN-004113,2026-02-03,Customer Receipt,Inflow,64916.04,SO-007451,Completed,Sales
FIN-004644,2026-02-03,Customer Receipt,Inflow,109188.79,SO-008408,Completed,Sales
FIN-004765,2026-02-03,Customer Receipt,Inflow,95993.52,SO-008606,Completed,Sales
FIN-005006,2026-02-03,Customer Receipt,Inflow,52309.53,SO-009037,Completed,Sales
FIN-005673,2026-02-03,Supplier Payment,Outflow,8494.6,PO-00324,Completed,Procurement
FIN-005806,2026-02-03,Supplier Payment,Outflow,27299.6,PO-00707,Completed,Procurement
FIN-002273,2026-02-04,Customer Receipt,Inflow,25101.08,SO-004218,Completed,Sales
FIN-002647,2026-02-04,Customer Receipt,Inflow,35780.94,SO-004831,Completed,Sales
FIN-003554,2026-02-04,Customer Receipt,Inflow,42199.38,SO-006457,Completed,Sales
FIN-000777,2026-02-05,Customer Receipt,Inflow,8412.99,SO-001399,Completed,Sales
FIN-001000,2026-02-05,Customer Receipt,Inflow,66027.99,SO-001802,Completed,Sales
FIN-001036,2026-02-05,Customer Receipt,Inflow,170920.78,SO-001870,Completed,Sales
FIN-001676,2026-02-05,Customer Receipt,Inflow,2537.82,SO-003109,Completed,Sales
FIN-001793,2026-02-05,Customer Receipt,Inflow,5211.34,SO-003318,Completed,Sales
FIN-004499,2026-02-05,Customer Receipt,Inflow,102770.92,SO-008133,Completed,Sales
FIN-004559,2026-02-05,Customer Receipt,Inflow,74181.0,SO-008252,Completed,Sales
FIN-004674,2026-02-05,Customer Receipt,Inflow,12300.48,SO-008453,Completed,Sales
FIN-005373,2026-02-05,Customer Receipt,Inflow,18095.76,SO-009679,Completed,Sales
FIN-005834,2026-02-05,Supplier Payment,Outflow,21486.5,PO-00766,Completed,Procurement
FIN-006019,2026-02-05,Operating Expense,Outflow,4439.08,EXP-202602-Software,Completed,Software
FIN-006020,2026-02-05,Operating Expense,Outflow,38632.55,EXP-202602-Transport,Completed,Transport
FIN-000381,2026-02-06,Customer Receipt,Inflow,97857.25,SO-000689,Completed,Sales
FIN-000404,2026-02-06,Customer Receipt,Inflow,70188.72,SO-000732,Completed,Sales
FIN-001379,2026-02-06,Customer Receipt,Inflow,107828.8,SO-002529,Completed,Sales
FIN-002666,2026-02-06,Customer Receipt,Inflow,12297.64,SO-004869,Completed,Sales
FIN-003541,2026-02-06,Customer Receipt,Inflow,14290.23,SO-006429,Completed,Sales
FIN-004398,2026-02-06,Customer Receipt,Inflow,131850.42,SO-007965,Completed,Sales
FIN-004873,2026-02-06,Customer Receipt,Inflow,33388.72,SO-008790,Completed,Sales
FIN-001073,2026-02-07,Customer Receipt,Inflow,65179.62,SO-001946,Completed,Sales
FIN-002019,2026-02-07,Customer Receipt,Inflow,116237.5,SO-003750,Completed,Sales
FIN-002141,2026-02-07,Customer Receipt,Inflow,16209.75,SO-003986,Completed,Sales
FIN-002412,2026-02-07,Customer Receipt,Inflow,49635.04,SO-004443,Completed,Sales
FIN-003191,2026-02-07,Customer Receipt,Inflow,19812.26,SO-005778,Completed,Sales
FIN-004315,2026-02-07,Customer Receipt,Inflow,102867.27,SO-007817,Completed,Sales
FIN-004807,2026-02-07,Customer Receipt,Inflow,12563.68,SO-008688,Completed,Sales
FIN-005466,2026-02-07,Customer Receipt,Inflow,32127.12,SO-009866,Completed,Sales
FIN-000910,2026-02-08,Customer Receipt,Inflow,129916.71,SO-001649,Completed,Sales
FIN-001802,2026-02-08,Customer Receipt,Inflow,11258.2,SO-003331,Completed,Sales
FIN-003672,2026-02-08,Customer Receipt,Inflow,37210.28,SO-006651,Completed,Sales
FIN-003783,2026-02-08,Customer Receipt,Inflow,18816.4,SO-006835,Completed,Sales
FIN-003874,2026-02-08,Customer Receipt,Inflow,13521.17,SO-007020,Completed,Sales
FIN-004253,2026-02-08,Customer Receipt,Inflow,115957.8,SO-007698,Completed,Sales
FIN-004579,2026-02-08,Customer Receipt,Inflow,1708.12,SO-008292,Completed,Sales
FIN-005838,2026-02-08,Supplier Payment,Outflow,441015.0,PO-00781,Completed,Procurement
FIN-006018,2026-02-08,Operating Expense,Outflow,26829.18,EXP-202602-Maintenance,Completed,Maintenance
FIN-000855,2026-02-09,Customer Receipt,Inflow,17777.5,SO-001553,Completed,Sales
FIN-001524,2026-02-09,Customer Receipt,Inflow,136833.48,SO-002814,Completed,Sales
FIN-001605,2026-02-09,Customer Receipt,Inflow,9013.27,SO-002966,Completed,Sales
FIN-003124,2026-02-09,Customer Receipt,Inflow,113247.18,SO-005655,Completed,Sales
FIN-003180,2026-02-09,Customer Receipt,Inflow,22281.35,SO-005758,Completed,Sales
FIN-003291,2026-02-09,Customer Receipt,Inflow,61252.5,SO-005957,Completed,Sales
FIN-003791,2026-02-09,Customer Receipt,Inflow,82840.38,SO-006853,Completed,Sales
FIN-000344,2026-02-10,Customer Receipt,Inflow,16836.39,SO-000631,Completed,Sales
FIN-001076,2026-02-10,Customer Receipt,Inflow,49983.52,SO-001958,Completed,Sales
FIN-002105,2026-02-10,Customer Receipt,Inflow,100911.42,SO-003917,Completed,Sales
FIN-002815,2026-02-10,Customer Receipt,Inflow,4662.84,SO-005132,Completed,Sales
FIN-005852,2026-02-10,Supplier Payment,Outflow,60027.8,PO-00812,Completed,Procurement
FIN-000494,2026-02-11,Customer Receipt,Inflow,44102.3,SO-000896,Completed,Sales
FIN-000925,2026-02-11,Customer Receipt,Inflow,149615.7,SO-001675,Completed,Sales
FIN-001530,2026-02-11,Customer Receipt,Inflow,26732.7,SO-002822,Completed,Sales
FIN-004313,2026-02-11,Customer Receipt,Inflow,33334.44,SO-007810,Completed,Sales
FIN-004447,2026-02-11,Customer Receipt,Inflow,68938.8,SO-008044,Completed,Sales
FIN-000187,2026-02-12,Customer Receipt,Inflow,73409.22,SO-000347,Completed,Sales
FIN-000654,2026-02-12,Customer Receipt,Inflow,159354.0,SO-001191,Completed,Sales
FIN-001539,2026-02-12,Customer Receipt,Inflow,88881.3,SO-002838,Completed,Sales
FIN-002215,2026-02-12,Customer Receipt,Inflow,10637.4,SO-004120,Completed,Sales
FIN-003645,2026-02-12,Customer Receipt,Inflow,11461.9,SO-006609,Completed,Sales
FIN-004436,2026-02-12,Customer Receipt,Inflow,38537.22,SO-008028,Completed,Sales
FIN-000455,2026-02-13,Customer Receipt,Inflow,10875.44,SO-000828,Completed,Sales
FIN-000518,2026-02-13,Customer Receipt,Inflow,63711.18,SO-000934,Completed,Sales
FIN-001724,2026-02-13,Customer Receipt,Inflow,9882.08,SO-003207,Completed,Sales
FIN-002612,2026-02-13,Customer Receipt,Inflow,58512.13,SO-004774,Completed,Sales
FIN-003643,2026-02-13,Customer Receipt,Inflow,49565.64,SO-006607,Completed,Sales
FIN-003934,2026-02-13,Customer Receipt,Inflow,37970.4,SO-007131,Completed,Sales
FIN-004930,2026-02-13,Customer Receipt,Inflow,51292.76,SO-008884,Completed,Sales
FIN-004937,2026-02-13,Customer Receipt,Inflow,4773.76,SO-008902,Completed,Sales
FIN-005103,2026-02-13,Customer Receipt,Inflow,6491.0,SO-009218,Completed,Sales
FIN-005633,2026-02-13,Supplier Payment,Outflow,246792.5,PO-00223,Completed,Procurement
FIN-000483,2026-02-14,Customer Receipt,Inflow,7541.8,SO-000877,Completed,Sales
FIN-000988,2026-02-14,Customer Receipt,Inflow,30635.85,SO-001782,Completed,Sales
FIN-002337,2026-02-14,Customer Receipt,Inflow,12322.2,SO-004323,Completed,Sales
FIN-002373,2026-02-14,Customer Receipt,Inflow,8636.4,SO-004380,Completed,Sales
FIN-002655,2026-02-14,Customer Receipt,Inflow,10429.56,SO-004840,Completed,Sales
FIN-003636,2026-02-14,Customer Receipt,Inflow,36289.66,SO-006592,Completed,Sales
FIN-000569,2026-02-15,Customer Receipt,Inflow,75124.62,SO-001024,Completed,Sales
FIN-001179,2026-02-15,Customer Receipt,Inflow,42919.04,SO-002144,Completed,Sales
FIN-002176,2026-02-15,Customer Receipt,Inflow,34942.48,SO-004048,Completed,Sales
FIN-002356,2026-02-15,Customer Receipt,Inflow,121967.3,SO-004347,Completed,Sales
FIN-002496,2026-02-15,Customer Receipt,Inflow,131884.8,SO-004580,Completed,Sales
FIN-002705,2026-02-15,Customer Receipt,Inflow,11119.44,SO-004947,Completed,Sales
FIN-002813,2026-02-15,Customer Receipt,Inflow,17913.12,SO-005129,Completed,Sales
FIN-003238,2026-02-15,Customer Receipt,Inflow,38132.62,SO-005871,Completed,Sales
FIN-003551,2026-02-15,Customer Receipt,Inflow,35923.95,SO-006453,Completed,Sales
FIN-001655,2026-02-16,Customer Receipt,Inflow,18028.08,SO-003071,Completed,Sales
FIN-002240,2026-02-16,Customer Receipt,Inflow,14279.31,SO-004157,Completed,Sales
FIN-002368,2026-02-16,Customer Receipt,Inflow,42365.3,SO-004375,Completed,Sales
FIN-003295,2026-02-16,Customer Receipt,Inflow,13507.0,SO-005962,Completed,Sales
FIN-003959,2026-02-16,Customer Receipt,Inflow,6072.27,SO-007167,Completed,Sales
FIN-004460,2026-02-16,Customer Receipt,Inflow,124416.81,SO-008063,Completed,Sales
FIN-001626,2026-02-17,Customer Receipt,Inflow,31689.3,SO-003013,Completed,Sales
FIN-001969,2026-02-17,Customer Receipt,Inflow,113423.92,SO-003644,Completed,Sales
FIN-003962,2026-02-17,Customer Receipt,Inflow,86708.0,SO-007170,Completed,Sales
FIN-005186,2026-02-17,Customer Receipt,Inflow,9050.16,SO-009362,Completed,Sales
FIN-006016,2026-02-17,Operating Expense,Outflow,9800.29,EXP-202602-Utilities,Completed,Utilities
FIN-000645,2026-02-18,Customer Receipt,Inflow,46393.07,SO-001175,Completed,Sales
FIN-000671,2026-02-18,Customer Receipt,Inflow,17923.2,SO-001217,Completed,Sales
FIN-001030,2026-02-18,Customer Receipt,Inflow,35528.35,SO-001858,Completed,Sales
FIN-001738,2026-02-18,Customer Receipt,Inflow,42549.6,SO-003226,Completed,Sales
FIN-001785,2026-02-18,Customer Receipt,Inflow,6165.08,SO-003303,Completed,Sales
FIN-002928,2026-02-18,Customer Receipt,Inflow,88878.02,SO-005338,Completed,Sales
FIN-003307,2026-02-18,Customer Receipt,Inflow,18249.14,SO-005988,Completed,Sales
FIN-003691,2026-02-18,Customer Receipt,Inflow,83550.45,SO-006683,Completed,Sales
FIN-004017,2026-02-18,Customer Receipt,Inflow,25571.3,SO-007278,Completed,Sales
FIN-004211,2026-02-18,Customer Receipt,Inflow,30037.92,SO-007621,Completed,Sales
FIN-005456,2026-02-18,Customer Receipt,Inflow,34282.6,SO-009849,Completed,Sales
FIN-005888,2026-02-18,Supplier Payment,Outflow,103097.5,PO-00924,Completed,Procurement
FIN-006015,2026-02-18,Operating Expense,Outflow,47897.78,EXP-202602-Rent,Completed,Rent
FIN-006017,2026-02-18,Operating Expense,Outflow,187029.11,EXP-202602-Salaries,Completed,Salaries
FIN-000445,2026-02-19,Customer Receipt,Inflow,47557.76,SO-000801,Completed,Sales
FIN-000776,2026-02-19,Customer Receipt,Inflow,28588.5,SO-001398,Completed,Sales
FIN-001224,2026-02-19,Customer Receipt,Inflow,58626.96,SO-002224,Completed,Sales
FIN-001781,2026-02-19,Customer Receipt,Inflow,112600.53,SO-003295,Completed,Sales
FIN-002232,2026-02-19,Customer Receipt,Inflow,16859.44,SO-004144,Completed,Sales
FIN-002585,2026-02-19,Customer Receipt,Inflow,131067.57,SO-004735,Completed,Sales
FIN-003148,2026-02-19,Customer Receipt,Inflow,73546.92,SO-005698,Completed,Sales
FIN-004143,2026-02-19,Customer Receipt,Inflow,19735.76,SO-007511,Completed,Sales
FIN-002311,2026-02-20,Customer Receipt,Inflow,65113.95,SO-004276,Completed,Sales
FIN-004165,2026-02-20,Customer Receipt,Inflow,12471.4,SO-007547,Completed,Sales
FIN-004484,2026-02-20,Customer Receipt,Inflow,123361.5,SO-008106,Completed,Sales
FIN-004520,2026-02-20,Customer Receipt,Inflow,21333.52,SO-008172,Completed,Sales
FIN-005348,2026-02-20,Customer Receipt,Inflow,41448.5,SO-009642,Completed,Sales
FIN-000911,2026-02-21,Customer Receipt,Inflow,141958.8,SO-001650,Completed,Sales
FIN-001703,2026-02-21,Customer Receipt,Inflow,7830.76,SO-003165,Completed,Sales
FIN-002202,2026-02-21,Customer Receipt,Inflow,43200.63,SO-004098,Completed,Sales
FIN-002509,2026-02-21,Customer Receipt,Inflow,11523.88,SO-004604,Completed,Sales
FIN-002929,2026-02-21,Customer Receipt,Inflow,16747.64,SO-005341,Completed,Sales
FIN-004384,2026-02-21,Customer Receipt,Inflow,9303.75,SO-007930,Completed,Sales
FIN-004432,2026-02-21,Customer Receipt,Inflow,33343.87,SO-008021,Completed,Sales
FIN-004645,2026-02-21,Customer Receipt,Inflow,60684.56,SO-008409,Completed,Sales
FIN-005198,2026-02-21,Customer Receipt,Inflow,93631.44,SO-009385,Completed,Sales
FIN-005663,2026-02-21,Supplier Payment,Outflow,89360.0,PO-00292,Completed,Procurement
FIN-005712,2026-02-21,Supplier Payment,Outflow,585400.0,PO-00448,Completed,Procurement
FIN-001452,2026-02-22,Customer Receipt,Inflow,5101.69,SO-002670,Completed,Sales
FIN-001532,2026-02-22,Customer Receipt,Inflow,6436.49,SO-002829,Completed,Sales
FIN-002214,2026-02-22,Customer Receipt,Inflow,11199.36,SO-004119,Completed,Sales
FIN-001173,2026-02-23,Customer Receipt,Inflow,45101.76,SO-002127,Completed,Sales
FIN-002731,2026-02-23,Customer Receipt,Inflow,19989.18,SO-005001,Completed,Sales
FIN-002776,2026-02-23,Customer Receipt,Inflow,29363.12,SO-005072,Completed,Sales
FIN-003742,2026-02-23,Customer Receipt,Inflow,58507.08,SO-006765,Completed,Sales
FIN-003994,2026-02-23,Customer Receipt,Inflow,5443.92,SO-007231,Completed,Sales
FIN-004064,2026-02-23,Customer Receipt,Inflow,43594.2,SO-007365,Completed,Sales
FIN-004301,2026-02-23,Customer Receipt,Inflow,56536.56,SO-007793,Completed,Sales
FIN-000021,2026-02-24,Customer Receipt,Inflow,37168.35,SO-000035,Completed,Sales
FIN-000038,2026-02-24,Customer Receipt,Inflow,16379.82,SO-000064,Completed,Sales
FIN-000319,2026-02-24,Customer Receipt,Inflow,68404.77,SO-000593,Completed,Sales
FIN-000940,2026-02-24,Customer Receipt,Inflow,14412.84,SO-001697,Completed,Sales
FIN-001245,2026-02-24,Customer Receipt,Inflow,119675.11,SO-002266,Completed,Sales
FIN-002037,2026-02-24,Customer Receipt,Inflow,13443.53,SO-003786,Completed,Sales
FIN-003797,2026-02-24,Customer Receipt,Inflow,7782.64,SO-006861,Completed,Sales
FIN-003916,2026-02-24,Customer Receipt,Inflow,114531.3,SO-007103,Completed,Sales
FIN-005223,2026-02-24,Customer Receipt,Inflow,46513.2,SO-009437,Completed,Sales
FIN-005321,2026-02-24,Customer Receipt,Inflow,14965.68,SO-009603,Completed,Sales
FIN-005435,2026-02-24,Customer Receipt,Inflow,18488.6,SO-009804,Completed,Sales
FIN-005559,2026-02-24,Supplier Payment,Outflow,406286.0,PO-00018,Completed,Procurement
FIN-005579,2026-02-24,Supplier Payment,Outflow,84784.5,PO-00063,Completed,Procurement
FIN-005767,2026-02-24,Supplier Payment,Outflow,175680.0,PO-00585,Completed,Procurement
FIN-000879,2026-02-25,Customer Receipt,Inflow,97915.55,SO-001597,Completed,Sales
FIN-001880,2026-02-25,Customer Receipt,Inflow,27936.95,SO-003487,Completed,Sales
FIN-003706,2026-02-25,Customer Receipt,Inflow,2171.0,SO-006704,Completed,Sales
FIN-004112,2026-02-25,Customer Receipt,Inflow,108511.2,SO-007447,Completed,Sales
FIN-004850,2026-02-25,Customer Receipt,Inflow,38138.66,SO-008757,Completed,Sales
FIN-000958,2026-02-26,Customer Receipt,Inflow,34434.48,SO-001733,Completed,Sales
FIN-001721,2026-02-26,Customer Receipt,Inflow,39142.9,SO-003203,Completed,Sales
FIN-002566,2026-02-26,Customer Receipt,Inflow,5977.58,SO-004701,Completed,Sales
FIN-002971,2026-02-26,Customer Receipt,Inflow,17273.2,SO-005408,Completed,Sales
FIN-003206,2026-02-26,Customer Receipt,Inflow,35892.36,SO-005806,Completed,Sales
FIN-003225,2026-02-26,Customer Receipt,Inflow,2054.99,SO-005852,Completed,Sales
FIN-003746,2026-02-26,Customer Receipt,Inflow,12954.9,SO-006769,Completed,Sales
FIN-005031,2026-02-26,Customer Receipt,Inflow,452.01,SO-009088,Completed,Sales
FIN-005483,2026-02-26,Customer Receipt,Inflow,90176.32,SO-009889,Completed,Sales
FIN-002343,2026-02-27,Customer Receipt,Inflow,6591.9,SO-004330,Completed,Sales
FIN-003631,2026-02-27,Customer Receipt,Inflow,5881.48,SO-006586,Completed,Sales
FIN-004146,2026-02-27,Customer Receipt,Inflow,135701.19,SO-007515,Completed,Sales
FIN-005748,2026-02-27,Supplier Payment,Outflow,192601.5,PO-00544,Completed,Procurement
FIN-000075,2026-02-28,Customer Receipt,Inflow,58707.1,SO-000127,Completed,Sales
FIN-000607,2026-02-28,Customer Receipt,Inflow,49156.18,SO-001101,Completed,Sales
FIN-001102,2026-02-28,Customer Receipt,Inflow,5813.13,SO-002012,Completed,Sales
FIN-001211,2026-02-28,Customer Receipt,Inflow,18907.5,SO-002205,Completed,Sales
FIN-001288,2026-02-28,Customer Receipt,Inflow,7391.72,SO-002364,Completed,Sales
FIN-001939,2026-02-28,Customer Receipt,Inflow,58752.72,SO-003589,Completed,Sales
FIN-003202,2026-02-28,Customer Receipt,Inflow,118248.95,SO-005799,Completed,Sales
FIN-003264,2026-02-28,Customer Receipt,Inflow,11839.65,SO-005912,Completed,Sales
FIN-004698,2026-02-28,Customer Receipt,Inflow,93242.25,SO-008496,Completed,Sales
FIN-000268,2026-03-01,Customer Receipt,Inflow,1634.22,SO-000500,Completed,Sales
FIN-000984,2026-03-01,Customer Receipt,Inflow,88340.5,SO-001777,Completed,Sales
FIN-001260,2026-03-01,Customer Receipt,Inflow,21581.98,SO-002297,Completed,Sales
FIN-002320,2026-03-01,Customer Receipt,Inflow,158800.81,SO-004293,Completed,Sales
FIN-003179,2026-03-01,Customer Receipt,Inflow,28019.43,SO-005757,Completed,Sales
FIN-004136,2026-03-01,Customer Receipt,Inflow,6292.15,SO-007491,Completed,Sales
FIN-005331,2026-03-01,Customer Receipt,Inflow,8448.0,SO-009618,Completed,Sales
FIN-005492,2026-03-01,Customer Receipt,Inflow,85918.59,SO-009905,Completed,Sales
FIN-005861,2026-03-01,Supplier Payment,Outflow,92782.0,PO-00842,Completed,Procurement
FIN-006026,2026-03-01,Operating Expense,Outflow,10341.29,EXP-202603-Transport,Completed,Transport
FIN-000371,2026-03-02,Customer Receipt,Inflow,22398.72,SO-000672,Completed,Sales
FIN-000544,2026-03-02,Customer Receipt,Inflow,11348.5,SO-000977,Completed,Sales
FIN-001599,2026-03-02,Customer Receipt,Inflow,153179.25,SO-002955,Completed,Sales
FIN-001653,2026-03-02,Customer Receipt,Inflow,29779.84,SO-003069,Completed,Sales
FIN-003715,2026-03-02,Customer Receipt,Inflow,9952.24,SO-006717,Completed,Sales
FIN-004367,2026-03-02,Customer Receipt,Inflow,6475.29,SO-007907,Completed,Sales
FIN-005840,2026-03-02,Supplier Payment,Outflow,425218.0,PO-00787,Completed,Procurement
FIN-000112,2026-03-03,Customer Receipt,Inflow,42093.59,SO-000197,Completed,Sales
FIN-000805,2026-03-03,Customer Receipt,Inflow,82529.59,SO-001454,Completed,Sales
FIN-001298,2026-03-03,Customer Receipt,Inflow,104657.49,SO-002377,Completed,Sales
FIN-001794,2026-03-03,Customer Receipt,Inflow,39476.36,SO-003319,Completed,Sales
FIN-003820,2026-03-03,Customer Receipt,Inflow,34425.15,SO-006909,Completed,Sales
FIN-004844,2026-03-03,Customer Receipt,Inflow,5486.36,SO-008749,Completed,Sales
FIN-003818,2026-03-04,Customer Receipt,Inflow,6261.86,SO-006906,Completed,Sales
FIN-004931,2026-03-04,Customer Receipt,Inflow,34179.11,SO-008889,Completed,Sales
FIN-000131,2026-03-05,Customer Receipt,Inflow,140652.96,SO-000232,Completed,Sales
FIN-000331,2026-03-05,Customer Receipt,Inflow,3509.65,SO-000611,Completed,Sales
FIN-001698,2026-03-05,Customer Receipt,Inflow,140945.75,SO-003155,Completed,Sales
FIN-002405,2026-03-05,Customer Receipt,Inflow,1604.04,SO-004428,Completed,Sales
FIN-002957,2026-03-05,Customer Receipt,Inflow,2246.79,SO-005384,Completed,Sales
FIN-003315,2026-03-05,Customer Receipt,Inflow,25515.29,SO-005998,Completed,Sales
FIN-003780,2026-03-05,Customer Receipt,Inflow,61387.76,SO-006830,Completed,Sales
FIN-004556,2026-03-05,Customer Receipt,Inflow,105564.6,SO-008249,Completed,Sales
FIN-005317,2026-03-05,Customer Receipt,Inflow,26428.84,SO-009595,Completed,Sales
FIN-000137,2026-03-06,Customer Receipt,Inflow,15438.72,SO-000243,Completed,Sales
FIN-000921,2026-03-06,Customer Receipt,Inflow,23235.42,SO-001671,Completed,Sales
FIN-001804,2026-03-06,Customer Receipt,Inflow,1452.64,SO-003334,Completed,Sales
FIN-002145,2026-03-06,Customer Receipt,Inflow,68612.04,SO-003994,Completed,Sales
FIN-002842,2026-03-06,Customer Receipt,Inflow,24987.76,SO-005183,Completed,Sales
FIN-004923,2026-03-06,Customer Receipt,Inflow,16890.25,SO-008875,Completed,Sales
FIN-005678,2026-03-06,Supplier Payment,Outflow,23987.2,PO-00346,Completed,Procurement
FIN-006024,2026-03-06,Operating Expense,Outflow,16536.54,EXP-202603-Maintenance,Completed,Maintenance
FIN-000003,2026-03-07,Customer Receipt,Inflow,41611.32,SO-000006,Completed,Sales
FIN-000220,2026-03-07,Customer Receipt,Inflow,94189.5,SO-000407,Completed,Sales
FIN-000418,2026-03-07,Customer Receipt,Inflow,45692.88,SO-000753,Completed,Sales
FIN-000691,2026-03-07,Customer Receipt,Inflow,5340.23,SO-001257,Completed,Sales
FIN-001489,2026-03-07,Customer Receipt,Inflow,7828.58,SO-002731,Completed,Sales
FIN-002448,2026-03-07,Customer Receipt,Inflow,98604.48,SO-004507,Completed,Sales
FIN-002462,2026-03-07,Customer Receipt,Inflow,18237.34,SO-004527,Completed,Sales
FIN-000444,2026-03-08,Customer Receipt,Inflow,36083.7,SO-000797,Completed,Sales
FIN-001074,2026-03-08,Customer Receipt,Inflow,11054.28,SO-001950,Completed,Sales
FIN-001204,2026-03-08,Customer Receipt,Inflow,29841.97,SO-002190,Completed,Sales
FIN-002875,2026-03-08,Customer Receipt,Inflow,69042.51,SO-005246,Completed,Sales
FIN-003411,2026-03-08,Customer Receipt,Inflow,2557.13,SO-006165,Completed,Sales
FIN-001555,2026-03-09,Customer Receipt,Inflow,8674.62,SO-002872,Completed,Sales
FIN-002233,2026-03-09,Customer Receipt,Inflow,43317.72,SO-004148,Completed,Sales
FIN-003022,2026-03-09,Customer Receipt,Inflow,165059.18,SO-005486,Completed,Sales
FIN-003157,2026-03-09,Customer Receipt,Inflow,72039.45,SO-005714,Completed,Sales
FIN-005092,2026-03-09,Customer Receipt,Inflow,783.48,SO-009200,Completed,Sales
FIN-005215,2026-03-09,Customer Receipt,Inflow,42146.0,SO-009419,Completed,Sales
FIN-005832,2026-03-09,Supplier Payment,Outflow,214157.5,PO-00763,Completed,Procurement
FIN-006021,2026-03-09,Operating Expense,Outflow,32453.85,EXP-202603-Rent,Completed,Rent
FIN-000015,2026-03-10,Customer Receipt,Inflow,19530.92,SO-000027,Completed,Sales
FIN-000222,2026-03-10,Customer Receipt,Inflow,18085.9,SO-000410,Completed,Sales
FIN-000384,2026-03-10,Customer Receipt,Inflow,63882.27,SO-000693,Completed,Sales
FIN-000989,2026-03-10,Customer Receipt,Inflow,68242.5,SO-001784,Completed,Sales
FIN-002340,2026-03-10,Customer Receipt,Inflow,30386.51,SO-004327,Completed,Sales
FIN-002556,2026-03-10,Customer Receipt,Inflow,66430.65,SO-004682,Completed,Sales
FIN-002805,2026-03-10,Customer Receipt,Inflow,43732.26,SO-005116,Completed,Sales
FIN-003478,2026-03-10,Customer Receipt,Inflow,24021.4,SO-006301,Completed,Sales
FIN-004004,2026-03-10,Customer Receipt,Inflow,61252.5,SO-007257,Completed,Sales
FIN-004536,2026-03-10,Customer Receipt,Inflow,79298.21,SO-008199,Completed,Sales
FIN-005518,2026-03-10,Customer Receipt,Inflow,114261.2,SO-009939,Completed,Sales
FIN-006022,2026-03-10,Operating Expense,Outflow,12765.68,EXP-202603-Utilities,Completed,Utilities
FIN-000394,2026-03-11,Customer Receipt,Inflow,94090.36,SO-000715,Completed,Sales
FIN-000465,2026-03-11,Customer Receipt,Inflow,100266.66,SO-000847,Completed,Sales
FIN-000497,2026-03-11,Customer Receipt,Inflow,44357.04,SO-000901,Completed,Sales
FIN-000707,2026-03-11,Customer Receipt,Inflow,7998.4,SO-001287,Completed,Sales
FIN-001119,2026-03-11,Customer Receipt,Inflow,108224.64,SO-002044,Completed,Sales
FIN-002165,2026-03-11,Customer Receipt,Inflow,47089.83,SO-004032,Completed,Sales
FIN-002999,2026-03-11,Customer Receipt,Inflow,107138.0,SO-005451,Completed,Sales
FIN-004400,2026-03-11,Customer Receipt,Inflow,83575.52,SO-007969,Completed,Sales
FIN-005445,2026-03-11,Customer Receipt,Inflow,643.28,SO-009823,Completed,Sales
FIN-005639,2026-03-11,Supplier Payment,Outflow,655788.0,PO-00231,Completed,Procurement
FIN-000551,2026-03-12,Customer Receipt,Inflow,13999.2,SO-000990,Completed,Sales
FIN-001780,2026-03-12,Customer Receipt,Inflow,26667.12,SO-003294,Completed,Sales
FIN-005356,2026-03-12,Customer Receipt,Inflow,56995.77,SO-009653,Completed,Sales
FIN-006023,2026-03-12,Operating Expense,Outflow,231775.07,EXP-202603-Salaries,Completed,Salaries
FIN-000213,2026-03-13,Customer Receipt,Inflow,63381.34,SO-000394,Completed,Sales
FIN-001234,2026-03-13,Customer Receipt,Inflow,33625.2,SO-002245,Completed,Sales
FIN-001300,2026-03-13,Customer Receipt,Inflow,132702.24,SO-002381,Completed,Sales
FIN-001815,2026-03-13,Customer Receipt,Inflow,45101.76,SO-003352,Completed,Sales
FIN-001925,2026-03-13,Customer Receipt,Inflow,104117.69,SO-003571,Completed,Sales
FIN-002446,2026-03-13,Customer Receipt,Inflow,8427.7,SO-004505,Completed,Sales
FIN-003129,2026-03-13,Customer Receipt,Inflow,63666.0,SO-005661,Completed,Sales
FIN-003159,2026-03-13,Customer Receipt,Inflow,95918.97,SO-005718,Completed,Sales
FIN-004270,2026-03-13,Customer Receipt,Inflow,22814.77,SO-007731,Completed,Sales
FIN-005073,2026-03-13,Customer Receipt,Inflow,13047.84,SO-009163,Completed,Sales
FIN-000117,2026-03-14,Customer Receipt,Inflow,627.8,SO-000211,Completed,Sales
FIN-001062,2026-03-14,Customer Receipt,Inflow,59696.8,SO-001920,Completed,Sales
FIN-001322,2026-03-14,Customer Receipt,Inflow,13911.36,SO-002424,Completed,Sales
FIN-002074,2026-03-14,Customer Receipt,Inflow,16783.58,SO-003854,Completed,Sales
FIN-003752,2026-03-14,Customer Receipt,Inflow,39808.96,SO-006778,Completed,Sales
FIN-004011,2026-03-14,Customer Receipt,Inflow,40830.88,SO-007267,Completed,Sales
FIN-005549,2026-03-14,Customer Receipt,Inflow,56369.46,SO-009987,Completed,Sales
FIN-005640,2026-03-14,Supplier Payment,Outflow,126688.0,PO-00232,Completed,Procurement
FIN-001249,2026-03-15,Customer Receipt,Inflow,1196.26,SO-002271,Completed,Sales
FIN-001512,2026-03-15,Customer Receipt,Inflow,9792.12,SO-002788,Completed,Sales
FIN-001651,2026-03-15,Customer Receipt,Inflow,20887.6,SO-003065,Completed,Sales
FIN-001861,2026-03-15,Customer Receipt,Inflow,6193.2,SO-003446,Completed,Sales
FIN-001981,2026-03-15,Customer Receipt,Inflow,52320.52,SO-003666,Completed,Sales
FIN-003046,2026-03-15,Customer Receipt,Inflow,95667.25,SO-005525,Completed,Sales
FIN-003227,2026-03-15,Customer Receipt,Inflow,42154.32,SO-005854,Completed,Sales
FIN-003284,2026-03-15,Customer Receipt,Inflow,64611.8,SO-005943,Completed,Sales
FIN-003447,2026-03-15,Customer Receipt,Inflow,2642.13,SO-006243,Completed,Sales
FIN-003689,2026-03-15,Customer Receipt,Inflow,5856.15,SO-006676,Completed,Sales
FIN-003700,2026-03-15,Customer Receipt,Inflow,9155.75,SO-006696,Completed,Sales
FIN-004718,2026-03-15,Customer Receipt,Inflow,55782.87,SO-008525,Completed,Sales
FIN-005009,2026-03-15,Customer Receipt,Inflow,128670.57,SO-009041,Completed,Sales
FIN-005395,2026-03-15,Customer Receipt,Inflow,156059.8,SO-009722,Completed,Sales
FIN-000264,2026-03-16,Customer Receipt,Inflow,126779.25,SO-000494,Completed,Sales
FIN-001552,2026-03-16,Customer Receipt,Inflow,63790.86,SO-002866,Completed,Sales
FIN-001792,2026-03-16,Customer Receipt,Inflow,103718.79,SO-003317,Completed,Sales
FIN-002504,2026-03-16,Customer Receipt,Inflow,78237.9,SO-004595,Completed,Sales
FIN-002557,2026-03-16,Customer Receipt,Inflow,48903.52,SO-004684,Completed,Sales
FIN-000084,2026-03-17,Customer Receipt,Inflow,71233.68,SO-000145,Completed,Sales
FIN-001887,2026-03-17,Customer Receipt,Inflow,43961.6,SO-003498,Completed,Sales
FIN-003834,2026-03-17,Customer Receipt,Inflow,19425.87,SO-006936,Completed,Sales
FIN-003848,2026-03-17,Customer Receipt,Inflow,112738.92,SO-006967,Completed,Sales
FIN-003893,2026-03-17,Customer Receipt,Inflow,13527.12,SO-007057,Completed,Sales
FIN-004616,2026-03-17,Customer Receipt,Inflow,112260.4,SO-008358,Completed,Sales
FIN-004917,2026-03-17,Customer Receipt,Inflow,17483.62,SO-008864,Completed,Sales
FIN-005683,2026-03-17,Supplier Payment,Outflow,209870.0,PO-00369,Completed,Procurement
FIN-000184,2026-03-18,Customer Receipt,Inflow,69716.46,SO-000342,Completed,Sales
FIN-000281,2026-03-18,Customer Receipt,Inflow,18144.83,SO-000524,Completed,Sales
FIN-001607,2026-03-18,Customer Receipt,Inflow,19547.64,SO-002974,Completed,Sales
FIN-002975,2026-03-18,Customer Receipt,Inflow,4203.15,SO-005417,Completed,Sales
FIN-004928,2026-03-18,Customer Receipt,Inflow,38128.77,SO-008882,Completed,Sales
FIN-006025,2026-03-18,Operating Expense,Outflow,4383.52,EXP-202603-Software,Completed,Software
FIN-000177,2026-03-19,Customer Receipt,Inflow,11206.71,SO-000324,Completed,Sales
FIN-000347,2026-03-19,Customer Receipt,Inflow,26884.8,SO-000635,Completed,Sales
FIN-000748,2026-03-19,Customer Receipt,Inflow,17011.5,SO-001350,Completed,Sales
FIN-001058,2026-03-19,Customer Receipt,Inflow,59873.25,SO-001913,Completed,Sales
FIN-001756,2026-03-19,Customer Receipt,Inflow,3959.85,SO-003255,Completed,Sales
FIN-002503,2026-03-19,Customer Receipt,Inflow,61515.48,SO-004594,Completed,Sales
FIN-002523,2026-03-19,Customer Receipt,Inflow,179840.36,SO-004631,Completed,Sales
FIN-002749,2026-03-19,Customer Receipt,Inflow,160719.75,SO-005035,Completed,Sales
FIN-004912,2026-03-19,Customer Receipt,Inflow,67629.75,SO-008857,Completed,Sales
FIN-001222,2026-03-20,Customer Receipt,Inflow,15551.38,SO-002220,Completed,Sales
FIN-003407,2026-03-20,Customer Receipt,Inflow,17899.91,SO-006158,Completed,Sales
FIN-003534,2026-03-20,Customer Receipt,Inflow,79930.44,SO-006417,Completed,Sales
FIN-000041,2026-03-21,Customer Receipt,Inflow,12619.6,SO-000069,Completed,Sales
FIN-001006,2026-03-21,Customer Receipt,Inflow,44619.12,SO-001816,Completed,Sales
FIN-001014,2026-03-21,Customer Receipt,Inflow,79219.35,SO-001830,Completed,Sales
FIN-001194,2026-03-21,Customer Receipt,Inflow,108967.6,SO-002173,Completed,Sales
FIN-001995,2026-03-21,Customer Receipt,Inflow,146267.7,SO-003702,Completed,Sales
FIN-002451,2026-03-21,Customer Receipt,Inflow,37706.9,SO-004512,Completed,Sales
FIN-003306,2026-03-21,Customer Receipt,Inflow,47320.2,SO-005985,Completed,Sales
FIN-003319,2026-03-21,Customer Receipt,Inflow,3862.8,SO-006005,Completed,Sales
FIN-005061,2026-03-21,Customer Receipt,Inflow,69642.72,SO-009141,Completed,Sales
FIN-005274,2026-03-21,Customer Receipt,Inflow,52925.59,SO-009526,Completed,Sales
FIN-000593,2026-03-22,Customer Receipt,Inflow,72536.49,SO-001073,Completed,Sales
FIN-001104,2026-03-22,Customer Receipt,Inflow,19472.18,SO-002015,Completed,Sales
FIN-001236,2026-03-22,Customer Receipt,Inflow,42138.5,SO-002247,Completed,Sales
FIN-002425,2026-03-22,Customer Receipt,Inflow,15246.84,SO-004464,Completed,Sales
FIN-002949,2026-03-22,Customer Receipt,Inflow,55667.4,SO-005373,Completed,Sales
FIN-003001,2026-03-22,Customer Receipt,Inflow,16142.64,SO-005459,Completed,Sales
FIN-003290,2026-03-22,Customer Receipt,Inflow,49869.4,SO-005956,Completed,Sales
FIN-003705,2026-03-22,Customer Receipt,Inflow,118218.79,SO-006703,Completed,Sales
FIN-004581,2026-03-22,Customer Receipt,Inflow,23303.97,SO-008297,Completed,Sales
FIN-005449,2026-03-22,Customer Receipt,Inflow,94674.72,SO-009829,Completed,Sales
FIN-005841,2026-03-22,Supplier Payment,Outflow,22051.4,PO-00788,Completed,Procurement
FIN-000785,2026-03-23,Customer Receipt,Inflow,113412.24,SO-001417,Completed,Sales
FIN-002334,2026-03-23,Customer Receipt,Inflow,3348.15,SO-004318,Completed,Sales
FIN-003349,2026-03-23,Customer Receipt,Inflow,54354.72,SO-006052,Completed,Sales
FIN-003866,2026-03-23,Customer Receipt,Inflow,12918.5,SO-007006,Completed,Sales
FIN-003946,2026-03-23,Customer Receipt,Inflow,106310.64,SO-007149,Completed,Sales
FIN-004161,2026-03-23,Customer Receipt,Inflow,63610.56,SO-007540,Completed,Sales
FIN-005290,2026-03-23,Customer Receipt,Inflow,3476.52,SO-009553,Completed,Sales
FIN-001256,2026-03-24,Customer Receipt,Inflow,24067.62,SO-002291,Completed,Sales
FIN-001509,2026-03-24,Customer Receipt,Inflow,115189.52,SO-002779,Completed,Sales
FIN-001854,2026-03-24,Customer Receipt,Inflow,13840.52,SO-003436,Completed,Sales
FIN-002385,2026-03-24,Customer Receipt,Inflow,16345.14,SO-004396,Completed,Sales
FIN-002393,2026-03-24,Customer Receipt,Inflow,16398.0,SO-004406,Completed,Sales
FIN-002486,2026-03-24,Customer Receipt,Inflow,9821.06,SO-004565,Completed,Sales
FIN-003494,2026-03-24,Customer Receipt,Inflow,6267.84,SO-006331,Completed,Sales
FIN-003518,2026-03-24,Customer Receipt,Inflow,36474.68,SO-006388,Completed,Sales
FIN-003738,2026-03-24,Customer Receipt,Inflow,43550.64,SO-006757,Completed,Sales
FIN-004717,2026-03-24,Customer Receipt,Inflow,188960.7,SO-008524,Completed,Sales
FIN-004813,2026-03-24,Customer Receipt,Inflow,5744.64,SO-008698,Completed,Sales
FIN-005734,2026-03-24,Supplier Payment,Outflow,21562.1,PO-00506,Completed,Procurement
FIN-000509,2026-03-25,Customer Receipt,Inflow,52624.56,SO-000916,Completed,Sales
FIN-001529,2026-03-25,Customer Receipt,Inflow,16815.25,SO-002821,Completed,Sales
FIN-002154,2026-03-25,Customer Receipt,Inflow,119063.5,SO-004011,Completed,Sales
FIN-002295,2026-03-25,Customer Receipt,Inflow,124087.6,SO-004252,Completed,Sales
FIN-002974,2026-03-25,Customer Receipt,Inflow,59043.72,SO-005414,Completed,Sales
FIN-003495,2026-03-25,Customer Receipt,Inflow,16817.31,SO-006332,Completed,Sales
FIN-005157,2026-03-25,Customer Receipt,Inflow,14457.7,SO-009317,Completed,Sales
FIN-000338,2026-03-26,Customer Receipt,Inflow,170525.52,SO-000624,Completed,Sales
FIN-000655,2026-03-26,Customer Receipt,Inflow,20913.69,SO-001192,Completed,Sales
FIN-001099,2026-03-26,Customer Receipt,Inflow,27458.16,SO-002002,Completed,Sales
FIN-001846,2026-03-26,Customer Receipt,Inflow,54659.25,SO-003418,Completed,Sales
FIN-003581,2026-03-26,Customer Receipt,Inflow,6687.96,SO-006499,Completed,Sales
FIN-004150,2026-03-26,Customer Receipt,Inflow,34605.54,SO-007522,Completed,Sales
FIN-005411,2026-03-26,Customer Receipt,Inflow,11758.24,SO-009745,Completed,Sales
FIN-005827,2026-03-26,Supplier Payment,Outflow,135692.0,PO-00756,Completed,Procurement
FIN-000373,2026-03-27,Customer Receipt,Inflow,37792.14,SO-000676,Completed,Sales
FIN-001675,2026-03-27,Customer Receipt,Inflow,20620.81,SO-003107,Completed,Sales
FIN-002346,2026-03-27,Customer Receipt,Inflow,21937.44,SO-004337,Completed,Sales
FIN-002423,2026-03-27,Customer Receipt,Inflow,131590.8,SO-004461,Completed,Sales
FIN-002857,2026-03-27,Customer Receipt,Inflow,8355.04,SO-005207,Completed,Sales
FIN-004015,2026-03-27,Customer Receipt,Inflow,11627.2,SO-007275,Completed,Sales
FIN-004597,2026-03-27,Customer Receipt,Inflow,117041.76,SO-008324,Completed,Sales
FIN-005676,2026-03-27,Supplier Payment,Outflow,82508.0,PO-00335,Completed,Procurement
FIN-005744,2026-03-27,Supplier Payment,Outflow,422964.0,PO-00538,Completed,Procurement
FIN-000472,2026-03-28,Customer Receipt,Inflow,22413.42,SO-000858,Completed,Sales
FIN-000906,2026-03-28,Customer Receipt,Inflow,34851.96,SO-001644,Completed,Sales
FIN-001308,2026-03-28,Customer Receipt,Inflow,30245.4,SO-002399,Completed,Sales
FIN-001679,2026-03-28,Customer Receipt,Inflow,11156.76,SO-003116,Completed,Sales
FIN-004020,2026-03-28,Customer Receipt,Inflow,25929.36,SO-007288,Completed,Sales
FIN-005410,2026-03-28,Customer Receipt,Inflow,33799.2,SO-009744,Completed,Sales
FIN-000001,2026-03-29,Customer Receipt,Inflow,64079.96,SO-000003,Completed,Sales
FIN-001430,2026-03-29,Customer Receipt,Inflow,56847.66,SO-002633,Completed,Sales
FIN-002377,2026-03-29,Customer Receipt,Inflow,21867.79,SO-004385,Completed,Sales
FIN-002399,2026-03-29,Customer Receipt,Inflow,114249.2,SO-004418,Completed,Sales
FIN-003071,2026-03-29,Customer Receipt,Inflow,12576.76,SO-005571,Completed,Sales
FIN-003475,2026-03-29,Customer Receipt,Inflow,12400.22,SO-006292,Completed,Sales
FIN-003688,2026-03-29,Customer Receipt,Inflow,37743.0,SO-006675,Completed,Sales
FIN-004572,2026-03-29,Customer Receipt,Inflow,43207.45,SO-008275,Completed,Sales
FIN-004606,2026-03-29,Customer Receipt,Inflow,5944.72,SO-008340,Completed,Sales
FIN-005436,2026-03-29,Customer Receipt,Inflow,19812.26,SO-009805,Completed,Sales
FIN-000172,2026-03-30,Customer Receipt,Inflow,90110.86,SO-000312,Completed,Sales
FIN-000577,2026-03-30,Customer Receipt,Inflow,21546.32,SO-001042,Completed,Sales
FIN-000583,2026-03-30,Customer Receipt,Inflow,1390.71,SO-001050,Completed,Sales
FIN-000811,2026-03-30,Customer Receipt,Inflow,57584.93,SO-001463,Completed,Sales
FIN-001130,2026-03-30,Customer Receipt,Inflow,14200.86,SO-002059,Completed,Sales
FIN-001273,2026-03-30,Customer Receipt,Inflow,449.41,SO-002320,Completed,Sales
FIN-001611,2026-03-30,Customer Receipt,Inflow,41720.89,SO-002984,Completed,Sales
FIN-001801,2026-03-30,Customer Receipt,Inflow,135259.5,SO-003330,Completed,Sales
FIN-002156,2026-03-30,Customer Receipt,Inflow,63711.18,SO-004020,Completed,Sales
FIN-002395,2026-03-30,Customer Receipt,Inflow,39282.98,SO-004410,Completed,Sales
FIN-004060,2026-03-30,Customer Receipt,Inflow,76557.9,SO-007357,Completed,Sales
FIN-004908,2026-03-30,Customer Receipt,Inflow,105135.76,SO-008853,Completed,Sales
FIN-000591,2026-03-31,Customer Receipt,Inflow,128891.08,SO-001068,Completed,Sales
FIN-001419,2026-03-31,Customer Receipt,Inflow,86056.5,SO-002613,Completed,Sales
FIN-001787,2026-03-31,Customer Receipt,Inflow,101716.56,SO-003308,Completed,Sales
FIN-002040,2026-03-31,Customer Receipt,Inflow,105173.04,SO-003790,Completed,Sales
FIN-002846,2026-03-31,Customer Receipt,Inflow,1508.36,SO-005188,Completed,Sales
FIN-002891,2026-03-31,Customer Receipt,Inflow,89907.24,SO-005284,Completed,Sales
FIN-002955,2026-03-31,Customer Receipt,Inflow,24679.05,SO-005379,Completed,Sales
FIN-003042,2026-03-31,Customer Receipt,Inflow,53283.36,SO-005517,Completed,Sales
FIN-003070,2026-03-31,Customer Receipt,Inflow,83908.77,SO-005570,Completed,Sales
FIN-005121,2026-03-31,Customer Receipt,Inflow,69042.51,SO-009255,Completed,Sales
FIN-000011,2026-04-01,Customer Receipt,Inflow,100664.16,SO-000019,Completed,Sales
FIN-001103,2026-04-01,Customer Receipt,Inflow,74238.12,SO-002013,Completed,Sales
FIN-001278,2026-04-01,Customer Receipt,Inflow,123848.66,SO-002331,Completed,Sales
FIN-001325,2026-04-01,Customer Receipt,Inflow,12384.02,SO-002434,Completed,Sales
FIN-001803,2026-04-01,Customer Receipt,Inflow,50809.95,SO-003333,Completed,Sales
FIN-002943,2026-04-01,Customer Receipt,Inflow,17909.04,SO-005365,Completed,Sales
FIN-002984,2026-04-01,Customer Receipt,Inflow,64165.53,SO-005427,Completed,Sales
FIN-003398,2026-04-01,Customer Receipt,Inflow,22783.54,SO-006143,Completed,Sales
FIN-003929,2026-04-01,Customer Receipt,Inflow,83811.0,SO-007126,Completed,Sales
FIN-004507,2026-04-01,Customer Receipt,Inflow,43675.2,SO-008151,Completed,Sales
FIN-005424,2026-04-01,Customer Receipt,Inflow,79576.8,SO-009771,Completed,Sales
FIN-005599,2026-04-01,Supplier Payment,Outflow,194629.0,PO-00133,Completed,Procurement
FIN-006032,2026-04-01,Operating Expense,Outflow,25467.89,EXP-202604-Transport,Completed,Transport
FIN-001748,2026-04-02,Customer Receipt,Inflow,69496.5,SO-003239,Completed,Sales
FIN-002285,2026-04-02,Customer Receipt,Inflow,25046.14,SO-004238,Completed,Sales
FIN-004451,2026-04-02,Customer Receipt,Inflow,113683.68,SO-008049,Completed,Sales
FIN-004624,2026-04-02,Customer Receipt,Inflow,69249.75,SO-008374,Completed,Sales
FIN-004941,2026-04-02,Customer Receipt,Inflow,3746.49,SO-008907,Completed,Sales
FIN-005561,2026-04-02,Supplier Payment,Outflow,25048.9,PO-00023,Completed,Procurement
FIN-000743,2026-04-03,Customer Receipt,Inflow,904.36,SO-001338,Completed,Sales
FIN-001257,2026-04-03,Customer Receipt,Inflow,5893.1,SO-002294,Completed,Sales
FIN-001349,2026-04-03,Customer Receipt,Inflow,116416.23,SO-002472,Completed,Sales
FIN-001545,2026-04-03,Customer Receipt,Inflow,8729.98,SO-002849,Completed,Sales
FIN-002715,2026-04-03,Customer Receipt,Inflow,3241.17,SO-004968,Completed,Sales
FIN-003437,2026-04-03,Customer Receipt,Inflow,97044.48,SO-006224,Completed,Sales
FIN-003662,2026-04-03,Customer Receipt,Inflow,10426.46,SO-006637,Completed,Sales
FIN-004078,2026-04-03,Customer Receipt,Inflow,91281.32,SO-007391,Completed,Sales
FIN-004306,2026-04-03,Customer Receipt,Inflow,145566.72,SO-007799,Completed,Sales
FIN-004995,2026-04-03,Customer Receipt,Inflow,58505.72,SO-009012,Completed,Sales
FIN-005876,2026-04-03,Supplier Payment,Outflow,93910.0,PO-00892,Completed,Procurement
FIN-000097,2026-04-04,Customer Receipt,Inflow,105378.21,SO-000167,Completed,Sales
FIN-000526,2026-04-04,Customer Receipt,Inflow,10578.3,SO-000947,Completed,Sales
FIN-001206,2026-04-04,Customer Receipt,Inflow,6106.86,SO-002192,Completed,Sales
FIN-002193,2026-04-04,Customer Receipt,Inflow,6075.32,SO-004088,Completed,Sales
FIN-002578,2026-04-04,Customer Receipt,Inflow,5034.06,SO-004725,Completed,Sales
FIN-004182,2026-04-04,Customer Receipt,Inflow,77473.45,SO-007574,Completed,Sales
FIN-004826,2026-04-04,Customer Receipt,Inflow,11374.65,SO-008719,Completed,Sales
FIN-000731,2026-04-05,Customer Receipt,Inflow,6282.76,SO-001323,Completed,Sales
FIN-001057,2026-04-05,Customer Receipt,Inflow,43732.26,SO-001911,Completed,Sales
FIN-001732,2026-04-05,Customer Receipt,Inflow,38355.25,SO-003219,Completed,Sales
FIN-003542,2026-04-05,Customer Receipt,Inflow,33839.95,SO-006430,Completed,Sales
FIN-004564,2026-04-05,Customer Receipt,Inflow,148074.3,SO-008259,Completed,Sales
FIN-005477,2026-04-05,Customer Receipt,Inflow,37472.16,SO-009882,Completed,Sales
FIN-005746,2026-04-05,Supplier Payment,Outflow,368629.0,PO-00541,Completed,Procurement
FIN-000575,2026-04-06,Customer Receipt,Inflow,169827.84,SO-001038,Completed,Sales
FIN-001695,2026-04-06,Customer Receipt,Inflow,102625.11,SO-003145,Completed,Sales
FIN-001992,2026-04-06,Customer Receipt,Inflow,149004.7,SO-003692,Completed,Sales
FIN-004317,2026-04-06,Customer Receipt,Inflow,13501.32,SO-007822,Completed,Sales
FIN-005295,2026-04-06,Customer Receipt,Inflow,7675.5,SO-009560,Completed,Sales
FIN-005606,2026-04-06,Supplier Payment,Outflow,29749.0,PO-00151,Completed,Procurement
FIN-005618,2026-04-06,Supplier Payment,Outflow,634058.0,PO-00180,Completed,Procurement
FIN-001208,2026-04-07,Customer Receipt,Inflow,155639.52,SO-002197,Completed,Sales
FIN-001689,2026-04-07,Customer Receipt,Inflow,126203.36,SO-003132,Completed,Sales
FIN-001704,2026-04-07,Customer Receipt,Inflow,29859.31,SO-003169,Completed,Sales
FIN-002328,2026-04-07,Customer Receipt,Inflow,116860.52,SO-004310,Completed,Sales
FIN-002660,2026-04-07,Customer Receipt,Inflow,186564.54,SO-004853,Completed,Sales
FIN-002747,2026-04-07,Customer Receipt,Inflow,58674.75,SO-005028,Completed,Sales
FIN-004356,2026-04-07,Customer Receipt,Inflow,22896.54,SO-007888,Completed,Sales
FIN-004989,2026-04-07,Customer Receipt,Inflow,25955.51,SO-008999,Completed,Sales
FIN-005011,2026-04-07,Customer Receipt,Inflow,54907.45,SO-009044,Completed,Sales
FIN-005818,2026-04-07,Supplier Payment,Outflow,800462.0,PO-00740,Completed,Procurement
FIN-006030,2026-04-07,Operating Expense,Outflow,29844.12,EXP-202604-Maintenance,Completed,Maintenance
FIN-000721,2026-04-08,Customer Receipt,Inflow,149615.7,SO-001307,Completed,Sales
FIN-001190,2026-04-08,Customer Receipt,Inflow,30928.44,SO-002164,Completed,Sales
FIN-001546,2026-04-08,Customer Receipt,Inflow,74461.8,SO-002851,Completed,Sales
FIN-002573,2026-04-08,Customer Receipt,Inflow,83717.97,SO-004718,Completed,Sales
FIN-005043,2026-04-08,Customer Receipt,Inflow,103652.01,SO-009105,Completed,Sales
FIN-000258,2026-04-09,Customer Receipt,Inflow,78861.6,SO-000480,Completed,Sales
FIN-000637,2026-04-09,Customer Receipt,Inflow,48828.67,SO-001159,Completed,Sales
FIN-001348,2026-04-09,Customer Receipt,Inflow,19320.73,SO-002471,Completed,Sales
FIN-001508,2026-04-09,Customer Receipt,Inflow,11884.29,SO-002778,Completed,Sales
FIN-002366,2026-04-09,Customer Receipt,Inflow,108030.22,SO-004367,Completed,Sales
FIN-003004,2026-04-09,Customer Receipt,Inflow,108131.22,SO-005462,Completed,Sales
FIN-003072,2026-04-09,Customer Receipt,Inflow,114030.21,SO-005572,Completed,Sales
FIN-003078,2026-04-09,Customer Receipt,Inflow,10962.1,SO-005582,Completed,Sales
FIN-003622,2026-04-09,Customer Receipt,Inflow,138070.46,SO-006571,Completed,Sales
FIN-003896,2026-04-09,Customer Receipt,Inflow,77866.53,SO-007063,Completed,Sales
FIN-004585,2026-04-09,Customer Receipt,Inflow,78946.35,SO-008305,Completed,Sales
FIN-005515,2026-04-09,Customer Receipt,Inflow,60762.24,SO-009935,Completed,Sales
FIN-000391,2026-04-10,Customer Receipt,Inflow,12719.52,SO-000707,Completed,Sales
FIN-001411,2026-04-10,Customer Receipt,Inflow,32141.4,SO-002592,Completed,Sales
FIN-002127,2026-04-10,Customer Receipt,Inflow,182662.01,SO-003962,Completed,Sales
FIN-002762,2026-04-10,Customer Receipt,Inflow,7113.09,SO-005054,Completed,Sales
FIN-004480,2026-04-10,Customer Receipt,Inflow,15205.52,SO-008101,Completed,Sales
FIN-005119,2026-04-10,Customer Receipt,Inflow,6496.01,SO-009249,Completed,Sales
FIN-005409,2026-04-10,Customer Receipt,Inflow,35498.19,SO-009743,Completed,Sales
FIN-005745,2026-04-10,Supplier Payment,Outflow,717586.0,PO-00540,Completed,Procurement
FIN-000856,2026-04-11,Customer Receipt,Inflow,5469.72,SO-001554,Completed,Sales
FIN-001949,2026-04-11,Customer Receipt,Inflow,117620.64,SO-003603,Completed,Sales
FIN-002211,2026-04-11,Customer Receipt,Inflow,3807.74,SO-004115,Completed,Sales
FIN-003425,2026-04-11,Customer Receipt,Inflow,10944.2,SO-006197,Completed,Sales
FIN-003628,2026-04-11,Customer Receipt,Inflow,6337.86,SO-006581,Completed,Sales
FIN-003675,2026-04-11,Customer Receipt,Inflow,6796.2,SO-006656,Completed,Sales
FIN-004012,2026-04-11,Customer Receipt,Inflow,13873.28,SO-007268,Completed,Sales
FIN-004414,2026-04-11,Customer Receipt,Inflow,19958.58,SO-007992,Completed,Sales
FIN-004853,2026-04-11,Customer Receipt,Inflow,3740.7,SO-008762,Completed,Sales
FIN-005873,2026-04-11,Supplier Payment,Outflow,36928.0,PO-00872,Completed,Procurement
FIN-005890,2026-04-11,Supplier Payment,Outflow,151454.0,PO-00933,Completed,Procurement
FIN-006027,2026-04-11,Operating Expense,Outflow,37500.13,EXP-202604-Rent,Completed,Rent
FIN-000156,2026-04-12,Customer Receipt,Inflow,30828.2,SO-000277,Completed,Sales
FIN-001241,2026-04-12,Customer Receipt,Inflow,31085.88,SO-002257,Completed,Sales
FIN-001902,2026-04-12,Customer Receipt,Inflow,84102.06,SO-003523,Completed,Sales
FIN-002054,2026-04-12,Customer Receipt,Inflow,76040.64,SO-003822,Completed,Sales
FIN-002060,2026-04-12,Customer Receipt,Inflow,29463.18,SO-003830,Completed,Sales
FIN-002664,2026-04-12,Customer Receipt,Inflow,5635.55,SO-004866,Completed,Sales
FIN-002998,2026-04-12,Customer Receipt,Inflow,86910.04,SO-005450,Completed,Sales
FIN-003733,2026-04-12,Customer Receipt,Inflow,166254.0,SO-006748,Completed,Sales
FIN-001762,2026-04-13,Customer Receipt,Inflow,17349.24,SO-003267,Completed,Sales
FIN-004257,2026-04-13,Customer Receipt,Inflow,44089.08,SO-007705,Completed,Sales
FIN-004335,2026-04-13,Customer Receipt,Inflow,34865.32,SO-007860,Completed,Sales
FIN-004380,2026-04-13,Customer Receipt,Inflow,63952.16,SO-007923,Completed,Sales
FIN-005083,2026-04-13,Customer Receipt,Inflow,16890.25,SO-009184,Completed,Sales
FIN-006031,2026-04-13,Operating Expense,Outflow,10934.94,EXP-202604-Software,Completed,Software
FIN-000698,2026-04-14,Customer Receipt,Inflow,23020.5,SO-001270,Completed,Sales
FIN-002814,2026-04-14,Customer Receipt,Inflow,6960.62,SO-005131,Completed,Sales
FIN-003448,2026-04-14,Customer Receipt,Inflow,15373.08,SO-006245,Completed,Sales
FIN-004445,2026-04-14,Customer Receipt,Inflow,110149.78,SO-008042,Completed,Sales
FIN-004611,2026-04-14,Customer Receipt,Inflow,98407.54,SO-008350,Completed,Sales
FIN-005702,2026-04-14,Supplier Payment,Outflow,235047.5,PO-00420,Completed,Procurement
FIN-000420,2026-04-15,Customer Receipt,Inflow,98083.4,SO-000756,Completed,Sales
FIN-003149,2026-04-15,Customer Receipt,Inflow,148362.0,SO-005699,Completed,Sales
FIN-004336,2026-04-15,Customer Receipt,Inflow,42234.08,SO-007862,Completed,Sales
FIN-004517,2026-04-15,Customer Receipt,Inflow,87397.44,SO-008169,Completed,Sales
FIN-005122,2026-04-15,Customer Receipt,Inflow,83127.0,SO-009256,Completed,Sales
FIN-006029,2026-04-15,Operating Expense,Outflow,130432.52,EXP-202604-Salaries,Completed,Salaries
FIN-002594,2026-04-16,Customer Receipt,Inflow,66430.65,SO-004749,Completed,Sales
FIN-003348,2026-04-16,Customer Receipt,Inflow,134880.27,SO-006049,Completed,Sales
FIN-003654,2026-04-16,Customer Receipt,Inflow,19571.45,SO-006621,Completed,Sales
FIN-003796,2026-04-16,Customer Receipt,Inflow,8928.4,SO-006860,Completed,Sales
FIN-001550,2026-04-17,Customer Receipt,Inflow,31111.05,SO-002858,Completed,Sales
FIN-001852,2026-04-17,Customer Receipt,Inflow,68669.7,SO-003432,Completed,Sales
FIN-002474,2026-04-17,Customer Receipt,Inflow,34915.66,SO-004547,Completed,Sales
FIN-003869,2026-04-17,Customer Receipt,Inflow,42549.6,SO-007010,Completed,Sales
FIN-004978,2026-04-17,Customer Receipt,Inflow,162900.3,SO-008979,Completed,Sales
FIN-005775,2026-04-17,Supplier Payment,Outflow,294119.0,PO-00599,Completed,Procurement
FIN-000480,2026-04-18,Customer Receipt,Inflow,11423.22,SO-000872,Completed,Sales
FIN-001266,2026-04-18,Customer Receipt,Inflow,83632.38,SO-002306,Completed,Sales
FIN-001750,2026-04-18,Customer Receipt,Inflow,77656.56,SO-003241,Completed,Sales
FIN-004667,2026-04-18,Customer Receipt,Inflow,57371.0,SO-008443,Completed,Sales
FIN-006028,2026-04-18,Operating Expense,Outflow,9958.25,EXP-202604-Utilities,Completed,Utilities
FIN-000820,2026-04-19,Customer Receipt,Inflow,38064.04,SO-001490,Completed,Sales
FIN-001253,2026-04-19,Customer Receipt,Inflow,71333.24,SO-002286,Completed,Sales
FIN-001307,2026-04-19,Customer Receipt,Inflow,53666.64,SO-002396,Completed,Sales
FIN-002243,2026-04-19,Customer Receipt,Inflow,116660.25,SO-004161,Completed,Sales
FIN-002701,2026-04-19,Customer Receipt,Inflow,66640.84,SO-004941,Completed,Sales
FIN-002986,2026-04-19,Customer Receipt,Inflow,21112.92,SO-005430,Completed,Sales
FIN-003918,2026-04-19,Customer Receipt,Inflow,35736.3,SO-007107,Completed,Sales
FIN-005252,2026-04-19,Customer Receipt,Inflow,126423.18,SO-009480,Completed,Sales
FIN-000064,2026-04-20,Customer Receipt,Inflow,12523.72,SO-000109,Completed,Sales
FIN-000163,2026-04-20,Customer Receipt,Inflow,138144.6,SO-000291,Completed,Sales
FIN-001136,2026-04-20,Customer Receipt,Inflow,38976.06,SO-002066,Completed,Sales
FIN-002621,2026-04-20,Customer Receipt,Inflow,18776.05,SO-004786,Completed,Sales
FIN-004279,2026-04-20,Customer Receipt,Inflow,11796.82,SO-007755,Completed,Sales
FIN-004410,2026-04-20,Customer Receipt,Inflow,135854.18,SO-007988,Completed,Sales
FIN-000008,2026-04-21,Customer Receipt,Inflow,49062.64,SO-000013,Completed,Sales
FIN-002281,2026-04-21,Customer Receipt,Inflow,37695.12,SO-004231,Completed,Sales
FIN-002443,2026-04-21,Customer Receipt,Inflow,25733.04,SO-004501,Completed,Sales
FIN-003057,2026-04-21,Customer Receipt,Inflow,5980.81,SO-005542,Completed,Sales
FIN-004305,2026-04-21,Customer Receipt,Inflow,48889.72,SO-007798,Completed,Sales
FIN-004435,2026-04-21,Customer Receipt,Inflow,53447.94,SO-008026,Completed,Sales
FIN-004443,2026-04-21,Customer Receipt,Inflow,153861.93,SO-008040,Completed,Sales
FIN-004747,2026-04-21,Customer Receipt,Inflow,7391.72,SO-008574,Completed,Sales
FIN-004879,2026-04-21,Customer Receipt,Inflow,18033.76,SO-008803,Completed,Sales
FIN-000201,2026-04-22,Customer Receipt,Inflow,6782.7,SO-000375,Completed,Sales
FIN-000955,2026-04-22,Customer Receipt,Inflow,49290.15,SO-001730,Completed,Sales
FIN-001481,2026-04-22,Customer Receipt,Inflow,66877.95,SO-002714,Completed,Sales
FIN-003408,2026-04-22,Customer Receipt,Inflow,8036.43,SO-006160,Completed,Sales
FIN-004013,2026-04-22,Customer Receipt,Inflow,50681.61,SO-007269,Completed,Sales
FIN-005221,2026-04-22,Customer Receipt,Inflow,113344.92,SO-009432,Completed,Sales
FIN-000320,2026-04-23,Customer Receipt,Inflow,111237.9,SO-000594,Completed,Sales
FIN-000467,2026-04-23,Customer Receipt,Inflow,71228.19,SO-000850,Completed,Sales
FIN-000741,2026-04-23,Customer Receipt,Inflow,103698.95,SO-001334,Completed,Sales
FIN-001521,2026-04-23,Customer Receipt,Inflow,48854.88,SO-002807,Completed,Sales
FIN-001654,2026-04-23,Customer Receipt,Inflow,43578.75,SO-003070,Completed,Sales
FIN-002201,2026-04-23,Customer Receipt,Inflow,155484.96,SO-004097,Completed,Sales
FIN-002564,2026-04-23,Customer Receipt,Inflow,58809.24,SO-004699,Completed,Sales
FIN-003463,2026-04-23,Customer Receipt,Inflow,2642.13,SO-006273,Completed,Sales
FIN-004014,2026-04-23,Customer Receipt,Inflow,121511.88,SO-007270,Completed,Sales
FIN-004780,2026-04-23,Customer Receipt,Inflow,11621.0,SO-008644,Completed,Sales
FIN-004947,2026-04-23,Customer Receipt,Inflow,52574.4,SO-008917,Completed,Sales
FIN-004992,2026-04-23,Customer Receipt,Inflow,117819.9,SO-009006,Completed,Sales
FIN-000047,2026-04-24,Customer Receipt,Inflow,18037.44,SO-000077,Completed,Sales
FIN-000304,2026-04-24,Customer Receipt,Inflow,30746.16,SO-000565,Completed,Sales
FIN-001094,2026-04-24,Customer Receipt,Inflow,9704.52,SO-001992,Completed,Sales
FIN-002164,2026-04-24,Customer Receipt,Inflow,21509.46,SO-004031,Completed,Sales
FIN-002310,2026-04-24,Customer Receipt,Inflow,105605.24,SO-004274,Completed,Sales
FIN-002718,2026-04-24,Customer Receipt,Inflow,64597.0,SO-004975,Completed,Sales
FIN-003693,2026-04-24,Customer Receipt,Inflow,26160.26,SO-006686,Completed,Sales
FIN-004345,2026-04-24,Customer Receipt,Inflow,3984.82,SO-007874,Completed,Sales
FIN-004386,2026-04-24,Customer Receipt,Inflow,5366.88,SO-007934,Completed,Sales
FIN-004703,2026-04-24,Customer Receipt,Inflow,95526.34,SO-008502,Completed,Sales
FIN-005440,2026-04-24,Customer Receipt,Inflow,7190.56,SO-009814,Completed,Sales
FIN-005737,2026-04-24,Supplier Payment,Outflow,15608.3,PO-00517,Completed,Procurement
FIN-000123,2026-04-25,Customer Receipt,Inflow,19699.56,SO-000222,Completed,Sales
FIN-000364,2026-04-25,Customer Receipt,Inflow,24600.96,SO-000664,Completed,Sales
FIN-000599,2026-04-25,Customer Receipt,Inflow,22798.8,SO-001081,Completed,Sales
FIN-000611,2026-04-25,Customer Receipt,Inflow,28184.98,SO-001114,Completed,Sales
FIN-001169,2026-04-25,Customer Receipt,Inflow,48479.22,SO-002122,Completed,Sales
FIN-001684,2026-04-25,Customer Receipt,Inflow,15373.08,SO-003124,Completed,Sales
FIN-001714,2026-04-25,Customer Receipt,Inflow,48500.5,SO-003187,Completed,Sales
FIN-002856,2026-04-25,Customer Receipt,Inflow,12230.66,SO-005206,Completed,Sales
FIN-003152,2026-04-25,Customer Receipt,Inflow,16591.96,SO-005703,Completed,Sales
FIN-004705,2026-04-25,Customer Receipt,Inflow,51858.9,SO-008505,Completed,Sales
FIN-005874,2026-04-25,Supplier Payment,Outflow,61956.0,PO-00873,Completed,Procurement
FIN-000022,2026-04-26,Customer Receipt,Inflow,31412.6,SO-000036,Completed,Sales
FIN-000251,2026-04-26,Customer Receipt,Inflow,13732.02,SO-000468,Completed,Sales
FIN-001221,2026-04-26,Customer Receipt,Inflow,70873.76,SO-002218,Completed,Sales
FIN-002085,2026-04-26,Customer Receipt,Inflow,91625.04,SO-003876,Completed,Sales
FIN-004271,2026-04-26,Customer Receipt,Inflow,1477.17,SO-007732,Completed,Sales
FIN-004613,2026-04-26,Customer Receipt,Inflow,4071.24,SO-008352,Completed,Sales
FIN-005370,2026-04-26,Customer Receipt,Inflow,35349.96,SO-009675,Completed,Sales
FIN-000265,2026-04-27,Customer Receipt,Inflow,4691.05,SO-000495,Completed,Sales
FIN-001232,2026-04-27,Customer Receipt,Inflow,10319.61,SO-002243,Completed,Sales
FIN-001951,2026-04-27,Customer Receipt,Inflow,38613.9,SO-003608,Completed,Sales
FIN-002044,2026-04-27,Customer Receipt,Inflow,20874.05,SO-003803,Completed,Sales
FIN-002275,2026-04-27,Customer Receipt,Inflow,45959.2,SO-004222,Completed,Sales
FIN-002394,2026-04-27,Customer Receipt,Inflow,77383.53,SO-004409,Completed,Sales
FIN-003673,2026-04-27,Customer Receipt,Inflow,24093.23,SO-006652,Completed,Sales
FIN-004025,2026-04-27,Customer Receipt,Inflow,17455.84,SO-007294,Completed,Sales
FIN-004338,2026-04-27,Customer Receipt,Inflow,58385.46,SO-007866,Completed,Sales
FIN-004783,2026-04-27,Customer Receipt,Inflow,124753.94,SO-008649,Completed,Sales
FIN-001495,2026-04-28,Customer Receipt,Inflow,55620.79,SO-002746,Completed,Sales
FIN-002013,2026-04-28,Customer Receipt,Inflow,15470.03,SO-003739,Completed,Sales
FIN-002873,2026-04-28,Customer Receipt,Inflow,148033.8,SO-005243,Completed,Sales
FIN-003190,2026-04-28,Customer Receipt,Inflow,58447.34,SO-005776,Completed,Sales
FIN-003997,2026-04-28,Customer Receipt,Inflow,48629.25,SO-007239,Completed,Sales
FIN-005279,2026-04-28,Customer Receipt,Inflow,63847.03,SO-009534,Completed,Sales
FIN-002689,2026-04-29,Customer Receipt,Inflow,30623.16,SO-004921,Completed,Sales
FIN-003624,2026-04-29,Customer Receipt,Inflow,17834.16,SO-006575,Completed,Sales
FIN-005029,2026-04-29,Customer Receipt,Inflow,39428.48,SO-009081,Completed,Sales
FIN-005475,2026-04-29,Customer Receipt,Inflow,5484.36,SO-009879,Completed,Sales
FIN-005857,2026-04-29,Supplier Payment,Outflow,119198.0,PO-00832,Completed,Procurement
FIN-000033,2026-04-30,Customer Receipt,Inflow,153230.4,SO-000056,Completed,Sales
FIN-001265,2026-04-30,Customer Receipt,Inflow,15346.94,SO-002305,Completed,Sales
FIN-002958,2026-04-30,Customer Receipt,Inflow,156446.92,SO-005386,Completed,Sales
FIN-003578,2026-04-30,Customer Receipt,Inflow,137542.8,SO-006495,Completed,Sales
FIN-003745,2026-04-30,Customer Receipt,Inflow,71212.0,SO-006768,Completed,Sales
FIN-003816,2026-04-30,Customer Receipt,Inflow,12038.0,SO-006904,Completed,Sales
FIN-003988,2026-04-30,Customer Receipt,Inflow,146268.73,SO-007224,Completed,Sales
FIN-004022,2026-04-30,Customer Receipt,Inflow,34585.32,SO-007290,Completed,Sales
FIN-004376,2026-04-30,Customer Receipt,Inflow,56231.46,SO-007919,Completed,Sales
FIN-005070,2026-04-30,Customer Receipt,Inflow,3766.75,SO-009157,Completed,Sales
FIN-005617,2026-04-30,Supplier Payment,Outflow,120774.5,PO-00179,Completed,Procurement
FIN-000050,2026-05-01,Customer Receipt,Inflow,142405.37,SO-000082,Completed,Sales
FIN-002121,2026-05-01,Customer Receipt,Inflow,43842.9,SO-003947,Completed,Sales
FIN-002221,2026-05-01,Customer Receipt,Inflow,150622.32,SO-004128,Completed,Sales
FIN-002767,2026-05-01,Customer Receipt,Inflow,32152.5,SO-005060,Completed,Sales
FIN-002780,2026-05-01,Customer Receipt,Inflow,55626.6,SO-005077,Completed,Sales
FIN-003304,2026-05-01,Customer Receipt,Inflow,20351.52,SO-005979,Completed,Sales
FIN-003658,2026-05-01,Customer Receipt,Inflow,60319.2,SO-006630,Completed,Sales
FIN-004926,2026-05-01,Customer Receipt,Inflow,35358.6,SO-008880,Completed,Sales
FIN-006038,2026-05-01,Operating Expense,Outflow,30439.47,EXP-202605-Transport,Completed,Transport
FIN-000283,2026-05-02,Customer Receipt,Inflow,70691.94,SO-000526,Completed,Sales
FIN-001357,2026-05-02,Customer Receipt,Inflow,21117.04,SO-002486,Completed,Sales
FIN-001862,2026-05-02,Customer Receipt,Inflow,35696.8,SO-003448,Completed,Sales
FIN-003456,2026-05-02,Customer Receipt,Inflow,21879.0,SO-006258,Completed,Sales
FIN-003768,2026-05-02,Customer Receipt,Inflow,29656.44,SO-006808,Completed,Sales
FIN-003863,2026-05-02,Customer Receipt,Inflow,46956.03,SO-006997,Completed,Sales
FIN-001052,2026-05-03,Customer Receipt,Inflow,104767.26,SO-001905,Completed,Sales
FIN-001971,2026-05-03,Customer Receipt,Inflow,1441.58,SO-003647,Completed,Sales
FIN-002603,2026-05-03,Customer Receipt,Inflow,73131.62,SO-004759,Completed,Sales
FIN-002835,2026-05-03,Customer Receipt,Inflow,8762.9,SO-005167,Completed,Sales
FIN-003252,2026-05-03,Customer Receipt,Inflow,8936.7,SO-005895,Completed,Sales
FIN-003454,2026-05-03,Customer Receipt,Inflow,41905.08,SO-006254,Completed,Sales
FIN-005711,2026-05-03,Supplier Payment,Outflow,215922.0,PO-00446,Completed,Procurement
FIN-005870,2026-05-03,Supplier Payment,Outflow,129671.0,PO-00868,Completed,Procurement
FIN-000311,2026-05-04,Customer Receipt,Inflow,8488.8,SO-000580,Completed,Sales
FIN-002898,2026-05-04,Customer Receipt,Inflow,7222.8,SO-005296,Completed,Sales
FIN-003525,2026-05-04,Customer Receipt,Inflow,9881.52,SO-006399,Completed,Sales
FIN-003600,2026-05-04,Customer Receipt,Inflow,13273.75,SO-006529,Completed,Sales
FIN-004151,2026-05-04,Customer Receipt,Inflow,111061.0,SO-007523,Completed,Sales
FIN-004487,2026-05-04,Customer Receipt,Inflow,50809.95,SO-008110,Completed,Sales
FIN-005856,2026-05-04,Supplier Payment,Outflow,420850.0,PO-00829,Completed,Procurement
FIN-006037,2026-05-04,Operating Expense,Outflow,3051.16,EXP-202605-Software,Completed,Software
FIN-000233,2026-05-05,Customer Receipt,Inflow,42707.28,SO-000425,Completed,Sales
FIN-000488,2026-05-05,Customer Receipt,Inflow,7280.63,SO-000886,Completed,Sales
FIN-001429,2026-05-05,Customer Receipt,Inflow,80047.13,SO-002631,Completed,Sales
FIN-004709,2026-05-05,Customer Receipt,Inflow,35338.0,SO-008512,Completed,Sales
FIN-005616,2026-05-05,Supplier Payment,Outflow,57408.5,PO-00177,Completed,Procurement
FIN-000253,2026-05-06,Customer Receipt,Inflow,54677.2,SO-000471,Completed,Sales
FIN-000412,2026-05-06,Customer Receipt,Inflow,131785.25,SO-000742,Completed,Sales
FIN-002979,2026-05-06,Customer Receipt,Inflow,107420.06,SO-005421,Completed,Sales
FIN-004097,2026-05-06,Customer Receipt,Inflow,56538.46,SO-007420,Completed,Sales
FIN-004108,2026-05-06,Customer Receipt,Inflow,7113.09,SO-007441,Completed,Sales
FIN-004604,2026-05-06,Customer Receipt,Inflow,112721.84,SO-008337,Completed,Sales
FIN-005789,2026-05-06,Supplier Payment,Outflow,104087.4,PO-00636,Completed,Procurement
FIN-000307,2026-05-07,Customer Receipt,Inflow,112255.64,SO-000572,Completed,Sales
FIN-003262,2026-05-07,Customer Receipt,Inflow,16224.86,SO-005910,Completed,Sales
FIN-003322,2026-05-07,Customer Receipt,Inflow,6726.1,SO-006010,Completed,Sales
FIN-003647,2026-05-07,Customer Receipt,Inflow,11982.88,SO-006611,Completed,Sales
FIN-003784,2026-05-07,Customer Receipt,Inflow,20382.55,SO-006838,Completed,Sales
FIN-003810,2026-05-07,Customer Receipt,Inflow,85811.25,SO-006891,Completed,Sales
FIN-004166,2026-05-07,Customer Receipt,Inflow,16934.76,SO-007549,Completed,Sales
FIN-005917,2026-05-07,Supplier Payment,Outflow,890360.0,PO-00999,Completed,Procurement
FIN-000158,2026-05-08,Customer Receipt,Inflow,153936.64,SO-000280,Completed,Sales
FIN-000614,2026-05-08,Customer Receipt,Inflow,33787.74,SO-001120,Completed,Sales
FIN-001106,2026-05-08,Customer Receipt,Inflow,41844.36,SO-002021,Completed,Sales
FIN-003275,2026-05-08,Customer Receipt,Inflow,13870.44,SO-005929,Completed,Sales
FIN-003365,2026-05-08,Customer Receipt,Inflow,41327.85,SO-006085,Completed,Sales
FIN-005059,2026-05-08,Customer Receipt,Inflow,14696.36,SO-009138,Completed,Sales
FIN-000875,2026-05-09,Customer Receipt,Inflow,9689.55,SO-001591,Completed,Sales
FIN-000896,2026-05-09,Customer Receipt,Inflow,56068.04,SO-001632,Completed,Sales
FIN-001565,2026-05-09,Customer Receipt,Inflow,10400.9,SO-002891,Completed,Sales
FIN-001937,2026-05-09,Customer Receipt,Inflow,86089.5,SO-003587,Completed,Sales
FIN-002101,2026-05-09,Customer Receipt,Inflow,19961.04,SO-003907,Completed,Sales
FIN-003555,2026-05-09,Customer Receipt,Inflow,166672.2,SO-006458,Completed,Sales
FIN-003687,2026-05-09,Customer Receipt,Inflow,16814.0,SO-006673,Completed,Sales
FIN-004138,2026-05-09,Customer Receipt,Inflow,141392.11,SO-007494,Completed,Sales
FIN-005566,2026-05-09,Supplier Payment,Outflow,31923.7,PO-00035,Completed,Procurement
FIN-000490,2026-05-10,Customer Receipt,Inflow,6809.1,SO-000889,Completed,Sales
FIN-000651,2026-05-10,Customer Receipt,Inflow,9547.52,SO-001186,Completed,Sales
FIN-001176,2026-05-10,Customer Receipt,Inflow,22434.64,SO-002135,Completed,Sales
FIN-001193,2026-05-10,Customer Receipt,Inflow,83527.04,SO-002170,Completed,Sales
FIN-001261,2026-05-10,Customer Receipt,Inflow,12831.65,SO-002298,Completed,Sales
FIN-001387,2026-05-10,Customer Receipt,Inflow,16045.08,SO-002548,Completed,Sales
FIN-003511,2026-05-10,Customer Receipt,Inflow,42963.84,SO-006367,Completed,Sales
FIN-000763,2026-05-11,Customer Receipt,Inflow,114734.88,SO-001373,Completed,Sales
FIN-000771,2026-05-11,Customer Receipt,Inflow,3574.68,SO-001386,Completed,Sales
FIN-000986,2026-05-11,Customer Receipt,Inflow,5459.94,SO-001780,Completed,Sales
FIN-002245,2026-05-11,Customer Receipt,Inflow,53024.94,SO-004165,Completed,Sales
FIN-003195,2026-05-11,Customer Receipt,Inflow,50030.82,SO-005783,Completed,Sales
FIN-003707,2026-05-11,Customer Receipt,Inflow,75940.95,SO-006705,Completed,Sales
FIN-004474,2026-05-11,Customer Receipt,Inflow,753.35,SO-008087,Completed,Sales
FIN-005143,2026-05-11,Customer Receipt,Inflow,13871.43,SO-009292,Completed,Sales
FIN-005294,2026-05-11,Customer Receipt,Inflow,83780.13,SO-009559,Completed,Sales
FIN-002034,2026-05-12,Customer Receipt,Inflow,45393.88,SO-003781,Completed,Sales
FIN-002419,2026-05-12,Customer Receipt,Inflow,4268.73,SO-004454,Completed,Sales
FIN-002450,2026-05-12,Customer Receipt,Inflow,101213.2,SO-004510,Completed,Sales
FIN-002634,2026-05-12,Customer Receipt,Inflow,16986.48,SO-004804,Completed,Sales
FIN-005067,2026-05-12,Customer Receipt,Inflow,136469.94,SO-009151,Completed,Sales
FIN-005442,2026-05-12,Customer Receipt,Inflow,24458.4,SO-009817,Completed,Sales
FIN-005504,2026-05-12,Customer Receipt,Inflow,19414.14,SO-009921,Completed,Sales
FIN-000247,2026-05-13,Customer Receipt,Inflow,148204.56,SO-000462,Completed,Sales
FIN-000941,2026-05-13,Customer Receipt,Inflow,74432.12,SO-001699,Completed,Sales
FIN-001291,2026-05-13,Customer Receipt,Inflow,4377.68,SO-002367,Completed,Sales
FIN-001764,2026-05-13,Customer Receipt,Inflow,9201.2,SO-003270,Completed,Sales
FIN-002089,2026-05-13,Customer Receipt,Inflow,130320.24,SO-003883,Completed,Sales
FIN-002302,2026-05-13,Customer Receipt,Inflow,726.84,SO-004264,Completed,Sales
FIN-002409,2026-05-13,Customer Receipt,Inflow,19947.65,SO-004440,Completed,Sales
FIN-003960,2026-05-13,Customer Receipt,Inflow,103656.64,SO-007168,Completed,Sales
FIN-003981,2026-05-13,Customer Receipt,Inflow,38261.16,SO-007208,Completed,Sales
FIN-005177,2026-05-13,Customer Receipt,Inflow,1904.33,SO-009348,Completed,Sales
FIN-005805,2026-05-13,Supplier Payment,Outflow,11914.0,PO-00706,Completed,Procurement
FIN-001083,2026-05-14,Customer Receipt,Inflow,5823.72,SO-001977,Completed,Sales
FIN-001650,2026-05-14,Customer Receipt,Inflow,29312.9,SO-003061,Completed,Sales
FIN-002024,2026-05-14,Customer Receipt,Inflow,51444.0,SO-003761,Completed,Sales
FIN-003105,2026-05-14,Customer Receipt,Inflow,106494.57,SO-005623,Completed,Sales
FIN-003646,2026-05-14,Customer Receipt,Inflow,179090.4,SO-006610,Completed,Sales
FIN-003761,2026-05-14,Customer Receipt,Inflow,114598.8,SO-006795,Completed,Sales
FIN-004105,2026-05-14,Customer Receipt,Inflow,39491.97,SO-007437,Completed,Sales
FIN-004957,2026-05-14,Customer Receipt,Inflow,89330.8,SO-008940,Completed,Sales
FIN-005010,2026-05-14,Customer Receipt,Inflow,27051.9,SO-009042,Completed,Sales
FIN-000751,2026-05-15,Customer Receipt,Inflow,5101.69,SO-001353,Completed,Sales
FIN-001097,2026-05-15,Customer Receipt,Inflow,142456.38,SO-001995,Completed,Sales
FIN-002728,2026-05-15,Customer Receipt,Inflow,39085.05,SO-004996,Completed,Sales
FIN-003151,2026-05-15,Customer Receipt,Inflow,9645.75,SO-005702,Completed,Sales
FIN-005641,2026-05-15,Supplier Payment,Outflow,832138.0,PO-00234,Completed,Procurement
FIN-006035,2026-05-15,Operating Expense,Outflow,203518.56,EXP-202605-Salaries,Completed,Salaries
FIN-006036,2026-05-15,Operating Expense,Outflow,20846.47,EXP-202605-Maintenance,Completed,Maintenance
FIN-000392,2026-05-16,Customer Receipt,Inflow,161181.36,SO-000709,Completed,Sales
FIN-000477,2026-05-16,Customer Receipt,Inflow,178818.35,SO-000864,Completed,Sales
FIN-001798,2026-05-16,Customer Receipt,Inflow,78846.94,SO-003326,Completed,Sales
FIN-004246,2026-05-16,Customer Receipt,Inflow,72783.36,SO-007683,Completed,Sales
FIN-006034,2026-05-16,Operating Expense,Outflow,13329.65,EXP-202605-Utilities,Completed,Utilities
FIN-002022,2026-05-17,Customer Receipt,Inflow,7613.46,SO-003756,Completed,Sales
FIN-002206,2026-05-17,Customer Receipt,Inflow,79056.64,SO-004106,Completed,Sales
FIN-002859,2026-05-17,Customer Receipt,Inflow,15470.03,SO-005211,Completed,Sales
FIN-003205,2026-05-17,Customer Receipt,Inflow,26877.5,SO-005805,Completed,Sales
FIN-003771,2026-05-17,Customer Receipt,Inflow,46258.74,SO-006811,Completed,Sales
FIN-004157,2026-05-17,Customer Receipt,Inflow,22909.84,SO-007534,Completed,Sales
FIN-004540,2026-05-17,Customer Receipt,Inflow,62666.56,SO-008208,Completed,Sales
FIN-005363,2026-05-17,Customer Receipt,Inflow,29800.9,SO-009667,Completed,Sales
FIN-001282,2026-05-18,Customer Receipt,Inflow,162861.84,SO-002350,Completed,Sales
FIN-001883,2026-05-18,Customer Receipt,Inflow,12939.36,SO-003492,Completed,Sales
FIN-002009,2026-05-18,Customer Receipt,Inflow,24284.0,SO-003730,Completed,Sales
FIN-002479,2026-05-18,Customer Receipt,Inflow,106641.25,SO-004556,Completed,Sales
FIN-003111,2026-05-18,Customer Receipt,Inflow,98820.8,SO-005635,Completed,Sales
FIN-003132,2026-05-18,Customer Receipt,Inflow,26582.88,SO-005668,Completed,Sales
FIN-003930,2026-05-18,Customer Receipt,Inflow,107454.24,SO-007127,Completed,Sales
FIN-004081,2026-05-18,Customer Receipt,Inflow,32746.2,SO-007395,Completed,Sales
FIN-004449,2026-05-18,Customer Receipt,Inflow,6082.56,SO-008046,Completed,Sales
FIN-004976,2026-05-18,Customer Receipt,Inflow,71017.84,SO-008974,Completed,Sales
FIN-006033,2026-05-18,Operating Expense,Outflow,43624.89,EXP-202605-Rent,Completed,Rent
FIN-000152,2026-05-19,Customer Receipt,Inflow,1790.01,SO-000269,Completed,Sales
FIN-001134,2026-05-19,Customer Receipt,Inflow,5139.86,SO-002064,Completed,Sales
FIN-001426,2026-05-19,Customer Receipt,Inflow,170064.63,SO-002625,Completed,Sales
FIN-001438,2026-05-19,Customer Receipt,Inflow,50635.2,SO-002646,Completed,Sales
FIN-001443,2026-05-19,Customer Receipt,Inflow,23347.92,SO-002657,Completed,Sales
FIN-002157,2026-05-19,Customer Receipt,Inflow,13761.93,SO-004021,Completed,Sales
FIN-002426,2026-05-19,Customer Receipt,Inflow,5895.75,SO-004465,Completed,Sales
FIN-003031,2026-05-19,Customer Receipt,Inflow,14020.64,SO-005500,Completed,Sales
FIN-003181,2026-05-19,Customer Receipt,Inflow,63987.36,SO-005762,Completed,Sales
FIN-004425,2026-05-19,Customer Receipt,Inflow,72996.56,SO-008013,Completed,Sales
FIN-004871,2026-05-19,Customer Receipt,Inflow,12386.4,SO-008788,Completed,Sales
FIN-005361,2026-05-19,Customer Receipt,Inflow,104715.99,SO-009663,Completed,Sales
FIN-000219,2026-05-20,Customer Receipt,Inflow,10337.5,SO-000406,Completed,Sales
FIN-000409,2026-05-20,Customer Receipt,Inflow,61596.48,SO-000737,Completed,Sales
FIN-000768,2026-05-20,Customer Receipt,Inflow,89920.18,SO-001382,Completed,Sales
FIN-001834,2026-05-20,Customer Receipt,Inflow,70980.3,SO-003388,Completed,Sales
FIN-002347,2026-05-20,Customer Receipt,Inflow,40740.42,SO-004338,Completed,Sales
FIN-002669,2026-05-20,Customer Receipt,Inflow,44290.29,SO-004875,Completed,Sales
FIN-003107,2026-05-20,Customer Receipt,Inflow,60050.29,SO-005628,Completed,Sales
FIN-003138,2026-05-20,Customer Receipt,Inflow,75987.86,SO-005678,Completed,Sales
FIN-003520,2026-05-20,Customer Receipt,Inflow,36013.8,SO-006393,Completed,Sales
FIN-003544,2026-05-20,Customer Receipt,Inflow,42283.08,SO-006435,Completed,Sales
FIN-003790,2026-05-20,Customer Receipt,Inflow,112756.6,SO-006852,Completed,Sales
FIN-004212,2026-05-20,Customer Receipt,Inflow,87411.4,SO-007622,Completed,Sales
FIN-004327,2026-05-20,Customer Receipt,Inflow,113376.42,SO-007843,Completed,Sales
FIN-004886,2026-05-20,Customer Receipt,Inflow,62495.4,SO-008815,Completed,Sales
FIN-005123,2026-05-20,Customer Receipt,Inflow,77379.96,SO-009257,Completed,Sales
FIN-000119,2026-05-21,Customer Receipt,Inflow,110686.5,SO-000217,Completed,Sales
FIN-000481,2026-05-21,Customer Receipt,Inflow,11212.38,SO-000873,Completed,Sales
FIN-001940,2026-05-21,Customer Receipt,Inflow,9017.3,SO-003590,Completed,Sales
FIN-002403,2026-05-21,Customer Receipt,Inflow,47118.9,SO-004425,Completed,Sales
FIN-003131,2026-05-21,Customer Receipt,Inflow,6281.84,SO-005667,Completed,Sales
FIN-004694,2026-05-21,Customer Receipt,Inflow,27462.84,SO-008487,Completed,Sales
FIN-004842,2026-05-21,Customer Receipt,Inflow,25592.22,SO-008747,Completed,Sales
FIN-004893,2026-05-21,Customer Receipt,Inflow,60105.24,SO-008825,Completed,Sales
FIN-001904,2026-05-22,Customer Receipt,Inflow,62140.32,SO-003527,Completed,Sales
FIN-001960,2026-05-22,Customer Receipt,Inflow,10067.44,SO-003627,Completed,Sales
FIN-002681,2026-05-22,Customer Receipt,Inflow,36066.03,SO-004903,Completed,Sales
FIN-002850,2026-05-22,Customer Receipt,Inflow,104415.84,SO-005198,Completed,Sales
FIN-002973,2026-05-22,Customer Receipt,Inflow,17943.9,SO-005412,Completed,Sales
FIN-003758,2026-05-22,Customer Receipt,Inflow,161334.32,SO-006788,Completed,Sales
FIN-004666,2026-05-22,Customer Receipt,Inflow,856.74,SO-008442,Completed,Sales
FIN-004689,2026-05-22,Customer Receipt,Inflow,7235.84,SO-008480,Completed,Sales
FIN-001068,2026-05-23,Customer Receipt,Inflow,3091.24,SO-001939,Completed,Sales
FIN-001987,2026-05-23,Customer Receipt,Inflow,64555.74,SO-003675,Completed,Sales
FIN-002262,2026-05-23,Customer Receipt,Inflow,11955.16,SO-004191,Completed,Sales
FIN-002848,2026-05-23,Customer Receipt,Inflow,116742.9,SO-005194,Completed,Sales
FIN-004566,2026-05-23,Customer Receipt,Inflow,13732.02,SO-008261,Completed,Sales
FIN-005019,2026-05-23,Customer Receipt,Inflow,8592.56,SO-009057,Completed,Sales
FIN-005430,2026-05-23,Customer Receipt,Inflow,54934.5,SO-009790,Completed,Sales
FIN-005622,2026-05-23,Supplier Payment,Outflow,194047.0,PO-00192,Completed,Procurement
FIN-000218,2026-05-24,Customer Receipt,Inflow,8020.2,SO-000403,Completed,Sales
FIN-000316,2026-05-24,Customer Receipt,Inflow,43794.96,SO-000590,Completed,Sales
FIN-001042,2026-05-24,Customer Receipt,Inflow,7299.16,SO-001886,Completed,Sales
FIN-001321,2026-05-24,Customer Receipt,Inflow,65870.85,SO-002423,Completed,Sales
FIN-001548,2026-05-24,Customer Receipt,Inflow,111014.5,SO-002853,Completed,Sales
FIN-003368,2026-05-24,Customer Receipt,Inflow,45519.04,SO-006090,Completed,Sales
FIN-003462,2026-05-24,Customer Receipt,Inflow,8807.1,SO-006270,Completed,Sales
FIN-003698,2026-05-24,Customer Receipt,Inflow,23056.38,SO-006694,Completed,Sales
FIN-003739,2026-05-24,Customer Receipt,Inflow,10228.52,SO-006761,Completed,Sales
FIN-004868,2026-05-24,Customer Receipt,Inflow,145704.0,SO-008785,Completed,Sales
FIN-005117,2026-05-24,Customer Receipt,Inflow,31029.44,SO-009244,Completed,Sales
FIN-005541,2026-05-24,Customer Receipt,Inflow,6733.26,SO-009977,Completed,Sales
FIN-000673,2026-05-25,Customer Receipt,Inflow,49797.99,SO-001221,Completed,Sales
FIN-000705,2026-05-25,Customer Receipt,Inflow,7620.1,SO-001283,Completed,Sales
FIN-001835,2026-05-25,Customer Receipt,Inflow,74060.48,SO-003389,Completed,Sales
FIN-003080,2026-05-25,Customer Receipt,Inflow,8106.41,SO-005584,Completed,Sales
FIN-003250,2026-05-25,Customer Receipt,Inflow,101323.06,SO-005893,Completed,Sales
FIN-003932,2026-05-25,Customer Receipt,Inflow,69853.0,SO-007129,Completed,Sales
FIN-005452,2026-05-25,Customer Receipt,Inflow,6219.6,SO-009835,Completed,Sales
FIN-000043,2026-05-26,Customer Receipt,Inflow,55198.11,SO-000072,Completed,Sales
FIN-000261,2026-05-26,Customer Receipt,Inflow,34123.95,SO-000488,Completed,Sales
FIN-001576,2026-05-26,Customer Receipt,Inflow,93257.64,SO-002910,Completed,Sales
FIN-001691,2026-05-26,Customer Receipt,Inflow,80443.32,SO-003137,Completed,Sales
FIN-001746,2026-05-26,Customer Receipt,Inflow,14725.02,SO-003237,Completed,Sales
FIN-002582,2026-05-26,Customer Receipt,Inflow,49358.1,SO-004729,Completed,Sales
FIN-003293,2026-05-26,Customer Receipt,Inflow,137768.68,SO-005959,Completed,Sales
FIN-003436,2026-05-26,Customer Receipt,Inflow,10363.92,SO-006222,Completed,Sales
FIN-004280,2026-05-26,Customer Receipt,Inflow,78420.64,SO-007756,Completed,Sales
FIN-004310,2026-05-26,Customer Receipt,Inflow,4508.44,SO-007805,Completed,Sales
FIN-001547,2026-05-27,Customer Receipt,Inflow,28169.25,SO-002852,Completed,Sales
FIN-001942,2026-05-27,Customer Receipt,Inflow,38545.71,SO-003594,Completed,Sales
FIN-003147,2026-05-27,Customer Receipt,Inflow,98394.78,SO-005697,Completed,Sales
FIN-004207,2026-05-27,Customer Receipt,Inflow,47423.61,SO-007615,Completed,Sales
FIN-004276,2026-05-27,Customer Receipt,Inflow,40000.68,SO-007749,Completed,Sales
FIN-004867,2026-05-27,Customer Receipt,Inflow,126203.36,SO-008784,Completed,Sales
FIN-001167,2026-05-28,Customer Receipt,Inflow,54594.0,SO-002118,Completed,Sales
FIN-002203,2026-05-28,Customer Receipt,Inflow,34875.36,SO-004099,Completed,Sales
FIN-002229,2026-05-28,Customer Receipt,Inflow,18827.79,SO-004141,Completed,Sales
FIN-002292,2026-05-28,Customer Receipt,Inflow,83188.84,SO-004247,Completed,Sales
FIN-003020,2026-05-28,Customer Receipt,Inflow,121627.88,SO-005484,Completed,Sales
FIN-003142,2026-05-28,Customer Receipt,Inflow,106679.59,SO-005686,Completed,Sales
FIN-003501,2026-05-28,Customer Receipt,Inflow,6071.0,SO-006343,Completed,Sales
FIN-003679,2026-05-28,Customer Receipt,Inflow,16681.56,SO-006661,Completed,Sales
FIN-003935,2026-05-28,Customer Receipt,Inflow,104444.55,SO-007133,Completed,Sales
FIN-004223,2026-05-28,Customer Receipt,Inflow,10340.19,SO-007644,Completed,Sales
FIN-004617,2026-05-28,Customer Receipt,Inflow,13713.36,SO-008361,Completed,Sales
FIN-005112,2026-05-28,Customer Receipt,Inflow,11217.32,SO-009231,Completed,Sales
FIN-005591,2026-05-28,Supplier Payment,Outflow,12408.7,PO-00102,Completed,Procurement
FIN-005815,2026-05-28,Supplier Payment,Outflow,381269.0,PO-00734,Completed,Procurement
FIN-000127,2026-05-29,Customer Receipt,Inflow,92934.82,SO-000227,Completed,Sales
FIN-000333,2026-05-29,Customer Receipt,Inflow,10999.41,SO-000614,Completed,Sales
FIN-002236,2026-05-29,Customer Receipt,Inflow,70889.28,SO-004152,Completed,Sales
FIN-002410,2026-05-29,Customer Receipt,Inflow,4494.1,SO-004441,Completed,Sales
FIN-004665,2026-05-29,Customer Receipt,Inflow,113010.3,SO-008439,Completed,Sales
FIN-004685,2026-05-29,Customer Receipt,Inflow,109395.0,SO-008474,Completed,Sales
FIN-005148,2026-05-29,Customer Receipt,Inflow,100121.04,SO-009304,Completed,Sales
FIN-005730,2026-05-29,Supplier Payment,Outflow,32233.1,PO-00495,Completed,Procurement
FIN-000507,2026-05-30,Customer Receipt,Inflow,17892.28,SO-000913,Completed,Sales
FIN-000975,2026-05-30,Customer Receipt,Inflow,12747.5,SO-001763,Completed,Sales
FIN-001868,2026-05-30,Customer Receipt,Inflow,14753.05,SO-003461,Completed,Sales
FIN-002144,2026-05-30,Customer Receipt,Inflow,44422.29,SO-003993,Completed,Sales
FIN-003279,2026-05-30,Customer Receipt,Inflow,34334.85,SO-005933,Completed,Sales
FIN-003468,2026-05-30,Customer Receipt,Inflow,140727.16,SO-006281,Completed,Sales
FIN-004506,2026-05-30,Customer Receipt,Inflow,145522.29,SO-008149,Completed,Sales
FIN-005407,2026-05-30,Customer Receipt,Inflow,83222.64,SO-009741,Completed,Sales
FIN-005446,2026-05-30,Customer Receipt,Inflow,3991.84,SO-009826,Completed,Sales
FIN-005679,2026-05-30,Supplier Payment,Outflow,100724.0,PO-00354,Completed,Procurement
FIN-000864,2026-05-31,Customer Receipt,Inflow,36214.29,SO-001570,Completed,Sales
FIN-001784,2026-05-31,Customer Receipt,Inflow,88107.0,SO-003302,Completed,Sales
FIN-002493,2026-05-31,Customer Receipt,Inflow,24459.06,SO-004575,Completed,Sales
FIN-003989,2026-05-31,Customer Receipt,Inflow,21478.94,SO-007225,Completed,Sales
FIN-004972,2026-05-31,Customer Receipt,Inflow,5744.64,SO-008967,Completed,Sales
FIN-005660,2026-05-31,Supplier Payment,Outflow,32289.9,PO-00282,Completed,Procurement
FIN-005881,2026-05-31,Supplier Payment,Outflow,24858.8,PO-00908,Completed,Procurement
FIN-000957,2026-06-01,Customer Receipt,Inflow,89129.95,SO-001732,Completed,Sales
FIN-001618,2026-06-01,Customer Receipt,Inflow,188277.9,SO-002994,Completed,Sales
FIN-001848,2026-06-01,Customer Receipt,Inflow,74081.67,SO-003423,Completed,Sales
FIN-002476,2026-06-01,Customer Receipt,Inflow,16887.3,SO-004551,Completed,Sales
FIN-003292,2026-06-01,Customer Receipt,Inflow,46529.92,SO-005958,Completed,Sales
FIN-003352,2026-06-01,Customer Receipt,Inflow,174832.83,SO-006055,Completed,Sales
FIN-003763,2026-06-01,Customer Receipt,Inflow,43684.81,SO-006800,Completed,Sales
FIN-000781,2026-06-02,Customer Receipt,Inflow,48410.16,SO-001409,Completed,Sales
FIN-001315,2026-06-02,Customer Receipt,Inflow,23348.58,SO-002414,Completed,Sales
FIN-002301,2026-06-02,Customer Receipt,Inflow,42089.76,SO-004261,Completed,Sales
FIN-002575,2026-06-02,Customer Receipt,Inflow,83691.0,SO-004722,Completed,Sales
FIN-003722,2026-06-02,Customer Receipt,Inflow,26824.4,SO-006730,Completed,Sales
FIN-004221,2026-06-02,Customer Receipt,Inflow,179424.3,SO-007638,Completed,Sales
FIN-004233,2026-06-02,Customer Receipt,Inflow,8830.32,SO-007664,Completed,Sales
FIN-005344,2026-06-02,Customer Receipt,Inflow,69742.5,SO-009635,Completed,Sales
FIN-000286,2026-06-03,Customer Receipt,Inflow,30892.05,SO-000529,Completed,Sales
FIN-000788,2026-06-03,Customer Receipt,Inflow,120772.89,SO-001421,Completed,Sales
FIN-000801,2026-06-03,Customer Receipt,Inflow,12516.39,SO-001447,Completed,Sales
FIN-000876,2026-06-03,Customer Receipt,Inflow,5555.74,SO-001594,Completed,Sales
FIN-001087,2026-06-03,Customer Receipt,Inflow,13811.5,SO-001984,Completed,Sales
FIN-002593,2026-06-03,Customer Receipt,Inflow,11106.1,SO-004747,Completed,Sales
FIN-003629,2026-06-03,Customer Receipt,Inflow,20752.5,SO-006583,Completed,Sales
FIN-004275,2026-06-03,Customer Receipt,Inflow,11202.0,SO-007748,Completed,Sales
FIN-004762,2026-06-03,Customer Receipt,Inflow,49468.68,SO-008602,Completed,Sales
FIN-004836,2026-06-03,Customer Receipt,Inflow,19032.02,SO-008737,Completed,Sales
FIN-004869,2026-06-03,Customer Receipt,Inflow,160712.2,SO-008786,Completed,Sales
FIN-005203,2026-06-03,Customer Receipt,Inflow,1744.08,SO-009395,Completed,Sales
FIN-000609,2026-06-04,Customer Receipt,Inflow,38166.64,SO-001107,Completed,Sales
FIN-002084,2026-06-04,Customer Receipt,Inflow,14900.72,SO-003875,Completed,Sales
FIN-002751,2026-06-04,Customer Receipt,Inflow,179424.3,SO-005038,Completed,Sales
FIN-002909,2026-06-04,Customer Receipt,Inflow,14953.25,SO-005312,Completed,Sales
FIN-003053,2026-06-04,Customer Receipt,Inflow,163174.18,SO-005537,Completed,Sales
FIN-004702,2026-06-04,Customer Receipt,Inflow,4923.9,SO-008501,Completed,Sales
FIN-004721,2026-06-04,Customer Receipt,Inflow,38946.0,SO-008528,Completed,Sales
FIN-000318,2026-06-05,Customer Receipt,Inflow,76171.48,SO-000592,Completed,Sales
FIN-000667,2026-06-05,Customer Receipt,Inflow,6459.7,SO-001210,Completed,Sales
FIN-001924,2026-06-05,Customer Receipt,Inflow,9526.82,SO-003570,Completed,Sales
FIN-002172,2026-06-05,Customer Receipt,Inflow,30141.28,SO-004041,Completed,Sales
FIN-002475,2026-06-05,Customer Receipt,Inflow,7782.64,SO-004550,Completed,Sales
FIN-002826,2026-06-05,Customer Receipt,Inflow,76319.23,SO-005153,Completed,Sales
FIN-003634,2026-06-05,Customer Receipt,Inflow,114531.3,SO-006589,Completed,Sales
FIN-004820,2026-06-05,Customer Receipt,Inflow,42658.24,SO-008708,Completed,Sales
FIN-004929,2026-06-05,Customer Receipt,Inflow,9216.06,SO-008883,Completed,Sales
FIN-005034,2026-06-05,Customer Receipt,Inflow,103323.6,SO-009093,Completed,Sales
FIN-005738,2026-06-05,Supplier Payment,Outflow,138396.0,PO-00520,Completed,Procurement
FIN-000446,2026-06-06,Customer Receipt,Inflow,1632.12,SO-000804,Completed,Sales
FIN-001374,2026-06-06,Customer Receipt,Inflow,78237.9,SO-002518,Completed,Sales
FIN-004051,2026-06-06,Customer Receipt,Inflow,72019.74,SO-007343,Completed,Sales
FIN-004713,2026-06-06,Customer Receipt,Inflow,10338.72,SO-008518,Completed,Sales
FIN-004878,2026-06-06,Customer Receipt,Inflow,5712.46,SO-008800,Completed,Sales
FIN-005537,2026-06-06,Customer Receipt,Inflow,64260.28,SO-009970,Completed,Sales
FIN-005760,2026-06-06,Supplier Payment,Outflow,255392.5,PO-00569,Completed,Procurement
FIN-006042,2026-06-06,Operating Expense,Outflow,20354.75,EXP-202606-Maintenance,Completed,Maintenance
FIN-000007,2026-06-07,Customer Receipt,Inflow,44450.91,SO-000012,Completed,Sales
FIN-000098,2026-06-07,Customer Receipt,Inflow,47757.44,SO-000169,Completed,Sales
FIN-001814,2026-06-07,Customer Receipt,Inflow,94788.75,SO-003351,Completed,Sales
FIN-002118,2026-06-07,Customer Receipt,Inflow,48636.3,SO-003940,Completed,Sales
FIN-002570,2026-06-07,Customer Receipt,Inflow,109538.42,SO-004706,Completed,Sales
FIN-005200,2026-06-07,Customer Receipt,Inflow,49197.39,SO-009387,Completed,Sales
FIN-000647,2026-06-08,Customer Receipt,Inflow,12000.89,SO-001178,Completed,Sales
FIN-000689,2026-06-08,Customer Receipt,Inflow,50885.77,SO-001252,Completed,Sales
FIN-000885,2026-06-08,Customer Receipt,Inflow,42089.56,SO-001612,Completed,Sales
FIN-001096,2026-06-08,Customer Receipt,Inflow,73526.04,SO-001994,Completed,Sales
FIN-001138,2026-06-08,Customer Receipt,Inflow,45509.58,SO-002069,Completed,Sales
FIN-001370,2026-06-08,Customer Receipt,Inflow,527.98,SO-002511,Completed,Sales
FIN-003081,2026-06-08,Customer Receipt,Inflow,59108.39,SO-005586,Completed,Sales
FIN-003358,2026-06-08,Customer Receipt,Inflow,52413.48,SO-006071,Completed,Sales
FIN-003512,2026-06-08,Customer Receipt,Inflow,49080.32,SO-006371,Completed,Sales
FIN-004542,2026-06-08,Customer Receipt,Inflow,14753.05,SO-008212,Completed,Sales
FIN-004770,2026-06-08,Customer Receipt,Inflow,83869.5,SO-008617,Completed,Sales
FIN-005563,2026-06-08,Supplier Payment,Outflow,164652.5,PO-00027,Completed,Procurement
FIN-000635,2026-06-09,Customer Receipt,Inflow,66498.05,SO-001156,Completed,Sales
FIN-002422,2026-06-09,Customer Receipt,Inflow,132151.75,SO-004459,Completed,Sales
FIN-002607,2026-06-09,Customer Receipt,Inflow,14324.71,SO-004766,Completed,Sales
FIN-003106,2026-06-09,Customer Receipt,Inflow,138545.0,SO-005626,Completed,Sales
FIN-003303,2026-06-09,Customer Receipt,Inflow,36451.92,SO-005978,Completed,Sales
FIN-004109,2026-06-09,Customer Receipt,Inflow,160831.5,SO-007442,Completed,Sales
FIN-004771,2026-06-09,Customer Receipt,Inflow,8987.16,SO-008622,Completed,Sales
FIN-000130,2026-06-10,Customer Receipt,Inflow,26076.26,SO-000231,Completed,Sales
FIN-001376,2026-06-10,Customer Receipt,Inflow,2152.08,SO-002524,Completed,Sales
FIN-002530,2026-06-10,Customer Receipt,Inflow,17147.62,SO-004644,Completed,Sales
FIN-003323,2026-06-10,Customer Receipt,Inflow,39405.24,SO-006011,Completed,Sales
FIN-004563,2026-06-10,Customer Receipt,Inflow,52693.38,SO-008257,Completed,Sales
FIN-005012,2026-06-10,Customer Receipt,Inflow,6082.56,SO-009045,Completed,Sales
FIN-005390,2026-06-10,Customer Receipt,Inflow,102110.58,SO-009708,Completed,Sales
FIN-000160,2026-06-11,Customer Receipt,Inflow,28409.37,SO-000284,Completed,Sales
FIN-000191,2026-06-11,Customer Receipt,Inflow,24788.14,SO-000357,Completed,Sales
FIN-000527,2026-06-11,Customer Receipt,Inflow,38539.25,SO-000948,Completed,Sales
FIN-000610,2026-06-11,Customer Receipt,Inflow,30380.72,SO-001113,Completed,Sales
FIN-000900,2026-06-11,Customer Receipt,Inflow,46560.48,SO-001637,Completed,Sales
FIN-002431,2026-06-11,Customer Receipt,Inflow,138144.6,SO-004475,Completed,Sales
FIN-002515,2026-06-11,Customer Receipt,Inflow,141175.8,SO-004618,Completed,Sales
FIN-004086,2026-06-11,Customer Receipt,Inflow,29295.63,SO-007402,Completed,Sales
FIN-004196,2026-06-11,Customer Receipt,Inflow,52120.9,SO-007601,Completed,Sales
FIN-004390,2026-06-11,Customer Receipt,Inflow,22467.9,SO-007942,Completed,Sales
FIN-005653,2026-06-11,Supplier Payment,Outflow,47462.2,PO-00271,Completed,Procurement
FIN-001966,2026-06-12,Customer Receipt,Inflow,7385.85,SO-003636,Completed,Sales
FIN-002546,2026-06-12,Customer Receipt,Inflow,91142.16,SO-004665,Completed,Sales
FIN-002627,2026-06-12,Customer Receipt,Inflow,71838.0,SO-004795,Completed,Sales
FIN-002649,2026-06-12,Customer Receipt,Inflow,29245.3,SO-004834,Completed,Sales
FIN-003429,2026-06-12,Customer Receipt,Inflow,74371.51,SO-006204,Completed,Sales
FIN-006039,2026-06-12,Operating Expense,Outflow,40594.94,EXP-202606-Rent,Completed,Rent
FIN-006044,2026-06-12,Operating Expense,Outflow,16469.03,EXP-202606-Transport,Completed,Transport
FIN-000487,2026-06-13,Customer Receipt,Inflow,58505.7,SO-000884,Completed,Sales
FIN-001779,2026-06-13,Customer Receipt,Inflow,10127.04,SO-003292,Completed,Sales
FIN-002108,2026-06-13,Customer Receipt,Inflow,11707.44,SO-003920,Completed,Sales
FIN-003003,2026-06-13,Customer Receipt,Inflow,70448.52,SO-005461,Completed,Sales
FIN-003505,2026-06-13,Customer Receipt,Inflow,29876.08,SO-006351,Completed,Sales
FIN-004373,2026-06-13,Customer Receipt,Inflow,37796.64,SO-007915,Completed,Sales
FIN-004439,2026-06-13,Customer Receipt,Inflow,24278.24,SO-008035,Completed,Sales
FIN-005065,2026-06-13,Customer Receipt,Inflow,9103.1,SO-009148,Completed,Sales
FIN-005761,2026-06-13,Supplier Payment,Outflow,223601.0,PO-00576,Completed,Procurement
FIN-006040,2026-06-13,Operating Expense,Outflow,16322.7,EXP-202606-Utilities,Completed,Utilities
FIN-000157,2026-06-14,Customer Receipt,Inflow,21746.4,SO-000279,Completed,Sales
FIN-000972,2026-06-14,Customer Receipt,Inflow,48928.1,SO-001756,Completed,Sales
FIN-001044,2026-06-14,Customer Receipt,Inflow,43163.05,SO-001888,Completed,Sales
FIN-002338,2026-06-14,Customer Receipt,Inflow,21441.78,SO-004324,Completed,Sales
FIN-002768,2026-06-14,Customer Receipt,Inflow,21841.89,SO-005061,Completed,Sales
FIN-003735,2026-06-14,Customer Receipt,Inflow,12673.44,SO-006750,Completed,Sales
FIN-005736,2026-06-14,Supplier Payment,Outflow,97349.0,PO-00511,Completed,Procurement
FIN-000242,2026-06-15,Customer Receipt,Inflow,3763.7,SO-000449,Completed,Sales
FIN-002317,2026-06-15,Customer Receipt,Inflow,21976.08,SO-004289,Completed,Sales
FIN-002865,2026-06-15,Customer Receipt,Inflow,87938.7,SO-005224,Completed,Sales
FIN-003375,2026-06-15,Customer Receipt,Inflow,7025.07,SO-006105,Completed,Sales
FIN-003604,2026-06-15,Customer Receipt,Inflow,18009.34,SO-006533,Completed,Sales
FIN-004220,2026-06-15,Customer Receipt,Inflow,107894.15,SO-007637,Completed,Sales
FIN-004618,2026-06-15,Customer Receipt,Inflow,34772.4,SO-008362,Completed,Sales
FIN-004726,2026-06-15,Customer Receipt,Inflow,6175.95,SO-008536,Completed,Sales
FIN-005049,2026-06-15,Customer Receipt,Inflow,82138.35,SO-009117,Completed,Sales
FIN-005420,2026-06-15,Customer Receipt,Inflow,27426.72,SO-009761,Completed,Sales
FIN-006041,2026-06-15,Operating Expense,Outflow,176047.97,EXP-202606-Salaries,Completed,Salaries
FIN-000397,2026-06-16,Customer Receipt,Inflow,14660.73,SO-000721,Completed,Sales
FIN-000405,2026-06-16,Customer Receipt,Inflow,30728.36,SO-000733,Completed,Sales
FIN-000668,2026-06-16,Customer Receipt,Inflow,12027.39,SO-001211,Completed,Sales
FIN-002910,2026-06-16,Customer Receipt,Inflow,15615.95,SO-005314,Completed,Sales
FIN-003235,2026-06-16,Customer Receipt,Inflow,6031.92,SO-005867,Completed,Sales
FIN-003414,2026-06-16,Customer Receipt,Inflow,56595.42,SO-006168,Completed,Sales
FIN-003717,2026-06-16,Customer Receipt,Inflow,121256.73,SO-006723,Completed,Sales
FIN-005605,2026-06-16,Supplier Payment,Outflow,529238.0,PO-00150,Completed,Procurement
FIN-000221,2026-06-17,Customer Receipt,Inflow,16054.74,SO-000409,Completed,Sales
FIN-000775,2026-06-17,Customer Receipt,Inflow,70552.96,SO-001396,Completed,Sales
FIN-001917,2026-06-17,Customer Receipt,Inflow,13399.18,SO-003556,Completed,Sales
FIN-002460,2026-06-17,Customer Receipt,Inflow,97159.13,SO-004523,Completed,Sales
FIN-002694,2026-06-17,Customer Receipt,Inflow,133922.5,SO-004928,Completed,Sales
FIN-001462,2026-06-18,Customer Receipt,Inflow,14146.49,SO-002685,Completed,Sales
FIN-002093,2026-06-18,Customer Receipt,Inflow,11175.54,SO-003893,Completed,Sales
FIN-002282,2026-06-18,Customer Receipt,Inflow,2591.5,SO-004232,Completed,Sales
FIN-002668,2026-06-18,Customer Receipt,Inflow,57983.12,SO-004872,Completed,Sales
FIN-003593,2026-06-18,Customer Receipt,Inflow,74261.98,SO-006519,Completed,Sales
FIN-003817,2026-06-18,Customer Receipt,Inflow,123703.85,SO-006905,Completed,Sales
FIN-004483,2026-06-18,Customer Receipt,Inflow,88081.14,SO-008105,Completed,Sales
FIN-004545,2026-06-18,Customer Receipt,Inflow,23407.86,SO-008220,Completed,Sales
FIN-005384,2026-06-18,Customer Receipt,Inflow,93821.0,SO-009697,Completed,Sales
FIN-005423,2026-06-18,Customer Receipt,Inflow,52925.59,SO-009767,Completed,Sales
FIN-005520,2026-06-18,Customer Receipt,Inflow,52232.04,SO-009941,Completed,Sales
FIN-006043,2026-06-18,Operating Expense,Outflow,5660.89,EXP-202606-Software,Completed,Software
FIN-000108,2026-06-19,Customer Receipt,Inflow,38811.76,SO-000191,Completed,Sales
FIN-000186,2026-06-19,Customer Receipt,Inflow,35892.36,SO-000346,Completed,Sales
FIN-000470,2026-06-19,Customer Receipt,Inflow,31081.96,SO-000855,Completed,Sales
FIN-001686,2026-06-19,Customer Receipt,Inflow,37304.02,SO-003128,Completed,Sales
FIN-001818,2026-06-19,Customer Receipt,Inflow,114142.28,SO-003357,Completed,Sales
FIN-001953,2026-06-19,Customer Receipt,Inflow,19326.3,SO-003613,Completed,Sales
FIN-002116,2026-06-19,Customer Receipt,Inflow,19718.56,SO-003936,Completed,Sales
FIN-002318,2026-06-19,Customer Receipt,Inflow,73187.55,SO-004291,Completed,Sales
FIN-004722,2026-06-19,Customer Receipt,Inflow,9108.16,SO-008530,Completed,Sales
FIN-004881,2026-06-19,Customer Receipt,Inflow,4644.9,SO-008806,Completed,Sales
FIN-005081,2026-06-19,Customer Receipt,Inflow,41651.7,SO-009182,Completed,Sales
FIN-005171,2026-06-19,Customer Receipt,Inflow,35668.32,SO-009341,Completed,Sales
FIN-005680,2026-06-19,Supplier Payment,Outflow,26513.0,PO-00356,Completed,Procurement
FIN-001830,2026-06-20,Customer Receipt,Inflow,48068.79,SO-003384,Completed,Sales
FIN-002408,2026-06-20,Customer Receipt,Inflow,33911.02,SO-004439,Completed,Sales
FIN-002483,2026-06-20,Customer Receipt,Inflow,97431.62,SO-004561,Completed,Sales
FIN-002804,2026-06-20,Customer Receipt,Inflow,68448.63,SO-005115,Completed,Sales
FIN-002833,2026-06-20,Customer Receipt,Inflow,44619.12,SO-005164,Completed,Sales
FIN-002935,2026-06-20,Customer Receipt,Inflow,73369.44,SO-005349,Completed,Sales
FIN-003276,2026-06-20,Customer Receipt,Inflow,7076.08,SO-005930,Completed,Sales
FIN-004239,2026-06-20,Customer Receipt,Inflow,16322.46,SO-007675,Completed,Sales
FIN-005828,2026-06-20,Supplier Payment,Outflow,12957.0,PO-00759,Completed,Procurement
FIN-000327,2026-06-21,Customer Receipt,Inflow,108010.56,SO-000602,Completed,Sales
FIN-001855,2026-06-21,Customer Receipt,Inflow,93879.76,SO-003437,Completed,Sales
FIN-002036,2026-06-21,Customer Receipt,Inflow,109517.8,SO-003784,Completed,Sales
FIN-002183,2026-06-21,Customer Receipt,Inflow,59696.8,SO-004062,Completed,Sales
FIN-002862,2026-06-21,Customer Receipt,Inflow,58822.21,SO-005217,Completed,Sales
FIN-003402,2026-06-21,Customer Receipt,Inflow,25404.54,SO-006150,Completed,Sales
FIN-003480,2026-06-21,Customer Receipt,Inflow,492.39,SO-006305,Completed,Sales
FIN-004072,2026-06-21,Customer Receipt,Inflow,117414.2,SO-007382,Completed,Sales
FIN-004849,2026-06-21,Customer Receipt,Inflow,88275.06,SO-008756,Completed,Sales
FIN-005686,2026-06-21,Supplier Payment,Outflow,49877.6,PO-00377,Completed,Procurement
FIN-005754,2026-06-21,Supplier Payment,Outflow,37281.5,PO-00557,Completed,Procurement
FIN-000321,2026-06-22,Customer Receipt,Inflow,87992.64,SO-000595,Completed,Sales
FIN-001195,2026-06-22,Customer Receipt,Inflow,98406.2,SO-002175,Completed,Sales
FIN-001610,2026-06-22,Customer Receipt,Inflow,84195.3,SO-002983,Completed,Sales
FIN-003160,2026-06-22,Customer Receipt,Inflow,51680.85,SO-005719,Completed,Sales
FIN-003530,2026-06-22,Customer Receipt,Inflow,59967.54,SO-006411,Completed,Sales
FIN-005645,2026-06-22,Supplier Payment,Outflow,200470.0,PO-00246,Completed,Procurement
FIN-000216,2026-06-23,Customer Receipt,Inflow,4735.86,SO-000399,Completed,Sales
FIN-000727,2026-06-23,Customer Receipt,Inflow,61546.24,SO-001319,Completed,Sales
FIN-002199,2026-06-23,Customer Receipt,Inflow,7969.64,SO-004095,Completed,Sales
FIN-002690,2026-06-23,Customer Receipt,Inflow,109246.48,SO-004923,Completed,Sales
FIN-002757,2026-06-23,Customer Receipt,Inflow,3725.18,SO-005045,Completed,Sales
FIN-003438,2026-06-23,Customer Receipt,Inflow,39266.72,SO-006228,Completed,Sales
FIN-005728,2026-06-23,Supplier Payment,Outflow,452002.0,PO-00492,Completed,Procurement
FIN-000713,2026-06-24,Customer Receipt,Inflow,117543.69,SO-001294,Completed,Sales
FIN-003416,2026-06-24,Customer Receipt,Inflow,9500.26,SO-006171,Completed,Sales
FIN-003755,2026-06-24,Customer Receipt,Inflow,19763.04,SO-006783,Completed,Sales
FIN-004197,2026-06-24,Customer Receipt,Inflow,40136.85,SO-007602,Completed,Sales
FIN-004354,2026-06-24,Customer Receipt,Inflow,54789.8,SO-007884,Completed,Sales
FIN-001284,2026-06-25,Customer Receipt,Inflow,34132.5,SO-002355,Completed,Sales
FIN-001693,2026-06-25,Customer Receipt,Inflow,1410.44,SO-003140,Completed,Sales
FIN-002113,2026-06-25,Customer Receipt,Inflow,25929.45,SO-003930,Completed,Sales
FIN-002170,2026-06-25,Customer Receipt,Inflow,23013.15,SO-004038,Completed,Sales
FIN-002225,2026-06-25,Customer Receipt,Inflow,13133.04,SO-004135,Completed,Sales
FIN-002985,2026-06-25,Customer Receipt,Inflow,36433.28,SO-005428,Completed,Sales
FIN-003743,2026-06-25,Customer Receipt,Inflow,40766.04,SO-006766,Completed,Sales
FIN-003830,2026-06-25,Customer Receipt,Inflow,21793.52,SO-006930,Completed,Sales
FIN-000882,2026-06-26,Customer Receipt,Inflow,98455.5,SO-001608,Completed,Sales
FIN-001215,2026-06-26,Customer Receipt,Inflow,127144.41,SO-002209,Completed,Sales
FIN-001423,2026-06-26,Customer Receipt,Inflow,28376.0,SO-002621,Completed,Sales
FIN-001427,2026-06-26,Customer Receipt,Inflow,147726.01,SO-002629,Completed,Sales
FIN-002274,2026-06-26,Customer Receipt,Inflow,21837.6,SO-004219,Completed,Sales
FIN-002362,2026-06-26,Customer Receipt,Inflow,35979.02,SO-004358,Completed,Sales
FIN-004851,2026-06-26,Customer Receipt,Inflow,13673.28,SO-008759,Completed,Sales
FIN-000036,2026-06-27,Customer Receipt,Inflow,32174.24,SO-000060,Completed,Sales
FIN-000069,2026-06-27,Customer Receipt,Inflow,30176.75,SO-000119,Completed,Sales
FIN-000553,2026-06-27,Customer Receipt,Inflow,26951.1,SO-000994,Completed,Sales
FIN-001320,2026-06-27,Customer Receipt,Inflow,8366.71,SO-002422,Completed,Sales
FIN-001812,2026-06-27,Customer Receipt,Inflow,18305.44,SO-003347,Completed,Sales
FIN-002208,2026-06-27,Customer Receipt,Inflow,124753.94,SO-004109,Completed,Sales
FIN-002309,2026-06-27,Customer Receipt,Inflow,13296.75,SO-004273,Completed,Sales
FIN-003549,2026-06-27,Customer Receipt,Inflow,49302.5,SO-006448,Completed,Sales
FIN-000277,2026-06-28,Customer Receipt,Inflow,133031.99,SO-000518,Completed,Sales
FIN-002692,2026-06-28,Customer Receipt,Inflow,133031.99,SO-004925,Completed,Sales
FIN-003584,2026-06-28,Customer Receipt,Inflow,60684.56,SO-006502,Completed,Sales
FIN-004135,2026-06-28,Customer Receipt,Inflow,6853.92,SO-007489,Completed,Sales
FIN-004516,2026-06-28,Customer Receipt,Inflow,72246.33,SO-008168,Completed,Sales
FIN-004664,2026-06-28,Customer Receipt,Inflow,102880.61,SO-008438,Completed,Sales
FIN-000074,2026-06-29,Customer Receipt,Inflow,6783.6,SO-000125,Completed,Sales
FIN-000657,2026-06-29,Customer Receipt,Inflow,130227.9,SO-001194,Completed,Sales
FIN-001188,2026-06-29,Customer Receipt,Inflow,7091.16,SO-002161,Completed,Sales
FIN-002204,2026-06-29,Customer Receipt,Inflow,24384.32,SO-004100,Completed,Sales
FIN-002307,2026-06-29,Customer Receipt,Inflow,38704.32,SO-004270,Completed,Sales
FIN-002902,2026-06-29,Customer Receipt,Inflow,14412.0,SO-005301,Completed,Sales
FIN-004308,2026-06-29,Customer Receipt,Inflow,19291.35,SO-007803,Completed,Sales
FIN-004970,2026-06-29,Customer Receipt,Inflow,29658.24,SO-008964,Completed,Sales
FIN-000162,2026-06-30,Customer Receipt,Inflow,83594.56,SO-000288,Completed,Sales
FIN-002812,2026-06-30,Customer Receipt,Inflow,22906.26,SO-005128,Completed,Sales
FIN-003026,2026-06-30,Customer Receipt,Inflow,92931.03,SO-005492,Completed,Sales
FIN-003453,2026-06-30,Customer Receipt,Inflow,62026.72,SO-006253,Completed,Sales
FIN-003616,2026-06-30,Customer Receipt,Inflow,66247.44,SO-006556,Completed,Sales
FIN-005139,2026-06-30,Customer Receipt,Inflow,56631.12,SO-009287,Completed,Sales
FIN-002248,2026-07-01,Customer Receipt,Inflow,3562.1,SO-004169,Completed,Sales
FIN-002322,2026-07-01,Customer Receipt,Inflow,17789.48,SO-004296,Completed,Sales
FIN-003552,2026-07-01,Customer Receipt,Inflow,69388.11,SO-006455,Completed,Sales
FIN-004255,2026-07-01,Customer Receipt,Inflow,93002.91,SO-007703,Completed,Sales
FIN-005455,2026-07-01,Customer Receipt,Inflow,13502.72,SO-009847,Completed,Sales
FIN-000017,2026-07-02,Customer Receipt,Inflow,31231.9,SO-000029,Completed,Sales
FIN-000086,2026-07-02,Customer Receipt,Inflow,5860.54,SO-000148,Completed,Sales
FIN-001362,2026-07-02,Customer Receipt,Inflow,12332.56,SO-002497,Completed,Sales
FIN-003028,2026-07-02,Customer Receipt,Inflow,103320.63,SO-005494,Completed,Sales
FIN-003668,2026-07-02,Customer Receipt,Inflow,124410.93,SO-006645,Completed,Sales
FIN-005387,2026-07-02,Customer Receipt,Inflow,17909.04,SO-009700,Completed,Sales
FIN-006046,2026-07-02,Operating Expense,Outflow,15366.77,EXP-202607-Utilities,Completed,Utilities
FIN-000427,2026-07-03,Customer Receipt,Inflow,40126.77,SO-000764,Completed,Sales
FIN-000670,2026-07-03,Customer Receipt,Inflow,42115.8,SO-001216,Completed,Sales
FIN-000682,2026-07-03,Customer Receipt,Inflow,106037.91,SO-001237,Completed,Sales
FIN-000746,2026-07-03,Customer Receipt,Inflow,42216.73,SO-001345,Completed,Sales
FIN-001198,2026-07-03,Customer Receipt,Inflow,72246.33,SO-002179,Completed,Sales
FIN-002629,2026-07-03,Customer Receipt,Inflow,113991.54,SO-004798,Completed,Sales
FIN-003273,2026-07-03,Customer Receipt,Inflow,13718.54,SO-005927,Completed,Sales
FIN-003826,2026-07-03,Customer Receipt,Inflow,35696.8,SO-006924,Completed,Sales
FIN-003923,2026-07-03,Customer Receipt,Inflow,2326.61,SO-007114,Completed,Sales
FIN-004464,2026-07-03,Customer Receipt,Inflow,69884.64,SO-008071,Completed,Sales
FIN-005264,2026-07-03,Customer Receipt,Inflow,22851.96,SO-009509,Completed,Sales
FIN-001154,2026-07-04,Customer Receipt,Inflow,39489.58,SO-002095,Completed,Sales
FIN-002094,2026-07-04,Customer Receipt,Inflow,1578.62,SO-003894,Completed,Sales
FIN-002246,2026-07-04,Customer Receipt,Inflow,17201.92,SO-004166,Completed,Sales
FIN-002773,2026-07-04,Customer Receipt,Inflow,59513.74,SO-005068,Completed,Sales
FIN-003317,2026-07-04,Customer Receipt,Inflow,62222.1,SO-006000,Completed,Sales
FIN-004160,2026-07-04,Customer Receipt,Inflow,6982.64,SO-007539,Completed,Sales
FIN-004422,2026-07-04,Customer Receipt,Inflow,9109.8,SO-008007,Completed,Sales
FIN-005120,2026-07-04,Customer Receipt,Inflow,147106.26,SO-009253,Completed,Sales
FIN-005458,2026-07-04,Customer Receipt,Inflow,123810.93,SO-009853,Completed,Sales
FIN-005727,2026-07-04,Supplier Payment,Outflow,6312.7,PO-00489,Completed,Procurement
FIN-005731,2026-07-04,Supplier Payment,Outflow,189357.0,PO-00500,Completed,Procurement
FIN-000634,2026-07-05,Customer Receipt,Inflow,48556.48,SO-001154,Completed,Sales
FIN-000836,2026-07-05,Customer Receipt,Inflow,67004.64,SO-001522,Completed,Sales
FIN-001230,2026-07-05,Customer Receipt,Inflow,117328.61,SO-002241,Completed,Sales
FIN-002138,2026-07-05,Customer Receipt,Inflow,16656.5,SO-003980,Completed,Sales
FIN-002400,2026-07-05,Customer Receipt,Inflow,8340.78,SO-004420,Completed,Sales
FIN-002420,2026-07-05,Customer Receipt,Inflow,4351.84,SO-004456,Completed,Sales
FIN-002544,2026-07-05,Customer Receipt,Inflow,1151.52,SO-004662,Completed,Sales
FIN-002589,2026-07-05,Customer Receipt,Inflow,153012.16,SO-004742,Completed,Sales
FIN-002795,2026-07-05,Customer Receipt,Inflow,4213.3,SO-005101,Completed,Sales
FIN-003550,2026-07-05,Customer Receipt,Inflow,12055.68,SO-006450,Completed,Sales
FIN-004026,2026-07-05,Customer Receipt,Inflow,103604.64,SO-007296,Completed,Sales
FIN-004321,2026-07-05,Customer Receipt,Inflow,8987.16,SO-007828,Completed,Sales
FIN-005431,2026-07-05,Customer Receipt,Inflow,66027.99,SO-009796,Completed,Sales
FIN-005780,2026-07-05,Supplier Payment,Outflow,390696.0,PO-00607,Completed,Procurement
FIN-000901,2026-07-06,Customer Receipt,Inflow,18707.1,SO-001638,Completed,Sales
FIN-001277,2026-07-06,Customer Receipt,Inflow,14700.6,SO-002328,Completed,Sales
FIN-001755,2026-07-06,Customer Receipt,Inflow,45510.0,SO-003252,Completed,Sales
FIN-002950,2026-07-06,Customer Receipt,Inflow,105748.5,SO-005374,Completed,Sales
FIN-003058,2026-07-06,Customer Receipt,Inflow,91805.65,SO-005545,Completed,Sales
FIN-003537,2026-07-06,Customer Receipt,Inflow,9471.72,SO-006421,Completed,Sales
FIN-004114,2026-07-06,Customer Receipt,Inflow,61556.76,SO-007453,Completed,Sales
FIN-004652,2026-07-06,Customer Receipt,Inflow,26946.26,SO-008419,Completed,Sales
FIN-004979,2026-07-06,Customer Receipt,Inflow,7685.46,SO-008980,Completed,Sales
FIN-000270,2026-07-07,Customer Receipt,Inflow,35820.51,SO-000504,Completed,Sales
FIN-001203,2026-07-07,Customer Receipt,Inflow,179080.51,SO-002189,Completed,Sales
FIN-001841,2026-07-07,Customer Receipt,Inflow,112738.92,SO-003406,Completed,Sales
FIN-002014,2026-07-07,Customer Receipt,Inflow,43163.96,SO-003740,Completed,Sales
FIN-002901,2026-07-07,Customer Receipt,Inflow,75180.04,SO-005300,Completed,Sales
FIN-003801,2026-07-07,Customer Receipt,Inflow,17863.51,SO-006867,Completed,Sales
FIN-004865,2026-07-07,Customer Receipt,Inflow,1541.27,SO-008782,Completed,Sales
FIN-005468,2026-07-07,Customer Receipt,Inflow,6267.84,SO-009869,Completed,Sales
FIN-006048,2026-07-07,Operating Expense,Outflow,22040.83,EXP-202607-Maintenance,Completed,Maintenance
FIN-006049,2026-07-07,Operating Expense,Outflow,10572.7,EXP-202607-Software,Completed,Software
FIN-000246,2026-07-08,Customer Receipt,Inflow,9423.78,SO-000460,Completed,Sales
FIN-002251,2026-07-08,Customer Receipt,Inflow,27681.04,SO-004172,Completed,Sales
FIN-003873,2026-07-08,Customer Receipt,Inflow,122979.15,SO-007019,Completed,Sales
FIN-005035,2026-07-08,Customer Receipt,Inflow,301.34,SO-009094,Completed,Sales
FIN-000666,2026-07-09,Customer Receipt,Inflow,40531.12,SO-001209,Completed,Sales
FIN-001115,2026-07-09,Customer Receipt,Inflow,12957.08,SO-002037,Completed,Sales
FIN-001631,2026-07-09,Customer Receipt,Inflow,82137.14,SO-003019,Completed,Sales
FIN-001681,2026-07-09,Customer Receipt,Inflow,71401.0,SO-003118,Completed,Sales
FIN-002048,2026-07-09,Customer Receipt,Inflow,74016.9,SO-003809,Completed,Sales
FIN-002488,2026-07-09,Customer Receipt,Inflow,41521.56,SO-004569,Completed,Sales
FIN-002807,2026-07-09,Customer Receipt,Inflow,45564.57,SO-005118,Completed,Sales
FIN-003298,2026-07-09,Customer Receipt,Inflow,9342.95,SO-005970,Completed,Sales
FIN-003608,2026-07-09,Customer Receipt,Inflow,67827.65,SO-006539,Completed,Sales
FIN-003993,2026-07-09,Customer Receipt,Inflow,23522.59,SO-007230,Completed,Sales
FIN-004147,2026-07-09,Customer Receipt,Inflow,49366.2,SO-007517,Completed,Sales
FIN-004602,2026-07-09,Customer Receipt,Inflow,24608.18,SO-008333,Completed,Sales
FIN-004778,2026-07-09,Customer Receipt,Inflow,37992.4,SO-008642,Completed,Sales
FIN-005497,2026-07-09,Customer Receipt,Inflow,53515.8,SO-009911,Completed,Sales
FIN-000678,2026-07-10,Customer Receipt,Inflow,88890.4,SO-001230,Completed,Sales
FIN-002691,2026-07-10,Customer Receipt,Inflow,37498.3,SO-004924,Completed,Sales
FIN-002770,2026-07-10,Customer Receipt,Inflow,54408.38,SO-005065,Completed,Sales
FIN-003074,2026-07-10,Customer Receipt,Inflow,18957.2,SO-005575,Completed,Sales
FIN-003474,2026-07-10,Customer Receipt,Inflow,93744.86,SO-006289,Completed,Sales
FIN-006045,2026-07-10,Operating Expense,Outflow,50166.52,EXP-202607-Rent,Completed,Rent
FIN-000144,2026-07-11,Customer Receipt,Inflow,34208.37,SO-000256,Completed,Sales
FIN-000185,2026-07-11,Customer Receipt,Inflow,6433.26,SO-000345,Completed,Sales
FIN-001932,2026-07-11,Customer Receipt,Inflow,5217.92,SO-003579,Completed,Sales
FIN-002230,2026-07-11,Customer Receipt,Inflow,20429.7,SO-004142,Completed,Sales
FIN-002551,2026-07-11,Customer Receipt,Inflow,52343.07,SO-004672,Completed,Sales
FIN-004281,2026-07-11,Customer Receipt,Inflow,67910.4,SO-007757,Completed,Sales
FIN-005399,2026-07-11,Customer Receipt,Inflow,9347.0,SO-009727,Completed,Sales
FIN-005825,2026-07-11,Supplier Payment,Outflow,29474.8,PO-00754,Completed,Procurement
FIN-000053,2026-07-12,Customer Receipt,Inflow,9798.64,SO-000086,Completed,Sales
FIN-000623,2026-07-12,Customer Receipt,Inflow,94665.44,SO-001135,Completed,Sales
FIN-000863,2026-07-12,Customer Receipt,Inflow,105068.61,SO-001568,Completed,Sales
FIN-001642,2026-07-12,Customer Receipt,Inflow,17266.92,SO-003042,Completed,Sales
FIN-002260,2026-07-12,Customer Receipt,Inflow,71233.68,SO-004182,Completed,Sales
FIN-003538,2026-07-12,Customer Receipt,Inflow,7928.69,SO-006423,Completed,Sales
FIN-004512,2026-07-12,Customer Receipt,Inflow,16913.49,SO-008162,Completed,Sales
FIN-005085,2026-07-12,Customer Receipt,Inflow,7222.8,SO-009186,Completed,Sales
FIN-005506,2026-07-12,Customer Receipt,Inflow,8722.08,SO-009923,Completed,Sales
FIN-001921,2026-07-13,Customer Receipt,Inflow,46234.8,SO-003566,Completed,Sales
FIN-002746,2026-07-13,Customer Receipt,Inflow,57265.65,SO-005026,Completed,Sales
FIN-005251,2026-07-13,Customer Receipt,Inflow,45655.5,SO-009479,Completed,Sales
FIN-000728,2026-07-14,Customer Receipt,Inflow,117323.52,SO-001320,Completed,Sales
FIN-002339,2026-07-14,Customer Receipt,Inflow,4236.53,SO-004326,Completed,Sales
FIN-003543,2026-07-14,Customer Receipt,Inflow,179840.36,SO-006431,Completed,Sales
FIN-003831,2026-07-14,Customer Receipt,Inflow,55782.87,SO-006933,Completed,Sales
FIN-004660,2026-07-14,Customer Receipt,Inflow,58542.25,SO-008430,Completed,Sales
FIN-005228,2026-07-14,Customer Receipt,Inflow,27160.28,SO-009447,Completed,Sales
FIN-005392,2026-07-14,Customer Receipt,Inflow,5615.0,SO-009714,Completed,Sales
FIN-001335,2026-07-15,Customer Receipt,Inflow,32910.8,SO-002447,Completed,Sales
FIN-001587,2026-07-15,Customer Receipt,Inflow,1356.03,SO-002932,Completed,Sales
FIN-001957,2026-07-15,Customer Receipt,Inflow,29971.92,SO-003618,Completed,Sales
FIN-002043,2026-07-15,Customer Receipt,Inflow,44516.57,SO-003796,Completed,Sales
FIN-003777,2026-07-15,Customer Receipt,Inflow,31806.94,SO-006823,Completed,Sales
FIN-003957,2026-07-15,Customer Receipt,Inflow,100092.32,SO-007163,Completed,Sales
FIN-005589,2026-07-15,Supplier Payment,Outflow,438006.0,PO-00098,Completed,Procurement
FIN-005811,2026-07-15,Supplier Payment,Outflow,283434.0,PO-00722,Completed,Procurement
FIN-006047,2026-07-15,Operating Expense,Outflow,231015.28,EXP-202607-Salaries,Completed,Salaries
FIN-000414,2026-07-16,Customer Receipt,Inflow,23672.46,SO-000744,Completed,Sales
FIN-000739,2026-07-16,Customer Receipt,Inflow,109994.1,SO-001331,Completed,Sales
FIN-001180,2026-07-16,Customer Receipt,Inflow,83295.75,SO-002148,Completed,Sales
FIN-003782,2026-07-16,Customer Receipt,Inflow,40576.96,SO-006833,Completed,Sales
FIN-003945,2026-07-16,Customer Receipt,Inflow,131850.42,SO-007148,Completed,Sales
FIN-004091,2026-07-16,Customer Receipt,Inflow,107546.5,SO-007410,Completed,Sales
FIN-004812,2026-07-16,Customer Receipt,Inflow,13378.95,SO-008697,Completed,Sales
FIN-005376,2026-07-16,Customer Receipt,Inflow,62140.32,SO-009683,Completed,Sales
FIN-000134,2026-07-17,Customer Receipt,Inflow,5650.78,SO-000240,Completed,Sales
FIN-000199,2026-07-17,Customer Receipt,Inflow,5907.84,SO-000373,Completed,Sales
FIN-000360,2026-07-17,Customer Receipt,Inflow,71871.02,SO-000660,Completed,Sales
FIN-001082,2026-07-17,Customer Receipt,Inflow,12014.58,SO-001976,Completed,Sales
FIN-001549,2026-07-17,Customer Receipt,Inflow,59804.28,SO-002854,Completed,Sales
FIN-001790,2026-07-17,Customer Receipt,Inflow,65118.48,SO-003313,Completed,Sales
FIN-001911,2026-07-17,Customer Receipt,Inflow,38056.33,SO-003540,Completed,Sales
FIN-003350,2026-07-17,Customer Receipt,Inflow,14753.05,SO-006053,Completed,Sales
FIN-004118,2026-07-17,Customer Receipt,Inflow,20831.8,SO-007459,Completed,Sales
FIN-004234,2026-07-17,Customer Receipt,Inflow,58674.75,SO-007665,Completed,Sales
FIN-004334,2026-07-17,Customer Receipt,Inflow,11632.48,SO-007858,Completed,Sales
FIN-004793,2026-07-17,Customer Receipt,Inflow,9871.62,SO-008668,Completed,Sales
FIN-005018,2026-07-17,Customer Receipt,Inflow,54020.7,SO-009055,Completed,Sales
FIN-005778,2026-07-17,Supplier Payment,Outflow,9920.5,PO-00604,Completed,Procurement
FIN-001033,2026-07-18,Customer Receipt,Inflow,26582.88,SO-001865,Completed,Sales
FIN-002886,2026-07-18,Customer Receipt,Inflow,98062.56,SO-005270,Completed,Sales
FIN-003787,2026-07-18,Customer Receipt,Inflow,1641.04,SO-006842,Completed,Sales
FIN-003850,2026-07-18,Customer Receipt,Inflow,175726.04,SO-006969,Completed,Sales
FIN-004056,2026-07-18,Customer Receipt,Inflow,3930.5,SO-007352,Completed,Sales
FIN-004365,2026-07-18,Customer Receipt,Inflow,16482.06,SO-007903,Completed,Sales
FIN-005028,2026-07-18,Customer Receipt,Inflow,48154.48,SO-009076,Completed,Sales
FIN-005053,2026-07-18,Customer Receipt,Inflow,14217.9,SO-009128,Completed,Sales
FIN-005090,2026-07-18,Customer Receipt,Inflow,38676.78,SO-009198,Completed,Sales
FIN-000061,2026-07-19,Customer Receipt,Inflow,2876.0,SO-000101,Completed,Sales
FIN-000511,2026-07-19,Customer Receipt,Inflow,40092.22,SO-000921,Completed,Sales
FIN-000842,2026-07-19,Customer Receipt,Inflow,3144.19,SO-001528,Completed,Sales
FIN-001332,2026-07-19,Customer Receipt,Inflow,116239.05,SO-002444,Completed,Sales
FIN-001893,2026-07-19,Customer Receipt,Inflow,7098.03,SO-003504,Completed,Sales
FIN-002158,2026-07-19,Customer Receipt,Inflow,15610.84,SO-004023,Completed,Sales
FIN-003665,2026-07-19,Customer Receipt,Inflow,21858.88,SO-006641,Completed,Sales
FIN-003781,2026-07-19,Customer Receipt,Inflow,44669.76,SO-006831,Completed,Sales
FIN-005847,2026-07-19,Supplier Payment,Outflow,88107.0,PO-00797,Completed,Procurement
FIN-000851,2026-07-20,Customer Receipt,Inflow,52320.52,SO-001544,Completed,Sales
FIN-001700,2026-07-20,Customer Receipt,Inflow,40584.24,SO-003158,Completed,Sales
FIN-002574,2026-07-20,Customer Receipt,Inflow,70590.13,SO-004720,Completed,Sales
FIN-002976,2026-07-20,Customer Receipt,Inflow,60954.6,SO-005418,Completed,Sales
FIN-003729,2026-07-20,Customer Receipt,Inflow,14249.34,SO-006741,Completed,Sales
FIN-004140,2026-07-20,Customer Receipt,Inflow,11574.81,SO-007497,Completed,Sales
FIN-006050,2026-07-20,Operating Expense,Outflow,36458.32,EXP-202607-Transport,Completed,Transport
FIN-001505,2026-07-21,Customer Receipt,Inflow,43179.51,SO-002768,Completed,Sales
FIN-002261,2026-07-21,Customer Receipt,Inflow,18655.12,SO-004184,Completed,Sales
FIN-003244,2026-07-21,Customer Receipt,Inflow,137542.8,SO-005887,Completed,Sales
FIN-003553,2026-07-21,Customer Receipt,Inflow,135307.92,SO-006456,Completed,Sales
FIN-004068,2026-07-21,Customer Receipt,Inflow,10081.8,SO-007372,Completed,Sales
FIN-005089,2026-07-21,Customer Receipt,Inflow,3144.19,SO-009197,Completed,Sales
FIN-005782,2026-07-21,Supplier Payment,Outflow,15228.2,PO-00615,Completed,Procurement
FIN-000232,2026-07-22,Customer Receipt,Inflow,10363.92,SO-000424,Completed,Sales
FIN-002073,2026-07-22,Customer Receipt,Inflow,23669.31,SO-003852,Completed,Sales
FIN-002811,2026-07-22,Customer Receipt,Inflow,15996.8,SO-005127,Completed,Sales
FIN-003185,2026-07-22,Customer Receipt,Inflow,59035.68,SO-005767,Completed,Sales
FIN-003623,2026-07-22,Customer Receipt,Inflow,34967.24,SO-006573,Completed,Sales
FIN-004767,2026-07-22,Customer Receipt,Inflow,21486.56,SO-008611,Completed,Sales
FIN-005233,2026-07-22,Customer Receipt,Inflow,51989.6,SO-009453,Completed,Sales
FIN-005425,2026-07-22,Customer Receipt,Inflow,53991.74,SO-009772,Completed,Sales
FIN-005479,2026-07-22,Customer Receipt,Inflow,18015.0,SO-009884,Completed,Sales
FIN-005574,2026-07-22,Supplier Payment,Outflow,10427.4,PO-00045,Completed,Procurement
FIN-005819,2026-07-22,Supplier Payment,Outflow,78204.0,PO-00741,Completed,Procurement
FIN-001503,2026-07-23,Customer Receipt,Inflow,9109.8,SO-002763,Completed,Sales
FIN-001943,2026-07-23,Customer Receipt,Inflow,47089.83,SO-003595,Completed,Sales
FIN-001972,2026-07-23,Customer Receipt,Inflow,26070.2,SO-003648,Completed,Sales
FIN-003044,2026-07-23,Customer Receipt,Inflow,14559.3,SO-005523,Completed,Sales
FIN-004763,2026-07-23,Customer Receipt,Inflow,5088.12,SO-008603,Completed,Sales
FIN-005098,2026-07-23,Customer Receipt,Inflow,83705.2,SO-009208,Completed,Sales
FIN-005522,2026-07-23,Customer Receipt,Inflow,3902.48,SO-009944,Completed,Sales
FIN-001022,2026-07-24,Customer Receipt,Inflow,3441.89,SO-001840,Completed,Sales
FIN-002032,2026-07-24,Customer Receipt,Inflow,5674.25,SO-003777,Completed,Sales
FIN-003609,2026-07-24,Customer Receipt,Inflow,158710.75,SO-006540,Completed,Sales
FIN-003950,2026-07-24,Customer Receipt,Inflow,129727.0,SO-007153,Completed,Sales
FIN-004402,2026-07-24,Customer Receipt,Inflow,9360.81,SO-007973,Completed,Sales
FIN-005108,2026-07-24,Customer Receipt,Inflow,52714.1,SO-009226,Completed,Sales
FIN-005438,2026-07-24,Customer Receipt,Inflow,4213.3,SO-009810,Completed,Sales
FIN-005489,2026-07-24,Customer Receipt,Inflow,133632.87,SO-009900,Completed,Sales
FIN-000849,2026-07-25,Customer Receipt,Inflow,12951.96,SO-001541,Completed,Sales
FIN-001121,2026-07-25,Customer Receipt,Inflow,24984.75,SO-002046,Completed,Sales
FIN-001191,2026-07-25,Customer Receipt,Inflow,27009.75,SO-002165,Completed,Sales
FIN-002314,2026-07-25,Customer Receipt,Inflow,58752.72,SO-004280,Completed,Sales
FIN-002435,2026-07-25,Customer Receipt,Inflow,28696.5,SO-004481,Completed,Sales
FIN-002616,2026-07-25,Customer Receipt,Inflow,158800.81,SO-004778,Completed,Sales
FIN-003305,2026-07-25,Customer Receipt,Inflow,158987.75,SO-005981,Completed,Sales
FIN-003336,2026-07-25,Customer Receipt,Inflow,14559.3,SO-006032,Completed,Sales
FIN-003592,2026-07-25,Customer Receipt,Inflow,57411.06,SO-006517,Completed,Sales
FIN-005414,2026-07-25,Customer Receipt,Inflow,6026.41,SO-009750,Completed,Sales
FIN-000006,2026-07-26,Customer Receipt,Inflow,24764.26,SO-000010,Completed,Sales
FIN-000542,2026-07-26,Customer Receipt,Inflow,2249.45,SO-000972,Completed,Sales
FIN-001280,2026-07-26,Customer Receipt,Inflow,85606.71,SO-002334,Completed,Sales
FIN-001747,2026-07-26,Customer Receipt,Inflow,5940.6,SO-003238,Completed,Sales
FIN-002458,2026-07-26,Customer Receipt,Inflow,2685.82,SO-004521,Completed,Sales
FIN-002511,2026-07-26,Customer Receipt,Inflow,30041.68,SO-004608,Completed,Sales
FIN-002707,2026-07-26,Customer Receipt,Inflow,26463.06,SO-004950,Completed,Sales
FIN-002785,2026-07-26,Customer Receipt,Inflow,59672.0,SO-005083,Completed,Sales
FIN-002937,2026-07-26,Customer Receipt,Inflow,48763.68,SO-005354,Completed,Sales
FIN-004296,2026-07-26,Customer Receipt,Inflow,1455.08,SO-007787,Completed,Sales
FIN-005075,2026-07-26,Customer Receipt,Inflow,7277.28,SO-009165,Completed,Sales
FIN-005742,2026-07-26,Supplier Payment,Outflow,393626.0,PO-00533,Completed,Procurement
FIN-005758,2026-07-26,Supplier Payment,Outflow,86011.0,PO-00565,Completed,Procurement
FIN-005898,2026-07-26,Supplier Payment,Outflow,38654.0,PO-00946,Completed,Procurement
FIN-000724,2026-07-27,Customer Receipt,Inflow,102867.27,SO-001315,Completed,Sales
FIN-001161,2026-07-27,Customer Receipt,Inflow,72138.4,SO-002110,Completed,Sales
FIN-002112,2026-07-27,Customer Receipt,Inflow,1707.88,SO-003928,Completed,Sales
FIN-002358,2026-07-27,Customer Receipt,Inflow,56965.26,SO-004351,Completed,Sales
FIN-003063,2026-07-27,Customer Receipt,Inflow,102387.39,SO-005560,Completed,Sales
FIN-003329,2026-07-27,Customer Receipt,Inflow,48828.67,SO-006022,Completed,Sales
FIN-003610,2026-07-27,Customer Receipt,Inflow,7258.44,SO-006543,Completed,Sales
FIN-004309,2026-07-27,Customer Receipt,Inflow,29937.87,SO-007804,Completed,Sales
FIN-004397,2026-07-27,Customer Receipt,Inflow,2215.24,SO-007959,Completed,Sales
FIN-004457,2026-07-27,Customer Receipt,Inflow,130782.6,SO-008060,Completed,Sales
FIN-005105,2026-07-27,Customer Receipt,Inflow,10380.39,SO-009220,Completed,Sales
FIN-005220,2026-07-27,Customer Receipt,Inflow,13840.52,SO-009430,Completed,Sales
FIN-005401,2026-07-27,Customer Receipt,Inflow,15270.84,SO-009732,Completed,Sales
FIN-005532,2026-07-27,Customer Receipt,Inflow,22950.1,SO-009962,Completed,Sales
FIN-000095,2026-07-28,Customer Receipt,Inflow,5644.92,SO-000165,Completed,Sales
FIN-000212,2026-07-28,Customer Receipt,Inflow,7812.35,SO-000392,Completed,Sales
FIN-000223,2026-07-28,Customer Receipt,Inflow,126513.84,SO-000411,Completed,Sales
FIN-000520,2026-07-28,Customer Receipt,Inflow,48916.8,SO-000937,Completed,Sales
FIN-000824,2026-07-28,Customer Receipt,Inflow,84894.89,SO-001497,Completed,Sales
FIN-001558,2026-07-28,Customer Receipt,Inflow,21280.35,SO-002879,Completed,Sales
FIN-003116,2026-07-28,Customer Receipt,Inflow,81007.92,SO-005644,Completed,Sales
FIN-003380,2026-07-28,Customer Receipt,Inflow,17201.92,SO-006112,Completed,Sales
FIN-003417,2026-07-28,Customer Receipt,Inflow,14284.72,SO-006174,Completed,Sales
FIN-004433,2026-07-28,Customer Receipt,Inflow,3785.88,SO-008022,Completed,Sales
FIN-004738,2026-07-28,Customer Receipt,Inflow,50286.51,SO-008559,Completed,Sales
FIN-001127,2026-07-29,Customer Receipt,Inflow,106689.18,SO-002055,Completed,Sales
FIN-001150,2026-07-29,Customer Receipt,Inflow,74755.35,SO-002089,Completed,Sales
FIN-001763,2026-07-29,Customer Receipt,Inflow,53321.24,SO-003268,Completed,Sales
FIN-001774,2026-07-29,Customer Receipt,Inflow,59874.0,SO-003284,Completed,Sales
FIN-005003,2026-07-29,Customer Receipt,Inflow,7172.86,SO-009028,Completed,Sales
FIN-000837,2026-07-30,Customer Receipt,Inflow,80438.76,SO-001523,Completed,Sales
FIN-001948,2026-07-30,Customer Receipt,Inflow,37601.48,SO-003602,Completed,Sales
FIN-002016,2026-07-30,Customer Receipt,Inflow,26539.08,SO-003743,Completed,Sales
FIN-002030,2026-07-30,Customer Receipt,Inflow,77632.86,SO-003770,Completed,Sales
FIN-002714,2026-07-30,Customer Receipt,Inflow,87157.5,SO-004963,Completed,Sales
FIN-002855,2026-07-30,Customer Receipt,Inflow,135097.4,SO-005205,Completed,Sales
FIN-003713,2026-07-30,Customer Receipt,Inflow,24381.84,SO-006715,Completed,Sales
FIN-003974,2026-07-30,Customer Receipt,Inflow,14048.64,SO-007195,Completed,Sales
FIN-004048,2026-07-30,Customer Receipt,Inflow,117185.52,SO-007339,Completed,Sales
FIN-004190,2026-07-30,Customer Receipt,Inflow,118184.7,SO-007587,Completed,Sales
FIN-004635,2026-07-30,Customer Receipt,Inflow,52413.48,SO-008392,Completed,Sales
FIN-004804,2026-07-30,Customer Receipt,Inflow,77281.36,SO-008684,Completed,Sales
FIN-005320,2026-07-30,Customer Receipt,Inflow,16934.76,SO-009602,Completed,Sales
FIN-005358,2026-07-30,Customer Receipt,Inflow,25220.26,SO-009658,Completed,Sales
FIN-005696,2026-07-30,Supplier Payment,Outflow,276389.0,PO-00402,Completed,Procurement
FIN-000030,2026-07-31,Customer Receipt,Inflow,18349.24,SO-000052,Completed,Sales
FIN-000209,2026-07-31,Customer Receipt,Inflow,34183.2,SO-000389,Completed,Sales
FIN-000899,2026-07-31,Customer Receipt,Inflow,15807.87,SO-001635,Completed,Sales
FIN-001313,2026-07-31,Customer Receipt,Inflow,16019.44,SO-002409,Completed,Sales
FIN-003718,2026-07-31,Customer Receipt,Inflow,34765.47,SO-006724,Completed,Sales
FIN-003726,2026-07-31,Customer Receipt,Inflow,111318.48,SO-006736,Completed,Sales
FIN-004092,2026-07-31,Customer Receipt,Inflow,4160.36,SO-007412,Completed,Sales
FIN-004185,2026-07-31,Customer Receipt,Inflow,10726.66,SO-007579,Completed,Sales
FIN-000305,2026-08-01,Customer Receipt,Inflow,34738.0,SO-000568,Completed,Sales
FIN-001285,2026-08-01,Customer Receipt,Inflow,20881.86,SO-002359,Completed,Sales
FIN-001915,2026-08-01,Customer Receipt,Inflow,43018.92,SO-003552,Completed,Sales
FIN-002633,2026-08-01,Customer Receipt,Inflow,61380.06,SO-004803,Completed,Sales
FIN-000866,2026-08-02,Customer Receipt,Inflow,13196.24,SO-001576,Completed,Sales
FIN-001028,2026-08-02,Customer Receipt,Inflow,19905.06,SO-001851,Completed,Sales
FIN-003030,2026-08-02,Customer Receipt,Inflow,41719.95,SO-005499,Completed,Sales
FIN-003765,2026-08-02,Customer Receipt,Inflow,45162.09,SO-006803,Completed,Sales
FIN-004456,2026-08-02,Customer Receipt,Inflow,27283.78,SO-008057,Completed,Sales
FIN-004601,2026-08-02,Customer Receipt,Inflow,9495.78,SO-008332,Completed,Sales
FIN-004673,2026-08-02,Customer Receipt,Inflow,145037.88,SO-008452,Completed,Sales
FIN-005816,2026-08-02,Supplier Payment,Outflow,100782.2,PO-00737,Completed,Procurement
FIN-000354,2026-08-03,Customer Receipt,Inflow,31374.33,SO-000652,Completed,Sales
FIN-002160,2026-08-03,Customer Receipt,Inflow,34821.36,SO-004027,Completed,Sales
FIN-003351,2026-08-03,Customer Receipt,Inflow,4173.59,SO-006054,Completed,Sales
FIN-004248,2026-08-03,Customer Receipt,Inflow,363.16,SO-007688,Completed,Sales
FIN-004284,2026-08-03,Customer Receipt,Inflow,11487.28,SO-007764,Completed,Sales
FIN-004388,2026-08-03,Customer Receipt,Inflow,84821.5,SO-007936,Completed,Sales
FIN-005106,2026-08-03,Customer Receipt,Inflow,7481.4,SO-009223,Completed,Sales
FIN-005556,2026-08-03,Customer Receipt,Inflow,9974.38,SO-009998,Completed,Sales
FIN-005753,2026-08-03,Supplier Payment,Outflow,24250.2,PO-00555,Completed,Procurement
FIN-000058,2026-08-04,Customer Receipt,Inflow,29252.85,SO-000098,Completed,Sales
FIN-003599,2026-08-04,Customer Receipt,Inflow,29793.86,SO-006528,Completed,Sales
FIN-003680,2026-08-04,Customer Receipt,Inflow,22528.44,SO-006662,Completed,Sales
FIN-004088,2026-08-04,Customer Receipt,Inflow,157820.94,SO-007406,Completed,Sales
FIN-004588,2026-08-04,Customer Receipt,Inflow,17539.36,SO-008315,Completed,Sales
FIN-005095,2026-08-04,Customer Receipt,Inflow,1158.84,SO-009205,Completed,Sales
FIN-003136,2026-08-05,Customer Receipt,Inflow,154641.42,SO-005676,Completed,Sales
FIN-003723,2026-08-05,Customer Receipt,Inflow,26574.66,SO-006731,Completed,Sales
FIN-004183,2026-08-05,Customer Receipt,Inflow,845.94,SO-007577,Completed,Sales
FIN-004768,2026-08-05,Customer Receipt,Inflow,13767.56,SO-008612,Completed,Sales
FIN-005114,2026-08-05,Customer Receipt,Inflow,5498.61,SO-009235,Completed,Sales
FIN-005657,2026-08-05,Supplier Payment,Outflow,2296.0,PO-00277,Completed,Procurement
FIN-000501,2026-08-06,Customer Receipt,Inflow,23701.68,SO-000906,Completed,Sales
FIN-000867,2026-08-06,Customer Receipt,Inflow,84567.45,SO-001577,Completed,Sales
FIN-000926,2026-08-06,Customer Receipt,Inflow,5369.1,SO-001676,Completed,Sales
FIN-001909,2026-08-06,Customer Receipt,Inflow,19088.55,SO-003536,Completed,Sales
FIN-002095,2026-08-06,Customer Receipt,Inflow,48767.4,SO-003896,Completed,Sales
FIN-002159,2026-08-06,Customer Receipt,Inflow,7350.3,SO-004025,Completed,Sales
FIN-002313,2026-08-06,Customer Receipt,Inflow,33634.62,SO-004279,Completed,Sales
FIN-002436,2026-08-06,Customer Receipt,Inflow,81882.97,SO-004484,Completed,Sales
FIN-002441,2026-08-06,Customer Receipt,Inflow,54438.3,SO-004496,Completed,Sales
FIN-002724,2026-08-06,Customer Receipt,Inflow,177275.26,SO-004989,Completed,Sales
FIN-002863,2026-08-06,Customer Receipt,Inflow,21995.6,SO-005219,Completed,Sales
FIN-004070,2026-08-06,Customer Receipt,Inflow,70971.77,SO-007379,Completed,Sales
FIN-006053,2026-08-06,Operating Expense,Outflow,249348.96,EXP-202608-Salaries,Completed,Salaries
FIN-000005,2026-08-07,Customer Receipt,Inflow,48154.48,SO-000009,Completed,Sales
FIN-002247,2026-08-07,Customer Receipt,Inflow,78952.72,SO-004168,Completed,Sales
FIN-003342,2026-08-07,Customer Receipt,Inflow,42672.56,SO-006042,Completed,Sales
FIN-004325,2026-08-07,Customer Receipt,Inflow,130771.33,SO-007837,Completed,Sales
FIN-004420,2026-08-07,Customer Receipt,Inflow,42063.97,SO-008004,Completed,Sales
FIN-004609,2026-08-07,Customer Receipt,Inflow,73981.28,SO-008346,Completed,Sales
FIN-005791,2026-08-07,Supplier Payment,Outflow,163530.5,PO-00647,Completed,Procurement
FIN-000322,2026-08-08,Customer Receipt,Inflow,3792.5,SO-000596,Completed,Sales
FIN-002198,2026-08-08,Customer Receipt,Inflow,51864.3,SO-004094,Completed,Sales
FIN-003061,2026-08-08,Customer Receipt,Inflow,61227.04,SO-005554,Completed,Sales
FIN-005345,2026-08-08,Customer Receipt,Inflow,3176.5,SO-009638,Completed,Sales
FIN-005784,2026-08-08,Supplier Payment,Outflow,51012.6,PO-00617,Completed,Procurement
FIN-000330,2026-08-09,Customer Receipt,Inflow,8475.3,SO-000609,Completed,Sales
FIN-000735,2026-08-09,Customer Receipt,Inflow,138826.25,SO-001327,Completed,Sales
FIN-001658,2026-08-09,Customer Receipt,Inflow,5541.8,SO-003075,Completed,Sales
FIN-002480,2026-08-09,Customer Receipt,Inflow,10637.4,SO-004557,Completed,Sales
FIN-002624,2026-08-09,Customer Receipt,Inflow,44567.33,SO-004789,Completed,Sales
FIN-003661,2026-08-09,Customer Receipt,Inflow,116324.8,SO-006636,Completed,Sales
FIN-004131,2026-08-09,Customer Receipt,Inflow,50881.2,SO-007484,Completed,Sales
FIN-004526,2026-08-09,Customer Receipt,Inflow,2318.56,SO-008181,Completed,Sales
FIN-005611,2026-08-09,Supplier Payment,Outflow,80120.8,PO-00165,Completed,Procurement
FIN-005776,2026-08-09,Supplier Payment,Outflow,397328.0,PO-00600,Completed,Procurement
FIN-000299,2026-08-10,Customer Receipt,Inflow,173222.28,SO-000555,Completed,Sales
FIN-000945,2026-08-10,Customer Receipt,Inflow,157879.02,SO-001707,Completed,Sales
FIN-001255,2026-08-10,Customer Receipt,Inflow,139641.32,SO-002290,Completed,Sales
FIN-003821,2026-08-10,Customer Receipt,Inflow,92934.82,SO-006914,Completed,Sales
FIN-003858,2026-08-10,Customer Receipt,Inflow,98984.16,SO-006989,Completed,Sales
FIN-003980,2026-08-10,Customer Receipt,Inflow,181748.0,SO-007207,Completed,Sales
FIN-004668,2026-08-10,Customer Receipt,Inflow,9360.81,SO-008444,Completed,Sales
FIN-004701,2026-08-10,Customer Receipt,Inflow,2516.5,SO-008500,Completed,Sales
FIN-004876,2026-08-10,Customer Receipt,Inflow,24726.59,SO-008796,Completed,Sales
FIN-005163,2026-08-10,Customer Receipt,Inflow,129666.94,SO-009330,Completed,Sales
FIN-005908,2026-08-10,Supplier Payment,Outflow,281523.0,PO-00970,Completed,Procurement
FIN-000757,2026-08-11,Customer Receipt,Inflow,55745.48,SO-001363,Completed,Sales
FIN-000859,2026-08-11,Customer Receipt,Inflow,17913.12,SO-001558,Completed,Sales
FIN-000928,2026-08-11,Customer Receipt,Inflow,40076.66,SO-001681,Completed,Sales
FIN-001316,2026-08-11,Customer Receipt,Inflow,72795.84,SO-002416,Completed,Sales
FIN-002549,2026-08-11,Customer Receipt,Inflow,26583.13,SO-004670,Completed,Sales
FIN-003396,2026-08-11,Customer Receipt,Inflow,27432.36,SO-006141,Completed,Sales
FIN-003769,2026-08-11,Customer Receipt,Inflow,23014.17,SO-006809,Completed,Sales
FIN-005256,2026-08-11,Customer Receipt,Inflow,94325.7,SO-009485,Completed,Sales
FIN-005547,2026-08-11,Customer Receipt,Inflow,103829.68,SO-009985,Completed,Sales
FIN-000285,2026-08-12,Customer Receipt,Inflow,142368.3,SO-000528,Completed,Sales
FIN-000457,2026-08-12,Customer Receipt,Inflow,107454.24,SO-000831,Completed,Sales
FIN-000786,2026-08-12,Customer Receipt,Inflow,93976.62,SO-001418,Completed,Sales
FIN-003876,2026-08-12,Customer Receipt,Inflow,12291.12,SO-007024,Completed,Sales
FIN-004040,2026-08-12,Customer Receipt,Inflow,55336.2,SO-007322,Completed,Sales
FIN-004191,2026-08-12,Customer Receipt,Inflow,18249.14,SO-007589,Completed,Sales
FIN-004204,2026-08-12,Customer Receipt,Inflow,20681.64,SO-007610,Completed,Sales
FIN-005091,2026-08-12,Customer Receipt,Inflow,32569.92,SO-009199,Completed,Sales
FIN-005310,2026-08-12,Customer Receipt,Inflow,152823.5,SO-009582,Completed,Sales
FIN-005725,2026-08-12,Supplier Payment,Outflow,72926.0,PO-00484,Completed,Procurement
FIN-001122,2026-08-13,Customer Receipt,Inflow,463.79,SO-002048,Completed,Sales
FIN-002107,2026-08-13,Customer Receipt,Inflow,35927.92,SO-003919,Completed,Sales
FIN-003139,2026-08-13,Customer Receipt,Inflow,162841.38,SO-005681,Completed,Sales
FIN-003720,2026-08-13,Customer Receipt,Inflow,2542.12,SO-006728,Completed,Sales
FIN-004073,2026-08-13,Customer Receipt,Inflow,16896.33,SO-007383,Completed,Sales
FIN-004638,2026-08-13,Customer Receipt,Inflow,76610.3,SO-008399,Completed,Sales
FIN-006052,2026-08-13,Operating Expense,Outflow,16884.38,EXP-202608-Utilities,Completed,Utilities
FIN-000419,2026-08-14,Customer Receipt,Inflow,79040.07,SO-000754,Completed,Sales
FIN-002070,2026-08-14,Customer Receipt,Inflow,142137.41,SO-003846,Completed,Sales
FIN-003141,2026-08-14,Customer Receipt,Inflow,11881.2,SO-005685,Completed,Sales
FIN-003716,2026-08-14,Customer Receipt,Inflow,107818.92,SO-006720,Completed,Sales
FIN-004595,2026-08-14,Customer Receipt,Inflow,3101.25,SO-008322,Completed,Sales
FIN-004732,2026-08-14,Customer Receipt,Inflow,23637.2,SO-008545,Completed,Sales
FIN-005041,2026-08-14,Customer Receipt,Inflow,70457.22,SO-009103,Completed,Sales
FIN-005388,2026-08-14,Customer Receipt,Inflow,58776.9,SO-009701,Completed,Sales
FIN-005859,2026-08-14,Supplier Payment,Outflow,77985.5,PO-00836,Completed,Procurement
FIN-006054,2026-08-14,Operating Expense,Outflow,12526.39,EXP-202608-Maintenance,Completed,Maintenance
FIN-000613,2026-08-15,Customer Receipt,Inflow,12973.48,SO-001118,Completed,Sales
FIN-001181,2026-08-15,Customer Receipt,Inflow,11973.0,SO-002151,Completed,Sales
FIN-001636,2026-08-15,Customer Receipt,Inflow,41118.88,SO-003035,Completed,Sales
FIN-003533,2026-08-15,Customer Receipt,Inflow,6348.43,SO-006416,Completed,Sales
FIN-005183,2026-08-15,Customer Receipt,Inflow,12026.82,SO-009356,Completed,Sales
FIN-005357,2026-08-15,Customer Receipt,Inflow,124216.2,SO-009656,Completed,Sales
FIN-005495,2026-08-15,Customer Receipt,Inflow,41735.9,SO-009909,Completed,Sales
FIN-005891,2026-08-15,Supplier Payment,Outflow,305220.0,PO-00935,Completed,Procurement
FIN-000451,2026-08-16,Customer Receipt,Inflow,28484.8,SO-000819,Completed,Sales
FIN-000557,2026-08-16,Customer Receipt,Inflow,33299.02,SO-001002,Completed,Sales
FIN-000708,2026-08-16,Customer Receipt,Inflow,65665.2,SO-001288,Completed,Sales
FIN-000711,2026-08-16,Customer Receipt,Inflow,98823.06,SO-001292,Completed,Sales
FIN-001527,2026-08-16,Customer Receipt,Inflow,19389.93,SO-002818,Completed,Sales
FIN-002181,2026-08-16,Customer Receipt,Inflow,47625.4,SO-004060,Completed,Sales
FIN-003529,2026-08-16,Customer Receipt,Inflow,73937.17,SO-006409,Completed,Sales
FIN-004852,2026-08-16,Customer Receipt,Inflow,134740.54,SO-008760,Completed,Sales
FIN-006055,2026-08-16,Operating Expense,Outflow,14021.42,EXP-202608-Software,Completed,Software
FIN-000196,2026-08-17,Customer Receipt,Inflow,163579.26,SO-000367,Completed,Sales
FIN-000581,2026-08-17,Customer Receipt,Inflow,28201.11,SO-001047,Completed,Sales
FIN-000618,2026-08-17,Customer Receipt,Inflow,121034.11,SO-001126,Completed,Sales
FIN-001088,2026-08-17,Customer Receipt,Inflow,24644.4,SO-001985,Completed,Sales
FIN-001930,2026-08-17,Customer Receipt,Inflow,117876.4,SO-003576,Completed,Sales
FIN-002238,2026-08-17,Customer Receipt,Inflow,114415.98,SO-004154,Completed,Sales
FIN-003086,2026-08-17,Customer Receipt,Inflow,13005.44,SO-005596,Completed,Sales
FIN-003112,2026-08-17,Customer Receipt,Inflow,18383.68,SO-005636,Completed,Sales
FIN-003961,2026-08-17,Customer Receipt,Inflow,62168.12,SO-007169,Completed,Sales
FIN-006051,2026-08-17,Operating Expense,Outflow,38551.84,EXP-202608-Rent,Completed,Rent
FIN-000167,2026-08-18,Customer Receipt,Inflow,35784.56,SO-000297,Completed,Sales
FIN-000564,2026-08-18,Customer Receipt,Inflow,6337.35,SO-001016,Completed,Sales
FIN-001078,2026-08-18,Customer Receipt,Inflow,43842.9,SO-001962,Completed,Sales
FIN-001112,2026-08-18,Customer Receipt,Inflow,24394.24,SO-002031,Completed,Sales
FIN-004637,2026-08-18,Customer Receipt,Inflow,11673.96,SO-008398,Completed,Sales
FIN-005523,2026-08-18,Customer Receipt,Inflow,5908.68,SO-009945,Completed,Sales
FIN-001133,2026-08-19,Customer Receipt,Inflow,51142.6,SO-002062,Completed,Sales
FIN-002345,2026-08-19,Customer Receipt,Inflow,19660.74,SO-004335,Completed,Sales
FIN-002703,2026-08-19,Customer Receipt,Inflow,155484.96,SO-004945,Completed,Sales
FIN-002961,2026-08-19,Customer Receipt,Inflow,9847.7,SO-005390,Completed,Sales
FIN-003472,2026-08-19,Customer Receipt,Inflow,25642.12,SO-006287,Completed,Sales
FIN-003517,2026-08-19,Customer Receipt,Inflow,8301.0,SO-006386,Completed,Sales
FIN-004415,2026-08-19,Customer Receipt,Inflow,10522.44,SO-007993,Completed,Sales
FIN-004642,2026-08-19,Customer Receipt,Inflow,40874.47,SO-008404,Completed,Sales
FIN-005060,2026-08-19,Customer Receipt,Inflow,90541.8,SO-009140,Completed,Sales
FIN-000789,2026-08-20,Customer Receipt,Inflow,14072.75,SO-001423,Completed,Sales
FIN-001809,2026-08-20,Customer Receipt,Inflow,8981.98,SO-003343,Completed,Sales
FIN-002359,2026-08-20,Customer Receipt,Inflow,130214.24,SO-004352,Completed,Sales
FIN-004193,2026-08-20,Customer Receipt,Inflow,30768.53,SO-007593,Completed,Sales
FIN-004424,2026-08-20,Customer Receipt,Inflow,3356.04,SO-008012,Completed,Sales
FIN-004728,2026-08-20,Customer Receipt,Inflow,9268.93,SO-008538,Completed,Sales
FIN-004816,2026-08-20,Customer Receipt,Inflow,6298.46,SO-008703,Completed,Sales
FIN-005243,2026-08-20,Customer Receipt,Inflow,74084.85,SO-009469,Completed,Sales
FIN-006056,2026-08-20,Operating Expense,Outflow,29988.23,EXP-202608-Transport,Completed,Transport
FIN-001347,2026-08-21,Customer Receipt,Inflow,4468.82,SO-002470,Completed,Sales
FIN-001543,2026-08-21,Customer Receipt,Inflow,98071.62,SO-002847,Completed,Sales
FIN-003224,2026-08-21,Customer Receipt,Inflow,55870.74,SO-005851,Completed,Sales
FIN-003799,2026-08-21,Customer Receipt,Inflow,32612.08,SO-006863,Completed,Sales
FIN-003828,2026-08-21,Customer Receipt,Inflow,8944.98,SO-006927,Completed,Sales
FIN-004134,2026-08-21,Customer Receipt,Inflow,131731.58,SO-007488,Completed,Sales
FIN-005131,2026-08-21,Customer Receipt,Inflow,50250.2,SO-009275,Completed,Sales
FIN-005283,2026-08-21,Customer Receipt,Inflow,69174.56,SO-009540,Completed,Sales
FIN-005398,2026-08-21,Customer Receipt,Inflow,5366.88,SO-009726,Completed,Sales
FIN-005855,2026-08-21,Supplier Payment,Outflow,71739.2,PO-00821,Completed,Procurement
FIN-001639,2026-08-22,Customer Receipt,Inflow,66154.31,SO-003038,Completed,Sales
FIN-001847,2026-08-22,Customer Receipt,Inflow,39970.1,SO-003419,Completed,Sales
FIN-002242,2026-08-22,Customer Receipt,Inflow,23727.77,SO-004159,Completed,Sales
FIN-003567,2026-08-22,Customer Receipt,Inflow,2284.64,SO-006479,Completed,Sales
FIN-003766,2026-08-22,Customer Receipt,Inflow,87827.8,SO-006806,Completed,Sales
FIN-004047,2026-08-22,Customer Receipt,Inflow,51943.34,SO-007338,Completed,Sales
FIN-000764,2026-08-23,Customer Receipt,Inflow,10536.5,SO-001374,Completed,Sales
FIN-003103,2026-08-23,Customer Receipt,Inflow,82378.8,SO-005621,Completed,Sales
FIN-004450,2026-08-23,Customer Receipt,Inflow,16022.93,SO-008048,Completed,Sales
FIN-004514,2026-08-23,Customer Receipt,Inflow,14294.52,SO-008164,Completed,Sales
FIN-004675,2026-08-23,Customer Receipt,Inflow,49180.04,SO-008454,Completed,Sales
FIN-005038,2026-08-23,Customer Receipt,Inflow,67823.92,SO-009098,Completed,Sales
FIN-005217,2026-08-23,Customer Receipt,Inflow,40581.36,SO-009423,Completed,Sales
FIN-005750,2026-08-23,Supplier Payment,Outflow,713682.0,PO-00552,Completed,Procurement
FIN-005756,2026-08-23,Supplier Payment,Outflow,212979.0,PO-00561,Completed,Procurement
FIN-005910,2026-08-23,Supplier Payment,Outflow,295852.0,PO-00978,Completed,Procurement
FIN-001598,2026-08-24,Customer Receipt,Inflow,79859.85,SO-002953,Completed,Sales
FIN-001629,2026-08-24,Customer Receipt,Inflow,31797.55,SO-003016,Completed,Sales
FIN-002872,2026-08-24,Customer Receipt,Inflow,43585.78,SO-005240,Completed,Sales
FIN-003172,2026-08-24,Customer Receipt,Inflow,29159.3,SO-005743,Completed,Sales
FIN-004927,2026-08-24,Customer Receipt,Inflow,29122.52,SO-008881,Completed,Sales
FIN-005405,2026-08-24,Customer Receipt,Inflow,52572.94,SO-009739,Completed,Sales
FIN-005785,2026-08-24,Supplier Payment,Outflow,456308.0,PO-00618,Completed,Procurement
FIN-000380,2026-08-25,Customer Receipt,Inflow,1181.86,SO-000688,Completed,Sales
FIN-000443,2026-08-25,Customer Receipt,Inflow,141765.92,SO-000796,Completed,Sales
FIN-000636,2026-08-25,Customer Receipt,Inflow,2572.18,SO-001157,Completed,Sales
FIN-001005,2026-08-25,Customer Receipt,Inflow,78946.35,SO-001812,Completed,Sales
FIN-001554,2026-08-25,Customer Receipt,Inflow,49296.4,SO-002870,Completed,Sales
FIN-001722,2026-08-25,Customer Receipt,Inflow,74432.12,SO-003204,Completed,Sales
FIN-002417,2026-08-25,Customer Receipt,Inflow,12809.1,SO-004451,Completed,Sales
FIN-002643,2026-08-25,Customer Receipt,Inflow,71214.55,SO-004823,Completed,Sales
FIN-003084,2026-08-25,Customer Receipt,Inflow,62020.79,SO-005591,Completed,Sales
FIN-003802,2026-08-25,Customer Receipt,Inflow,46384.8,SO-006868,Completed,Sales
FIN-001519,2026-08-26,Customer Receipt,Inflow,53925.82,SO-002804,Completed,Sales
FIN-002100,2026-08-26,Customer Receipt,Inflow,58890.93,SO-003906,Completed,Sales
FIN-002572,2026-08-26,Customer Receipt,Inflow,59152.13,SO-004714,Completed,Sales
FIN-002580,2026-08-26,Customer Receipt,Inflow,9120.15,SO-004727,Completed,Sales
FIN-004426,2026-08-26,Customer Receipt,Inflow,149004.7,SO-008014,Completed,Sales
FIN-004825,2026-08-26,Customer Receipt,Inflow,122231.43,SO-008717,Completed,Sales
FIN-005197,2026-08-26,Customer Receipt,Inflow,99554.55,SO-009383,Completed,Sales
FIN-005301,2026-08-26,Customer Receipt,Inflow,5553.05,SO-009570,Completed,Sales
FIN-000846,2026-08-27,Customer Receipt,Inflow,54916.03,SO-001535,Completed,Sales
FIN-001183,2026-08-27,Customer Receipt,Inflow,4390.29,SO-002153,Completed,Sales
FIN-001561,2026-08-27,Customer Receipt,Inflow,32111.17,SO-002883,Completed,Sales
FIN-003392,2026-08-27,Customer Receipt,Inflow,84438.9,SO-006130,Completed,Sales
FIN-003744,2026-08-27,Customer Receipt,Inflow,11818.47,SO-006767,Completed,Sales
FIN-003885,2026-08-27,Customer Receipt,Inflow,561.5,SO-007043,Completed,Sales
FIN-004054,2026-08-27,Customer Receipt,Inflow,45785.93,SO-007350,Completed,Sales
FIN-005632,2026-08-27,Supplier Payment,Outflow,32398.6,PO-00221,Completed,Procurement
FIN-005813,2026-08-27,Supplier Payment,Outflow,112037.4,PO-00731,Completed,Procurement
FIN-001354,2026-08-28,Customer Receipt,Inflow,132524.62,SO-002482,Completed,Sales
FIN-001439,2026-08-28,Customer Receipt,Inflow,59326.88,SO-002648,Completed,Sales
FIN-001466,2026-08-28,Customer Receipt,Inflow,16694.36,SO-002691,Completed,Sales
FIN-001984,2026-08-28,Customer Receipt,Inflow,23679.3,SO-003671,Completed,Sales
FIN-003210,2026-08-28,Customer Receipt,Inflow,107717.31,SO-005818,Completed,Sales
FIN-004095,2026-08-28,Customer Receipt,Inflow,146710.56,SO-007416,Completed,Sales
FIN-004237,2026-08-28,Customer Receipt,Inflow,145753.13,SO-007672,Completed,Sales
FIN-005530,2026-08-28,Customer Receipt,Inflow,5745.4,SO-009958,Completed,Sales
FIN-005914,2026-08-28,Supplier Payment,Outflow,7055.0,PO-00996,Completed,Procurement
FIN-000290,2026-08-29,Customer Receipt,Inflow,44052.24,SO-000541,Completed,Sales
FIN-000587,2026-08-29,Customer Receipt,Inflow,83054.86,SO-001061,Completed,Sales
FIN-000660,2026-08-29,Customer Receipt,Inflow,61913.02,SO-001199,Completed,Sales
FIN-001294,2026-08-29,Customer Receipt,Inflow,58329.04,SO-002370,Completed,Sales
FIN-001796,2026-08-29,Customer Receipt,Inflow,83675.7,SO-003323,Completed,Sales
FIN-001824,2026-08-29,Customer Receipt,Inflow,33620.13,SO-003367,Completed,Sales
FIN-002918,2026-08-29,Customer Receipt,Inflow,19380.49,SO-005326,Completed,Sales
FIN-003217,2026-08-29,Customer Receipt,Inflow,36590.73,SO-005835,Completed,Sales
FIN-005527,2026-08-29,Customer Receipt,Inflow,99205.92,SO-009954,Completed,Sales
FIN-002372,2026-08-30,Customer Receipt,Inflow,9480.62,SO-004379,Completed,Sales
FIN-002721,2026-08-30,Customer Receipt,Inflow,77511.0,SO-004981,Completed,Sales
FIN-002756,2026-08-30,Customer Receipt,Inflow,15506.25,SO-005044,Completed,Sales
FIN-003984,2026-08-30,Customer Receipt,Inflow,105984.69,SO-007215,Completed,Sales
FIN-005212,2026-08-30,Customer Receipt,Inflow,92606.97,SO-009411,Completed,Sales
FIN-005698,2026-08-30,Supplier Payment,Outflow,9956.0,PO-00410,Completed,Procurement
FIN-000576,2026-08-31,Customer Receipt,Inflow,2510.76,SO-001039,Completed,Sales
FIN-001092,2026-08-31,Customer Receipt,Inflow,57596.24,SO-001990,Completed,Sales
FIN-001360,2026-08-31,Customer Receipt,Inflow,4350.3,SO-002493,Completed,Sales
FIN-001441,2026-08-31,Customer Receipt,Inflow,50940.96,SO-002652,Completed,Sales
FIN-003118,2026-08-31,Customer Receipt,Inflow,28102.88,SO-005646,Completed,Sales
FIN-005222,2026-08-31,Customer Receipt,Inflow,111933.9,SO-009435,Completed,Sales
FIN-005360,2026-08-31,Customer Receipt,Inflow,2945.83,SO-009661,Completed,Sales
FIN-001649,2026-09-01,Customer Receipt,Inflow,22159.92,SO-003060,Completed,Sales
FIN-001668,2026-09-01,Customer Receipt,Inflow,120349.95,SO-003094,Completed,Sales
FIN-003018,2026-09-01,Customer Receipt,Inflow,36066.03,SO-005482,Completed,Sales
FIN-003760,2026-09-01,Customer Receipt,Inflow,126315.2,SO-006793,Completed,Sales
FIN-004219,2026-09-01,Customer Receipt,Inflow,45640.53,SO-007635,Completed,Sales
FIN-005152,2026-09-01,Customer Receipt,Inflow,4525.08,SO-009308,Completed,Sales
FIN-005433,2026-09-01,Customer Receipt,Inflow,102918.06,SO-009802,Completed,Sales
FIN-001067,2026-09-02,Customer Receipt,Inflow,112398.93,SO-001938,Completed,Sales
FIN-001678,2026-09-02,Customer Receipt,Inflow,117356.85,SO-003114,Completed,Sales
FIN-001754,2026-09-02,Customer Receipt,Inflow,1390.71,SO-003251,Completed,Sales
FIN-002006,2026-09-02,Customer Receipt,Inflow,42156.18,SO-003721,Completed,Sales
FIN-003450,2026-09-02,Customer Receipt,Inflow,6905.8,SO-006247,Completed,Sales
FIN-003477,2026-09-02,Customer Receipt,Inflow,4502.96,SO-006297,Completed,Sales
FIN-003907,2026-09-02,Customer Receipt,Inflow,33334.44,SO-007083,Completed,Sales
FIN-004251,2026-09-02,Customer Receipt,Inflow,23132.32,SO-007693,Completed,Sales
FIN-005557,2026-09-02,Supplier Payment,Outflow,390696.0,PO-00003,Completed,Procurement
FIN-005743,2026-09-02,Supplier Payment,Outflow,8682.7,PO-00535,Completed,Procurement
FIN-000745,2026-09-03,Customer Receipt,Inflow,13788.96,SO-001343,Completed,Sales
FIN-002130,2026-09-03,Customer Receipt,Inflow,151578.24,SO-003967,Completed,Sales
FIN-003360,2026-09-03,Customer Receipt,Inflow,77892.0,SO-006075,Completed,Sales
FIN-004735,2026-09-03,Customer Receipt,Inflow,50418.81,SO-008555,Completed,Sales
FIN-005578,2026-09-03,Supplier Payment,Outflow,39417.0,PO-00061,Completed,Procurement
FIN-005851,2026-09-03,Supplier Payment,Outflow,25912.8,PO-00808,Completed,Procurement
FIN-000244,2026-09-04,Customer Receipt,Inflow,10400.9,SO-000455,Completed,Sales
FIN-000793,2026-09-04,Customer Receipt,Inflow,59811.48,SO-001433,Completed,Sales
FIN-001740,2026-09-04,Customer Receipt,Inflow,44064.54,SO-003231,Completed,Sales
FIN-003214,2026-09-04,Customer Receipt,Inflow,132562.48,SO-005823,Completed,Sales
FIN-003369,2026-09-04,Customer Receipt,Inflow,58382.82,SO-006091,Completed,Sales
FIN-003794,2026-09-04,Customer Receipt,Inflow,93584.96,SO-006856,Completed,Sales
FIN-004996,2026-09-04,Customer Receipt,Inflow,97677.72,SO-009013,Completed,Sales
FIN-005111,2026-09-04,Customer Receipt,Inflow,43440.08,SO-009230,Completed,Sales
FIN-005328,2026-09-04,Customer Receipt,Inflow,1808.96,SO-009615,Completed,Sales
FIN-000560,2026-09-05,Customer Receipt,Inflow,45616.56,SO-001009,Completed,Sales
FIN-000615,2026-09-05,Customer Receipt,Inflow,1835.51,SO-001122,Completed,Sales
FIN-001351,2026-09-05,Customer Receipt,Inflow,47673.61,SO-002476,Completed,Sales
FIN-001725,2026-09-05,Customer Receipt,Inflow,4691.05,SO-003210,Completed,Sales
FIN-001888,2026-09-05,Customer Receipt,Inflow,76662.46,SO-003499,Completed,Sales
FIN-002283,2026-09-05,Customer Receipt,Inflow,82888.96,SO-004233,Completed,Sales
FIN-002360,2026-09-05,Customer Receipt,Inflow,101771.54,SO-004353,Completed,Sales
FIN-002960,2026-09-05,Customer Receipt,Inflow,12368.3,SO-005389,Completed,Sales
FIN-003087,2026-09-05,Customer Receipt,Inflow,132877.08,SO-005598,Completed,Sales
FIN-003574,2026-09-05,Customer Receipt,Inflow,67032.3,SO-006487,Completed,Sales
FIN-004962,2026-09-05,Customer Receipt,Inflow,121583.0,SO-008947,Completed,Sales
FIN-005164,2026-09-05,Customer Receipt,Inflow,150616.26,SO-009332,Completed,Sales
FIN-005687,2026-09-05,Supplier Payment,Outflow,109609.6,PO-00381,Completed,Procurement
FIN-005871,2026-09-05,Supplier Payment,Outflow,148398.0,PO-00869,Completed,Procurement
FIN-001065,2026-09-06,Customer Receipt,Inflow,74371.51,SO-001931,Completed,Sales
FIN-001262,2026-09-06,Customer Receipt,Inflow,27240.01,SO-002301,Completed,Sales
FIN-001359,2026-09-06,Customer Receipt,Inflow,14436.36,SO-002489,Completed,Sales
FIN-001720,2026-09-06,Customer Receipt,Inflow,88434.24,SO-003198,Completed,Sales
FIN-002818,2026-09-06,Customer Receipt,Inflow,154735.65,SO-005136,Completed,Sales
FIN-003995,2026-09-06,Customer Receipt,Inflow,69743.44,SO-007232,Completed,Sales
FIN-004250,2026-09-06,Customer Receipt,Inflow,11424.92,SO-007691,Completed,Sales
FIN-005146,2026-09-06,Customer Receipt,Inflow,79040.07,SO-009297,Completed,Sales
FIN-006060,2026-09-06,Operating Expense,Outflow,18937.04,EXP-202609-Maintenance,Completed,Maintenance
FIN-003193,2026-09-07,Customer Receipt,Inflow,7822.1,SO-005781,Completed,Sales
FIN-004607,2026-09-07,Customer Receipt,Inflow,31586.85,SO-008342,Completed,Sales
FIN-005821,2026-09-07,Supplier Payment,Outflow,416298.0,PO-00746,Completed,Procurement
FIN-000356,2026-09-08,Customer Receipt,Inflow,49043.83,SO-000655,Completed,Sales
FIN-000429,2026-09-08,Customer Receipt,Inflow,115373.13,SO-000771,Completed,Sales
FIN-001614,2026-09-08,Customer Receipt,Inflow,158582.1,SO-002987,Completed,Sales
FIN-002209,2026-09-08,Customer Receipt,Inflow,29603.2,SO-004111,Completed,Sales
FIN-002397,2026-09-08,Customer Receipt,Inflow,7969.64,SO-004414,Completed,Sales
FIN-003909,2026-09-08,Customer Receipt,Inflow,3228.12,SO-007088,Completed,Sales
FIN-004688,2026-09-08,Customer Receipt,Inflow,5917.17,SO-008479,Completed,Sales
FIN-004971,2026-09-08,Customer Receipt,Inflow,171597.93,SO-008966,Completed,Sales
FIN-000476,2026-09-09,Customer Receipt,Inflow,50366.07,SO-000862,Completed,Sales
FIN-000556,2026-09-09,Customer Receipt,Inflow,463.57,SO-001000,Completed,Sales
FIN-000857,2026-09-09,Customer Receipt,Inflow,17081.2,SO-001555,Completed,Sales
FIN-001373,2026-09-09,Customer Receipt,Inflow,66483.75,SO-002517,Completed,Sales
FIN-002155,2026-09-09,Customer Receipt,Inflow,41108.98,SO-004013,Completed,Sales
FIN-002163,2026-09-09,Customer Receipt,Inflow,80721.95,SO-004030,Completed,Sales
FIN-002308,2026-09-09,Customer Receipt,Inflow,178805.4,SO-004271,Completed,Sales
FIN-003059,2026-09-09,Customer Receipt,Inflow,27998.46,SO-005550,Completed,Sales
FIN-003651,2026-09-09,Customer Receipt,Inflow,46699.05,SO-006616,Completed,Sales
FIN-003851,2026-09-09,Customer Receipt,Inflow,87945.76,SO-006971,Completed,Sales
FIN-003978,2026-09-09,Customer Receipt,Inflow,52387.94,SO-007204,Completed,Sales
FIN-004337,2026-09-09,Customer Receipt,Inflow,24469.74,SO-007864,Completed,Sales
FIN-004846,2026-09-09,Customer Receipt,Inflow,58844.1,SO-008751,Completed,Sales
FIN-005271,2026-09-09,Customer Receipt,Inflow,33334.44,SO-009522,Completed,Sales
FIN-005391,2026-09-09,Customer Receipt,Inflow,129155.62,SO-009710,Completed,Sales
FIN-000091,2026-09-10,Customer Receipt,Inflow,12134.07,SO-000156,Completed,Sales
FIN-000114,2026-09-10,Customer Receipt,Inflow,34277.94,SO-000205,Completed,Sales
FIN-000295,2026-09-10,Customer Receipt,Inflow,109729.09,SO-000546,Completed,Sales
FIN-000528,2026-09-10,Customer Receipt,Inflow,42680.44,SO-000950,Completed,Sales
FIN-000694,2026-09-10,Customer Receipt,Inflow,102983.84,SO-001262,Completed,Sales
FIN-001242,2026-09-10,Customer Receipt,Inflow,4124.9,SO-002262,Completed,Sales
FIN-001716,2026-09-10,Customer Receipt,Inflow,65198.25,SO-003190,Completed,Sales
FIN-001938,2026-09-10,Customer Receipt,Inflow,73781.6,SO-003588,Completed,Sales
FIN-002803,2026-09-10,Customer Receipt,Inflow,23180.3,SO-005113,Completed,Sales
FIN-002927,2026-09-10,Customer Receipt,Inflow,12555.78,SO-005337,Completed,Sales
FIN-003197,2026-09-10,Customer Receipt,Inflow,84063.0,SO-005792,Completed,Sales
FIN-003444,2026-09-10,Customer Receipt,Inflow,15270.84,SO-006238,Completed,Sales
FIN-005175,2026-09-10,Customer Receipt,Inflow,17377.8,SO-009345,Completed,Sales
FIN-005844,2026-09-10,Supplier Payment,Outflow,25100.9,PO-00791,Completed,Procurement
FIN-000389,2026-09-11,Customer Receipt,Inflow,48101.2,SO-000700,Completed,Sales
FIN-000891,2026-09-11,Customer Receipt,Inflow,54709.05,SO-001619,Completed,Sales
FIN-001296,2026-09-11,Customer Receipt,Inflow,76768.23,SO-002374,Completed,Sales
FIN-003123,2026-09-11,Customer Receipt,Inflow,70717.2,SO-005653,Completed,Sales
FIN-003910,2026-09-11,Customer Receipt,Inflow,6522.4,SO-007089,Completed,Sales
FIN-003964,2026-09-11,Customer Receipt,Inflow,11371.25,SO-007172,Completed,Sales
FIN-000359,2026-09-12,Customer Receipt,Inflow,9155.75,SO-000659,Completed,Sales
FIN-000730,2026-09-12,Customer Receipt,Inflow,43585.78,SO-001322,Completed,Sales
FIN-000818,2026-09-12,Customer Receipt,Inflow,49769.79,SO-001482,Completed,Sales
FIN-000916,2026-09-12,Customer Receipt,Inflow,75969.94,SO-001659,Completed,Sales
FIN-001250,2026-09-12,Customer Receipt,Inflow,3826.69,SO-002281,Completed,Sales
FIN-002353,2026-09-12,Customer Receipt,Inflow,59035.68,SO-004344,Completed,Sales
FIN-002877,2026-09-12,Customer Receipt,Inflow,119203.6,SO-005249,Completed,Sales
FIN-003188,2026-09-12,Customer Receipt,Inflow,58520.88,SO-005772,Completed,Sales
FIN-003772,2026-09-12,Customer Receipt,Inflow,29884.56,SO-006813,Completed,Sales
FIN-005250,2026-09-12,Customer Receipt,Inflow,4174.11,SO-009478,Completed,Sales
FIN-005268,2026-09-12,Customer Receipt,Inflow,58237.2,SO-009515,Completed,Sales
FIN-000116,2026-09-13,Customer Receipt,Inflow,73112.6,SO-000210,Completed,Sales
FIN-000326,2026-09-13,Customer Receipt,Inflow,47275.12,SO-000601,Completed,Sales
FIN-001293,2026-09-13,Customer Receipt,Inflow,13321.74,SO-002369,Completed,Sales
FIN-001477,2026-09-13,Customer Receipt,Inflow,18818.5,SO-002708,Completed,Sales
FIN-002188,2026-09-13,Customer Receipt,Inflow,34585.32,SO-004072,Completed,Sales
FIN-002625,2026-09-13,Customer Receipt,Inflow,1431.76,SO-004792,Completed,Sales
FIN-005072,2026-09-13,Customer Receipt,Inflow,35090.88,SO-009162,Completed,Sales
FIN-005135,2026-09-13,Customer Receipt,Inflow,107592.9,SO-009280,Completed,Sales
FIN-005714,2026-09-13,Supplier Payment,Outflow,289404.0,PO-00451,Completed,Procurement
FIN-001454,2026-09-14,Customer Receipt,Inflow,863.64,SO-002672,Completed,Sales
FIN-002271,2026-09-14,Customer Receipt,Inflow,18085.2,SO-004209,Completed,Sales
FIN-002755,2026-09-14,Customer Receipt,Inflow,148539.56,SO-005043,Completed,Sales
FIN-003734,2026-09-14,Customer Receipt,Inflow,27256.79,SO-006749,Completed,Sales
FIN-004646,2026-09-14,Customer Receipt,Inflow,10232.3,SO-008410,Completed,Sales
FIN-005191,2026-09-14,Customer Receipt,Inflow,47320.46,SO-009372,Completed,Sales
FIN-005216,2026-09-14,Customer Receipt,Inflow,11440.68,SO-009421,Completed,Sales
FIN-002411,2026-09-15,Customer Receipt,Inflow,78395.52,SO-004442,Completed,Sales
FIN-002791,2026-09-15,Customer Receipt,Inflow,37111.6,SO-005094,Completed,Sales
FIN-003445,2026-09-15,Customer Receipt,Inflow,5484.36,SO-006240,Completed,Sales
FIN-004567,2026-09-15,Customer Receipt,Inflow,5541.8,SO-008265,Completed,Sales
FIN-005408,2026-09-15,Customer Receipt,Inflow,3204.18,SO-009742,Completed,Sales
FIN-005836,2026-09-15,Supplier Payment,Outflow,10400.7,PO-00776,Completed,Procurement
FIN-006057,2026-09-15,Operating Expense,Outflow,63141.66,EXP-202609-Rent,Completed,Rent
FIN-006061,2026-09-15,Operating Expense,Outflow,12677.69,EXP-202609-Software,Completed,Software
FIN-000308,2026-09-16,Customer Receipt,Inflow,144957.5,SO-000573,Completed,Sales
FIN-000328,2026-09-16,Customer Receipt,Inflow,28071.23,SO-000604,Completed,Sales
FIN-000369,2026-09-16,Customer Receipt,Inflow,10440.93,SO-000670,Completed,Sales
FIN-001146,2026-09-16,Customer Receipt,Inflow,38890.18,SO-002082,Completed,Sales
FIN-001326,2026-09-16,Customer Receipt,Inflow,148903.15,SO-002435,Completed,Sales
FIN-002470,2026-09-16,Customer Receipt,Inflow,27323.6,SO-004540,Completed,Sales
FIN-003595,2026-09-16,Customer Receipt,Inflow,15786.2,SO-006521,Completed,Sales
FIN-003941,2026-09-16,Customer Receipt,Inflow,39588.72,SO-007140,Completed,Sales
FIN-004742,2026-09-16,Customer Receipt,Inflow,19160.87,SO-008567,Completed,Sales
FIN-005510,2026-09-16,Customer Receipt,Inflow,109832.06,SO-009928,Completed,Sales
FIN-000349,2026-09-17,Customer Receipt,Inflow,49500.62,SO-000637,Completed,Sales
FIN-000422,2026-09-17,Customer Receipt,Inflow,76557.9,SO-000759,Completed,Sales
FIN-001258,2026-09-17,Customer Receipt,Inflow,1929.84,SO-002295,Completed,Sales
FIN-003270,2026-09-17,Customer Receipt,Inflow,8773.7,SO-005920,Completed,Sales
FIN-003871,2026-09-17,Customer Receipt,Inflow,67178.4,SO-007012,Completed,Sales
FIN-004494,2026-09-17,Customer Receipt,Inflow,3096.6,SO-008125,Completed,Sales
FIN-004860,2026-09-17,Customer Receipt,Inflow,17471.16,SO-008776,Completed,Sales
FIN-000165,2026-09-18,Customer Receipt,Inflow,13673.28,SO-000295,Completed,Sales
FIN-000458,2026-09-18,Customer Receipt,Inflow,90467.03,SO-000833,Completed,Sales
FIN-003903,2026-09-18,Customer Receipt,Inflow,2297.96,SO-007076,Completed,Sales
FIN-004508,2026-09-18,Customer Receipt,Inflow,89129.95,SO-008153,Completed,Sales
FIN-005168,2026-09-18,Customer Receipt,Inflow,3454.56,SO-009337,Completed,Sales
FIN-005241,2026-09-18,Customer Receipt,Inflow,9461.76,SO-009465,Completed,Sales
FIN-005337,2026-09-18,Customer Receipt,Inflow,5762.1,SO-009624,Completed,Sales
FIN-006059,2026-09-18,Operating Expense,Outflow,247857.04,EXP-202609-Salaries,Completed,Salaries
FIN-006062,2026-09-18,Operating Expense,Outflow,14433.44,EXP-202609-Transport,Completed,Transport
FIN-002867,2026-09-19,Customer Receipt,Inflow,41420.19,SO-005227,Completed,Sales
FIN-003979,2026-09-19,Customer Receipt,Inflow,8202.74,SO-007205,Completed,Sales
FIN-004260,2026-09-19,Customer Receipt,Inflow,64305.0,SO-007713,Completed,Sales
FIN-000256,2026-09-20,Customer Receipt,Inflow,4600.6,SO-000478,Completed,Sales
FIN-001231,2026-09-20,Customer Receipt,Inflow,58277.61,SO-002242,Completed,Sales
FIN-002628,2026-09-20,Customer Receipt,Inflow,25794.51,SO-004797,Completed,Sales
FIN-003882,2026-09-20,Customer Receipt,Inflow,14712.51,SO-007033,Completed,Sales
FIN-000057,2026-09-21,Customer Receipt,Inflow,89411.34,SO-000097,Completed,Sales
FIN-000077,2026-09-21,Customer Receipt,Inflow,2862.73,SO-000129,Completed,Sales
FIN-000208,2026-09-21,Customer Receipt,Inflow,25470.48,SO-000388,Completed,Sales
FIN-003381,2026-09-21,Customer Receipt,Inflow,131400.38,SO-006113,Completed,Sales
FIN-003558,2026-09-21,Customer Receipt,Inflow,45548.27,SO-006466,Completed,Sales
FIN-004649,2026-09-21,Customer Receipt,Inflow,7995.24,SO-008414,Completed,Sales
FIN-005462,2026-09-21,Customer Receipt,Inflow,133031.99,SO-009860,Completed,Sales
FIN-006058,2026-09-21,Operating Expense,Outflow,16562.5,EXP-202609-Utilities,Completed,Utilities
FIN-000324,2026-09-22,Customer Receipt,Inflow,51144.5,SO-000598,Completed,Sales
FIN-001283,2026-09-22,Customer Receipt,Inflow,10790.99,SO-002354,Completed,Sales
FIN-002106,2026-09-22,Customer Receipt,Inflow,7340.78,SO-003918,Completed,Sales
FIN-004448,2026-09-22,Customer Receipt,Inflow,148039.27,SO-008045,Completed,Sales
FIN-004984,2026-09-22,Customer Receipt,Inflow,69832.73,SO-008989,Completed,Sales
FIN-000942,2026-09-23,Customer Receipt,Inflow,33951.15,SO-001700,Completed,Sales
FIN-001504,2026-09-23,Customer Receipt,Inflow,100889.88,SO-002764,Completed,Sales
FIN-001918,2026-09-23,Customer Receipt,Inflow,12440.3,SO-003558,Completed,Sales
FIN-002026,2026-09-23,Customer Receipt,Inflow,48763.68,SO-003763,Completed,Sales
FIN-002824,2026-09-23,Customer Receipt,Inflow,33813.3,SO-005147,Completed,Sales
FIN-004375,2026-09-23,Customer Receipt,Inflow,65602.56,SO-007918,Completed,Sales
FIN-004933,2026-09-23,Customer Receipt,Inflow,8573.81,SO-008892,Completed,Sales
FIN-005513,2026-09-23,Customer Receipt,Inflow,9830.37,SO-009933,Completed,Sales
FIN-005583,2026-09-23,Supplier Payment,Outflow,447666.0,PO-00070,Completed,Procurement
FIN-002712,2026-09-24,Customer Receipt,Inflow,748.93,SO-004960,Completed,Sales
FIN-004202,2026-09-24,Customer Receipt,Inflow,102223.96,SO-007607,Completed,Sales
FIN-004229,2026-09-24,Customer Receipt,Inflow,163381.65,SO-007655,Completed,Sales
FIN-005843,2026-09-24,Supplier Payment,Outflow,220964.5,PO-00790,Completed,Procurement
FIN-002354,2026-09-25,Customer Receipt,Inflow,84009.25,SO-004345,Completed,Sales
FIN-002784,2026-09-25,Customer Receipt,Inflow,88810.92,SO-005081,Completed,Sales
FIN-003395,2026-09-25,Customer Receipt,Inflow,24608.18,SO-006140,Completed,Sales
FIN-003663,2026-09-25,Customer Receipt,Inflow,1566.96,SO-006638,Completed,Sales
FIN-003985,2026-09-25,Customer Receipt,Inflow,9816.68,SO-007217,Completed,Sales
FIN-004708,2026-09-25,Customer Receipt,Inflow,6282.9,SO-008510,Completed,Sales
FIN-004965,2026-09-25,Customer Receipt,Inflow,101383.44,SO-008953,Completed,Sales
FIN-001391,2026-09-26,Customer Receipt,Inflow,171373.8,SO-002554,Completed,Sales
FIN-003130,2026-09-26,Customer Receipt,Inflow,31892.56,SO-005665,Completed,Sales
FIN-003401,2026-09-26,Customer Receipt,Inflow,65141.75,SO-006149,Completed,Sales
FIN-003933,2026-09-26,Customer Receipt,Inflow,53590.53,SO-007130,Completed,Sales
FIN-004298,2026-09-26,Customer Receipt,Inflow,111318.48,SO-007790,Completed,Sales
FIN-001475,2026-09-27,Customer Receipt,Inflow,4166.36,SO-002705,Completed,Sales
FIN-003415,2026-09-27,Customer Receipt,Inflow,84443.94,SO-006170,Completed,Sales
FIN-004031,2026-09-27,Customer Receipt,Inflow,34821.36,SO-007308,Completed,Sales
FIN-004924,2026-09-27,Customer Receipt,Inflow,117187.28,SO-008878,Completed,Sales
FIN-005016,2026-09-27,Customer Receipt,Inflow,44700.89,SO-009052,Completed,Sales
FIN-005115,2026-09-27,Customer Receipt,Inflow,128615.97,SO-009237,Completed,Sales
FIN-005448,2026-09-27,Customer Receipt,Inflow,4185.26,SO-009828,Completed,Sales
FIN-005514,2026-09-27,Customer Receipt,Inflow,89920.18,SO-009934,Completed,Sales
FIN-001160,2026-09-28,Customer Receipt,Inflow,2992.56,SO-002106,Completed,Sales
FIN-001688,2026-09-28,Customer Receipt,Inflow,16899.6,SO-003130,Completed,Sales
FIN-001760,2026-09-28,Customer Receipt,Inflow,160912.25,SO-003264,Completed,Sales
FIN-002416,2026-09-28,Customer Receipt,Inflow,28077.2,SO-004450,Completed,Sales
FIN-002452,2026-09-28,Customer Receipt,Inflow,130097.52,SO-004513,Completed,Sales
FIN-003557,2026-09-28,Customer Receipt,Inflow,25129.85,SO-006462,Completed,Sales
FIN-003887,2026-09-28,Customer Receipt,Inflow,17892.28,SO-007046,Completed,Sales
FIN-004942,2026-09-28,Customer Receipt,Inflow,13114.96,SO-008908,Completed,Sales
FIN-005528,2026-09-28,Customer Receipt,Inflow,7482.84,SO-009955,Completed,Sales
FIN-000204,2026-09-29,Customer Receipt,Inflow,70338.56,SO-000379,Completed,Sales
FIN-000589,2026-09-29,Customer Receipt,Inflow,67771.69,SO-001064,Completed,Sales
FIN-001912,2026-09-29,Customer Receipt,Inflow,2701.4,SO-003543,Completed,Sales
FIN-003977,2026-09-29,Customer Receipt,Inflow,10731.82,SO-007203,Completed,Sales
FIN-004076,2026-09-29,Customer Receipt,Inflow,99001.24,SO-007388,Completed,Sales
FIN-004172,2026-09-29,Customer Receipt,Inflow,15125.46,SO-007561,Completed,Sales
FIN-004946,2026-09-29,Customer Receipt,Inflow,97654.6,SO-008914,Completed,Sales
FIN-005450,2026-09-29,Customer Receipt,Inflow,45056.88,SO-009830,Completed,Sales
FIN-000937,2026-09-30,Customer Receipt,Inflow,16029.45,SO-001694,Completed,Sales
FIN-001776,2026-09-30,Customer Receipt,Inflow,5814.72,SO-003286,Completed,Sales
FIN-002766,2026-09-30,Customer Receipt,Inflow,184104.47,SO-005059,Completed,Sales
FIN-003192,2026-09-30,Customer Receipt,Inflow,29159.3,SO-005779,Completed,Sales
FIN-003695,2026-09-30,Customer Receipt,Inflow,7425.75,SO-006689,Completed,Sales
FIN-004623,2026-09-30,Customer Receipt,Inflow,136174.72,SO-008373,Completed,Sales
FIN-004706,2026-09-30,Customer Receipt,Inflow,23280.24,SO-008508,Completed,Sales
FIN-004750,2026-09-30,Customer Receipt,Inflow,6739.65,SO-008578,Completed,Sales
FIN-005454,2026-09-30,Customer Receipt,Inflow,3402.3,SO-009846,Completed,Sales
FIN-005860,2026-09-30,Supplier Payment,Outflow,2355.4,PO-00840,Completed,Procurement
FIN-005905,2026-09-30,Supplier Payment,Outflow,50422.0,PO-00967,Completed,Procurement
