movement_id,movement_date,product_id,warehouse_id,movement_type,quantity_change,reference_id
MOV-000001,2025-10-17,PRD-0482,WH-003,Purchase Receipt,50,PO-00009
MOV-000002,2025-04-15,PRD-0449,WH-003,Purchase Receipt,10,PO-00014
MOV-000003,2025-02-27,PRD-0012,WH-005,Purchase Receipt,10,PO-00015
MOV-000004,2025-06-01,PRD-0302,WH-001,Purchase Receipt,5,PO-00016
MOV-000005,2026-09-27,PRD-0063,WH-002,Purchase Receipt,200,PO-00019
MOV-000006,2025-11-18,PRD-0075,WH-003,Purchase Receipt,100,PO-00022
MOV-000007,2025-07-14,PRD-0260,WH-004,Purchase Receipt,20,PO-00034
MOV-000008,2026-04-12,PRD-0113,WH-003,Purchase Receipt,5,PO-00035
MOV-000009,2025-09-10,PRD-0202,WH-002,Purchase Receipt,100,PO-00036
MOV-000010,2026-01-01,PRD-0332,WH-002,Purchase Receipt,10,PO-00037
MOV-000011,2025-04-16,PRD-0198,WH-003,Purchase Receipt,5,PO-00043
MOV-000012,2026-07-06,PRD-0369,WH-005,Purchase Receipt,20,PO-00045
MOV-000013,2025-03-24,PRD-0476,WH-003,Purchase Receipt,10,PO-00047
MOV-000014,2024-10-27,PRD-0052,WH-005,Purchase Receipt,10,PO-00054
MOV-000015,2024-11-21,PRD-0047,WH-004,Purchase Receipt,100,PO-00056
MOV-000016,2026-02-16,PRD-0229,WH-003,Purchase Receipt,25,PO-00063
MOV-000017,2025-01-09,PRD-0214,WH-002,Purchase Receipt,5,PO-00065
MOV-000018,2026-05-14,PRD-0197,WH-005,Purchase Receipt,10,PO-00066
MOV-000019,2025-05-22,PRD-0035,WH-004,Purchase Receipt,50,PO-00069
MOV-000020,2026-08-22,PRD-0141,WH-005,Purchase Receipt,100,PO-00070
MOV-000021,2026-09-11,PRD-0219,WH-002,Purchase Receipt,5,PO-00075
MOV-000022,2025-06-29,PRD-0368,WH-004,Purchase Receipt,50,PO-00082
MOV-000023,2025-09-17,PRD-0332,WH-005,Purchase Receipt,100,PO-00086
MOV-000024,2025-09-21,PRD-0218,WH-001,Purchase Receipt,20,PO-00087
MOV-000025,2025-06-21,PRD-0391,WH-003,Purchase Receipt,25,PO-00088
MOV-000026,2025-03-07,PRD-0435,WH-003,Purchase Receipt,10,PO-00096
MOV-000027,2026-01-17,PRD-0377,WH-004,Purchase Receipt,10,PO-00100
MOV-000028,2026-05-12,PRD-0303,WH-003,Purchase Receipt,10,PO-00102
MOV-000029,2026-01-24,PRD-0364,WH-005,Purchase Receipt,100,PO-00103
MOV-000030,2025-04-11,PRD-0205,WH-003,Purchase Receipt,200,PO-00104
MOV-000031,2025-06-08,PRD-0415,WH-004,Purchase Receipt,200,PO-00109
MOV-000032,2026-01-03,PRD-0027,WH-005,Purchase Receipt,20,PO-00110
MOV-000033,2025-11-11,PRD-0407,WH-003,Purchase Receipt,50,PO-00111
MOV-000034,2025-09-24,PRD-0242,WH-005,Purchase Receipt,200,PO-00120
MOV-000035,2026-01-09,PRD-0226,WH-004,Purchase Receipt,10,PO-00123
MOV-000036,2025-03-14,PRD-0340,WH-004,Purchase Receipt,200,PO-00125
MOV-000037,2025-11-24,PRD-0498,WH-001,Purchase Receipt,100,PO-00126
MOV-000038,2025-12-17,PRD-0101,WH-001,Purchase Receipt,20,PO-00131
MOV-000039,2026-04-05,PRD-0134,WH-004,Purchase Receipt,50,PO-00133
MOV-000040,2025-08-10,PRD-0416,WH-001,Purchase Receipt,25,PO-00134
MOV-000041,2025-01-29,PRD-0117,WH-003,Purchase Receipt,5,PO-00135
MOV-000042,2025-08-24,PRD-0185,WH-005,Purchase Receipt,50,PO-00138
MOV-000043,2026-01-02,PRD-0301,WH-002,Purchase Receipt,100,PO-00139
MOV-000044,2026-06-21,PRD-0192,WH-002,Purchase Receipt,100,PO-00150
MOV-000045,2025-02-01,PRD-0163,WH-005,Purchase Receipt,50,PO-00152
MOV-000046,2024-12-07,PRD-0119,WH-002,Purchase Receipt,200,PO-00153
MOV-000047,2025-02-10,PRD-0136,WH-003,Purchase Receipt,100,PO-00154
MOV-000048,2024-10-29,PRD-0032,WH-003,Purchase Receipt,5,PO-00163
MOV-000049,2025-03-02,PRD-0384,WH-003,Purchase Receipt,5,PO-00170
MOV-000050,2025-11-17,PRD-0147,WH-002,Purchase Receipt,10,PO-00173
MOV-000051,2025-02-18,PRD-0242,WH-001,Purchase Receipt,100,PO-00174
MOV-000052,2026-01-21,PRD-0382,WH-001,Purchase Receipt,25,PO-00175
MOV-000053,2026-04-04,PRD-0232,WH-004,Purchase Receipt,25,PO-00179
MOV-000054,2024-11-08,PRD-0199,WH-002,Purchase Receipt,10,PO-00184
MOV-000055,2025-04-09,PRD-0363,WH-002,Purchase Receipt,5,PO-00189
MOV-000056,2025-11-01,PRD-0191,WH-005,Purchase Receipt,100,PO-00190
MOV-000057,2025-10-31,PRD-0018,WH-005,Purchase Receipt,100,PO-00191
MOV-000058,2024-10-28,PRD-0481,WH-003,Purchase Receipt,5,PO-00195
MOV-000059,2025-01-06,PRD-0488,WH-001,Purchase Receipt,100,PO-00196
MOV-000060,2025-05-02,PRD-0226,WH-003,Purchase Receipt,50,PO-00197
MOV-000061,2026-05-21,PRD-0267,WH-001,Purchase Receipt,20,PO-00199
MOV-000062,2024-10-22,PRD-0337,WH-003,Purchase Receipt,50,PO-00208
MOV-000063,2025-09-16,PRD-0449,WH-004,Purchase Receipt,10,PO-00211
MOV-000064,2025-05-18,PRD-0133,WH-002,Purchase Receipt,100,PO-00212
MOV-000065,2026-08-07,PRD-0202,WH-004,Purchase Receipt,5,PO-00221
MOV-000066,2025-12-19,PRD-0163,WH-005,Purchase Receipt,50,PO-00224
MOV-000067,2025-03-31,PRD-0087,WH-001,Purchase Receipt,10,PO-00227
MOV-000068,2025-01-30,PRD-0208,WH-003,Purchase Receipt,25,PO-00229
MOV-000069,2026-05-05,PRD-0091,WH-002,Purchase Receipt,100,PO-00234
MOV-000070,2025-10-02,PRD-0189,WH-001,Purchase Receipt,50,PO-00241
MOV-000071,2024-12-19,PRD-0222,WH-003,Purchase Receipt,50,PO-00255
MOV-000072,2024-12-09,PRD-0320,WH-003,Purchase Receipt,10,PO-00256
MOV-000073,2025-09-06,PRD-0375,WH-005,Purchase Receipt,100,PO-00261
MOV-000074,2026-10-04,PRD-0049,WH-005,Purchase Receipt,20,PO-00268
MOV-000075,2026-01-07,PRD-0186,WH-003,Purchase Receipt,10,PO-00270
MOV-000076,2025-11-20,PRD-0069,WH-005,Purchase Receipt,10,PO-00273
MOV-000077,2026-06-26,PRD-0209,WH-003,Purchase Receipt,5,PO-00277
MOV-000078,2026-05-05,PRD-0097,WH-003,Purchase Receipt,10,PO-00282
MOV-000079,2025-12-12,PRD-0095,WH-002,Purchase Receipt,5,PO-00283
MOV-000080,2026-03-29,PRD-0389,WH-001,Purchase Receipt,100,PO-00285
MOV-000081,2024-11-17,PRD-0472,WH-003,Purchase Receipt,20,PO-00288
MOV-000082,2026-02-24,PRD-0339,WH-002,Purchase Receipt,50,PO-00292
MOV-000083,2025-09-15,PRD-0474,WH-003,Purchase Receipt,10,PO-00294
MOV-000084,2025-10-04,PRD-0438,WH-002,Purchase Receipt,50,PO-00295
MOV-000085,2024-11-30,PRD-0061,WH-004,Purchase Receipt,10,PO-00300
MOV-000086,2025-03-17,PRD-0210,WH-002,Purchase Receipt,50,PO-00305
MOV-000087,2026-09-22,PRD-0228,WH-001,Purchase Receipt,10,PO-00309
MOV-000088,2025-09-17,PRD-0384,WH-003,Purchase Receipt,5,PO-00318
MOV-000089,2026-02-09,PRD-0326,WH-004,Purchase Receipt,10,PO-00324
MOV-000090,2026-10-02,PRD-0227,WH-005,Purchase Receipt,25,PO-00334
MOV-000091,2026-03-18,PRD-0128,WH-003,Purchase Receipt,50,PO-00335
MOV-000092,2025-03-24,PRD-0090,WH-003,Purchase Receipt,10,PO-00338
MOV-000093,2025-10-21,PRD-0319,WH-005,Purchase Receipt,25,PO-00341
MOV-000094,2025-01-29,PRD-0358,WH-003,Purchase Receipt,10,PO-00351
MOV-000095,2026-06-25,PRD-0176,WH-004,Purchase Receipt,50,PO-00356
MOV-000096,2025-05-20,PRD-0074,WH-002,Purchase Receipt,200,PO-00366
MOV-000097,2025-04-30,PRD-0346,WH-002,Purchase Receipt,10,PO-00374
MOV-000098,2026-07-21,PRD-0379,WH-003,Purchase Receipt,50,PO-00386
MOV-000099,2024-12-06,PRD-0166,WH-002,Purchase Receipt,50,PO-00389
MOV-000100,2025-05-12,PRD-0315,WH-001,Purchase Receipt,100,PO-00390
MOV-000101,2026-01-15,PRD-0084,WH-001,Purchase Receipt,50,PO-00392
MOV-000102,2025-09-15,PRD-0054,WH-003,Purchase Receipt,100,PO-00400
MOV-000103,2025-10-22,PRD-0474,WH-002,Purchase Receipt,200,PO-00405
MOV-000104,2026-07-27,PRD-0044,WH-003,Purchase Receipt,50,PO-00410
MOV-000105,2025-04-16,PRD-0001,WH-004,Purchase Receipt,25,PO-00414
MOV-000106,2024-12-17,PRD-0065,WH-005,Purchase Receipt,10,PO-00416
MOV-000107,2024-12-08,PRD-0048,WH-003,Purchase Receipt,5,PO-00422
MOV-000108,2026-10-09,PRD-0230,WH-005,Purchase Receipt,100,PO-00425
MOV-000109,2025-09-15,PRD-0482,WH-001,Purchase Receipt,5,PO-00427
MOV-000110,2025-09-21,PRD-0298,WH-003,Purchase Receipt,100,PO-00428
MOV-000111,2025-01-10,PRD-0336,WH-002,Purchase Receipt,20,PO-00432
MOV-000112,2025-06-08,PRD-0094,WH-001,Purchase Receipt,5,PO-00437
MOV-000113,2024-12-25,PRD-0426,WH-001,Purchase Receipt,10,PO-00439
MOV-000114,2025-06-03,PRD-0445,WH-005,Purchase Receipt,20,PO-00447
MOV-000115,2025-03-12,PRD-0472,WH-003,Purchase Receipt,5,PO-00450
MOV-000116,2026-09-07,PRD-0363,WH-005,Purchase Receipt,50,PO-00451
MOV-000117,2026-10-15,PRD-0492,WH-001,Purchase Receipt,50,PO-00452
MOV-000118,2025-06-20,PRD-0447,WH-001,Purchase Receipt,10,PO-00453
MOV-000119,2025-01-12,PRD-0400,WH-004,Purchase Receipt,20,PO-00456
MOV-000120,2024-12-01,PRD-0069,WH-003,Purchase Receipt,5,PO-00458
MOV-000121,2026-05-02,PRD-0306,WH-002,Purchase Receipt,5,PO-00460
MOV-000122,2025-05-09,PRD-0009,WH-005,Purchase Receipt,5,PO-00465
MOV-000123,2025-07-07,PRD-0307,WH-005,Purchase Receipt,50,PO-00470
MOV-000124,2025-05-11,PRD-0496,WH-001,Purchase Receipt,100,PO-00471
MOV-000125,2025-10-27,PRD-0370,WH-001,Purchase Receipt,10,PO-00473
MOV-000126,2025-08-21,PRD-0399,WH-004,Purchase Receipt,50,PO-00475
MOV-000127,2024-11-02,PRD-0208,WH-002,Purchase Receipt,50,PO-00477
MOV-000128,2025-04-17,PRD-0088,WH-004,Purchase Receipt,5,PO-00480
MOV-000129,2026-07-11,PRD-0455,WH-005,Purchase Receipt,25,PO-00484
MOV-000130,2025-02-03,PRD-0444,WH-005,Purchase Receipt,50,PO-00485
MOV-000131,2025-11-12,PRD-0138,WH-002,Purchase Receipt,10,PO-00487
MOV-000132,2026-07-09,PRD-0463,WH-004,Purchase Receipt,5,PO-00489
MOV-000133,2025-04-28,PRD-0157,WH-005,Purchase Receipt,50,PO-00493
MOV-000134,2025-11-24,PRD-0131,WH-004,Purchase Receipt,100,PO-00494
MOV-000135,2026-03-16,PRD-0080,WH-003,Purchase Receipt,10,PO-00506
MOV-000136,2026-05-29,PRD-0197,WH-003,Purchase Receipt,25,PO-00511
MOV-000137,2025-09-01,PRD-0414,WH-004,Purchase Receipt,200,PO-00522
MOV-000138,2026-06-29,PRD-0308,WH-002,Purchase Receipt,50,PO-00525
MOV-000139,2025-06-27,PRD-0155,WH-005,Purchase Receipt,100,PO-00531
MOV-000140,2026-07-03,PRD-0358,WH-004,Purchase Receipt,50,PO-00533
MOV-000141,2026-07-21,PRD-0250,WH-005,Purchase Receipt,200,PO-00536
MOV-000142,2025-04-04,PRD-0227,WH-005,Purchase Receipt,50,PO-00542
MOV-000143,2025-09-28,PRD-0405,WH-004,Purchase Receipt,50,PO-00548
MOV-000144,2026-05-04,PRD-0243,WH-001,Purchase Receipt,50,PO-00551
MOV-000145,2025-08-26,PRD-0119,WH-003,Purchase Receipt,100,PO-00554
MOV-000146,2026-08-04,PRD-0296,WH-001,Purchase Receipt,5,PO-00555
MOV-000147,2026-06-16,PRD-0032,WH-004,Purchase Receipt,5,PO-00557
MOV-000148,2025-11-18,PRD-0477,WH-001,Purchase Receipt,100,PO-00560
MOV-000149,2026-08-20,PRD-0077,WH-005,Purchase Receipt,50,PO-00561
MOV-000150,2025-03-07,PRD-0200,WH-002,Purchase Receipt,10,PO-00564
MOV-000151,2026-08-10,PRD-0104,WH-001,Purchase Receipt,50,PO-00565
MOV-000152,2026-05-04,PRD-0360,WH-004,Purchase Receipt,20,PO-00567
MOV-000153,2025-07-24,PRD-0282,WH-001,Purchase Receipt,100,PO-00570
MOV-000154,2026-02-03,PRD-0323,WH-005,Purchase Receipt,25,PO-00575
MOV-000155,2024-12-10,PRD-0199,WH-005,Purchase Receipt,10,PO-00578
MOV-000156,2025-03-22,PRD-0184,WH-002,Purchase Receipt,25,PO-00584
MOV-000157,2025-10-21,PRD-0331,WH-002,Purchase Receipt,10,PO-00589
MOV-000158,2025-04-03,PRD-0292,WH-001,Purchase Receipt,50,PO-00595
MOV-000159,2026-04-10,PRD-0308,WH-004,Purchase Receipt,100,PO-00599
MOV-000160,2025-07-25,PRD-0356,WH-002,Purchase Receipt,20,PO-00603
MOV-000161,2024-11-13,PRD-0268,WH-002,Purchase Receipt,5,PO-00605
MOV-000162,2026-06-16,PRD-0011,WH-002,Purchase Receipt,10,PO-00615
MOV-000163,2026-08-14,PRD-0487,WH-001,Purchase Receipt,100,PO-00618
MOV-000164,2025-05-26,PRD-0493,WH-004,Purchase Receipt,100,PO-00620
MOV-000165,2025-03-12,PRD-0119,WH-002,Purchase Receipt,100,PO-00634
MOV-000166,2026-04-29,PRD-0321,WH-005,Purchase Receipt,10,PO-00636
MOV-000167,2026-01-05,PRD-0429,WH-003,Purchase Receipt,50,PO-00643
MOV-000168,2025-12-12,PRD-0389,WH-001,Purchase Receipt,10,PO-00650
MOV-000169,2025-05-17,PRD-0495,WH-004,Purchase Receipt,5,PO-00658
MOV-000170,2024-11-29,PRD-0175,WH-001,Purchase Receipt,5,PO-00660
MOV-000171,2025-06-12,PRD-0313,WH-001,Purchase Receipt,25,PO-00664
MOV-000172,2025-08-01,PRD-0158,WH-005,Purchase Receipt,25,PO-00665
MOV-000173,2025-04-18,PRD-0289,WH-002,Purchase Receipt,100,PO-00668
MOV-000174,2025-04-10,PRD-0406,WH-003,Purchase Receipt,100,PO-00670
MOV-000175,2026-08-22,PRD-0087,WH-004,Purchase Receipt,100,PO-00680
MOV-000176,2025-03-08,PRD-0356,WH-002,Purchase Receipt,5,PO-00685
MOV-000177,2025-11-03,PRD-0397,WH-005,Purchase Receipt,10,PO-00705
MOV-000178,2024-12-08,PRD-0022,WH-001,Purchase Receipt,5,PO-00709
MOV-000179,2025-01-05,PRD-0406,WH-003,Purchase Receipt,100,PO-00714
MOV-000180,2025-03-30,PRD-0408,WH-005,Purchase Receipt,50,PO-00723
MOV-000181,2026-07-10,PRD-0090,WH-002,Purchase Receipt,200,PO-00724
MOV-000182,2026-03-27,PRD-0414,WH-005,Purchase Receipt,50,PO-00725
MOV-000183,2025-03-24,PRD-0086,WH-002,Purchase Receipt,200,PO-00728
MOV-000184,2025-05-25,PRD-0325,WH-003,Purchase Receipt,100,PO-00729
MOV-000185,2026-09-07,PRD-0125,WH-005,Purchase Receipt,10,PO-00731
MOV-000186,2025-02-09,PRD-0459,WH-001,Purchase Receipt,25,PO-00733
MOV-000187,2026-03-05,PRD-0234,WH-004,Purchase Receipt,100,PO-00740
MOV-000188,2026-07-19,PRD-0078,WH-002,Purchase Receipt,200,PO-00741
MOV-000189,2025-09-29,PRD-0393,WH-002,Purchase Receipt,50,PO-00743
MOV-000190,2025-04-20,PRD-0434,WH-005,Purchase Receipt,20,PO-00744
MOV-000191,2025-03-07,PRD-0176,WH-004,Purchase Receipt,50,PO-00747
MOV-000192,2025-06-29,PRD-0183,WH-004,Purchase Receipt,100,PO-00750
MOV-000193,2026-07-20,PRD-0468,WH-001,Purchase Receipt,100,PO-00751
MOV-000194,2026-07-07,PRD-0399,WH-001,Purchase Receipt,10,PO-00754
MOV-000195,2026-01-14,PRD-0025,WH-003,Purchase Receipt,100,PO-00755
MOV-000196,2026-06-16,PRD-0204,WH-003,Purchase Receipt,5,PO-00759
MOV-000197,2025-11-23,PRD-0318,WH-002,Purchase Receipt,50,PO-00761
MOV-000198,2026-03-08,PRD-0476,WH-005,Purchase Receipt,50,PO-00763
MOV-000199,2025-05-20,PRD-0498,WH-001,Purchase Receipt,50,PO-00765
MOV-000200,2025-02-04,PRD-0478,WH-005,Purchase Receipt,10,PO-00767
MOV-000201,2025-11-21,PRD-0068,WH-002,Purchase Receipt,10,PO-00772
MOV-000202,2024-12-13,PRD-0156,WH-003,Purchase Receipt,50,PO-00780
MOV-000203,2026-01-06,PRD-0309,WH-005,Purchase Receipt,50,PO-00781
MOV-000204,2025-07-23,PRD-0253,WH-001,Purchase Receipt,50,PO-00784
MOV-000205,2025-07-18,PRD-0286,WH-004,Purchase Receipt,100,PO-00789
MOV-000206,2026-08-17,PRD-0117,WH-002,Purchase Receipt,10,PO-00792
MOV-000207,2025-02-20,PRD-0133,WH-001,Purchase Receipt,25,PO-00795
MOV-000208,2026-07-11,PRD-0013,WH-001,Purchase Receipt,10,PO-00797
MOV-000209,2024-11-25,PRD-0469,WH-004,Purchase Receipt,10,PO-00799
MOV-000210,2025-08-11,PRD-0492,WH-004,Purchase Receipt,50,PO-00800
MOV-000211,2025-02-06,PRD-0444,WH-002,Purchase Receipt,50,PO-00802
MOV-000212,2025-05-02,PRD-0212,WH-001,Purchase Receipt,100,PO-00803
MOV-000213,2025-03-29,PRD-0047,WH-005,Purchase Receipt,50,PO-00805
MOV-000214,2026-04-21,PRD-0481,WH-004,Purchase Receipt,200,PO-00806
MOV-000215,2024-11-28,PRD-0202,WH-003,Purchase Receipt,20,PO-00807
MOV-000216,2026-03-30,PRD-0022,WH-001,Purchase Receipt,25,PO-00813
MOV-000217,2025-09-09,PRD-0120,WH-005,Purchase Receipt,200,PO-00817
MOV-000218,2025-01-20,PRD-0249,WH-001,Purchase Receipt,5,PO-00820
MOV-000219,2026-05-24,PRD-0035,WH-002,Purchase Receipt,100,PO-00825
MOV-000220,2025-07-15,PRD-0272,WH-001,Purchase Receipt,10,PO-00827
MOV-000221,2026-05-08,PRD-0415,WH-004,Purchase Receipt,50,PO-00832
MOV-000222,2025-09-09,PRD-0147,WH-005,Purchase Receipt,50,PO-00834
MOV-000223,2026-09-21,PRD-0330,WH-005,Purchase Receipt,10,PO-00840
MOV-000224,2025-09-21,PRD-0112,WH-005,Purchase Receipt,200,PO-00841
MOV-000225,2026-09-23,PRD-0386,WH-001,Purchase Receipt,20,PO-00847
MOV-000226,2025-01-06,PRD-0449,WH-004,Purchase Receipt,10,PO-00848
MOV-000227,2026-01-10,PRD-0190,WH-004,Purchase Receipt,10,PO-00851
MOV-000228,2025-09-02,PRD-0018,WH-003,Purchase Receipt,25,PO-00862
MOV-000229,2025-09-09,PRD-0436,WH-002,Purchase Receipt,25,PO-00864
MOV-000230,2025-08-04,PRD-0212,WH-005,Purchase Receipt,200,PO-00867
MOV-000231,2026-08-12,PRD-0055,WH-005,Purchase Receipt,100,PO-00869
MOV-000232,2025-01-28,PRD-0134,WH-001,Purchase Receipt,20,PO-00871
MOV-000233,2026-04-04,PRD-0291,WH-005,Purchase Receipt,10,PO-00872
MOV-000234,2025-09-23,PRD-0284,WH-003,Purchase Receipt,100,PO-00875
MOV-000235,2025-06-18,PRD-0381,WH-001,Purchase Receipt,10,PO-00878
MOV-000236,2025-10-23,PRD-0161,WH-001,Purchase Receipt,200,PO-00879
MOV-000237,2026-01-03,PRD-0023,WH-004,Purchase Receipt,200,PO-00880
MOV-000238,2026-05-10,PRD-0281,WH-003,Purchase Receipt,25,PO-00884
MOV-000239,2025-07-25,PRD-0269,WH-002,Purchase Receipt,50,PO-00899
MOV-000240,2025-04-16,PRD-0198,WH-004,Purchase Receipt,10,PO-00907
MOV-000241,2026-05-28,PRD-0347,WH-003,Purchase Receipt,5,PO-00908
MOV-000242,2025-06-27,PRD-0372,WH-005,Purchase Receipt,100,PO-00910
MOV-000243,2026-08-14,PRD-0368,WH-005,Purchase Receipt,200,PO-00911
MOV-000244,2025-01-23,PRD-0197,WH-001,Purchase Receipt,10,PO-00912
MOV-000245,2026-07-05,PRD-0188,WH-002,Purchase Receipt,100,PO-00916
MOV-000246,2025-10-01,PRD-0106,WH-005,Purchase Receipt,50,PO-00919
MOV-000247,2026-01-27,PRD-0215,WH-004,Purchase Receipt,25,PO-00924
MOV-000248,2026-08-01,PRD-0488,WH-002,Purchase Receipt,100,PO-00935
MOV-000249,2025-05-23,PRD-0275,WH-003,Purchase Receipt,10,PO-00937
MOV-000250,2026-06-29,PRD-0384,WH-003,Purchase Receipt,20,PO-00946
MOV-000251,2025-02-08,PRD-0439,WH-005,Purchase Receipt,50,PO-00949
MOV-000252,2026-03-05,PRD-0029,WH-005,Purchase Receipt,100,PO-00951
MOV-000253,2025-09-15,PRD-0443,WH-004,Purchase Receipt,5,PO-00953
MOV-000254,2025-11-27,PRD-0429,WH-002,Purchase Receipt,10,PO-00956
MOV-000255,2026-09-01,PRD-0468,WH-003,Purchase Receipt,100,PO-00957
MOV-000256,2024-11-10,PRD-0468,WH-005,Purchase Receipt,200,PO-00962
MOV-000257,2025-06-27,PRD-0227,WH-002,Purchase Receipt,200,PO-00964
MOV-000258,2025-02-10,PRD-0270,WH-005,Purchase Receipt,100,PO-00965
MOV-000259,2025-06-19,PRD-0319,WH-001,Purchase Receipt,100,PO-00969
MOV-000260,2026-07-29,PRD-0153,WH-005,Purchase Receipt,100,PO-00970
MOV-000261,2025-09-04,PRD-0447,WH-002,Purchase Receipt,25,PO-00976
MOV-000262,2024-12-31,PRD-0089,WH-005,Purchase Receipt,50,PO-00979
MOV-000263,2025-08-08,PRD-0102,WH-002,Purchase Receipt,50,PO-00981
MOV-000264,2025-03-09,PRD-0472,WH-001,Purchase Receipt,50,PO-00993
MOV-000265,2026-10-09,PRD-0111,WH-004,Purchase Receipt,5,PO-00994
MOV-000266,2025-10-27,PRD-0029,WH-002,Purchase Receipt,200,PO-01000
MOV-000267,2025-07-20,PRD-0020,WH-001,Sales Issue,-23,SO-000001
MOV-000268,2026-09-16,PRD-0344,WH-004,Sales Issue,-26,SO-000002
MOV-000269,2026-03-11,PRD-0010,WH-003,Sales Issue,-14,SO-000003
MOV-000270,2025-01-07,PRD-0079,WH-001,Sales Issue,-6,SO-000005
MOV-000271,2026-03-03,PRD-0306,WH-001,Sales Issue,-9,SO-000006
MOV-000272,2024-12-18,PRD-0141,WH-001,Sales Issue,-17,SO-000008
MOV-000273,2026-07-28,PRD-0478,WH-002,Sales Issue,-22,SO-000009
MOV-000274,2026-07-25,PRD-0403,WH-003,Sales Issue,-29,SO-000010
MOV-000275,2025-12-24,PRD-0359,WH-004,Sales Issue,-6,SO-000011
MOV-000276,2026-05-29,PRD-0449,WH-005,Sales Issue,-9,SO-000012
MOV-000277,2026-04-19,PRD-0497,WH-003,Sales Issue,-22,SO-000013
MOV-000278,2025-08-11,PRD-0414,WH-005,Sales Issue,-4,SO-000016
MOV-000279,2025-02-28,PRD-0020,WH-001,Sales Issue,-1,SO-000017
MOV-000280,2026-03-30,PRD-0368,WH-004,Sales Issue,-16,SO-000019
MOV-000281,2025-10-30,PRD-0439,WH-004,Sales Issue,-3,SO-000020
MOV-000282,2025-11-23,PRD-0301,WH-003,Sales Issue,-30,SO-000022
MOV-000283,2026-04-04,PRD-0096,WH-004,Sales Issue,-6,SO-000023
MOV-000284,2025-08-04,PRD-0120,WH-004,Sales Issue,-8,SO-000024
MOV-000285,2025-11-03,PRD-0422,WH-002,Sales Issue,-8,SO-000025
MOV-000286,2026-03-02,PRD-0441,WH-005,Sales Issue,-4,SO-000027
MOV-000287,2025-11-05,PRD-0230,WH-005,Sales Issue,-5,SO-000028
MOV-000288,2026-06-30,PRD-0290,WH-003,Sales Issue,-14,SO-000029
MOV-000289,2025-10-21,PRD-0096,WH-004,Sales Issue,-4,SO-000030
MOV-000290,2026-05-13,PRD-0277,WH-004,Sales Issue,-5,SO-000031
MOV-000291,2025-07-02,PRD-0047,WH-002,Sales Issue,-16,SO-000032
MOV-000292,2025-09-13,PRD-0361,WH-003,Sales Issue,-5,SO-000033
MOV-000293,2026-07-18,PRD-0497,WH-003,Sales Issue,-5,SO-000034
MOV-000294,2026-02-05,PRD-0371,WH-002,Sales Issue,-15,SO-000035
MOV-000295,2026-04-16,PRD-0433,WH-004,Sales Issue,-20,SO-000036
MOV-000296,2024-10-26,PRD-0382,WH-005,Sales Issue,-21,SO-000038
MOV-000297,2025-04-11,PRD-0119,WH-003,Sales Issue,-7,SO-000039
MOV-000298,2026-01-13,PRD-0176,WH-002,Sales Issue,-15,SO-000041
MOV-000299,2025-08-26,PRD-0412,WH-002,Sales Issue,-12,SO-000042
MOV-000300,2025-08-31,PRD-0230,WH-005,Sales Issue,-10,SO-000043
MOV-000301,2025-02-21,PRD-0110,WH-005,Sales Issue,-6,SO-000046
MOV-000302,2026-09-29,PRD-0367,WH-005,Sales Issue,-30,SO-000047
MOV-000303,2025-10-07,PRD-0264,WH-004,Sales Issue,-5,SO-000049
MOV-000304,2025-06-18,PRD-0388,WH-002,Sales Issue,-4,SO-000050
MOV-000305,2025-10-21,PRD-0027,WH-001,Sales Issue,-19,SO-000051
MOV-000306,2026-07-26,PRD-0278,WH-003,Sales Issue,-4,SO-000052
MOV-000307,2024-12-18,PRD-0419,WH-005,Sales Issue,-10,SO-000053
MOV-000308,2024-12-29,PRD-0358,WH-004,Sales Issue,-22,SO-000054
MOV-000309,2025-04-09,PRD-0487,WH-003,Sales Issue,-12,SO-000055
MOV-000310,2026-04-23,PRD-0046,WH-002,Sales Issue,-27,SO-000056
MOV-000311,2025-02-03,PRD-0167,WH-002,Sales Issue,-14,SO-000057
MOV-000312,2025-01-15,PRD-0458,WH-001,Sales Issue,-30,SO-000058
MOV-000313,2026-06-23,PRD-0037,WH-002,Sales Issue,-28,SO-000060
MOV-000314,2025-11-12,PRD-0143,WH-003,Sales Issue,-20,SO-000061
MOV-000315,2026-01-14,PRD-0169,WH-003,Sales Issue,-12,SO-000063
MOV-000316,2026-02-09,PRD-0326,WH-002,Sales Issue,-27,SO-000064
MOV-000317,2026-05-16,PRD-0017,WH-004,Sales Issue,-6,SO-000065
MOV-000318,2026-01-16,PRD-0040,WH-003,Sales Issue,-4,SO-000066
MOV-000319,2026-02-27,PRD-0336,WH-004,Sales Issue,-27,SO-000067
MOV-000320,2025-08-17,PRD-0124,WH-002,Sales Issue,-12,SO-000068
MOV-000321,2026-03-20,PRD-0468,WH-001,Sales Issue,-20,SO-000069
MOV-000322,2024-12-05,PRD-0349,WH-004,Sales Issue,-7,SO-000070
MOV-000323,2025-12-15,PRD-0474,WH-004,Sales Issue,-26,SO-000071
MOV-000324,2026-05-16,PRD-0454,WH-005,Sales Issue,-11,SO-000072
MOV-000325,2025-12-23,PRD-0012,WH-005,Sales Issue,-24,SO-000073
MOV-000326,2024-10-21,PRD-0031,WH-005,Sales Issue,-14,SO-000074
MOV-000327,2025-09-30,PRD-0014,WH-003,Sales Issue,-15,SO-000075
MOV-000328,2025-07-05,PRD-0401,WH-001,Sales Issue,-25,SO-000076
MOV-000329,2026-04-09,PRD-0111,WH-003,Sales Issue,-4,SO-000077
MOV-000330,2025-01-21,PRD-0145,WH-005,Sales Issue,-16,SO-000078
MOV-000331,2025-12-09,PRD-0228,WH-002,Sales Issue,-14,SO-000079
MOV-000332,2025-06-22,PRD-0137,WH-002,Sales Issue,-16,SO-000080
MOV-000333,2026-04-19,PRD-0225,WH-001,Sales Issue,-29,SO-000082
MOV-000334,2024-11-06,PRD-0440,WH-005,Sales Issue,-1,SO-000083
MOV-000335,2025-09-24,PRD-0098,WH-001,Sales Issue,-28,SO-000084
MOV-000336,2026-07-11,PRD-0464,WH-001,Sales Issue,-8,SO-000086
MOV-000337,2026-09-29,PRD-0158,WH-002,Sales Issue,-28,SO-000088
MOV-000338,2025-06-19,PRD-0173,WH-004,Sales Issue,-5,SO-000089
MOV-000339,2025-03-26,PRD-0135,WH-005,Sales Issue,-19,SO-000090
MOV-000340,2025-10-26,PRD-0048,WH-003,Sales Issue,-10,SO-000091
MOV-000341,2026-07-18,PRD-0270,WH-003,Sales Issue,-12,SO-000092
MOV-000342,2026-08-22,PRD-0230,WH-005,Sales Issue,-12,SO-000093
MOV-000343,2025-01-21,PRD-0035,WH-001,Sales Issue,-5,SO-000094
MOV-000344,2024-12-02,PRD-0140,WH-005,Sales Issue,-13,SO-000095
MOV-000345,2026-05-28,PRD-0354,WH-005,Sales Issue,-30,SO-000096
MOV-000346,2026-09-15,PRD-0162,WH-001,Sales Issue,-19,SO-000097
MOV-000347,2026-07-26,PRD-0459,WH-005,Sales Issue,-11,SO-000098
MOV-000348,2024-10-14,PRD-0327,WH-005,Sales Issue,-13,SO-000099
MOV-000349,2025-04-22,PRD-0124,WH-002,Sales Issue,-14,SO-000100
MOV-000350,2026-07-07,PRD-0118,WH-001,Sales Issue,-8,SO-000101
MOV-000351,2025-01-25,PRD-0164,WH-002,Sales Issue,-29,SO-000102
MOV-000352,2026-05-22,PRD-0200,WH-001,Sales Issue,-28,SO-000104
MOV-000353,2026-01-29,PRD-0017,WH-004,Sales Issue,-13,SO-000105
MOV-000354,2026-09-13,PRD-0475,WH-003,Sales Issue,-24,SO-000106
MOV-000355,2025-06-12,PRD-0270,WH-003,Sales Issue,-4,SO-000107
MOV-000356,2025-05-21,PRD-0050,WH-005,Sales Issue,-11,SO-000108
MOV-000357,2026-04-20,PRD-0216,WH-005,Sales Issue,-22,SO-000109
MOV-000358,2025-01-05,PRD-0107,WH-002,Sales Issue,-13,SO-000112
MOV-000359,2026-06-02,PRD-0380,WH-003,Sales Issue,-17,SO-000113
MOV-000360,2024-10-27,PRD-0085,WH-001,Sales Issue,-15,SO-000114
MOV-000361,2025-08-29,PRD-0208,WH-005,Sales Issue,-6,SO-000115
MOV-000362,2025-01-29,PRD-0028,WH-003,Sales Issue,-15,SO-000116
MOV-000363,2026-09-27,PRD-0004,WH-002,Sales Issue,-22,SO-000117
MOV-000364,2025-09-04,PRD-0072,WH-005,Sales Issue,-8,SO-000118
MOV-000365,2026-06-24,PRD-0282,WH-004,Sales Issue,-19,SO-000119
MOV-000366,2025-09-11,PRD-0052,WH-002,Sales Issue,-29,SO-000120
MOV-000367,2025-10-17,PRD-0067,WH-003,Sales Issue,-18,SO-000121
MOV-000368,2024-10-15,PRD-0309,WH-003,Sales Issue,-19,SO-000122
MOV-000369,2024-10-26,PRD-0001,WH-003,Sales Issue,-19,SO-000123
MOV-000370,2025-10-21,PRD-0017,WH-004,Sales Issue,-29,SO-000124
MOV-000371,2026-06-27,PRD-0078,WH-001,Sales Issue,-15,SO-000125
MOV-000372,2026-02-13,PRD-0344,WH-004,Sales Issue,-10,SO-000127
MOV-000373,2024-12-13,PRD-0180,WH-005,Sales Issue,-27,SO-000128
MOV-000374,2026-09-08,PRD-0044,WH-001,Sales Issue,-19,SO-000129
MOV-000375,2025-07-13,PRD-0447,WH-005,Sales Issue,-24,SO-000130
MOV-000376,2025-05-10,PRD-0063,WH-004,Sales Issue,-11,SO-000131
MOV-000377,2025-06-28,PRD-0267,WH-005,Sales Issue,-27,SO-000132
MOV-000378,2024-10-23,PRD-0360,WH-002,Sales Issue,-8,SO-000133
MOV-000379,2025-10-20,PRD-0204,WH-002,Sales Issue,-24,SO-000134
MOV-000380,2026-01-05,PRD-0486,WH-004,Sales Issue,-9,SO-000135
MOV-000381,2026-01-19,PRD-0032,WH-004,Sales Issue,-14,SO-000136
MOV-000382,2025-02-01,PRD-0221,WH-004,Sales Issue,-19,SO-000137
MOV-000383,2025-10-12,PRD-0298,WH-002,Sales Issue,-13,SO-000138
MOV-000384,2025-01-28,PRD-0418,WH-003,Sales Issue,-13,SO-000139
MOV-000385,2025-10-14,PRD-0235,WH-004,Sales Issue,-29,SO-000140
MOV-000386,2025-10-22,PRD-0063,WH-004,Sales Issue,-2,SO-000141
MOV-000387,2024-10-12,PRD-0024,WH-005,Sales Issue,-9,SO-000143
MOV-000388,2026-02-26,PRD-0082,WH-001,Sales Issue,-28,SO-000145
MOV-000389,2025-10-25,PRD-0261,WH-001,Sales Issue,-23,SO-000146
MOV-000390,2026-06-14,PRD-0060,WH-003,Sales Issue,-1,SO-000148
MOV-000391,2025-11-26,PRD-0328,WH-001,Sales Issue,-10,SO-000150
MOV-000392,2025-12-03,PRD-0371,WH-002,Sales Issue,-19,SO-000151
MOV-000393,2025-03-26,PRD-0001,WH-003,Sales Issue,-10,SO-000152
MOV-000394,2025-05-14,PRD-0284,WH-002,Sales Issue,-7,SO-000153
MOV-000395,2024-12-23,PRD-0450,WH-004,Sales Issue,-22,SO-000154
MOV-000396,2025-09-21,PRD-0249,WH-005,Sales Issue,-13,SO-000155
MOV-000397,2026-08-31,PRD-0088,WH-003,Sales Issue,-27,SO-000156
MOV-000398,2025-02-23,PRD-0050,WH-005,Sales Issue,-23,SO-000157
MOV-000399,2025-07-14,PRD-0477,WH-001,Sales Issue,-20,SO-000158
MOV-000400,2026-09-13,PRD-0429,WH-003,Sales Issue,-4,SO-000159
MOV-000401,2025-07-07,PRD-0352,WH-001,Sales Issue,-17,SO-000161
MOV-000402,2026-05-26,PRD-0063,WH-004,Sales Issue,-3,SO-000163
MOV-000403,2025-01-23,PRD-0123,WH-005,Sales Issue,-1,SO-000164
MOV-000404,2026-07-24,PRD-0148,WH-004,Sales Issue,-6,SO-000165
MOV-000405,2025-11-30,PRD-0044,WH-001,Sales Issue,-26,SO-000166
MOV-000406,2026-04-02,PRD-0454,WH-005,Sales Issue,-21,SO-000167
MOV-000407,2026-05-31,PRD-0500,WH-003,Sales Issue,-8,SO-000169
MOV-000408,2025-07-12,PRD-0205,WH-002,Sales Issue,-10,SO-000170
MOV-000409,2025-01-21,PRD-0024,WH-005,Sales Issue,-15,SO-000171
MOV-000410,2024-11-02,PRD-0301,WH-003,Sales Issue,-18,SO-000172
MOV-000411,2025-09-15,PRD-0279,WH-001,Sales Issue,-7,SO-000173
MOV-000412,2026-08-02,PRD-0291,WH-005,Sales Issue,-29,SO-000174
MOV-000413,2025-12-12,PRD-0295,WH-004,Sales Issue,-11,SO-000176
MOV-000414,2025-05-08,PRD-0046,WH-002,Sales Issue,-1,SO-000177
MOV-000415,2025-04-15,PRD-0215,WH-001,Sales Issue,-1,SO-000179
MOV-000416,2024-12-20,PRD-0162,WH-001,Sales Issue,-22,SO-000180
MOV-000417,2025-07-21,PRD-0032,WH-004,Sales Issue,-22,SO-000181
MOV-000418,2025-09-20,PRD-0165,WH-001,Sales Issue,-14,SO-000182
MOV-000419,2025-06-14,PRD-0297,WH-004,Sales Issue,-11,SO-000183
MOV-000420,2025-02-11,PRD-0138,WH-002,Sales Issue,-11,SO-000184
MOV-000421,2025-03-17,PRD-0391,WH-002,Sales Issue,-29,SO-000186
MOV-000422,2025-11-26,PRD-0051,WH-003,Sales Issue,-2,SO-000187
MOV-000423,2025-02-05,PRD-0135,WH-005,Sales Issue,-24,SO-000188
MOV-000424,2025-10-18,PRD-0375,WH-005,Sales Issue,-22,SO-000189
MOV-000425,2026-06-06,PRD-0404,WH-005,Sales Issue,-13,SO-000191
MOV-000426,2025-11-23,PRD-0254,WH-004,Sales Issue,-20,SO-000192
MOV-000427,2026-08-31,PRD-0258,WH-003,Sales Issue,-18,SO-000193
MOV-000428,2025-01-09,PRD-0227,WH-003,Sales Issue,-29,SO-000195
MOV-000429,2025-02-04,PRD-0382,WH-005,Sales Issue,-22,SO-000196
MOV-000430,2026-02-20,PRD-0486,WH-004,Sales Issue,-11,SO-000197
MOV-000431,2026-02-09,PRD-0042,WH-004,Sales Issue,-22,SO-000198
MOV-000432,2025-09-30,PRD-0158,WH-002,Sales Issue,-8,SO-000199
MOV-000433,2025-02-23,PRD-0046,WH-002,Sales Issue,-18,SO-000200
MOV-000434,2025-11-04,PRD-0450,WH-004,Sales Issue,-2,SO-000201
MOV-000435,2025-07-19,PRD-0156,WH-003,Sales Issue,-28,SO-000203
MOV-000436,2025-10-29,PRD-0348,WH-004,Sales Issue,-21,SO-000204
MOV-000437,2026-08-29,PRD-0076,WH-002,Sales Issue,-18,SO-000205
MOV-000438,2025-11-23,PRD-0161,WH-002,Sales Issue,-11,SO-000206
MOV-000439,2026-01-08,PRD-0465,WH-004,Sales Issue,-11,SO-000207
MOV-000440,2025-06-01,PRD-0365,WH-002,Sales Issue,-30,SO-000208
MOV-000441,2026-06-19,PRD-0159,WH-005,Sales Issue,-25,SO-000209
MOV-000442,2026-08-28,PRD-0237,WH-005,Sales Issue,-20,SO-000210
MOV-000443,2026-03-02,PRD-0300,WH-002,Sales Issue,-2,SO-000211
MOV-000444,2026-04-11,PRD-0359,WH-004,Sales Issue,-17,SO-000212
MOV-000445,2025-08-23,PRD-0414,WH-005,Sales Issue,-29,SO-000213
MOV-000446,2026-07-24,PRD-0371,WH-002,Sales Issue,-4,SO-000214
MOV-000447,2025-10-23,PRD-0359,WH-004,Sales Issue,-25,SO-000215
MOV-000448,2025-10-06,PRD-0211,WH-005,Sales Issue,-24,SO-000216
MOV-000449,2026-05-02,PRD-0145,WH-005,Sales Issue,-27,SO-000217
MOV-000450,2025-11-02,PRD-0434,WH-003,Sales Issue,-19,SO-000218
MOV-000451,2025-02-03,PRD-0452,WH-005,Sales Issue,-6,SO-000219
MOV-000452,2024-12-24,PRD-0106,WH-002,Sales Issue,-21,SO-000220
MOV-000453,2025-07-06,PRD-0260,WH-002,Sales Issue,-13,SO-000221
MOV-000454,2026-04-24,PRD-0478,WH-002,Sales Issue,-9,SO-000222
MOV-000455,2026-01-18,PRD-0296,WH-002,Sales Issue,-22,SO-000223
MOV-000456,2025-08-19,PRD-0497,WH-003,Sales Issue,-24,SO-000224
MOV-000457,2025-02-22,PRD-0414,WH-005,Sales Issue,-12,SO-000225
MOV-000458,2026-05-28,PRD-0194,WH-002,Sales Issue,-22,SO-000227
MOV-000459,2025-08-19,PRD-0100,WH-001,Sales Issue,-21,SO-000228
MOV-000460,2025-04-07,PRD-0180,WH-005,Sales Issue,-10,SO-000229
MOV-000461,2025-04-28,PRD-0452,WH-005,Sales Issue,-13,SO-000230
MOV-000462,2026-05-21,PRD-0193,WH-003,Sales Issue,-7,SO-000231
MOV-000463,2026-02-28,PRD-0060,WH-003,Sales Issue,-24,SO-000232
MOV-000464,2025-02-20,PRD-0067,WH-003,Sales Issue,-27,SO-000233
MOV-000465,2025-12-28,PRD-0214,WH-003,Sales Issue,-4,SO-000234
MOV-000466,2025-10-26,PRD-0010,WH-003,Sales Issue,-28,SO-000235
MOV-000467,2025-09-29,PRD-0255,WH-004,Sales Issue,-26,SO-000236
MOV-000468,2026-01-08,PRD-0051,WH-003,Sales Issue,-5,SO-000238
MOV-000469,2026-07-10,PRD-0061,WH-003,Sales Issue,-18,SO-000239
MOV-000470,2026-06-27,PRD-0057,WH-004,Sales Issue,-2,SO-000240
MOV-000471,2025-05-27,PRD-0085,WH-001,Sales Issue,-21,SO-000241
MOV-000472,2025-03-30,PRD-0118,WH-001,Sales Issue,-6,SO-000242
MOV-000473,2026-02-21,PRD-0178,WH-001,Sales Issue,-24,SO-000243
MOV-000474,2026-01-04,PRD-0111,WH-003,Sales Issue,-18,SO-000245
MOV-000475,2025-03-18,PRD-0270,WH-003,Sales Issue,-13,SO-000246
MOV-000476,2025-05-20,PRD-0317,WH-002,Sales Issue,-13,SO-000249
MOV-000477,2025-05-29,PRD-0164,WH-002,Sales Issue,-23,SO-000250
MOV-000478,2025-11-21,PRD-0035,WH-001,Sales Issue,-16,SO-000251
MOV-000479,2026-05-23,PRD-0436,WH-004,Sales Issue,-20,SO-000252
MOV-000480,2026-01-14,PRD-0493,WH-003,Sales Issue,-9,SO-000253
MOV-000481,2025-01-30,PRD-0153,WH-004,Sales Issue,-9,SO-000254
MOV-000482,2025-08-05,PRD-0160,WH-001,Sales Issue,-3,SO-000255
MOV-000483,2026-07-10,PRD-0332,WH-004,Sales Issue,-7,SO-000256
MOV-000484,2025-10-09,PRD-0075,WH-003,Sales Issue,-26,SO-000257
MOV-000485,2025-01-08,PRD-0189,WH-003,Sales Issue,-10,SO-000258
MOV-000486,2026-05-01,PRD-0135,WH-005,Sales Issue,-13,SO-000259
MOV-000487,2025-07-20,PRD-0408,WH-002,Sales Issue,-7,SO-000261
MOV-000488,2025-04-10,PRD-0359,WH-004,Sales Issue,-5,SO-000262
MOV-000489,2025-09-28,PRD-0426,WH-001,Sales Issue,-4,SO-000263
MOV-000490,2025-01-28,PRD-0340,WH-001,Sales Issue,-19,SO-000264
MOV-000491,2026-01-13,PRD-0268,WH-004,Sales Issue,-13,SO-000265
MOV-000492,2025-03-14,PRD-0414,WH-005,Sales Issue,-28,SO-000266
MOV-000493,2025-02-27,PRD-0241,WH-003,Sales Issue,-20,SO-000267
MOV-000494,2026-05-03,PRD-0358,WH-004,Sales Issue,-12,SO-000268
MOV-000495,2026-05-06,PRD-0101,WH-003,Sales Issue,-3,SO-000269
MOV-000496,2025-09-24,PRD-0063,WH-004,Sales Issue,-26,SO-000270
MOV-000497,2026-02-07,PRD-0118,WH-001,Sales Issue,-2,SO-000271
MOV-000498,2025-05-16,PRD-0237,WH-005,Sales Issue,-17,SO-000272
MOV-000499,2024-12-29,PRD-0093,WH-001,Sales Issue,-25,SO-000274
MOV-000500,2025-11-03,PRD-0420,WH-004,Sales Issue,-9,SO-000275
MOV-000501,2026-03-17,PRD-0106,WH-002,Sales Issue,-21,SO-000276
MOV-000502,2026-04-11,PRD-0469,WH-001,Sales Issue,-20,SO-000277
MOV-000503,2026-05-29,PRD-0157,WH-003,Sales Issue,-30,SO-000279
MOV-000504,2026-05-03,PRD-0487,WH-003,Sales Issue,-26,SO-000280
MOV-000505,2024-11-04,PRD-0195,WH-004,Sales Issue,-5,SO-000282
MOV-000506,2025-10-30,PRD-0152,WH-004,Sales Issue,-22,SO-000283
MOV-000507,2026-05-30,PRD-0474,WH-004,Sales Issue,-23,SO-000284
MOV-000508,2024-12-15,PRD-0470,WH-004,Sales Issue,-15,SO-000285
MOV-000509,2026-08-21,PRD-0357,WH-004,Sales Issue,-29,SO-000286
MOV-000510,2024-11-06,PRD-0355,WH-002,Sales Issue,-27,SO-000287
MOV-000511,2026-06-14,PRD-0404,WH-005,Sales Issue,-28,SO-000288
MOV-000512,2026-03-03,PRD-0470,WH-004,Sales Issue,-2,SO-000289
MOV-000513,2026-04-10,PRD-0322,WH-001,Sales Issue,-22,SO-000291
MOV-000514,2025-04-03,PRD-0345,WH-003,Sales Issue,-11,SO-000293
MOV-000515,2025-04-24,PRD-0211,WH-005,Sales Issue,-11,SO-000294
MOV-000516,2026-09-10,PRD-0061,WH-003,Sales Issue,-8,SO-000295
MOV-000517,2025-05-10,PRD-0388,WH-002,Sales Issue,-25,SO-000296
MOV-000518,2026-08-15,PRD-0338,WH-003,Sales Issue,-8,SO-000297
MOV-000519,2025-03-20,PRD-0443,WH-001,Sales Issue,-22,SO-000298
MOV-000520,2026-01-15,PRD-0245,WH-003,Sales Issue,-18,SO-000300
MOV-000521,2026-05-26,PRD-0204,WH-002,Sales Issue,-18,SO-000301
MOV-000522,2026-03-13,PRD-0500,WH-003,Sales Issue,-8,SO-000302
MOV-000523,2026-09-27,PRD-0356,WH-001,Sales Issue,-30,SO-000303
MOV-000524,2024-10-29,PRD-0199,WH-004,Sales Issue,-24,SO-000304
MOV-000525,2025-06-13,PRD-0460,WH-002,Sales Issue,-5,SO-000305
MOV-000526,2025-06-12,PRD-0010,WH-003,Sales Issue,-14,SO-000306
MOV-000527,2025-04-18,PRD-0253,WH-001,Sales Issue,-30,SO-000307
MOV-000528,2024-11-06,PRD-0381,WH-001,Sales Issue,-27,SO-000308
MOV-000529,2025-03-25,PRD-0169,WH-003,Sales Issue,-2,SO-000310
MOV-000530,2026-03-20,PRD-0262,WH-002,Sales Issue,-14,SO-000312
MOV-000531,2026-05-22,PRD-0318,WH-005,Sales Issue,-11,SO-000313
MOV-000532,2025-03-18,PRD-0424,WH-001,Sales Issue,-25,SO-000314
MOV-000533,2024-12-29,PRD-0081,WH-004,Sales Issue,-13,SO-000315
MOV-000534,2026-03-18,PRD-0185,WH-004,Sales Issue,-7,SO-000317
MOV-000535,2025-02-01,PRD-0201,WH-001,Sales Issue,-19,SO-000319
MOV-000536,2025-07-01,PRD-0107,WH-002,Sales Issue,-24,SO-000320
MOV-000537,2025-08-01,PRD-0287,WH-003,Sales Issue,-20,SO-000321
MOV-000538,2025-05-25,PRD-0019,WH-004,Sales Issue,-22,SO-000322
MOV-000539,2024-11-11,PRD-0296,WH-002,Sales Issue,-20,SO-000323
MOV-000540,2026-03-04,PRD-0339,WH-002,Sales Issue,-9,SO-000324
MOV-000541,2025-07-02,PRD-0048,WH-003,Sales Issue,-4,SO-000325
MOV-000542,2026-05-18,PRD-0301,WH-003,Sales Issue,-15,SO-000326
MOV-000543,2024-11-27,PRD-0164,WH-002,Sales Issue,-29,SO-000327
MOV-000544,2026-07-29,PRD-0324,WH-002,Sales Issue,-3,SO-000328
MOV-000545,2026-09-30,PRD-0035,WH-001,Sales Issue,-14,SO-000329
MOV-000546,2025-01-11,PRD-0088,WH-003,Sales Issue,-10,SO-000330
MOV-000547,2026-05-22,PRD-0476,WH-001,Sales Issue,-13,SO-000331
MOV-000548,2026-07-31,PRD-0418,WH-003,Sales Issue,-27,SO-000332
MOV-000549,2025-12-28,PRD-0313,WH-004,Sales Issue,-1,SO-000333
MOV-000550,2024-11-17,PRD-0180,WH-005,Sales Issue,-19,SO-000334
MOV-000551,2025-03-09,PRD-0154,WH-002,Sales Issue,-11,SO-000335
MOV-000552,2026-05-02,PRD-0015,WH-003,Sales Issue,-23,SO-000337
MOV-000553,2025-01-09,PRD-0209,WH-005,Sales Issue,-5,SO-000338
MOV-000554,2024-12-04,PRD-0208,WH-005,Sales Issue,-11,SO-000339
MOV-000555,2026-02-06,PRD-0085,WH-001,Sales Issue,-29,SO-000340
MOV-000556,2025-07-24,PRD-0220,WH-001,Sales Issue,-25,SO-000341
MOV-000557,2026-03-03,PRD-0434,WH-003,Sales Issue,-11,SO-000342
MOV-000558,2025-07-07,PRD-0432,WH-005,Sales Issue,-10,SO-000343
MOV-000559,2025-07-16,PRD-0378,WH-002,Sales Issue,-22,SO-000344
MOV-000560,2026-06-22,PRD-0025,WH-002,Sales Issue,-1,SO-000345
MOV-000561,2026-06-08,PRD-0061,WH-003,Sales Issue,-21,SO-000346
MOV-000562,2026-02-09,PRD-0080,WH-003,Sales Issue,-27,SO-000347
MOV-000563,2025-02-14,PRD-0432,WH-005,Sales Issue,-7,SO-000348
MOV-000564,2024-11-09,PRD-0155,WH-005,Sales Issue,-11,SO-000350
MOV-000565,2024-11-25,PRD-0266,WH-002,Sales Issue,-9,SO-000352
MOV-000566,2026-02-27,PRD-0138,WH-002,Sales Issue,-7,SO-000354
MOV-000567,2025-12-18,PRD-0323,WH-005,Sales Issue,-4,SO-000355
MOV-000568,2025-11-12,PRD-0465,WH-004,Sales Issue,-12,SO-000356
MOV-000569,2026-05-23,PRD-0224,WH-001,Sales Issue,-13,SO-000357
MOV-000570,2024-10-19,PRD-0322,WH-001,Sales Issue,-9,SO-000358
MOV-000571,2026-07-17,PRD-0058,WH-003,Sales Issue,-9,SO-000359
MOV-000572,2025-05-03,PRD-0301,WH-003,Sales Issue,-14,SO-000360
MOV-000573,2025-07-20,PRD-0313,WH-004,Sales Issue,-14,SO-000361
MOV-000574,2025-10-09,PRD-0351,WH-002,Sales Issue,-23,SO-000362
MOV-000575,2025-08-14,PRD-0433,WH-004,Sales Issue,-10,SO-000363
MOV-000576,2025-08-30,PRD-0225,WH-001,Sales Issue,-13,SO-000364
MOV-000577,2024-11-24,PRD-0466,WH-005,Sales Issue,-27,SO-000365
MOV-000578,2026-01-06,PRD-0029,WH-005,Sales Issue,-26,SO-000366
MOV-000579,2026-08-15,PRD-0368,WH-004,Sales Issue,-26,SO-000367
MOV-000580,2025-01-14,PRD-0177,WH-005,Sales Issue,-17,SO-000368
MOV-000581,2025-02-13,PRD-0189,WH-003,Sales Issue,-17,SO-000369
MOV-000582,2024-11-28,PRD-0470,WH-004,Sales Issue,-15,SO-000370
MOV-000583,2025-05-21,PRD-0257,WH-003,Sales Issue,-11,SO-000371
MOV-000584,2025-02-13,PRD-0069,WH-002,Sales Issue,-19,SO-000372
MOV-000585,2026-07-17,PRD-0090,WH-001,Sales Issue,-12,SO-000373
MOV-000586,2025-02-04,PRD-0283,WH-005,Sales Issue,-22,SO-000374
MOV-000587,2026-04-05,PRD-0392,WH-003,Sales Issue,-15,SO-000375
MOV-000588,2025-06-20,PRD-0136,WH-001,Sales Issue,-17,SO-000376
MOV-000589,2025-04-16,PRD-0041,WH-003,Sales Issue,-10,SO-000377
MOV-000590,2025-12-21,PRD-0042,WH-004,Sales Issue,-4,SO-000378
MOV-000591,2026-09-18,PRD-0097,WH-001,Sales Issue,-16,SO-000379
MOV-000592,2025-10-27,PRD-0279,WH-001,Sales Issue,-18,SO-000380
MOV-000593,2024-11-16,PRD-0254,WH-004,Sales Issue,-13,SO-000381
MOV-000594,2025-11-02,PRD-0018,WH-001,Sales Issue,-14,SO-000383
MOV-000595,2025-08-29,PRD-0466,WH-005,Sales Issue,-9,SO-000384
MOV-000596,2025-10-22,PRD-0077,WH-002,Sales Issue,-15,SO-000385
MOV-000597,2025-08-14,PRD-0214,WH-003,Sales Issue,-4,SO-000387
MOV-000598,2026-09-08,PRD-0102,WH-005,Sales Issue,-14,SO-000388
MOV-000599,2026-07-26,PRD-0061,WH-003,Sales Issue,-20,SO-000389
MOV-000600,2025-10-09,PRD-0068,WH-004,Sales Issue,-16,SO-000390
MOV-000601,2025-06-17,PRD-0007,WH-004,Sales Issue,-22,SO-000391
MOV-000602,2026-07-23,PRD-0085,WH-001,Sales Issue,-7,SO-000392
MOV-000603,2026-03-02,PRD-0123,WH-005,Sales Issue,-11,SO-000394
MOV-000604,2025-12-14,PRD-0097,WH-001,Sales Issue,-29,SO-000395
MOV-000605,2025-03-31,PRD-0259,WH-001,Sales Issue,-19,SO-000396
MOV-000606,2025-06-04,PRD-0027,WH-001,Sales Issue,-22,SO-000397
MOV-000607,2025-03-27,PRD-0255,WH-004,Sales Issue,-26,SO-000398
MOV-000608,2026-06-15,PRD-0490,WH-005,Sales Issue,-6,SO-000399
MOV-000609,2025-11-13,PRD-0143,WH-003,Sales Issue,-4,SO-000400
MOV-000610,2025-11-22,PRD-0130,WH-003,Sales Issue,-21,SO-000402
MOV-000611,2026-05-11,PRD-0038,WH-005,Sales Issue,-15,SO-000403
MOV-000612,2026-06-08,PRD-0352,WH-001,Sales Issue,-10,SO-000404
MOV-000613,2026-05-17,PRD-0440,WH-005,Sales Issue,-10,SO-000406
MOV-000614,2026-03-03,PRD-0322,WH-001,Sales Issue,-15,SO-000407
MOV-000615,2026-04-11,PRD-0390,WH-005,Sales Issue,-19,SO-000408
MOV-000616,2026-06-04,PRD-0163,WH-004,Sales Issue,-6,SO-000409
MOV-000617,2026-03-06,PRD-0141,WH-001,Sales Issue,-7,SO-000410
MOV-000618,2026-07-22,PRD-0014,WH-003,Sales Issue,-24,SO-000411
MOV-000619,2025-08-23,PRD-0482,WH-005,Sales Issue,-30,SO-000412
MOV-000620,2026-09-30,PRD-0166,WH-004,Sales Issue,-21,SO-000414
MOV-000621,2025-10-23,PRD-0327,WH-005,Sales Issue,-18,SO-000415
MOV-000622,2025-02-22,PRD-0269,WH-004,Sales Issue,-6,SO-000416
MOV-000623,2024-11-28,PRD-0447,WH-005,Sales Issue,-23,SO-000417
MOV-000624,2026-02-02,PRD-0378,WH-002,Sales Issue,-5,SO-000418
MOV-000625,2026-02-08,PRD-0248,WH-001,Sales Issue,-20,SO-000419
MOV-000626,2025-11-29,PRD-0288,WH-004,Sales Issue,-26,SO-000420
MOV-000627,2024-11-25,PRD-0029,WH-005,Sales Issue,-26,SO-000421
MOV-000628,2025-03-23,PRD-0122,WH-002,Sales Issue,-13,SO-000422
MOV-000629,2026-07-02,PRD-0463,WH-003,Sales Issue,-12,SO-000424
MOV-000630,2026-05-01,PRD-0251,WH-002,Sales Issue,-22,SO-000425
MOV-000631,2025-06-11,PRD-0408,WH-002,Sales Issue,-12,SO-000427
MOV-000632,2025-08-23,PRD-0240,WH-002,Sales Issue,-28,SO-000428
MOV-000633,2025-11-04,PRD-0414,WH-005,Sales Issue,-9,SO-000429
MOV-000634,2025-05-19,PRD-0394,WH-005,Sales Issue,-30,SO-000430
MOV-000635,2024-11-28,PRD-0326,WH-002,Sales Issue,-20,SO-000432
MOV-000636,2025-08-04,PRD-0327,WH-005,Sales Issue,-8,SO-000433
MOV-000637,2025-07-08,PRD-0106,WH-002,Sales Issue,-26,SO-000434
MOV-000638,2025-07-08,PRD-0049,WH-005,Sales Issue,-17,SO-000435
MOV-000639,2025-03-20,PRD-0420,WH-004,Sales Issue,-17,SO-000437
MOV-000640,2024-12-12,PRD-0486,WH-004,Sales Issue,-5,SO-000438
MOV-000641,2025-11-21,PRD-0482,WH-005,Sales Issue,-12,SO-000439
MOV-000642,2025-09-15,PRD-0428,WH-005,Sales Issue,-17,SO-000441
MOV-000643,2026-02-28,PRD-0023,WH-004,Sales Issue,-25,SO-000442
MOV-000644,2026-01-02,PRD-0284,WH-002,Sales Issue,-9,SO-000443
MOV-000645,2024-12-11,PRD-0194,WH-002,Sales Issue,-24,SO-000444
MOV-000646,2024-12-09,PRD-0067,WH-003,Sales Issue,-9,SO-000445
MOV-000647,2026-09-05,PRD-0282,WH-004,Sales Issue,-8,SO-000446
MOV-000648,2025-12-13,PRD-0393,WH-004,Sales Issue,-20,SO-000447
MOV-000649,2026-06-27,PRD-0283,WH-005,Sales Issue,-29,SO-000448
MOV-000650,2026-06-03,PRD-0413,WH-004,Sales Issue,-2,SO-000449
MOV-000651,2025-03-18,PRD-0130,WH-003,Sales Issue,-8,SO-000450
MOV-000652,2025-05-14,PRD-0179,WH-003,Sales Issue,-7,SO-000451
MOV-000653,2025-01-21,PRD-0488,WH-005,Sales Issue,-13,SO-000452
MOV-000654,2025-01-07,PRD-0455,WH-005,Sales Issue,-20,SO-000453
MOV-000655,2026-06-23,PRD-0302,WH-003,Sales Issue,-30,SO-000454
MOV-000656,2026-08-15,PRD-0031,WH-005,Sales Issue,-10,SO-000455
MOV-000657,2024-11-19,PRD-0208,WH-005,Sales Issue,-6,SO-000456
MOV-000658,2025-11-15,PRD-0044,WH-001,Sales Issue,-23,SO-000457
MOV-000659,2026-07-09,PRD-0032,WH-004,Sales Issue,-1,SO-000458
MOV-000660,2025-03-08,PRD-0094,WH-003,Sales Issue,-21,SO-000459
MOV-000661,2026-06-19,PRD-0433,WH-004,Sales Issue,-6,SO-000460
MOV-000662,2026-05-05,PRD-0390,WH-005,Sales Issue,-24,SO-000462
MOV-000663,2025-12-26,PRD-0178,WH-001,Sales Issue,-3,SO-000463
MOV-000664,2025-11-23,PRD-0376,WH-005,Sales Issue,-25,SO-000464
MOV-000665,2026-06-28,PRD-0332,WH-004,Sales Issue,-25,SO-000466
MOV-000666,2024-10-17,PRD-0230,WH-005,Sales Issue,-10,SO-000467
MOV-000667,2026-04-21,PRD-0387,WH-004,Sales Issue,-18,SO-000468
MOV-000668,2026-05-09,PRD-0340,WH-001,Sales Issue,-27,SO-000469
MOV-000669,2025-02-16,PRD-0487,WH-003,Sales Issue,-7,SO-000470
MOV-000670,2026-04-19,PRD-0495,WH-002,Sales Issue,-20,SO-000471
MOV-000671,2026-09-03,PRD-0458,WH-001,Sales Issue,-27,SO-000472
MOV-000672,2026-05-07,PRD-0351,WH-002,Sales Issue,-20,SO-000473
MOV-000673,2025-10-19,PRD-0485,WH-005,Sales Issue,-16,SO-000475
MOV-000674,2025-07-19,PRD-0262,WH-002,Sales Issue,-14,SO-000476
MOV-000675,2025-04-26,PRD-0475,WH-003,Sales Issue,-25,SO-000477
MOV-000676,2026-09-19,PRD-0252,WH-001,Sales Issue,-2,SO-000478
MOV-000677,2025-01-29,PRD-0068,WH-004,Sales Issue,-20,SO-000479
MOV-000678,2026-04-06,PRD-0299,WH-003,Sales Issue,-27,SO-000480
MOV-000679,2026-06-04,PRD-0394,WH-005,Sales Issue,-3,SO-000481
MOV-000680,2024-10-15,PRD-0085,WH-001,Sales Issue,-3,SO-000482
MOV-000681,2025-08-24,PRD-0335,WH-001,Sales Issue,-16,SO-000483
MOV-000682,2026-05-13,PRD-0051,WH-003,Sales Issue,-16,SO-000485
MOV-000683,2024-10-23,PRD-0244,WH-002,Sales Issue,-8,SO-000486
MOV-000684,2025-10-15,PRD-0057,WH-004,Sales Issue,-13,SO-000487
MOV-000685,2026-05-12,PRD-0350,WH-001,Sales Issue,-9,SO-000488
MOV-000686,2026-02-28,PRD-0420,WH-004,Sales Issue,-1,SO-000489
MOV-000687,2025-10-04,PRD-0198,WH-002,Sales Issue,-26,SO-000490
MOV-000688,2024-12-25,PRD-0285,WH-004,Sales Issue,-13,SO-000492
MOV-000689,2025-09-20,PRD-0359,WH-004,Sales Issue,-10,SO-000493
MOV-000690,2026-03-16,PRD-0260,WH-002,Sales Issue,-25,SO-000494
MOV-000691,2026-04-17,PRD-0007,WH-004,Sales Issue,-1,SO-000495
MOV-000692,2025-12-15,PRD-0357,WH-004,Sales Issue,-30,SO-000496
MOV-000693,2025-12-13,PRD-0472,WH-001,Sales Issue,-26,SO-000497
MOV-000694,2026-02-15,PRD-0352,WH-001,Sales Issue,-9,SO-000500
MOV-000695,2024-11-20,PRD-0448,WH-003,Sales Issue,-11,SO-000501
MOV-000696,2025-04-04,PRD-0121,WH-005,Sales Issue,-23,SO-000502
MOV-000697,2025-12-03,PRD-0478,WH-002,Sales Issue,-28,SO-000503
MOV-000698,2026-06-25,PRD-0474,WH-004,Sales Issue,-29,SO-000504
MOV-000699,2025-01-24,PRD-0218,WH-003,Sales Issue,-17,SO-000505
MOV-000700,2026-01-03,PRD-0239,WH-003,Sales Issue,-25,SO-000506
MOV-000701,2025-12-16,PRD-0191,WH-004,Sales Issue,-5,SO-000507
MOV-000702,2025-06-01,PRD-0131,WH-003,Sales Issue,-27,SO-000508
MOV-000703,2025-04-18,PRD-0099,WH-002,Sales Issue,-26,SO-000509
MOV-000704,2026-07-29,PRD-0178,WH-001,Sales Issue,-2,SO-000510
MOV-000705,2025-08-09,PRD-0296,WH-002,Sales Issue,-2,SO-000511
MOV-000706,2025-11-13,PRD-0099,WH-002,Sales Issue,-1,SO-000514
MOV-000707,2025-10-01,PRD-0248,WH-001,Sales Issue,-25,SO-000517
MOV-000708,2026-06-27,PRD-0278,WH-003,Sales Issue,-29,SO-000518
MOV-000709,2025-01-31,PRD-0354,WH-005,Sales Issue,-1,SO-000519
MOV-000710,2025-05-23,PRD-0001,WH-003,Sales Issue,-18,SO-000520
MOV-000711,2026-01-16,PRD-0491,WH-004,Sales Issue,-17,SO-000521
MOV-000712,2025-11-01,PRD-0246,WH-003,Sales Issue,-6,SO-000522
MOV-000713,2026-03-18,PRD-0204,WH-002,Sales Issue,-11,SO-000524
MOV-000714,2025-06-06,PRD-0032,WH-004,Sales Issue,-9,SO-000525
MOV-000715,2026-04-17,PRD-0259,WH-001,Sales Issue,-18,SO-000526
MOV-000716,2024-12-28,PRD-0062,WH-004,Sales Issue,-9,SO-000527
MOV-000717,2026-08-12,PRD-0244,WH-002,Sales Issue,-30,SO-000528
MOV-000718,2026-05-28,PRD-0296,WH-002,Sales Issue,-9,SO-000529
MOV-000719,2024-10-25,PRD-0139,WH-005,Sales Issue,-10,SO-000531
MOV-000720,2026-09-08,PRD-0398,WH-003,Sales Issue,-18,SO-000532
MOV-000721,2025-10-24,PRD-0055,WH-001,Sales Issue,-18,SO-000533
MOV-000722,2025-08-13,PRD-0181,WH-003,Sales Issue,-27,SO-000535
MOV-000723,2026-09-24,PRD-0179,WH-003,Sales Issue,-15,SO-000536
MOV-000724,2026-02-19,PRD-0182,WH-001,Sales Issue,-3,SO-000537
MOV-000725,2025-12-22,PRD-0230,WH-005,Sales Issue,-17,SO-000538
MOV-000726,2024-10-25,PRD-0446,WH-001,Sales Issue,-5,SO-000539
MOV-000727,2026-08-21,PRD-0028,WH-003,Sales Issue,-24,SO-000541
MOV-000728,2025-03-21,PRD-0312,WH-002,Sales Issue,-23,SO-000542
MOV-000729,2024-12-30,PRD-0233,WH-005,Sales Issue,-16,SO-000543
MOV-000730,2025-02-16,PRD-0374,WH-003,Sales Issue,-29,SO-000544
MOV-000731,2025-04-10,PRD-0198,WH-002,Sales Issue,-5,SO-000545
MOV-000732,2026-08-21,PRD-0139,WH-005,Sales Issue,-23,SO-000546
MOV-000733,2025-04-27,PRD-0415,WH-003,Sales Issue,-28,SO-000547
MOV-000734,2025-05-25,PRD-0360,WH-002,Sales Issue,-21,SO-000549
MOV-000735,2025-10-05,PRD-0164,WH-002,Sales Issue,-27,SO-000550
MOV-000736,2026-01-08,PRD-0224,WH-001,Sales Issue,-25,SO-000551
MOV-000737,2025-06-18,PRD-0403,WH-003,Sales Issue,-18,SO-000552
MOV-000738,2024-10-24,PRD-0250,WH-004,Sales Issue,-15,SO-000553
MOV-000739,2025-09-30,PRD-0339,WH-002,Sales Issue,-9,SO-000554
MOV-000740,2026-07-25,PRD-0283,WH-005,Sales Issue,-28,SO-000555
MOV-000741,2025-06-11,PRD-0344,WH-004,Sales Issue,-8,SO-000556
MOV-000742,2026-02-22,PRD-0161,WH-002,Sales Issue,-7,SO-000557
MOV-000743,2024-12-20,PRD-0062,WH-004,Sales Issue,-9,SO-000559
MOV-000744,2025-11-18,PRD-0443,WH-001,Sales Issue,-24,SO-000560
MOV-000745,2025-08-05,PRD-0427,WH-005,Sales Issue,-17,SO-000562
MOV-000746,2025-01-09,PRD-0253,WH-001,Sales Issue,-9,SO-000563
MOV-000747,2025-01-17,PRD-0207,WH-002,Sales Issue,-9,SO-000564
MOV-000748,2026-04-22,PRD-0492,WH-001,Sales Issue,-18,SO-000565
MOV-000749,2025-12-29,PRD-0405,WH-001,Sales Issue,-3,SO-000566
MOV-000750,2026-07-22,PRD-0018,WH-001,Sales Issue,-8,SO-000568
MOV-000751,2026-07-22,PRD-0470,WH-004,Sales Issue,-24,SO-000569
MOV-000752,2025-11-30,PRD-0465,WH-004,Sales Issue,-14,SO-000571
MOV-000753,2026-04-24,PRD-0047,WH-002,Sales Issue,-28,SO-000572
MOV-000754,2026-09-13,PRD-0079,WH-001,Sales Issue,-23,SO-000573
MOV-000755,2025-08-09,PRD-0310,WH-003,Sales Issue,-6,SO-000574
MOV-000756,2025-04-29,PRD-0075,WH-003,Sales Issue,-7,SO-000575
MOV-000757,2026-01-01,PRD-0333,WH-005,Sales Issue,-1,SO-000576
MOV-000758,2025-06-21,PRD-0126,WH-001,Sales Issue,-8,SO-000577
MOV-000759,2026-04-21,PRD-0233,WH-005,Sales Issue,-2,SO-000580
MOV-000760,2025-08-20,PRD-0135,WH-005,Sales Issue,-19,SO-000581
MOV-000761,2024-10-27,PRD-0082,WH-001,Sales Issue,-27,SO-000582
MOV-000762,2024-12-18,PRD-0377,WH-002,Sales Issue,-10,SO-000583
MOV-000763,2025-12-25,PRD-0039,WH-002,Sales Issue,-4,SO-000584
MOV-000764,2025-04-11,PRD-0157,WH-003,Sales Issue,-24,SO-000585
MOV-000765,2026-08-26,PRD-0159,WH-005,Sales Issue,-5,SO-000587
MOV-000766,2025-04-14,PRD-0204,WH-002,Sales Issue,-12,SO-000588
MOV-000767,2025-03-24,PRD-0273,WH-002,Sales Issue,-6,SO-000589
MOV-000768,2026-05-11,PRD-0119,WH-003,Sales Issue,-12,SO-000590
MOV-000769,2024-11-17,PRD-0403,WH-003,Sales Issue,-22,SO-000591
MOV-000770,2026-05-29,PRD-0151,WH-001,Sales Issue,-14,SO-000592
MOV-000771,2026-02-19,PRD-0160,WH-001,Sales Issue,-17,SO-000593
MOV-000772,2026-04-18,PRD-0426,WH-001,Sales Issue,-30,SO-000594
MOV-000773,2026-06-17,PRD-0456,WH-001,Sales Issue,-18,SO-000595
MOV-000774,2026-08-05,PRD-0397,WH-004,Sales Issue,-2,SO-000596
MOV-000775,2024-11-15,PRD-0068,WH-004,Sales Issue,-4,SO-000597
MOV-000776,2026-09-18,PRD-0462,WH-003,Sales Issue,-11,SO-000598
MOV-000777,2025-04-06,PRD-0104,WH-002,Sales Issue,-30,SO-000600
MOV-000778,2026-09-03,PRD-0247,WH-003,Sales Issue,-23,SO-000601
MOV-000779,2026-06-03,PRD-0410,WH-002,Sales Issue,-24,SO-000602
MOV-000780,2025-01-27,PRD-0265,WH-004,Sales Issue,-17,SO-000603
MOV-000781,2026-08-27,PRD-0457,WH-004,Sales Issue,-11,SO-000604
MOV-000782,2025-03-14,PRD-0331,WH-004,Sales Issue,-3,SO-000605
MOV-000783,2026-08-17,PRD-0089,WH-002,Sales Issue,-5,SO-000606
MOV-000784,2025-04-25,PRD-0390,WH-005,Sales Issue,-17,SO-000607
MOV-000785,2025-10-10,PRD-0244,WH-002,Sales Issue,-22,SO-000608
MOV-000786,2026-07-21,PRD-0300,WH-002,Sales Issue,-27,SO-000609
MOV-000787,2026-04-14,PRD-0066,WH-001,Sales Issue,-21,SO-000610
MOV-000788,2026-02-19,PRD-0415,WH-003,Sales Issue,-1,SO-000611
MOV-000789,2026-08-20,PRD-0135,WH-005,Sales Issue,-17,SO-000612
MOV-000790,2025-02-15,PRD-0143,WH-003,Sales Issue,-11,SO-000613
MOV-000791,2026-05-24,PRD-0232,WH-005,Sales Issue,-3,SO-000614
MOV-000792,2025-04-28,PRD-0448,WH-003,Sales Issue,-12,SO-000616
MOV-000793,2025-08-07,PRD-0398,WH-003,Sales Issue,-2,SO-000618
MOV-000794,2024-11-07,PRD-0252,WH-001,Sales Issue,-20,SO-000619
MOV-000795,2026-05-15,PRD-0047,WH-002,Sales Issue,-28,SO-000620
MOV-000796,2025-05-23,PRD-0074,WH-001,Sales Issue,-27,SO-000621
MOV-000797,2025-07-13,PRD-0170,WH-002,Sales Issue,-17,SO-000622
MOV-000798,2025-06-04,PRD-0437,WH-003,Sales Issue,-20,SO-000623
MOV-000799,2026-03-14,PRD-0040,WH-003,Sales Issue,-27,SO-000624
MOV-000800,2025-04-30,PRD-0141,WH-001,Sales Issue,-20,SO-000625
MOV-000801,2025-11-14,PRD-0054,WH-003,Sales Issue,-9,SO-000626
MOV-000802,2025-04-08,PRD-0194,WH-002,Sales Issue,-6,SO-000627
MOV-000803,2025-12-27,PRD-0425,WH-002,Sales Issue,-27,SO-000628
MOV-000804,2026-03-10,PRD-0138,WH-002,Sales Issue,-27,SO-000629
MOV-000805,2025-10-16,PRD-0241,WH-003,Sales Issue,-30,SO-000630
MOV-000806,2026-01-26,PRD-0176,WH-002,Sales Issue,-27,SO-000631
MOV-000807,2025-04-02,PRD-0244,WH-002,Sales Issue,-26,SO-000632
MOV-000808,2025-10-24,PRD-0213,WH-004,Sales Issue,-14,SO-000633
MOV-000809,2026-07-06,PRD-0043,WH-002,Sales Issue,-5,SO-000634
MOV-000810,2026-03-15,PRD-0109,WH-001,Sales Issue,-24,SO-000635
MOV-000811,2025-02-07,PRD-0345,WH-003,Sales Issue,-29,SO-000636
MOV-000812,2026-09-13,PRD-0017,WH-004,Sales Issue,-13,SO-000637
MOV-000813,2025-09-10,PRD-0449,WH-005,Sales Issue,-2,SO-000638
MOV-000814,2025-02-21,PRD-0015,WH-003,Sales Issue,-30,SO-000639
MOV-000815,2025-08-12,PRD-0198,WH-002,Sales Issue,-6,SO-000640
MOV-000816,2026-04-08,PRD-0224,WH-001,Sales Issue,-24,SO-000642
MOV-000817,2026-03-07,PRD-0016,WH-001,Sales Issue,-21,SO-000643
MOV-000818,2025-11-18,PRD-0288,WH-004,Sales Issue,-20,SO-000644
MOV-000819,2025-04-09,PRD-0331,WH-004,Sales Issue,-16,SO-000646
MOV-000820,2025-09-08,PRD-0003,WH-001,Sales Issue,-9,SO-000647
MOV-000821,2025-09-01,PRD-0213,WH-004,Sales Issue,-23,SO-000648
MOV-000822,2026-04-27,PRD-0065,WH-003,Sales Issue,-11,SO-000650
MOV-000823,2026-07-25,PRD-0336,WH-004,Sales Issue,-13,SO-000652
MOV-000824,2025-03-14,PRD-0298,WH-002,Sales Issue,-23,SO-000653
MOV-000825,2025-12-01,PRD-0165,WH-001,Sales Issue,-29,SO-000654
MOV-000826,2026-09-07,PRD-0135,WH-005,Sales Issue,-11,SO-000655
MOV-000827,2025-08-01,PRD-0073,WH-003,Sales Issue,-30,SO-000656
MOV-000828,2026-01-28,PRD-0060,WH-003,Sales Issue,-18,SO-000657
MOV-000829,2025-11-06,PRD-0198,WH-002,Sales Issue,-26,SO-000658
MOV-000830,2026-09-05,PRD-0298,WH-002,Sales Issue,-5,SO-000659
MOV-000831,2026-07-17,PRD-0013,WH-004,Sales Issue,-13,SO-000660
MOV-000832,2025-07-27,PRD-0315,WH-004,Sales Issue,-17,SO-000661
MOV-000833,2025-03-06,PRD-0225,WH-001,Sales Issue,-4,SO-000662
MOV-000834,2025-04-30,PRD-0438,WH-002,Sales Issue,-11,SO-000663
MOV-000835,2026-04-09,PRD-0327,WH-005,Sales Issue,-6,SO-000664
MOV-000836,2025-09-21,PRD-0329,WH-005,Sales Issue,-23,SO-000666
MOV-000837,2025-05-21,PRD-0358,WH-004,Sales Issue,-4,SO-000667
MOV-000838,2024-10-01,PRD-0431,WH-002,Sales Issue,-19,SO-000668
MOV-000839,2025-07-15,PRD-0094,WH-003,Sales Issue,-12,SO-000669
MOV-000840,2026-09-06,PRD-0324,WH-002,Sales Issue,-3,SO-000670
MOV-000841,2025-04-24,PRD-0180,WH-005,Sales Issue,-18,SO-000671
MOV-000842,2026-02-22,PRD-0382,WH-005,Sales Issue,-8,SO-000672
MOV-000843,2024-10-14,PRD-0325,WH-005,Sales Issue,-16,SO-000673
MOV-000844,2025-08-06,PRD-0271,WH-003,Sales Issue,-5,SO-000674
MOV-000845,2025-07-20,PRD-0087,WH-003,Sales Issue,-13,SO-000675
MOV-000846,2026-03-24,PRD-0428,WH-005,Sales Issue,-6,SO-000676
MOV-000847,2025-03-22,PRD-0164,WH-002,Sales Issue,-20,SO-000677
MOV-000848,2025-09-30,PRD-0027,WH-001,Sales Issue,-2,SO-000679
MOV-000849,2025-02-02,PRD-0433,WH-004,Sales Issue,-23,SO-000680
MOV-000850,2025-03-24,PRD-0156,WH-003,Sales Issue,-9,SO-000681
MOV-000851,2024-11-29,PRD-0340,WH-001,Sales Issue,-5,SO-000682
MOV-000852,2024-11-18,PRD-0410,WH-002,Sales Issue,-25,SO-000683
MOV-000853,2025-11-17,PRD-0362,WH-003,Sales Issue,-28,SO-000684
MOV-000854,2024-12-28,PRD-0295,WH-004,Sales Issue,-11,SO-000685
MOV-000855,2025-06-25,PRD-0196,WH-003,Sales Issue,-28,SO-000686
MOV-000856,2026-08-16,PRD-0056,WH-004,Sales Issue,-1,SO-000688
MOV-000857,2026-01-20,PRD-0485,WH-005,Sales Issue,-25,SO-000689
MOV-000858,2025-09-19,PRD-0239,WH-003,Sales Issue,-19,SO-000690
MOV-000859,2024-11-24,PRD-0201,WH-001,Sales Issue,-10,SO-000692
MOV-000860,2026-02-23,PRD-0438,WH-002,Sales Issue,-27,SO-000693
MOV-000861,2025-03-28,PRD-0156,WH-003,Sales Issue,-12,SO-000694
MOV-000862,2025-05-12,PRD-0385,WH-003,Sales Issue,-13,SO-000695
MOV-000863,2025-10-27,PRD-0371,WH-002,Sales Issue,-16,SO-000697
MOV-000864,2025-11-20,PRD-0434,WH-003,Sales Issue,-12,SO-000698
MOV-000865,2026-05-18,PRD-0284,WH-002,Sales Issue,-18,SO-000699
MOV-000866,2026-09-07,PRD-0285,WH-004,Sales Issue,-14,SO-000700
MOV-000867,2026-09-30,PRD-0306,WH-001,Sales Issue,-28,SO-000701
MOV-000868,2025-06-14,PRD-0263,WH-001,Sales Issue,-29,SO-000702
MOV-000869,2026-07-01,PRD-0398,WH-003,Sales Issue,-29,SO-000703
MOV-000870,2026-04-14,PRD-0440,WH-005,Sales Issue,-23,SO-000704
MOV-000871,2025-12-28,PRD-0090,WH-001,Sales Issue,-18,SO-000705
MOV-000872,2026-08-27,PRD-0216,WH-005,Sales Issue,-7,SO-000706
MOV-000873,2026-04-03,PRD-0054,WH-003,Sales Issue,-2,SO-000707
MOV-000874,2026-04-29,PRD-0500,WH-003,Sales Issue,-27,SO-000709
MOV-000875,2026-01-26,PRD-0094,WH-003,Sales Issue,-27,SO-000710
MOV-000876,2026-04-30,PRD-0197,WH-003,Sales Issue,-16,SO-000711
MOV-000877,2026-05-05,PRD-0500,WH-003,Sales Issue,-13,SO-000712
MOV-000878,2025-01-20,PRD-0064,WH-005,Sales Issue,-9,SO-000713
MOV-000879,2025-01-01,PRD-0271,WH-003,Sales Issue,-17,SO-000714
MOV-000880,2026-02-26,PRD-0146,WH-004,Sales Issue,-28,SO-000715
MOV-000881,2025-11-05,PRD-0093,WH-001,Sales Issue,-1,SO-000716
MOV-000882,2026-05-21,PRD-0370,WH-004,Sales Issue,-13,SO-000717
MOV-000883,2026-08-14,PRD-0130,WH-003,Sales Issue,-22,SO-000718
MOV-000884,2025-11-08,PRD-0200,WH-001,Sales Issue,-30,SO-000719
MOV-000885,2024-12-22,PRD-0206,WH-005,Sales Issue,-4,SO-000720
MOV-000886,2026-06-06,PRD-0332,WH-004,Sales Issue,-3,SO-000721
MOV-000887,2025-01-11,PRD-0419,WH-005,Sales Issue,-12,SO-000722
MOV-000888,2025-12-25,PRD-0438,WH-002,Sales Issue,-16,SO-000724
MOV-000889,2024-10-18,PRD-0413,WH-004,Sales Issue,-3,SO-000725
MOV-000890,2024-10-22,PRD-0337,WH-001,Sales Issue,-17,SO-000726
MOV-000891,2025-04-03,PRD-0254,WH-004,Sales Issue,-8,SO-000727
MOV-000892,2026-01-01,PRD-0256,WH-002,Sales Issue,-22,SO-000728
MOV-000893,2024-12-21,PRD-0415,WH-003,Sales Issue,-22,SO-000729
MOV-000894,2025-02-02,PRD-0231,WH-001,Sales Issue,-22,SO-000730
MOV-000895,2025-10-10,PRD-0297,WH-004,Sales Issue,-13,SO-000731
MOV-000896,2026-02-02,PRD-0188,WH-005,Sales Issue,-12,SO-000732
MOV-000897,2026-06-12,PRD-0056,WH-004,Sales Issue,-26,SO-000733
MOV-000898,2024-12-07,PRD-0269,WH-004,Sales Issue,-29,SO-000734
MOV-000899,2025-03-17,PRD-0363,WH-001,Sales Issue,-23,SO-000735
MOV-000900,2025-08-22,PRD-0017,WH-004,Sales Issue,-18,SO-000736
MOV-000901,2026-05-06,PRD-0382,WH-005,Sales Issue,-22,SO-000737
MOV-000902,2026-01-07,PRD-0489,WH-005,Sales Issue,-4,SO-000738
MOV-000903,2024-12-15,PRD-0086,WH-002,Sales Issue,-11,SO-000739
MOV-000904,2026-04-18,PRD-0014,WH-003,Sales Issue,-25,SO-000742
MOV-000905,2026-01-31,PRD-0012,WH-005,Sales Issue,-22,SO-000743
MOV-000906,2026-07-13,PRD-0470,WH-004,Sales Issue,-7,SO-000744
MOV-000907,2025-09-28,PRD-0426,WH-001,Sales Issue,-2,SO-000745
MOV-000908,2026-07-02,PRD-0235,WH-004,Sales Issue,-3,SO-000746
MOV-000909,2025-05-14,PRD-0269,WH-004,Sales Issue,-26,SO-000748
MOV-000910,2026-07-01,PRD-0258,WH-003,Sales Issue,-6,SO-000749
MOV-000911,2026-06-11,PRD-0432,WH-005,Sales Issue,-12,SO-000750
MOV-000912,2025-11-17,PRD-0455,WH-005,Sales Issue,-23,SO-000751
MOV-000913,2025-11-19,PRD-0395,WH-004,Sales Issue,-9,SO-000752
MOV-000914,2026-03-02,PRD-0017,WH-004,Sales Issue,-12,SO-000753
MOV-000915,2026-08-13,PRD-0277,WH-004,Sales Issue,-27,SO-000754
MOV-000916,2026-04-06,PRD-0124,WH-002,Sales Issue,-20,SO-000756
MOV-000917,2026-08-08,PRD-0033,WH-001,Sales Issue,-21,SO-000757
MOV-000918,2026-01-13,PRD-0449,WH-005,Sales Issue,-2,SO-000758
MOV-000919,2026-08-30,PRD-0457,WH-004,Sales Issue,-30,SO-000759
MOV-000920,2025-04-06,PRD-0368,WH-004,Sales Issue,-3,SO-000760
MOV-000921,2025-12-23,PRD-0422,WH-002,Sales Issue,-8,SO-000761
MOV-000922,2025-11-22,PRD-0477,WH-001,Sales Issue,-2,SO-000762
MOV-000923,2025-03-11,PRD-0038,WH-005,Sales Issue,-12,SO-000763
MOV-000924,2026-06-22,PRD-0135,WH-005,Sales Issue,-9,SO-000764
MOV-000925,2026-02-14,PRD-0405,WH-001,Sales Issue,-17,SO-000766
MOV-000926,2025-06-24,PRD-0465,WH-004,Sales Issue,-26,SO-000767
MOV-000927,2024-11-16,PRD-0185,WH-004,Sales Issue,-3,SO-000768
MOV-000928,2024-10-09,PRD-0361,WH-003,Sales Issue,-27,SO-000770
MOV-000929,2026-09-02,PRD-0317,WH-002,Sales Issue,-19,SO-000771
MOV-000930,2025-07-07,PRD-0113,WH-005,Sales Issue,-16,SO-000772
MOV-000931,2025-08-19,PRD-0130,WH-003,Sales Issue,-16,SO-000773
MOV-000932,2025-02-23,PRD-0317,WH-002,Sales Issue,-13,SO-000774
MOV-000933,2024-10-21,PRD-0396,WH-005,Sales Issue,-27,SO-000775
MOV-000934,2025-01-27,PRD-0029,WH-005,Sales Issue,-12,SO-000776
MOV-000935,2026-03-14,PRD-0496,WH-003,Sales Issue,-13,SO-000778
MOV-000936,2025-04-21,PRD-0156,WH-003,Sales Issue,-10,SO-000780
MOV-000937,2025-12-24,PRD-0242,WH-003,Sales Issue,-6,SO-000781
MOV-000938,2025-03-28,PRD-0308,WH-004,Sales Issue,-10,SO-000782
MOV-000939,2025-11-23,PRD-0031,WH-005,Sales Issue,-3,SO-000784
MOV-000940,2026-02-21,PRD-0412,WH-002,Sales Issue,-13,SO-000785
MOV-000941,2025-02-26,PRD-0152,WH-004,Sales Issue,-12,SO-000786
MOV-000942,2026-03-16,PRD-0216,WH-005,Sales Issue,-25,SO-000787
MOV-000943,2025-07-01,PRD-0166,WH-004,Sales Issue,-17,SO-000788
MOV-000944,2025-11-27,PRD-0199,WH-004,Sales Issue,-4,SO-000789
MOV-000945,2026-03-01,PRD-0133,WH-005,Sales Issue,-26,SO-000790
MOV-000946,2025-02-21,PRD-0293,WH-004,Sales Issue,-16,SO-000791
MOV-000947,2025-09-27,PRD-0423,WH-003,Sales Issue,-3,SO-000792
MOV-000948,2025-04-12,PRD-0118,WH-001,Sales Issue,-8,SO-000793
MOV-000949,2025-05-16,PRD-0408,WH-002,Sales Issue,-6,SO-000794
MOV-000950,2025-11-21,PRD-0339,WH-002,Sales Issue,-29,SO-000795
MOV-000951,2026-08-05,PRD-0033,WH-001,Sales Issue,-29,SO-000796
MOV-000952,2026-03-04,PRD-0436,WH-004,Sales Issue,-9,SO-000797
MOV-000953,2025-02-14,PRD-0386,WH-005,Sales Issue,-15,SO-000800
MOV-000954,2026-02-09,PRD-0341,WH-004,Sales Issue,-8,SO-000801
MOV-000955,2025-06-12,PRD-0394,WH-005,Sales Issue,-13,SO-000803
MOV-000956,2026-05-17,PRD-0319,WH-005,Sales Issue,-4,SO-000804
MOV-000957,2025-07-02,PRD-0287,WH-003,Sales Issue,-19,SO-000805
MOV-000958,2026-07-16,PRD-0034,WH-003,Sales Issue,-24,SO-000806
MOV-000959,2024-11-17,PRD-0058,WH-003,Sales Issue,-15,SO-000807
MOV-000960,2026-09-21,PRD-0317,WH-002,Sales Issue,-26,SO-000808
MOV-000961,2025-09-18,PRD-0378,WH-002,Sales Issue,-24,SO-000809
MOV-000962,2025-11-04,PRD-0476,WH-001,Sales Issue,-12,SO-000810
MOV-000963,2025-04-05,PRD-0485,WH-005,Sales Issue,-11,SO-000811
MOV-000964,2024-12-09,PRD-0161,WH-002,Sales Issue,-11,SO-000812
MOV-000965,2026-09-27,PRD-0080,WH-003,Sales Issue,-15,SO-000814
MOV-000966,2024-11-10,PRD-0135,WH-005,Sales Issue,-9,SO-000816
MOV-000967,2026-07-28,PRD-0421,WH-004,Sales Issue,-10,SO-000819
MOV-000968,2024-10-11,PRD-0268,WH-004,Sales Issue,-18,SO-000822
MOV-000969,2025-07-22,PRD-0154,WH-002,Sales Issue,-7,SO-000823
MOV-000970,2026-09-28,PRD-0319,WH-005,Sales Issue,-26,SO-000824
MOV-000971,2025-11-23,PRD-0385,WH-003,Sales Issue,-22,SO-000825
MOV-000972,2026-01-13,PRD-0040,WH-003,Sales Issue,-12,SO-000826
MOV-000973,2025-03-06,PRD-0234,WH-004,Sales Issue,-10,SO-000827
MOV-000974,2026-02-08,PRD-0080,WH-003,Sales Issue,-4,SO-000828
MOV-000975,2025-10-10,PRD-0117,WH-004,Sales Issue,-22,SO-000829
MOV-000976,2025-04-19,PRD-0175,WH-005,Sales Issue,-24,SO-000830
MOV-000977,2026-07-23,PRD-0500,WH-003,Sales Issue,-18,SO-000831
MOV-000978,2025-10-29,PRD-0110,WH-005,Sales Issue,-14,SO-000832
MOV-000979,2026-09-12,PRD-0170,WH-002,Sales Issue,-17,SO-000833
MOV-000980,2024-12-12,PRD-0007,WH-004,Sales Issue,-16,SO-000834
MOV-000981,2026-01-21,PRD-0465,WH-004,Sales Issue,-6,SO-000835
MOV-000982,2025-10-13,PRD-0088,WH-003,Sales Issue,-29,SO-000837
MOV-000983,2026-09-03,PRD-0425,WH-002,Sales Issue,-26,SO-000840
MOV-000984,2025-05-09,PRD-0366,WH-001,Sales Issue,-15,SO-000841
MOV-000985,2025-02-08,PRD-0033,WH-001,Sales Issue,-21,SO-000843
MOV-000986,2025-07-20,PRD-0311,WH-005,Sales Issue,-26,SO-000844
MOV-000987,2024-10-21,PRD-0161,WH-002,Sales Issue,-9,SO-000845
MOV-000988,2025-12-27,PRD-0207,WH-002,Sales Issue,-30,SO-000846
MOV-000989,2026-03-04,PRD-0236,WH-002,Sales Issue,-23,SO-000847
MOV-000990,2025-04-23,PRD-0475,WH-003,Sales Issue,-13,SO-000848
MOV-000991,2025-11-25,PRD-0162,WH-001,Sales Issue,-13,SO-000849
MOV-000992,2026-04-15,PRD-0039,WH-002,Sales Issue,-11,SO-000850
MOV-000993,2025-11-29,PRD-0446,WH-001,Sales Issue,-27,SO-000851
MOV-000994,2025-10-01,PRD-0372,WH-002,Sales Issue,-17,SO-000852
MOV-000995,2024-12-25,PRD-0326,WH-002,Sales Issue,-9,SO-000854
MOV-000996,2026-05-31,PRD-0455,WH-005,Sales Issue,-14,SO-000855
MOV-000997,2025-01-21,PRD-0450,WH-004,Sales Issue,-8,SO-000856
MOV-000998,2025-10-05,PRD-0293,WH-004,Sales Issue,-18,SO-000857
MOV-000999,2026-03-14,PRD-0339,WH-002,Sales Issue,-18,SO-000858
MOV-001000,2025-11-19,PRD-0432,WH-005,Sales Issue,-3,SO-000859
MOV-001001,2025-02-01,PRD-0325,WH-005,Sales Issue,-4,SO-000860
MOV-001002,2025-10-19,PRD-0330,WH-001,Sales Issue,-6,SO-000861
MOV-001003,2026-09-03,PRD-0386,WH-005,Sales Issue,-17,SO-000862
MOV-001004,2026-05-15,PRD-0264,WH-004,Sales Issue,-29,SO-000864
MOV-001005,2026-09-30,PRD-0191,WH-004,Sales Issue,-16,SO-000865
MOV-001006,2026-05-28,PRD-0164,WH-002,Sales Issue,-7,SO-000866
MOV-001007,2025-02-16,PRD-0003,WH-001,Sales Issue,-14,SO-000867
MOV-001008,2025-09-17,PRD-0456,WH-001,Sales Issue,-27,SO-000868
MOV-001009,2024-10-10,PRD-0450,WH-004,Sales Issue,-20,SO-000870
MOV-001010,2026-04-06,PRD-0120,WH-004,Sales Issue,-9,SO-000871
MOV-001011,2026-04-17,PRD-0017,WH-004,Sales Issue,-3,SO-000872
MOV-001012,2026-05-03,PRD-0439,WH-004,Sales Issue,-3,SO-000873
MOV-001013,2024-11-26,PRD-0186,WH-001,Sales Issue,-16,SO-000874
MOV-001014,2026-06-17,PRD-0302,WH-003,Sales Issue,-21,SO-000875
MOV-001015,2025-03-26,PRD-0143,WH-003,Sales Issue,-6,SO-000876
MOV-001016,2026-01-29,PRD-0243,WH-003,Sales Issue,-5,SO-000877
MOV-001017,2025-03-31,PRD-0361,WH-003,Sales Issue,-23,SO-000878
MOV-001018,2024-10-07,PRD-0127,WH-002,Sales Issue,-15,SO-000880
MOV-001019,2024-12-15,PRD-0047,WH-002,Sales Issue,-12,SO-000881
MOV-001020,2024-10-31,PRD-0206,WH-005,Sales Issue,-21,SO-000882
MOV-001021,2026-06-01,PRD-0459,WH-005,Sales Issue,-22,SO-000884
MOV-001022,2025-12-27,PRD-0474,WH-004,Sales Issue,-13,SO-000885
MOV-001023,2026-04-24,PRD-0031,WH-005,Sales Issue,-7,SO-000886
MOV-001024,2025-09-12,PRD-0071,WH-001,Sales Issue,-7,SO-000888
MOV-001025,2026-04-29,PRD-0104,WH-002,Sales Issue,-6,SO-000889
MOV-001026,2025-10-25,PRD-0146,WH-004,Sales Issue,-28,SO-000890
MOV-001027,2024-10-27,PRD-0426,WH-001,Sales Issue,-21,SO-000893
MOV-001028,2024-10-27,PRD-0411,WH-001,Sales Issue,-12,SO-000894
MOV-001029,2025-05-26,PRD-0359,WH-004,Sales Issue,-13,SO-000895
MOV-001030,2026-02-11,PRD-0436,WH-004,Sales Issue,-11,SO-000896
MOV-001031,2025-05-21,PRD-0381,WH-001,Sales Issue,-15,SO-000898
MOV-001032,2026-08-06,PRD-0038,WH-005,Sales Issue,-12,SO-000899
MOV-001033,2024-12-03,PRD-0079,WH-001,Sales Issue,-1,SO-000900
MOV-001034,2026-03-02,PRD-0185,WH-004,Sales Issue,-14,SO-000901
MOV-001035,2024-11-28,PRD-0438,WH-002,Sales Issue,-16,SO-000902
MOV-001036,2026-05-25,PRD-0012,WH-005,Sales Issue,-7,SO-000903
MOV-001037,2024-10-08,PRD-0206,WH-005,Sales Issue,-26,SO-000904
MOV-001038,2025-06-12,PRD-0433,WH-004,Sales Issue,-11,SO-000905
MOV-001039,2026-08-06,PRD-0386,WH-005,Sales Issue,-8,SO-000906
MOV-001040,2025-09-16,PRD-0017,WH-004,Sales Issue,-30,SO-000907
MOV-001041,2025-02-20,PRD-0264,WH-004,Sales Issue,-5,SO-000908
MOV-001042,2025-03-27,PRD-0345,WH-003,Sales Issue,-8,SO-000909
MOV-001043,2025-03-20,PRD-0448,WH-003,Sales Issue,-24,SO-000910
MOV-001044,2025-10-14,PRD-0106,WH-002,Sales Issue,-12,SO-000911
MOV-001045,2025-04-03,PRD-0393,WH-004,Sales Issue,-30,SO-000912
MOV-001046,2026-05-19,PRD-0338,WH-003,Sales Issue,-4,SO-000913
MOV-001047,2025-01-05,PRD-0337,WH-001,Sales Issue,-23,SO-000915
MOV-001048,2026-03-25,PRD-0108,WH-002,Sales Issue,-29,SO-000916
MOV-001049,2025-01-24,PRD-0395,WH-004,Sales Issue,-20,SO-000917
MOV-001050,2024-12-07,PRD-0094,WH-003,Sales Issue,-9,SO-000918
MOV-001051,2025-08-06,PRD-0151,WH-001,Sales Issue,-29,SO-000919
MOV-001052,2026-07-14,PRD-0051,WH-003,Sales Issue,-7,SO-000921
MOV-001053,2025-03-20,PRD-0071,WH-001,Sales Issue,-20,SO-000922
MOV-001054,2025-03-29,PRD-0045,WH-001,Sales Issue,-4,SO-000923
MOV-001055,2024-11-22,PRD-0477,WH-001,Sales Issue,-28,SO-000924
MOV-001056,2025-04-06,PRD-0433,WH-004,Sales Issue,-18,SO-000925
MOV-001057,2025-02-04,PRD-0246,WH-003,Sales Issue,-21,SO-000927
MOV-001058,2026-01-13,PRD-0014,WH-003,Sales Issue,-22,SO-000928
MOV-001059,2025-03-25,PRD-0408,WH-002,Sales Issue,-9,SO-000929
MOV-001060,2024-11-16,PRD-0333,WH-005,Sales Issue,-25,SO-000930
MOV-001061,2025-04-20,PRD-0479,WH-004,Sales Issue,-20,SO-000933
MOV-001062,2026-01-25,PRD-0276,WH-001,Sales Issue,-13,SO-000934
MOV-001063,2025-10-02,PRD-0211,WH-005,Sales Issue,-3,SO-000935
MOV-001064,2025-01-16,PRD-0284,WH-002,Sales Issue,-30,SO-000936
MOV-001065,2026-07-18,PRD-0187,WH-001,Sales Issue,-10,SO-000937
MOV-001066,2025-08-27,PRD-0196,WH-003,Sales Issue,-27,SO-000938
MOV-001067,2025-12-12,PRD-0116,WH-005,Sales Issue,-11,SO-000939
MOV-001068,2025-08-01,PRD-0465,WH-004,Sales Issue,-21,SO-000941
MOV-001069,2024-11-29,PRD-0461,WH-005,Sales Issue,-20,SO-000942
MOV-001070,2025-08-12,PRD-0191,WH-004,Sales Issue,-28,SO-000944
MOV-001071,2026-02-27,PRD-0157,WH-003,Sales Issue,-9,SO-000945
MOV-001072,2025-04-11,PRD-0352,WH-001,Sales Issue,-2,SO-000946
MOV-001073,2026-04-04,PRD-0369,WH-002,Sales Issue,-15,SO-000947
MOV-001074,2026-05-31,PRD-0235,WH-004,Sales Issue,-25,SO-000948
MOV-001075,2024-11-02,PRD-0233,WH-005,Sales Issue,-12,SO-000949
MOV-001076,2026-09-10,PRD-0498,WH-003,Sales Issue,-22,SO-000950
MOV-001077,2026-09-20,PRD-0021,WH-005,Sales Issue,-27,SO-000951
MOV-001078,2025-02-17,PRD-0159,WH-005,Sales Issue,-5,SO-000953
MOV-001079,2025-07-06,PRD-0337,WH-001,Sales Issue,-13,SO-000954
MOV-001080,2025-12-23,PRD-0429,WH-003,Sales Issue,-25,SO-000955
MOV-001081,2025-11-25,PRD-0451,WH-001,Sales Issue,-16,SO-000956
MOV-001082,2026-01-08,PRD-0072,WH-005,Sales Issue,-10,SO-000957
MOV-001083,2025-01-22,PRD-0401,WH-001,Sales Issue,-2,SO-000958
MOV-001084,2025-01-01,PRD-0279,WH-001,Sales Issue,-13,SO-000959
MOV-001085,2025-07-08,PRD-0075,WH-003,Sales Issue,-16,SO-000960
MOV-001086,2025-06-28,PRD-0034,WH-003,Sales Issue,-17,SO-000962
MOV-001087,2025-11-28,PRD-0323,WH-005,Sales Issue,-11,SO-000963
MOV-001088,2025-01-30,PRD-0494,WH-001,Sales Issue,-25,SO-000964
MOV-001089,2025-12-03,PRD-0142,WH-001,Sales Issue,-24,SO-000965
MOV-001090,2025-12-29,PRD-0053,WH-003,Sales Issue,-6,SO-000967
MOV-001091,2024-11-07,PRD-0121,WH-005,Sales Issue,-13,SO-000969
MOV-001092,2025-12-31,PRD-0418,WH-003,Sales Issue,-28,SO-000970
MOV-001093,2026-07-26,PRD-0166,WH-004,Sales Issue,-5,SO-000972
MOV-001094,2025-10-09,PRD-0171,WH-005,Sales Issue,-26,SO-000974
MOV-001095,2025-03-17,PRD-0284,WH-002,Sales Issue,-17,SO-000975
MOV-001096,2025-07-29,PRD-0135,WH-005,Sales Issue,-26,SO-000976
MOV-001097,2026-02-17,PRD-0104,WH-002,Sales Issue,-10,SO-000977
MOV-001098,2025-03-14,PRD-0288,WH-004,Sales Issue,-12,SO-000979
MOV-001099,2025-01-30,PRD-0157,WH-003,Sales Issue,-15,SO-000980
MOV-001100,2025-09-30,PRD-0262,WH-002,Sales Issue,-21,SO-000981
MOV-001101,2025-10-17,PRD-0092,WH-004,Sales Issue,-5,SO-000983
MOV-001102,2025-12-22,PRD-0488,WH-005,Sales Issue,-10,SO-000984
MOV-001103,2024-12-21,PRD-0235,WH-004,Sales Issue,-16,SO-000987
MOV-001104,2026-09-04,PRD-0060,WH-003,Sales Issue,-8,SO-000988
MOV-001105,2026-09-09,PRD-0372,WH-002,Sales Issue,-18,SO-000989
MOV-001106,2026-02-25,PRD-0382,WH-005,Sales Issue,-5,SO-000990
MOV-001107,2026-01-22,PRD-0389,WH-004,Sales Issue,-22,SO-000991
MOV-001108,2025-08-25,PRD-0330,WH-001,Sales Issue,-15,SO-000992
MOV-001109,2025-12-30,PRD-0200,WH-001,Sales Issue,-21,SO-000993
MOV-001110,2026-06-20,PRD-0144,WH-005,Sales Issue,-11,SO-000994
MOV-001111,2025-09-05,PRD-0097,WH-001,Sales Issue,-3,SO-000995
MOV-001112,2026-02-07,PRD-0082,WH-001,Sales Issue,-17,SO-000996
MOV-001113,2025-05-08,PRD-0471,WH-005,Sales Issue,-23,SO-000997
MOV-001114,2026-01-28,PRD-0331,WH-004,Sales Issue,-24,SO-000998
MOV-001115,2024-12-12,PRD-0029,WH-005,Sales Issue,-24,SO-000999
MOV-001116,2026-08-23,PRD-0496,WH-003,Sales Issue,-1,SO-001000
MOV-001117,2026-08-06,PRD-0142,WH-001,Sales Issue,-19,SO-001002
MOV-001118,2025-01-26,PRD-0331,WH-004,Sales Issue,-24,SO-001003
MOV-001119,2025-04-09,PRD-0346,WH-002,Sales Issue,-14,SO-001004
MOV-001120,2025-09-19,PRD-0220,WH-001,Sales Issue,-1,SO-001005
MOV-001121,2026-08-25,PRD-0020,WH-001,Sales Issue,-24,SO-001009
MOV-001122,2025-03-26,PRD-0441,WH-005,Sales Issue,-27,SO-001010
MOV-001123,2026-08-15,PRD-0262,WH-002,Sales Issue,-24,SO-001011
MOV-001124,2024-11-28,PRD-0180,WH-005,Sales Issue,-1,SO-001012
MOV-001125,2025-03-09,PRD-0154,WH-002,Sales Issue,-23,SO-001013
MOV-001126,2026-05-12,PRD-0223,WH-002,Sales Issue,-4,SO-001014
MOV-001127,2026-08-01,PRD-0137,WH-002,Sales Issue,-5,SO-001016
MOV-001128,2025-09-06,PRD-0451,WH-001,Sales Issue,-28,SO-001017
MOV-001129,2025-05-28,PRD-0238,WH-005,Sales Issue,-12,SO-001018
MOV-001130,2025-01-17,PRD-0290,WH-003,Sales Issue,-30,SO-001019
MOV-001131,2024-10-24,PRD-0434,WH-003,Sales Issue,-14,SO-001021
MOV-001132,2024-12-05,PRD-0053,WH-003,Sales Issue,-8,SO-001022
MOV-001133,2026-07-22,PRD-0247,WH-003,Sales Issue,-10,SO-001023
MOV-001134,2026-02-09,PRD-0287,WH-003,Sales Issue,-18,SO-001024
MOV-001135,2025-05-27,PRD-0128,WH-002,Sales Issue,-11,SO-001025
MOV-001136,2025-12-23,PRD-0063,WH-004,Sales Issue,-18,SO-001026
MOV-001137,2025-02-08,PRD-0100,WH-001,Sales Issue,-26,SO-001027
MOV-001138,2025-03-04,PRD-0490,WH-005,Sales Issue,-10,SO-001028
MOV-001139,2025-02-27,PRD-0023,WH-004,Sales Issue,-29,SO-001030
MOV-001140,2026-04-14,PRD-0360,WH-002,Sales Issue,-1,SO-001031
MOV-001141,2026-08-13,PRD-0402,WH-002,Sales Issue,-18,SO-001032
MOV-001142,2025-04-20,PRD-0339,WH-002,Sales Issue,-8,SO-001033
MOV-001143,2025-11-28,PRD-0047,WH-002,Sales Issue,-4,SO-001034
MOV-001144,2026-01-25,PRD-0070,WH-003,Sales Issue,-3,SO-001035
MOV-001145,2025-07-16,PRD-0245,WH-003,Sales Issue,-29,SO-001036
MOV-001146,2025-08-26,PRD-0164,WH-002,Sales Issue,-24,SO-001037
MOV-001147,2026-03-22,PRD-0107,WH-002,Sales Issue,-28,SO-001038
MOV-001148,2026-08-15,PRD-0330,WH-001,Sales Issue,-7,SO-001039
MOV-001149,2026-05-25,PRD-0149,WH-004,Sales Issue,-5,SO-001040
MOV-001150,2026-07-02,PRD-0409,WH-003,Sales Issue,-18,SO-001041
MOV-001151,2026-03-29,PRD-0147,WH-003,Sales Issue,-8,SO-001042
MOV-001152,2025-06-03,PRD-0001,WH-003,Sales Issue,-19,SO-001044
MOV-001153,2025-12-01,PRD-0301,WH-003,Sales Issue,-22,SO-001045
MOV-001154,2024-11-06,PRD-0015,WH-003,Sales Issue,-13,SO-001046
MOV-001155,2026-07-28,PRD-0070,WH-003,Sales Issue,-21,SO-001047
MOV-001156,2025-03-20,PRD-0236,WH-002,Sales Issue,-1,SO-001048
MOV-001157,2026-03-11,PRD-0496,WH-003,Sales Issue,-3,SO-001050
MOV-001158,2025-11-23,PRD-0419,WH-005,Sales Issue,-29,SO-001051
MOV-001159,2024-10-04,PRD-0425,WH-002,Sales Issue,-19,SO-001052
MOV-001160,2025-03-31,PRD-0200,WH-001,Sales Issue,-19,SO-001053
MOV-001161,2025-12-19,PRD-0374,WH-003,Sales Issue,-11,SO-001054
MOV-001162,2024-10-28,PRD-0292,WH-002,Sales Issue,-8,SO-001055
MOV-001163,2026-03-31,PRD-0379,WH-002,Sales Issue,-3,SO-001056
MOV-001164,2026-01-12,PRD-0403,WH-003,Sales Issue,-30,SO-001057
MOV-001165,2025-11-25,PRD-0266,WH-002,Sales Issue,-20,SO-001059
MOV-001166,2026-03-01,PRD-0292,WH-002,Sales Issue,-29,SO-001060
MOV-001167,2026-08-24,PRD-0365,WH-002,Sales Issue,-17,SO-001061
MOV-001168,2026-02-07,PRD-0478,WH-002,Sales Issue,-4,SO-001062
MOV-001169,2025-05-19,PRD-0190,WH-003,Sales Issue,-23,SO-001063
MOV-001170,2026-09-14,PRD-0416,WH-004,Sales Issue,-17,SO-001064
MOV-001171,2025-02-28,PRD-0140,WH-005,Sales Issue,-20,SO-001065
MOV-001172,2024-12-25,PRD-0088,WH-003,Sales Issue,-12,SO-001067
MOV-001173,2026-03-29,PRD-0149,WH-004,Sales Issue,-29,SO-001068
MOV-001174,2026-06-24,PRD-0170,WH-002,Sales Issue,-8,SO-001069
MOV-001175,2026-05-28,PRD-0362,WH-003,Sales Issue,-23,SO-001070
MOV-001176,2025-01-14,PRD-0497,WH-003,Sales Issue,-3,SO-001071
MOV-001177,2026-03-19,PRD-0094,WH-003,Sales Issue,-19,SO-001073
MOV-001178,2024-11-06,PRD-0433,WH-004,Sales Issue,-30,SO-001074
MOV-001179,2024-11-28,PRD-0263,WH-001,Sales Issue,-9,SO-001075
MOV-001180,2025-05-24,PRD-0456,WH-001,Sales Issue,-15,SO-001076
MOV-001181,2025-11-10,PRD-0070,WH-003,Sales Issue,-20,SO-001077
MOV-001182,2025-09-19,PRD-0338,WH-003,Sales Issue,-13,SO-001078
MOV-001183,2025-04-08,PRD-0366,WH-001,Sales Issue,-20,SO-001079
MOV-001184,2025-01-29,PRD-0146,WH-004,Sales Issue,-17,SO-001080
MOV-001185,2026-04-18,PRD-0197,WH-003,Sales Issue,-10,SO-001081
MOV-001186,2025-10-27,PRD-0162,WH-001,Sales Issue,-20,SO-001082
MOV-001187,2024-12-21,PRD-0227,WH-003,Sales Issue,-20,SO-001083
MOV-001188,2024-12-15,PRD-0230,WH-005,Sales Issue,-21,SO-001084
MOV-001189,2026-06-03,PRD-0393,WH-004,Sales Issue,-10,SO-001085
MOV-001190,2025-09-30,PRD-0090,WH-001,Sales Issue,-16,SO-001086
MOV-001191,2026-09-28,PRD-0142,WH-001,Sales Issue,-17,SO-001088
MOV-001192,2024-12-24,PRD-0334,WH-004,Sales Issue,-28,SO-001089
MOV-001193,2025-12-18,PRD-0419,WH-005,Sales Issue,-16,SO-001090
MOV-001194,2025-02-09,PRD-0134,WH-002,Sales Issue,-8,SO-001092
MOV-001195,2025-09-18,PRD-0487,WH-003,Sales Issue,-17,SO-001093
MOV-001196,2025-08-16,PRD-0147,WH-003,Sales Issue,-20,SO-001096
MOV-001197,2026-08-05,PRD-0262,WH-002,Sales Issue,-10,SO-001097
MOV-001198,2026-06-19,PRD-0290,WH-003,Sales Issue,-5,SO-001098
MOV-001199,2025-12-31,PRD-0229,WH-002,Sales Issue,-20,SO-001099
MOV-001200,2026-02-17,PRD-0218,WH-003,Sales Issue,-17,SO-001101
MOV-001201,2026-06-25,PRD-0198,WH-002,Sales Issue,-12,SO-001102
MOV-001202,2026-04-13,PRD-0254,WH-004,Sales Issue,-18,SO-001103
MOV-001203,2026-06-14,PRD-0106,WH-002,Sales Issue,-26,SO-001104
MOV-001204,2024-12-28,PRD-0301,WH-003,Sales Issue,-13,SO-001105
MOV-001205,2025-02-15,PRD-0224,WH-001,Sales Issue,-18,SO-001106
MOV-001206,2026-05-19,PRD-0139,WH-005,Sales Issue,-8,SO-001107
MOV-001207,2025-11-02,PRD-0440,WH-005,Sales Issue,-30,SO-001109
MOV-001208,2026-02-17,PRD-0406,WH-005,Sales Issue,-16,SO-001110
MOV-001209,2025-08-26,PRD-0239,WH-003,Sales Issue,-21,SO-001112
MOV-001210,2026-05-26,PRD-0461,WH-005,Sales Issue,-8,SO-001113
MOV-001211,2026-04-08,PRD-0266,WH-002,Sales Issue,-17,SO-001114
MOV-001212,2024-11-29,PRD-0090,WH-001,Sales Issue,-17,SO-001115
MOV-001213,2024-12-23,PRD-0324,WH-002,Sales Issue,-29,SO-001117
MOV-001214,2026-08-15,PRD-0052,WH-002,Sales Issue,-26,SO-001118
MOV-001215,2026-04-24,PRD-0336,WH-004,Sales Issue,-14,SO-001120
MOV-001216,2026-03-14,PRD-0107,WH-002,Sales Issue,-20,SO-001121
MOV-001217,2026-08-29,PRD-0028,WH-003,Sales Issue,-1,SO-001122
MOV-001218,2025-10-03,PRD-0076,WH-002,Sales Issue,-20,SO-001123
MOV-001219,2025-10-18,PRD-0446,WH-001,Sales Issue,-29,SO-001124
MOV-001220,2024-12-22,PRD-0416,WH-004,Sales Issue,-3,SO-001125
MOV-001221,2026-08-01,PRD-0287,WH-003,Sales Issue,-29,SO-001126
MOV-001222,2025-10-03,PRD-0137,WH-002,Sales Issue,-1,SO-001127
MOV-001223,2025-09-03,PRD-0025,WH-002,Sales Issue,-27,SO-001128
MOV-001224,2025-12-03,PRD-0478,WH-002,Sales Issue,-22,SO-001129
MOV-001225,2025-12-06,PRD-0249,WH-005,Sales Issue,-25,SO-001130
MOV-001226,2026-01-23,PRD-0324,WH-002,Sales Issue,-24,SO-001131
MOV-001227,2024-11-12,PRD-0032,WH-004,Sales Issue,-5,SO-001132
MOV-001228,2024-11-07,PRD-0235,WH-004,Sales Issue,-5,SO-001133
MOV-001229,2025-04-17,PRD-0026,WH-004,Sales Issue,-8,SO-001134
MOV-001230,2026-07-12,PRD-0274,WH-001,Sales Issue,-16,SO-001135
MOV-001231,2025-06-08,PRD-0318,WH-005,Sales Issue,-1,SO-001136
MOV-001232,2026-05-15,PRD-0136,WH-001,Sales Issue,-30,SO-001137
MOV-001233,2024-12-20,PRD-0153,WH-004,Sales Issue,-18,SO-001138
MOV-001234,2025-03-03,PRD-0321,WH-001,Sales Issue,-25,SO-001141
MOV-001235,2025-01-24,PRD-0112,WH-005,Sales Issue,-16,SO-001142
MOV-001236,2025-02-12,PRD-0191,WH-004,Sales Issue,-7,SO-001143
MOV-001237,2025-12-04,PRD-0373,WH-002,Sales Issue,-14,SO-001145
MOV-001238,2025-11-24,PRD-0200,WH-001,Sales Issue,-21,SO-001146
MOV-001239,2026-08-14,PRD-0451,WH-001,Sales Issue,-16,SO-001147
MOV-001240,2026-02-12,PRD-0335,WH-001,Sales Issue,-21,SO-001148
MOV-001241,2025-12-27,PRD-0013,WH-004,Sales Issue,-16,SO-001150
MOV-001242,2024-12-25,PRD-0115,WH-004,Sales Issue,-19,SO-001151
MOV-001243,2024-12-02,PRD-0414,WH-005,Sales Issue,-9,SO-001152
MOV-001244,2025-03-08,PRD-0448,WH-003,Sales Issue,-5,SO-001153
MOV-001245,2026-06-22,PRD-0493,WH-003,Sales Issue,-14,SO-001154
MOV-001246,2026-05-25,PRD-0405,WH-001,Sales Issue,-17,SO-001156
MOV-001247,2026-08-11,PRD-0286,WH-002,Sales Issue,-2,SO-001157
MOV-001248,2026-04-04,PRD-0179,WH-003,Sales Issue,-19,SO-001159
MOV-001249,2024-12-25,PRD-0065,WH-003,Sales Issue,-12,SO-001160
MOV-001250,2025-03-02,PRD-0343,WH-001,Sales Issue,-1,SO-001161
MOV-001251,2025-10-15,PRD-0066,WH-001,Sales Issue,-1,SO-001162
MOV-001252,2024-10-02,PRD-0207,WH-002,Sales Issue,-18,SO-001163
MOV-001253,2025-08-17,PRD-0023,WH-004,Sales Issue,-10,SO-001166
MOV-001254,2025-03-25,PRD-0353,WH-005,Sales Issue,-26,SO-001167
MOV-001255,2025-03-29,PRD-0237,WH-005,Sales Issue,-21,SO-001168
MOV-001256,2024-11-24,PRD-0179,WH-003,Sales Issue,-20,SO-001169
MOV-001257,2025-06-30,PRD-0049,WH-005,Sales Issue,-21,SO-001170
MOV-001258,2026-03-06,PRD-0308,WH-004,Sales Issue,-13,SO-001171
MOV-001259,2025-02-22,PRD-0275,WH-004,Sales Issue,-17,SO-001172
MOV-001260,2025-01-12,PRD-0482,WH-005,Sales Issue,-4,SO-001173
MOV-001261,2025-08-06,PRD-0018,WH-001,Sales Issue,-30,SO-001174
MOV-001262,2026-02-18,PRD-0246,WH-003,Sales Issue,-23,SO-001175
MOV-001263,2026-01-04,PRD-0017,WH-004,Sales Issue,-24,SO-001177
MOV-001264,2026-06-03,PRD-0489,WH-005,Sales Issue,-11,SO-001178
MOV-001265,2024-10-10,PRD-0054,WH-003,Sales Issue,-7,SO-001179
MOV-001266,2025-12-16,PRD-0261,WH-001,Sales Issue,-11,SO-001180
MOV-001267,2025-08-08,PRD-0181,WH-003,Sales Issue,-18,SO-001181
MOV-001268,2025-10-06,PRD-0439,WH-004,Sales Issue,-2,SO-001182
MOV-001269,2025-11-20,PRD-0312,WH-002,Sales Issue,-25,SO-001183
MOV-001270,2025-08-04,PRD-0383,WH-004,Sales Issue,-12,SO-001185
MOV-001271,2026-05-03,PRD-0071,WH-001,Sales Issue,-4,SO-001186
MOV-001272,2026-01-20,PRD-0415,WH-003,Sales Issue,-9,SO-001187
MOV-001273,2025-07-09,PRD-0117,WH-004,Sales Issue,-1,SO-001188
MOV-001274,2024-10-07,PRD-0432,WH-005,Sales Issue,-12,SO-001189
MOV-001275,2025-11-12,PRD-0028,WH-003,Sales Issue,-25,SO-001190
MOV-001276,2026-02-09,PRD-0307,WH-003,Sales Issue,-25,SO-001191
MOV-001277,2026-03-14,PRD-0075,WH-003,Sales Issue,-7,SO-001192
MOV-001278,2025-12-14,PRD-0167,WH-002,Sales Issue,-16,SO-001193
MOV-001279,2026-06-27,PRD-0399,WH-003,Sales Issue,-30,SO-001194
MOV-001280,2026-03-13,PRD-0236,WH-002,Sales Issue,-14,SO-001195
MOV-001281,2025-07-10,PRD-0063,WH-004,Sales Issue,-16,SO-001196
MOV-001282,2026-04-18,PRD-0189,WH-003,Sales Issue,-26,SO-001197
MOV-001283,2025-02-07,PRD-0058,WH-003,Sales Issue,-23,SO-001198
MOV-001284,2026-08-29,PRD-0407,WH-002,Sales Issue,-13,SO-001199
MOV-001285,2025-12-31,PRD-0185,WH-004,Sales Issue,-7,SO-001200
MOV-001286,2025-06-25,PRD-0073,WH-003,Sales Issue,-29,SO-001201
MOV-001287,2024-10-19,PRD-0071,WH-001,Sales Issue,-21,SO-001202
MOV-001288,2025-02-21,PRD-0417,WH-003,Sales Issue,-5,SO-001203
MOV-001289,2025-11-04,PRD-0015,WH-003,Sales Issue,-18,SO-001204
MOV-001290,2026-01-04,PRD-0497,WH-003,Sales Issue,-5,SO-001205
MOV-001291,2025-06-16,PRD-0223,WH-002,Sales Issue,-10,SO-001206
MOV-001292,2026-05-03,PRD-0432,WH-005,Sales Issue,-13,SO-001207
MOV-001293,2026-06-29,PRD-0182,WH-001,Sales Issue,-28,SO-001209
MOV-001294,2026-05-16,PRD-0451,WH-001,Sales Issue,-2,SO-001210
MOV-001295,2026-06-08,PRD-0047,WH-002,Sales Issue,-3,SO-001211
MOV-001296,2024-11-16,PRD-0396,WH-005,Sales Issue,-1,SO-001212
MOV-001297,2026-05-05,PRD-0447,WH-005,Sales Issue,-8,SO-001213
MOV-001298,2025-11-24,PRD-0165,WH-001,Sales Issue,-12,SO-001214
MOV-001299,2026-06-22,PRD-0415,WH-003,Sales Issue,-12,SO-001216
MOV-001300,2026-02-15,PRD-0109,WH-001,Sales Issue,-16,SO-001217
MOV-001301,2025-04-16,PRD-0098,WH-001,Sales Issue,-25,SO-001218
MOV-001302,2025-06-04,PRD-0213,WH-004,Sales Issue,-6,SO-001220
MOV-001303,2026-05-09,PRD-0385,WH-003,Sales Issue,-11,SO-001221
MOV-001304,2026-08-12,PRD-0120,WH-004,Sales Issue,-17,SO-001222
MOV-001305,2025-08-06,PRD-0226,WH-001,Sales Issue,-22,SO-001223
MOV-001306,2025-07-06,PRD-0173,WH-004,Sales Issue,-23,SO-001224
MOV-001307,2026-09-25,PRD-0354,WH-005,Sales Issue,-21,SO-001226
MOV-001308,2025-07-30,PRD-0431,WH-002,Sales Issue,-13,SO-001227
MOV-001309,2024-10-29,PRD-0412,WH-002,Sales Issue,-5,SO-001228
MOV-001310,2025-03-15,PRD-0196,WH-003,Sales Issue,-23,SO-001229
MOV-001311,2026-07-03,PRD-0149,WH-004,Sales Issue,-20,SO-001230
MOV-001312,2024-11-24,PRD-0183,WH-004,Sales Issue,-5,SO-001231
MOV-001313,2026-08-17,PRD-0493,WH-003,Sales Issue,-17,SO-001232
MOV-001314,2025-06-30,PRD-0115,WH-004,Sales Issue,-25,SO-001234
MOV-001315,2024-12-28,PRD-0076,WH-002,Sales Issue,-22,SO-001235
MOV-001316,2026-06-14,PRD-0259,WH-001,Sales Issue,-27,SO-001237
MOV-001317,2025-06-14,PRD-0329,WH-005,Sales Issue,-12,SO-001239
MOV-001318,2024-11-09,PRD-0181,WH-003,Sales Issue,-15,SO-001240
MOV-001319,2025-01-30,PRD-0317,WH-002,Sales Issue,-8,SO-001242
MOV-001320,2025-05-03,PRD-0445,WH-001,Sales Issue,-14,SO-001244
MOV-001321,2025-03-10,PRD-0205,WH-002,Sales Issue,-20,SO-001245
MOV-001322,2025-01-22,PRD-0105,WH-003,Sales Issue,-12,SO-001246
MOV-001323,2025-11-09,PRD-0448,WH-003,Sales Issue,-24,SO-001249
MOV-001324,2024-12-07,PRD-0456,WH-001,Sales Issue,-6,SO-001250
MOV-001325,2024-12-06,PRD-0374,WH-003,Sales Issue,-13,SO-001251
MOV-001326,2026-05-22,PRD-0485,WH-005,Sales Issue,-13,SO-001252
MOV-001327,2026-08-17,PRD-0461,WH-005,Sales Issue,-10,SO-001253
MOV-001328,2025-12-25,PRD-0238,WH-005,Sales Issue,-24,SO-001254
MOV-001329,2025-05-22,PRD-0179,WH-003,Sales Issue,-24,SO-001255
MOV-001330,2024-12-24,PRD-0330,WH-001,Sales Issue,-20,SO-001256
MOV-001331,2026-03-06,PRD-0387,WH-004,Sales Issue,-7,SO-001257
MOV-001332,2025-04-01,PRD-0371,WH-002,Sales Issue,-2,SO-001258
MOV-001333,2025-05-12,PRD-0154,WH-002,Sales Issue,-3,SO-001259
MOV-001334,2026-07-26,PRD-0266,WH-002,Sales Issue,-13,SO-001260
MOV-001335,2025-11-03,PRD-0268,WH-004,Sales Issue,-8,SO-001261
MOV-001336,2026-09-05,PRD-0262,WH-002,Sales Issue,-16,SO-001262
MOV-001337,2025-02-01,PRD-0394,WH-005,Sales Issue,-8,SO-001263
MOV-001338,2024-10-19,PRD-0179,WH-003,Sales Issue,-15,SO-001264
MOV-001339,2025-01-01,PRD-0191,WH-004,Sales Issue,-24,SO-001265
MOV-001340,2024-11-11,PRD-0339,WH-002,Sales Issue,-20,SO-001266
MOV-001341,2026-02-25,PRD-0256,WH-002,Sales Issue,-10,SO-001267
MOV-001342,2025-11-18,PRD-0417,WH-003,Sales Issue,-25,SO-001269
MOV-001343,2026-04-08,PRD-0452,WH-005,Sales Issue,-15,SO-001270
MOV-001344,2025-11-14,PRD-0071,WH-001,Sales Issue,-24,SO-001272
MOV-001345,2026-01-07,PRD-0137,WH-002,Sales Issue,-28,SO-001273
MOV-001346,2025-07-02,PRD-0336,WH-004,Sales Issue,-13,SO-001274
MOV-001347,2025-03-19,PRD-0062,WH-004,Sales Issue,-17,SO-001275
MOV-001348,2025-08-09,PRD-0198,WH-002,Sales Issue,-24,SO-001276
MOV-001349,2025-02-26,PRD-0364,WH-004,Sales Issue,-15,SO-001277
MOV-001350,2025-03-03,PRD-0093,WH-001,Sales Issue,-28,SO-001278
MOV-001351,2025-10-09,PRD-0207,WH-002,Sales Issue,-22,SO-001279
MOV-001352,2024-10-16,PRD-0257,WH-003,Sales Issue,-19,SO-001280
MOV-001353,2024-11-01,PRD-0266,WH-002,Sales Issue,-13,SO-001281
MOV-001354,2026-04-20,PRD-0262,WH-002,Sales Issue,-27,SO-001282
MOV-001355,2026-05-17,PRD-0165,WH-001,Sales Issue,-5,SO-001283
MOV-001356,2025-05-04,PRD-0442,WH-001,Sales Issue,-25,SO-001285
MOV-001357,2024-12-13,PRD-0346,WH-002,Sales Issue,-4,SO-001286
MOV-001358,2026-03-10,PRD-0043,WH-002,Sales Issue,-4,SO-001287
MOV-001359,2026-08-10,PRD-0478,WH-002,Sales Issue,-30,SO-001288
MOV-001360,2024-12-28,PRD-0038,WH-005,Sales Issue,-8,SO-001290
MOV-001361,2025-05-07,PRD-0118,WH-001,Sales Issue,-27,SO-001291
MOV-001362,2026-08-05,PRD-0162,WH-001,Sales Issue,-21,SO-001292
MOV-001363,2024-10-06,PRD-0360,WH-002,Sales Issue,-29,SO-001293
MOV-001364,2026-06-04,PRD-0283,WH-005,Sales Issue,-19,SO-001294
MOV-001365,2025-08-26,PRD-0254,WH-004,Sales Issue,-22,SO-001295
MOV-001366,2025-11-25,PRD-0405,WH-001,Sales Issue,-26,SO-001296
MOV-001367,2026-01-12,PRD-0333,WH-005,Sales Issue,-20,SO-001297
MOV-001368,2024-11-01,PRD-0403,WH-003,Sales Issue,-28,SO-001298
MOV-001369,2025-07-23,PRD-0338,WH-003,Sales Issue,-16,SO-001299
MOV-001370,2026-02-20,PRD-0189,WH-003,Sales Issue,-21,SO-001300
MOV-001371,2026-09-08,PRD-0186,WH-001,Sales Issue,-2,SO-001301
MOV-001372,2025-06-27,PRD-0050,WH-005,Sales Issue,-12,SO-001302
MOV-001373,2025-11-01,PRD-0422,WH-002,Sales Issue,-14,SO-001303
MOV-001374,2025-04-04,PRD-0188,WH-005,Sales Issue,-17,SO-001305
MOV-001375,2025-01-16,PRD-0013,WH-004,Sales Issue,-28,SO-001306
MOV-001376,2026-03-29,PRD-0048,WH-003,Sales Issue,-30,SO-001307
MOV-001377,2025-12-25,PRD-0276,WH-001,Sales Issue,-1,SO-001308
MOV-001378,2024-12-09,PRD-0154,WH-002,Sales Issue,-10,SO-001309
MOV-001379,2024-10-22,PRD-0201,WH-001,Sales Issue,-8,SO-001310
MOV-001380,2025-09-18,PRD-0344,WH-004,Sales Issue,-28,SO-001312
MOV-001381,2026-07-17,PRD-0041,WH-003,Sales Issue,-23,SO-001315
MOV-001382,2025-04-20,PRD-0178,WH-001,Sales Issue,-26,SO-001317
MOV-001383,2025-06-02,PRD-0390,WH-005,Sales Issue,-27,SO-001318
MOV-001384,2026-06-13,PRD-0097,WH-001,Sales Issue,-14,SO-001319
MOV-001385,2026-07-01,PRD-0033,WH-001,Sales Issue,-24,SO-001320
MOV-001386,2024-10-03,PRD-0125,WH-005,Sales Issue,-12,SO-001321
MOV-001387,2026-09-10,PRD-0366,WH-001,Sales Issue,-14,SO-001322
MOV-001388,2026-03-27,PRD-0159,WH-005,Sales Issue,-22,SO-001323
MOV-001389,2026-01-11,PRD-0114,WH-001,Sales Issue,-11,SO-001324
MOV-001390,2025-08-06,PRD-0332,WH-004,Sales Issue,-10,SO-001325
MOV-001391,2025-01-13,PRD-0092,WH-004,Sales Issue,-14,SO-001326
MOV-001392,2026-07-28,PRD-0091,WH-004,Sales Issue,-25,SO-001327
MOV-001393,2025-01-12,PRD-0043,WH-002,Sales Issue,-20,SO-001328
MOV-001394,2024-10-28,PRD-0220,WH-001,Sales Issue,-12,SO-001329
MOV-001395,2025-09-05,PRD-0328,WH-001,Sales Issue,-6,SO-001330
MOV-001396,2026-07-05,PRD-0232,WH-005,Sales Issue,-30,SO-001331
MOV-001397,2025-12-24,PRD-0132,WH-003,Sales Issue,-26,SO-001333
MOV-001398,2026-04-23,PRD-0271,WH-003,Sales Issue,-23,SO-001334
MOV-001399,2025-03-05,PRD-0099,WH-002,Sales Issue,-22,SO-001335
MOV-001400,2025-12-13,PRD-0100,WH-001,Sales Issue,-17,SO-001336
MOV-001401,2024-12-07,PRD-0095,WH-002,Sales Issue,-7,SO-001337
MOV-001402,2026-04-02,PRD-0392,WH-003,Sales Issue,-2,SO-001338
MOV-001403,2025-12-12,PRD-0336,WH-004,Sales Issue,-19,SO-001339
MOV-001404,2024-11-09,PRD-0209,WH-005,Sales Issue,-15,SO-001341
MOV-001405,2026-08-18,PRD-0037,WH-002,Sales Issue,-12,SO-001343
MOV-001406,2026-07-17,PRD-0099,WH-002,Sales Issue,-9,SO-001344
MOV-001407,2026-07-01,PRD-0028,WH-003,Sales Issue,-23,SO-001345
MOV-001408,2025-07-25,PRD-0289,WH-002,Sales Issue,-9,SO-001346
MOV-001409,2024-11-01,PRD-0208,WH-005,Sales Issue,-17,SO-001347
MOV-001410,2025-05-30,PRD-0178,WH-001,Sales Issue,-3,SO-001348
MOV-001411,2026-03-12,PRD-0394,WH-005,Sales Issue,-30,SO-001350
MOV-001412,2025-07-08,PRD-0454,WH-005,Sales Issue,-22,SO-001351
MOV-001413,2024-12-22,PRD-0291,WH-005,Sales Issue,-11,SO-001352
MOV-001414,2026-04-27,PRD-0402,WH-002,Sales Issue,-11,SO-001353
MOV-001415,2025-04-07,PRD-0308,WH-004,Sales Issue,-5,SO-001354
MOV-001416,2026-07-15,PRD-0078,WH-001,Sales Issue,-13,SO-001356
MOV-001417,2026-07-19,PRD-0358,WH-004,Sales Issue,-1,SO-001357
MOV-001418,2025-01-19,PRD-0007,WH-004,Sales Issue,-30,SO-001358
MOV-001419,2025-07-06,PRD-0379,WH-002,Sales Issue,-9,SO-001360
MOV-001420,2025-10-06,PRD-0413,WH-004,Sales Issue,-21,SO-001361
MOV-001421,2025-10-18,PRD-0043,WH-002,Sales Issue,-29,SO-001362
MOV-001422,2026-07-22,PRD-0249,WH-005,Sales Issue,-28,SO-001363
MOV-001423,2026-01-24,PRD-0155,WH-005,Sales Issue,-10,SO-001364
MOV-001424,2024-11-22,PRD-0312,WH-002,Sales Issue,-9,SO-001365
MOV-001425,2025-12-08,PRD-0098,WH-001,Sales Issue,-18,SO-001366
MOV-001426,2024-11-29,PRD-0029,WH-005,Sales Issue,-1,SO-001367
MOV-001427,2025-06-04,PRD-0227,WH-003,Sales Issue,-3,SO-001370
MOV-001428,2024-10-06,PRD-0355,WH-002,Sales Issue,-17,SO-001371
MOV-001429,2026-04-23,PRD-0307,WH-003,Sales Issue,-18,SO-001373
MOV-001430,2026-08-16,PRD-0482,WH-005,Sales Issue,-5,SO-001374
MOV-001431,2024-10-02,PRD-0191,WH-004,Sales Issue,-5,SO-001376
MOV-001432,2025-07-23,PRD-0431,WH-002,Sales Issue,-16,SO-001377
MOV-001433,2025-08-17,PRD-0180,WH-005,Sales Issue,-2,SO-001378
MOV-001434,2024-12-08,PRD-0145,WH-005,Sales Issue,-16,SO-001379
MOV-001435,2025-06-25,PRD-0090,WH-001,Sales Issue,-19,SO-001380
MOV-001436,2025-03-02,PRD-0039,WH-002,Sales Issue,-13,SO-001381
MOV-001437,2026-05-01,PRD-0168,WH-003,Sales Issue,-14,SO-001382
MOV-001438,2026-09-30,PRD-0152,WH-004,Sales Issue,-13,SO-001383
MOV-001439,2025-12-02,PRD-0046,WH-002,Sales Issue,-25,SO-001384
MOV-001440,2025-12-19,PRD-0405,WH-001,Sales Issue,-17,SO-001385
MOV-001441,2026-04-21,PRD-0093,WH-001,Sales Issue,-4,SO-001386
MOV-001442,2025-04-19,PRD-0247,WH-003,Sales Issue,-9,SO-001387
MOV-001443,2024-10-20,PRD-0441,WH-005,Sales Issue,-19,SO-001388
MOV-001444,2024-12-24,PRD-0226,WH-001,Sales Issue,-16,SO-001389
MOV-001445,2026-02-25,PRD-0113,WH-005,Sales Issue,-19,SO-001392
MOV-001446,2025-12-03,PRD-0133,WH-005,Sales Issue,-11,SO-001393
MOV-001447,2026-08-17,PRD-0028,WH-003,Sales Issue,-12,SO-001395
MOV-001448,2026-06-05,PRD-0342,WH-001,Sales Issue,-23,SO-001396
MOV-001449,2025-06-03,PRD-0087,WH-003,Sales Issue,-30,SO-001397
MOV-001450,2026-01-31,PRD-0282,WH-004,Sales Issue,-18,SO-001398
MOV-001451,2026-02-02,PRD-0442,WH-001,Sales Issue,-3,SO-001399
MOV-001452,2025-10-15,PRD-0169,WH-003,Sales Issue,-7,SO-001400
MOV-001453,2025-03-11,PRD-0007,WH-004,Sales Issue,-23,SO-001401
MOV-001454,2026-06-05,PRD-0372,WH-002,Sales Issue,-16,SO-001402
MOV-001455,2025-07-06,PRD-0053,WH-003,Sales Issue,-25,SO-001404
MOV-001456,2024-10-23,PRD-0412,WH-002,Sales Issue,-3,SO-001405
MOV-001457,2024-12-03,PRD-0349,WH-004,Sales Issue,-30,SO-001407
MOV-001458,2026-09-18,PRD-0176,WH-002,Sales Issue,-12,SO-001408
MOV-001459,2026-05-18,PRD-0246,WH-003,Sales Issue,-24,SO-001409
MOV-001460,2026-02-02,PRD-0316,WH-004,Sales Issue,-21,SO-001411
MOV-001461,2024-12-27,PRD-0429,WH-003,Sales Issue,-16,SO-001412
MOV-001462,2025-10-02,PRD-0184,WH-003,Sales Issue,-9,SO-001413
MOV-001463,2025-06-27,PRD-0084,WH-003,Sales Issue,-29,SO-001414
MOV-001464,2026-05-21,PRD-0210,WH-005,Sales Issue,-30,SO-001415
MOV-001465,2026-09-16,PRD-0214,WH-003,Sales Issue,-23,SO-001416
MOV-001466,2026-03-03,PRD-0086,WH-002,Sales Issue,-18,SO-001417
MOV-001467,2026-08-02,PRD-0263,WH-001,Sales Issue,-23,SO-001418
MOV-001468,2024-12-26,PRD-0257,WH-003,Sales Issue,-2,SO-001419
MOV-001469,2025-04-28,PRD-0047,WH-002,Sales Issue,-17,SO-001420
MOV-001470,2026-05-30,PRD-0338,WH-003,Sales Issue,-27,SO-001421
MOV-001471,2026-06-13,PRD-0319,WH-005,Sales Issue,-28,SO-001422
MOV-001472,2026-08-05,PRD-0092,WH-004,Sales Issue,-25,SO-001423
MOV-001473,2026-08-28,PRD-0371,WH-002,Sales Issue,-25,SO-001424
MOV-001474,2025-10-27,PRD-0473,WH-002,Sales Issue,-13,SO-001425
MOV-001475,2025-07-16,PRD-0298,WH-002,Sales Issue,-21,SO-001426
MOV-001476,2025-09-28,PRD-0220,WH-001,Sales Issue,-15,SO-001427
MOV-001477,2026-04-16,PRD-0411,WH-001,Sales Issue,-16,SO-001429
MOV-001478,2025-05-26,PRD-0252,WH-001,Sales Issue,-10,SO-001430
MOV-001479,2025-08-27,PRD-0366,WH-001,Sales Issue,-30,SO-001431
MOV-001480,2025-10-07,PRD-0106,WH-002,Sales Issue,-27,SO-001432
MOV-001481,2026-08-22,PRD-0196,WH-003,Sales Issue,-27,SO-001433
MOV-001482,2024-12-02,PRD-0304,WH-003,Sales Issue,-15,SO-001434
MOV-001483,2026-02-01,PRD-0349,WH-004,Sales Issue,-14,SO-001435
MOV-001484,2025-07-08,PRD-0224,WH-001,Sales Issue,-13,SO-001436
MOV-001485,2026-02-07,PRD-0425,WH-002,Sales Issue,-30,SO-001437
MOV-001486,2024-10-11,PRD-0250,WH-004,Sales Issue,-8,SO-001438
MOV-001487,2025-08-04,PRD-0051,WH-003,Sales Issue,-16,SO-001440
MOV-001488,2025-04-11,PRD-0151,WH-001,Sales Issue,-25,SO-001442
MOV-001489,2025-06-25,PRD-0301,WH-003,Sales Issue,-12,SO-001443
MOV-001490,2025-12-12,PRD-0369,WH-002,Sales Issue,-19,SO-001444
MOV-001491,2025-01-22,PRD-0359,WH-004,Sales Issue,-10,SO-001445
MOV-001492,2026-05-21,PRD-0496,WH-003,Sales Issue,-27,SO-001447
MOV-001493,2025-03-26,PRD-0073,WH-003,Sales Issue,-27,SO-001449
MOV-001494,2025-01-13,PRD-0369,WH-002,Sales Issue,-23,SO-001451
MOV-001495,2025-08-12,PRD-0335,WH-001,Sales Issue,-21,SO-001452
MOV-001496,2025-06-19,PRD-0276,WH-001,Sales Issue,-16,SO-001453
MOV-001497,2026-02-11,PRD-0125,WH-005,Sales Issue,-13,SO-001454
MOV-001498,2025-04-19,PRD-0251,WH-002,Sales Issue,-3,SO-001455
MOV-001499,2025-12-17,PRD-0363,WH-001,Sales Issue,-21,SO-001456
MOV-001500,2025-09-23,PRD-0460,WH-002,Sales Issue,-25,SO-001457
MOV-001501,2025-04-10,PRD-0488,WH-005,Sales Issue,-3,SO-001458
MOV-001502,2024-11-03,PRD-0170,WH-002,Sales Issue,-9,SO-001459
MOV-001503,2025-05-11,PRD-0332,WH-004,Sales Issue,-24,SO-001460
MOV-001504,2026-04-27,PRD-0028,WH-003,Sales Issue,-3,SO-001461
MOV-001505,2025-06-27,PRD-0313,WH-004,Sales Issue,-11,SO-001462
MOV-001506,2026-03-12,PRD-0435,WH-004,Sales Issue,-13,SO-001463
MOV-001507,2026-04-18,PRD-0432,WH-005,Sales Issue,-26,SO-001464
MOV-001508,2025-10-01,PRD-0442,WH-001,Sales Issue,-25,SO-001465
MOV-001509,2025-04-03,PRD-0231,WH-001,Sales Issue,-29,SO-001466
MOV-001510,2024-10-09,PRD-0479,WH-004,Sales Issue,-1,SO-001467
MOV-001511,2026-04-05,PRD-0143,WH-003,Sales Issue,-23,SO-001468
MOV-001512,2025-09-30,PRD-0316,WH-004,Sales Issue,-26,SO-001469
MOV-001513,2024-11-01,PRD-0390,WH-005,Sales Issue,-16,SO-001470
MOV-001514,2025-03-30,PRD-0159,WH-005,Sales Issue,-23,SO-001471
MOV-001515,2026-01-03,PRD-0409,WH-003,Sales Issue,-3,SO-001472
MOV-001516,2025-08-28,PRD-0364,WH-004,Sales Issue,-14,SO-001473
MOV-001517,2024-10-29,PRD-0048,WH-003,Sales Issue,-30,SO-001474
MOV-001518,2025-02-14,PRD-0464,WH-001,Sales Issue,-3,SO-001475
MOV-001519,2025-01-27,PRD-0456,WH-001,Sales Issue,-27,SO-001476
MOV-001520,2024-11-12,PRD-0014,WH-003,Sales Issue,-8,SO-001477
MOV-001521,2024-10-02,PRD-0161,WH-002,Sales Issue,-22,SO-001478
MOV-001522,2025-03-09,PRD-0064,WH-005,Sales Issue,-25,SO-001480
MOV-001523,2026-01-04,PRD-0166,WH-004,Sales Issue,-2,SO-001481
MOV-001524,2026-08-29,PRD-0429,WH-003,Sales Issue,-21,SO-001482
MOV-001525,2026-09-19,PRD-0219,WH-005,Sales Issue,-26,SO-001483
MOV-001526,2026-01-14,PRD-0163,WH-004,Sales Issue,-12,SO-001484
MOV-001527,2026-07-04,PRD-0210,WH-005,Sales Issue,-30,SO-001485
MOV-001528,2026-04-26,PRD-0453,WH-001,Sales Issue,-6,SO-001488
MOV-001529,2025-03-02,PRD-0462,WH-003,Sales Issue,-11,SO-001489
MOV-001530,2026-03-31,PRD-0080,WH-003,Sales Issue,-14,SO-001490
MOV-001531,2026-01-09,PRD-0404,WH-005,Sales Issue,-24,SO-001491
MOV-001532,2025-06-17,PRD-0192,WH-004,Sales Issue,-9,SO-001492
MOV-001533,2024-10-17,PRD-0449,WH-005,Sales Issue,-4,SO-001493
MOV-001534,2025-02-08,PRD-0358,WH-004,Sales Issue,-23,SO-001494
MOV-001535,2025-08-06,PRD-0187,WH-001,Sales Issue,-19,SO-001496
MOV-001536,2026-07-25,PRD-0277,WH-004,Sales Issue,-29,SO-001497
MOV-001537,2025-04-17,PRD-0364,WH-004,Sales Issue,-6,SO-001498
MOV-001538,2025-11-02,PRD-0168,WH-003,Sales Issue,-9,SO-001499
MOV-001539,2026-01-27,PRD-0008,WH-005,Sales Issue,-5,SO-001500
MOV-001540,2025-01-14,PRD-0189,WH-003,Sales Issue,-6,SO-001501
MOV-001541,2025-02-24,PRD-0319,WH-005,Sales Issue,-1,SO-001502
MOV-001542,2025-06-21,PRD-0253,WH-001,Sales Issue,-20,SO-001503
MOV-001543,2024-11-04,PRD-0180,WH-005,Sales Issue,-3,SO-001504
MOV-001544,2026-09-17,PRD-0243,WH-003,Sales Issue,-21,SO-001505
MOV-001545,2025-04-26,PRD-0183,WH-004,Sales Issue,-18,SO-001506
MOV-001546,2025-11-10,PRD-0232,WH-005,Sales Issue,-8,SO-001508
MOV-001547,2025-03-25,PRD-0381,WH-001,Sales Issue,-11,SO-001509
MOV-001548,2025-11-15,PRD-0116,WH-005,Sales Issue,-12,SO-001510
MOV-001549,2025-05-23,PRD-0200,WH-001,Sales Issue,-29,SO-001511
MOV-001550,2026-01-04,PRD-0491,WH-004,Sales Issue,-19,SO-001513
MOV-001551,2025-04-06,PRD-0498,WH-003,Sales Issue,-21,SO-001514
MOV-001552,2025-08-17,PRD-0234,WH-004,Sales Issue,-9,SO-001515
MOV-001553,2024-11-15,PRD-0104,WH-002,Sales Issue,-10,SO-001516
MOV-001554,2024-10-07,PRD-0476,WH-001,Sales Issue,-18,SO-001517
MOV-001555,2025-01-26,PRD-0197,WH-003,Sales Issue,-11,SO-001518
MOV-001556,2026-06-28,PRD-0001,WH-003,Sales Issue,-21,SO-001520
MOV-001557,2026-07-01,PRD-0205,WH-002,Sales Issue,-18,SO-001522
MOV-001558,2026-07-16,PRD-0477,WH-001,Sales Issue,-18,SO-001523
MOV-001559,2025-08-25,PRD-0363,WH-001,Sales Issue,-15,SO-001524
MOV-001560,2025-03-03,PRD-0325,WH-005,Sales Issue,-21,SO-001525
MOV-001561,2025-03-05,PRD-0360,WH-002,Sales Issue,-24,SO-001526
MOV-001562,2025-06-12,PRD-0094,WH-003,Sales Issue,-10,SO-001527
MOV-001563,2026-07-17,PRD-0155,WH-005,Sales Issue,-1,SO-001528
MOV-001564,2025-07-07,PRD-0343,WH-001,Sales Issue,-6,SO-001529
MOV-001565,2026-01-25,PRD-0093,WH-001,Sales Issue,-29,SO-001531
MOV-001566,2025-03-16,PRD-0441,WH-005,Sales Issue,-16,SO-001532
MOV-001567,2024-10-31,PRD-0082,WH-001,Sales Issue,-11,SO-001533
MOV-001568,2025-08-01,PRD-0364,WH-004,Sales Issue,-30,SO-001534
MOV-001569,2026-08-10,PRD-0194,WH-002,Sales Issue,-13,SO-001535
MOV-001570,2025-04-12,PRD-0166,WH-004,Sales Issue,-28,SO-001536
MOV-001571,2024-11-23,PRD-0238,WH-005,Sales Issue,-19,SO-001537
MOV-001572,2024-12-18,PRD-0040,WH-003,Sales Issue,-25,SO-001538
MOV-001573,2025-06-20,PRD-0308,WH-004,Sales Issue,-20,SO-001539
MOV-001574,2026-07-15,PRD-0015,WH-003,Sales Issue,-14,SO-001541
MOV-001575,2025-04-15,PRD-0497,WH-003,Sales Issue,-23,SO-001543
MOV-001576,2026-07-08,PRD-0189,WH-003,Sales Issue,-28,SO-001544
MOV-001577,2025-09-01,PRD-0226,WH-001,Sales Issue,-23,SO-001546
MOV-001578,2024-11-02,PRD-0266,WH-002,Sales Issue,-28,SO-001547
MOV-001579,2024-11-25,PRD-0012,WH-005,Sales Issue,-3,SO-001548
MOV-001580,2024-11-06,PRD-0192,WH-004,Sales Issue,-12,SO-001549
MOV-001581,2025-01-16,PRD-0420,WH-004,Sales Issue,-13,SO-001550
MOV-001582,2025-07-30,PRD-0270,WH-003,Sales Issue,-8,SO-001551
MOV-001583,2026-01-21,PRD-0423,WH-003,Sales Issue,-25,SO-001553
MOV-001584,2026-03-26,PRD-0126,WH-001,Sales Issue,-19,SO-001554
MOV-001585,2026-08-28,PRD-0492,WH-001,Sales Issue,-10,SO-001555
MOV-001586,2025-03-25,PRD-0478,WH-002,Sales Issue,-10,SO-001556
MOV-001587,2026-08-02,PRD-0404,WH-005,Sales Issue,-6,SO-001558
MOV-001588,2024-11-18,PRD-0276,WH-001,Sales Issue,-13,SO-001559
MOV-001589,2024-12-21,PRD-0222,WH-005,Sales Issue,-28,SO-001562
MOV-001590,2025-03-30,PRD-0194,WH-002,Sales Issue,-12,SO-001565
MOV-001591,2025-10-23,PRD-0437,WH-003,Sales Issue,-19,SO-001566
MOV-001592,2025-04-03,PRD-0285,WH-004,Sales Issue,-27,SO-001567
MOV-001593,2026-06-26,PRD-0004,WH-002,Sales Issue,-27,SO-001568
MOV-001594,2026-05-12,PRD-0160,WH-001,Sales Issue,-9,SO-001570
MOV-001595,2024-10-01,PRD-0189,WH-003,Sales Issue,-24,SO-001571
MOV-001596,2025-05-27,PRD-0135,WH-005,Sales Issue,-5,SO-001573
MOV-001597,2025-07-23,PRD-0421,WH-004,Sales Issue,-14,SO-001574
MOV-001598,2026-07-15,PRD-0204,WH-002,Sales Issue,-8,SO-001576
MOV-001599,2026-08-06,PRD-0081,WH-004,Sales Issue,-15,SO-001577
MOV-001600,2025-05-23,PRD-0139,WH-005,Sales Issue,-11,SO-001578
MOV-001601,2025-03-12,PRD-0416,WH-004,Sales Issue,-30,SO-001579
MOV-001602,2025-02-28,PRD-0227,WH-003,Sales Issue,-9,SO-001580
MOV-001603,2025-07-20,PRD-0289,WH-002,Sales Issue,-27,SO-001581
MOV-001604,2025-05-28,PRD-0469,WH-001,Sales Issue,-18,SO-001582
MOV-001605,2025-01-27,PRD-0443,WH-001,Sales Issue,-28,SO-001583
MOV-001606,2025-09-06,PRD-0039,WH-002,Sales Issue,-17,SO-001584
MOV-001607,2025-05-17,PRD-0159,WH-005,Sales Issue,-26,SO-001585
MOV-001608,2025-08-30,PRD-0306,WH-001,Sales Issue,-22,SO-001586
MOV-001609,2026-04-03,PRD-0217,WH-001,Sales Issue,-15,SO-001587
MOV-001610,2026-01-07,PRD-0008,WH-005,Sales Issue,-1,SO-001590
MOV-001611,2026-05-08,PRD-0451,WH-001,Sales Issue,-3,SO-001591
MOV-001612,2026-05-01,PRD-0057,WH-004,Sales Issue,-17,SO-001592
MOV-001613,2026-05-22,PRD-0320,WH-005,Sales Issue,-23,SO-001593
MOV-001614,2026-05-21,PRD-0328,WH-001,Sales Issue,-1,SO-001594
MOV-001615,2024-10-22,PRD-0015,WH-003,Sales Issue,-17,SO-001595
MOV-001616,2025-04-06,PRD-0246,WH-003,Sales Issue,-11,SO-001596
MOV-001617,2026-02-21,PRD-0358,WH-004,Sales Issue,-19,SO-001597
MOV-001618,2025-09-09,PRD-0126,WH-001,Sales Issue,-18,SO-001599
MOV-001619,2026-02-25,PRD-0035,WH-001,Sales Issue,-27,SO-001600
MOV-001620,2026-08-21,PRD-0273,WH-002,Sales Issue,-27,SO-001602
MOV-001621,2024-12-16,PRD-0371,WH-002,Sales Issue,-21,SO-001604
MOV-001622,2025-01-01,PRD-0136,WH-001,Sales Issue,-29,SO-001605
MOV-001623,2025-02-07,PRD-0120,WH-004,Sales Issue,-6,SO-001606
MOV-001624,2025-06-26,PRD-0487,WH-003,Sales Issue,-27,SO-001607
MOV-001625,2026-06-18,PRD-0016,WH-001,Sales Issue,-27,SO-001608
MOV-001626,2025-07-28,PRD-0045,WH-001,Sales Issue,-23,SO-001609
MOV-001627,2025-09-10,PRD-0461,WH-005,Sales Issue,-13,SO-001610
MOV-001628,2024-11-15,PRD-0211,WH-005,Sales Issue,-3,SO-001611
MOV-001629,2026-06-07,PRD-0196,WH-003,Sales Issue,-19,SO-001612
MOV-001630,2025-05-20,PRD-0003,WH-001,Sales Issue,-10,SO-001613
MOV-001631,2025-01-03,PRD-0212,WH-005,Sales Issue,-2,SO-001614
MOV-001632,2024-11-29,PRD-0306,WH-001,Sales Issue,-19,SO-001615
MOV-001633,2025-10-14,PRD-0334,WH-004,Sales Issue,-27,SO-001616
MOV-001634,2024-10-07,PRD-0010,WH-003,Sales Issue,-19,SO-001617
MOV-001635,2024-12-30,PRD-0175,WH-005,Sales Issue,-30,SO-001618
MOV-001636,2026-09-07,PRD-0333,WH-005,Sales Issue,-11,SO-001619
MOV-001637,2025-08-28,PRD-0346,WH-002,Sales Issue,-13,SO-001620
MOV-001638,2024-10-03,PRD-0120,WH-004,Sales Issue,-5,SO-001621
MOV-001639,2026-01-16,PRD-0279,WH-001,Sales Issue,-17,SO-001623
MOV-001640,2025-02-05,PRD-0165,WH-001,Sales Issue,-26,SO-001624
MOV-001641,2025-09-13,PRD-0030,WH-005,Sales Issue,-10,SO-001625
MOV-001642,2025-06-06,PRD-0419,WH-005,Sales Issue,-15,SO-001626
MOV-001643,2025-08-23,PRD-0452,WH-005,Sales Issue,-9,SO-001627
MOV-001644,2025-03-11,PRD-0323,WH-005,Sales Issue,-7,SO-001628
MOV-001645,2025-10-20,PRD-0213,WH-004,Sales Issue,-14,SO-001630
MOV-001646,2025-01-30,PRD-0046,WH-002,Sales Issue,-17,SO-001631
MOV-001647,2026-05-04,PRD-0412,WH-002,Sales Issue,-14,SO-001632
MOV-001648,2025-06-24,PRD-0222,WH-005,Sales Issue,-7,SO-001633
MOV-001649,2025-03-17,PRD-0017,WH-004,Sales Issue,-17,SO-001634
MOV-001650,2026-07-13,PRD-0343,WH-001,Sales Issue,-9,SO-001635
MOV-001651,2026-05-22,PRD-0498,WH-003,Sales Issue,-24,SO-001637
MOV-001652,2026-06-20,PRD-0176,WH-002,Sales Issue,-30,SO-001638
MOV-001653,2025-09-25,PRD-0220,WH-001,Sales Issue,-3,SO-001639
MOV-001654,2025-04-01,PRD-0063,WH-004,Sales Issue,-16,SO-001640
MOV-001655,2026-06-08,PRD-0088,WH-003,Sales Issue,-5,SO-001641
MOV-001656,2025-04-16,PRD-0046,WH-002,Sales Issue,-8,SO-001642
MOV-001657,2024-12-14,PRD-0202,WH-003,Sales Issue,-21,SO-001643
MOV-001658,2026-03-15,PRD-0185,WH-004,Sales Issue,-11,SO-001644
MOV-001659,2025-03-29,PRD-0205,WH-002,Sales Issue,-1,SO-001645
MOV-001660,2025-06-13,PRD-0345,WH-003,Sales Issue,-18,SO-001646
MOV-001661,2025-01-14,PRD-0243,WH-003,Sales Issue,-15,SO-001647
MOV-001662,2025-05-21,PRD-0420,WH-004,Sales Issue,-24,SO-001648
MOV-001663,2026-01-23,PRD-0283,WH-005,Sales Issue,-21,SO-001649
MOV-001664,2026-02-05,PRD-0325,WH-005,Sales Issue,-30,SO-001650
MOV-001665,2026-08-15,PRD-0198,WH-002,Sales Issue,-7,SO-001651
MOV-001666,2025-11-23,PRD-0396,WH-005,Sales Issue,-17,SO-001652
MOV-001667,2025-07-10,PRD-0209,WH-005,Sales Issue,-9,SO-001653
MOV-001668,2025-02-16,PRD-0439,WH-004,Sales Issue,-26,SO-001654
MOV-001669,2026-03-13,PRD-0410,WH-002,Sales Issue,-9,SO-001655
MOV-001670,2025-12-30,PRD-0379,WH-002,Sales Issue,-8,SO-001656
MOV-001671,2024-11-17,PRD-0011,WH-002,Sales Issue,-25,SO-001657
MOV-001672,2025-04-06,PRD-0367,WH-005,Sales Issue,-28,SO-001658
MOV-001673,2026-08-25,PRD-0477,WH-001,Sales Issue,-17,SO-001659
MOV-001674,2024-12-04,PRD-0370,WH-004,Sales Issue,-6,SO-001660
MOV-001675,2026-01-05,PRD-0204,WH-002,Sales Issue,-17,SO-001661
MOV-001676,2025-08-08,PRD-0048,WH-003,Sales Issue,-5,SO-001662
MOV-001677,2025-03-19,PRD-0308,WH-004,Sales Issue,-22,SO-001663
MOV-001678,2026-01-08,PRD-0122,WH-002,Sales Issue,-13,SO-001664
MOV-001679,2024-12-12,PRD-0077,WH-002,Sales Issue,-22,SO-001665
MOV-001680,2025-09-12,PRD-0143,WH-003,Sales Issue,-18,SO-001669
MOV-001681,2025-07-04,PRD-0273,WH-002,Sales Issue,-27,SO-001670
MOV-001682,2026-02-25,PRD-0093,WH-001,Sales Issue,-26,SO-001671
MOV-001683,2025-04-22,PRD-0446,WH-001,Sales Issue,-5,SO-001672
MOV-001684,2026-01-03,PRD-0354,WH-005,Sales Issue,-2,SO-001673
MOV-001685,2024-11-06,PRD-0206,WH-005,Sales Issue,-4,SO-001674
MOV-001686,2026-01-27,PRD-0048,WH-003,Sales Issue,-30,SO-001675
MOV-001687,2026-07-18,PRD-0453,WH-001,Sales Issue,-30,SO-001676
MOV-001688,2026-03-01,PRD-0307,WH-003,Sales Issue,-15,SO-001677
MOV-001689,2025-11-19,PRD-0017,WH-004,Sales Issue,-2,SO-001678
MOV-001690,2025-07-19,PRD-0377,WH-002,Sales Issue,-10,SO-001679
MOV-001691,2024-11-13,PRD-0408,WH-002,Sales Issue,-16,SO-001680
MOV-001692,2026-08-06,PRD-0469,WH-001,Sales Issue,-26,SO-001681
MOV-001693,2025-08-15,PRD-0189,WH-003,Sales Issue,-9,SO-001682
MOV-001694,2025-01-22,PRD-0275,WH-004,Sales Issue,-13,SO-001683
MOV-001695,2025-11-29,PRD-0042,WH-004,Sales Issue,-18,SO-001684
MOV-001696,2024-12-04,PRD-0054,WH-003,Sales Issue,-4,SO-001685
MOV-001697,2025-04-01,PRD-0470,WH-004,Sales Issue,-16,SO-001686
MOV-001698,2025-01-01,PRD-0180,WH-005,Sales Issue,-12,SO-001687
MOV-001699,2026-04-19,PRD-0297,WH-004,Sales Issue,-3,SO-001688
MOV-001700,2025-01-19,PRD-0438,WH-002,Sales Issue,-24,SO-001689
MOV-001701,2026-01-05,PRD-0194,WH-002,Sales Issue,-10,SO-001690
MOV-001702,2026-01-18,PRD-0471,WH-005,Sales Issue,-8,SO-001691
MOV-001703,2025-06-07,PRD-0233,WH-005,Sales Issue,-22,SO-001692
MOV-001704,2026-06-27,PRD-0346,WH-002,Sales Issue,-9,SO-001693
MOV-001705,2026-09-16,PRD-0173,WH-004,Sales Issue,-9,SO-001694
MOV-001706,2025-11-02,PRD-0051,WH-003,Sales Issue,-14,SO-001695
MOV-001707,2025-11-20,PRD-0099,WH-002,Sales Issue,-18,SO-001696
MOV-001708,2026-02-22,PRD-0220,WH-001,Sales Issue,-3,SO-001697
MOV-001709,2025-12-10,PRD-0456,WH-001,Sales Issue,-7,SO-001698
MOV-001710,2026-05-05,PRD-0122,WH-002,Sales Issue,-17,SO-001699
MOV-001711,2026-09-11,PRD-0318,WH-005,Sales Issue,-9,SO-001700
MOV-001712,2024-10-12,PRD-0172,WH-004,Sales Issue,-7,SO-001701
MOV-001713,2025-05-20,PRD-0435,WH-004,Sales Issue,-9,SO-001702
MOV-001714,2026-04-26,PRD-0305,WH-002,Sales Issue,-26,SO-001703
MOV-001715,2026-03-12,PRD-0210,WH-005,Sales Issue,-2,SO-001706
MOV-001716,2026-07-22,PRD-0317,WH-002,Sales Issue,-26,SO-001707
MOV-001717,2025-08-09,PRD-0041,WH-003,Sales Issue,-23,SO-001708
MOV-001718,2025-12-08,PRD-0184,WH-003,Sales Issue,-26,SO-001711
MOV-001719,2025-06-29,PRD-0119,WH-003,Sales Issue,-5,SO-001712
MOV-001720,2024-12-02,PRD-0242,WH-003,Sales Issue,-12,SO-001713
MOV-001721,2025-04-25,PRD-0421,WH-004,Sales Issue,-20,SO-001714
MOV-001722,2025-04-28,PRD-0305,WH-002,Sales Issue,-29,SO-001715
MOV-001723,2025-08-10,PRD-0316,WH-004,Sales Issue,-10,SO-001717
MOV-001724,2024-12-01,PRD-0083,WH-004,Sales Issue,-22,SO-001718
MOV-001725,2025-12-25,PRD-0197,WH-003,Sales Issue,-30,SO-001719
MOV-001726,2026-09-02,PRD-0378,WH-002,Sales Issue,-5,SO-001720
MOV-001727,2024-12-09,PRD-0210,WH-005,Sales Issue,-22,SO-001721
MOV-001728,2025-11-18,PRD-0192,WH-004,Sales Issue,-19,SO-001722
MOV-001729,2026-01-20,PRD-0377,WH-002,Sales Issue,-2,SO-001724
MOV-001730,2025-10-28,PRD-0051,WH-003,Sales Issue,-1,SO-001725
MOV-001731,2026-05-08,PRD-0313,WH-004,Sales Issue,-19,SO-001726
MOV-001732,2025-06-06,PRD-0491,WH-004,Sales Issue,-7,SO-001727
MOV-001733,2025-02-18,PRD-0005,WH-001,Sales Issue,-19,SO-001728
MOV-001734,2024-11-01,PRD-0424,WH-001,Sales Issue,-20,SO-001729
MOV-001735,2026-04-04,PRD-0350,WH-001,Sales Issue,-13,SO-001730
MOV-001736,2025-02-08,PRD-0302,WH-003,Sales Issue,-10,SO-001731
MOV-001737,2026-05-24,PRD-0007,WH-004,Sales Issue,-19,SO-001732
MOV-001738,2026-02-18,PRD-0418,WH-003,Sales Issue,-12,SO-001733
MOV-001739,2025-08-25,PRD-0382,WH-005,Sales Issue,-26,SO-001734
MOV-001740,2025-02-06,PRD-0236,WH-002,Sales Issue,-25,SO-001736
MOV-001741,2025-10-21,PRD-0249,WH-005,Sales Issue,-25,SO-001737
MOV-001742,2026-01-26,PRD-0117,WH-004,Sales Issue,-18,SO-001738
MOV-001743,2026-05-19,PRD-0144,WH-005,Sales Issue,-27,SO-001739
MOV-001744,2025-05-24,PRD-0140,WH-005,Sales Issue,-10,SO-001740
MOV-001745,2025-05-05,PRD-0263,WH-001,Sales Issue,-6,SO-001741
MOV-001746,2025-09-16,PRD-0220,WH-001,Sales Issue,-24,SO-001742
MOV-001747,2025-01-03,PRD-0271,WH-003,Sales Issue,-28,SO-001743
MOV-001748,2024-11-20,PRD-0181,WH-003,Sales Issue,-18,SO-001744
MOV-001749,2024-10-21,PRD-0152,WH-004,Sales Issue,-23,SO-001745
MOV-001750,2025-12-07,PRD-0318,WH-005,Sales Issue,-17,SO-001746
MOV-001751,2026-04-11,PRD-0339,WH-002,Sales Issue,-27,SO-001747
MOV-001752,2026-09-26,PRD-0399,WH-003,Sales Issue,-5,SO-001748
MOV-001753,2024-11-02,PRD-0197,WH-003,Sales Issue,-6,SO-001749
MOV-001754,2025-01-15,PRD-0067,WH-003,Sales Issue,-27,SO-001751
MOV-001755,2025-05-03,PRD-0161,WH-002,Sales Issue,-27,SO-001752
MOV-001756,2025-12-17,PRD-0443,WH-001,Sales Issue,-6,SO-001753
MOV-001757,2025-07-17,PRD-0029,WH-005,Sales Issue,-8,SO-001754
MOV-001758,2024-11-24,PRD-0172,WH-004,Sales Issue,-6,SO-001755
MOV-001759,2026-06-07,PRD-0413,WH-004,Sales Issue,-26,SO-001756
MOV-001760,2024-10-05,PRD-0016,WH-001,Sales Issue,-14,SO-001757
MOV-001761,2026-08-19,PRD-0463,WH-003,Sales Issue,-7,SO-001759
MOV-001762,2025-01-12,PRD-0220,WH-001,Sales Issue,-9,SO-001760
MOV-001763,2025-09-12,PRD-0310,WH-003,Sales Issue,-18,SO-001761
MOV-001764,2026-05-24,PRD-0275,WH-004,Sales Issue,-25,SO-001763
MOV-001765,2024-12-11,PRD-0050,WH-005,Sales Issue,-13,SO-001765
MOV-001766,2025-05-30,PRD-0364,WH-004,Sales Issue,-28,SO-001767
MOV-001767,2024-11-08,PRD-0166,WH-004,Sales Issue,-20,SO-001768
MOV-001768,2025-01-08,PRD-0380,WH-003,Sales Issue,-26,SO-001769
MOV-001769,2025-04-28,PRD-0473,WH-002,Sales Issue,-12,SO-001770
MOV-001770,2025-08-21,PRD-0284,WH-002,Sales Issue,-24,SO-001771
MOV-001771,2024-11-25,PRD-0225,WH-001,Sales Issue,-17,SO-001773
MOV-001772,2025-08-17,PRD-0158,WH-002,Sales Issue,-28,SO-001774
MOV-001773,2024-10-29,PRD-0287,WH-003,Sales Issue,-13,SO-001775
MOV-001774,2025-05-16,PRD-0410,WH-002,Sales Issue,-3,SO-001776
MOV-001775,2026-02-19,PRD-0462,WH-003,Sales Issue,-19,SO-001777
MOV-001776,2025-05-23,PRD-0321,WH-001,Sales Issue,-3,SO-001778
MOV-001777,2025-03-15,PRD-0267,WH-005,Sales Issue,-3,SO-001779
MOV-001778,2026-05-04,PRD-0326,WH-002,Sales Issue,-9,SO-001780
MOV-001779,2025-10-06,PRD-0090,WH-001,Sales Issue,-30,SO-001781
MOV-001780,2026-02-12,PRD-0211,WH-005,Sales Issue,-5,SO-001782
MOV-001781,2026-03-05,PRD-0384,WH-004,Sales Issue,-25,SO-001784
MOV-001782,2024-11-24,PRD-0476,WH-001,Sales Issue,-12,SO-001785
MOV-001783,2025-04-18,PRD-0036,WH-001,Sales Issue,-21,SO-001787
MOV-001784,2024-12-21,PRD-0286,WH-002,Sales Issue,-28,SO-001788
MOV-001785,2025-06-13,PRD-0309,WH-003,Sales Issue,-19,SO-001789
MOV-001786,2025-01-19,PRD-0060,WH-003,Sales Issue,-28,SO-001790
MOV-001787,2025-08-20,PRD-0010,WH-003,Sales Issue,-14,SO-001791
MOV-001788,2025-10-31,PRD-0319,WH-005,Sales Issue,-25,SO-001792
MOV-001789,2025-02-26,PRD-0276,WH-001,Sales Issue,-6,SO-001793
MOV-001790,2025-05-31,PRD-0183,WH-004,Sales Issue,-29,SO-001795
MOV-001791,2024-12-24,PRD-0199,WH-004,Sales Issue,-26,SO-001796
MOV-001792,2024-12-26,PRD-0224,WH-001,Sales Issue,-2,SO-001797
MOV-001793,2025-08-12,PRD-0196,WH-003,Sales Issue,-19,SO-001799
MOV-001794,2025-10-13,PRD-0225,WH-001,Sales Issue,-30,SO-001800
MOV-001795,2025-03-23,PRD-0018,WH-001,Sales Issue,-6,SO-001801
MOV-001796,2026-02-05,PRD-0155,WH-005,Sales Issue,-21,SO-001802
MOV-001797,2024-10-25,PRD-0137,WH-002,Sales Issue,-22,SO-001803
MOV-001798,2025-06-19,PRD-0403,WH-003,Sales Issue,-4,SO-001804
MOV-001799,2025-04-12,PRD-0399,WH-003,Sales Issue,-14,SO-001805
MOV-001800,2024-12-06,PRD-0497,WH-003,Sales Issue,-21,SO-001806
MOV-001801,2025-03-11,PRD-0043,WH-002,Sales Issue,-8,SO-001807
MOV-001802,2026-08-20,PRD-0493,WH-003,Sales Issue,-17,SO-001808
MOV-001803,2024-12-10,PRD-0407,WH-002,Sales Issue,-15,SO-001809
MOV-001804,2024-12-09,PRD-0471,WH-005,Sales Issue,-4,SO-001810
MOV-001805,2025-04-25,PRD-0484,WH-001,Sales Issue,-30,SO-001811
MOV-001806,2026-08-15,PRD-0296,WH-002,Sales Issue,-23,SO-001812
MOV-001807,2025-12-27,PRD-0227,WH-003,Sales Issue,-16,SO-001813
MOV-001808,2025-06-06,PRD-0035,WH-001,Sales Issue,-17,SO-001814
MOV-001809,2026-08-01,PRD-0202,WH-003,Sales Issue,-24,SO-001815
MOV-001810,2026-03-01,PRD-0307,WH-003,Sales Issue,-7,SO-001816
MOV-001811,2024-12-11,PRD-0411,WH-001,Sales Issue,-18,SO-001817
MOV-001812,2025-11-21,PRD-0003,WH-001,Sales Issue,-3,SO-001818
MOV-001813,2025-12-14,PRD-0286,WH-002,Sales Issue,-23,SO-001819
MOV-001814,2025-09-19,PRD-0198,WH-002,Sales Issue,-18,SO-001820
MOV-001815,2025-02-05,PRD-0020,WH-001,Sales Issue,-7,SO-001822
MOV-001816,2026-03-19,PRD-0478,WH-002,Sales Issue,-30,SO-001823
MOV-001817,2025-04-11,PRD-0084,WH-003,Sales Issue,-28,SO-001824
MOV-001818,2026-08-18,PRD-0402,WH-002,Sales Issue,-5,SO-001827
MOV-001819,2025-08-10,PRD-0040,WH-003,Sales Issue,-1,SO-001828
MOV-001820,2025-04-16,PRD-0456,WH-001,Sales Issue,-27,SO-001829
MOV-001821,2026-03-17,PRD-0318,WH-005,Sales Issue,-21,SO-001830
MOV-001822,2025-12-04,PRD-0458,WH-001,Sales Issue,-18,SO-001831
MOV-001823,2025-04-28,PRD-0258,WH-003,Sales Issue,-1,SO-001832
MOV-001824,2024-12-17,PRD-0054,WH-003,Sales Issue,-8,SO-001833
MOV-001825,2024-12-15,PRD-0147,WH-003,Sales Issue,-12,SO-001835
MOV-001826,2025-10-18,PRD-0352,WH-001,Sales Issue,-23,SO-001836
MOV-001827,2025-03-27,PRD-0220,WH-001,Sales Issue,-11,SO-001837
MOV-001828,2025-08-12,PRD-0186,WH-001,Sales Issue,-24,SO-001838
MOV-001829,2024-10-29,PRD-0072,WH-005,Sales Issue,-4,SO-001839
MOV-001830,2026-07-05,PRD-0143,WH-003,Sales Issue,-1,SO-001840
MOV-001831,2025-01-25,PRD-0298,WH-002,Sales Issue,-6,SO-001842
MOV-001832,2024-12-02,PRD-0349,WH-004,Sales Issue,-11,SO-001843
MOV-001833,2025-04-09,PRD-0276,WH-001,Sales Issue,-4,SO-001844
MOV-001834,2025-02-26,PRD-0261,WH-001,Sales Issue,-15,SO-001846
MOV-001835,2024-11-07,PRD-0345,WH-003,Sales Issue,-3,SO-001848
MOV-001836,2026-07-24,PRD-0077,WH-002,Sales Issue,-10,SO-001849
MOV-001837,2025-09-17,PRD-0364,WH-004,Sales Issue,-30,SO-001850
MOV-001838,2026-07-21,PRD-0055,WH-001,Sales Issue,-21,SO-001851
MOV-001839,2025-09-07,PRD-0266,WH-002,Sales Issue,-12,SO-001852
MOV-001840,2025-04-14,PRD-0454,WH-005,Sales Issue,-17,SO-001853
MOV-001841,2026-01-05,PRD-0472,WH-001,Sales Issue,-26,SO-001855
MOV-001842,2025-07-06,PRD-0172,WH-004,Sales Issue,-13,SO-001856
MOV-001843,2026-02-03,PRD-0451,WH-001,Sales Issue,-11,SO-001858
MOV-001844,2025-05-31,PRD-0260,WH-002,Sales Issue,-1,SO-001859
MOV-001845,2024-11-15,PRD-0333,WH-005,Sales Issue,-26,SO-001861
MOV-001846,2025-05-05,PRD-0266,WH-002,Sales Issue,-27,SO-001862
MOV-001847,2025-11-27,PRD-0423,WH-003,Sales Issue,-23,SO-001863
MOV-001848,2026-07-05,PRD-0196,WH-003,Sales Issue,-12,SO-001865
MOV-001849,2025-05-01,PRD-0282,WH-004,Sales Issue,-17,SO-001867
MOV-001850,2025-02-15,PRD-0025,WH-002,Sales Issue,-14,SO-001868
MOV-001851,2025-06-22,PRD-0304,WH-003,Sales Issue,-8,SO-001869
MOV-001852,2026-02-04,PRD-0183,WH-004,Sales Issue,-29,SO-001870
MOV-001853,2026-01-15,PRD-0135,WH-005,Sales Issue,-30,SO-001871
MOV-001854,2025-03-02,PRD-0414,WH-005,Sales Issue,-8,SO-001872
MOV-001855,2025-08-15,PRD-0268,WH-004,Sales Issue,-26,SO-001873
MOV-001856,2025-01-31,PRD-0250,WH-004,Sales Issue,-26,SO-001874
MOV-001857,2025-05-07,PRD-0449,WH-005,Sales Issue,-25,SO-001875
MOV-001858,2025-05-30,PRD-0255,WH-004,Sales Issue,-27,SO-001879
MOV-001859,2024-11-04,PRD-0342,WH-001,Sales Issue,-4,SO-001880
MOV-001860,2025-01-25,PRD-0051,WH-003,Sales Issue,-19,SO-001881
MOV-001861,2026-03-20,PRD-0096,WH-004,Sales Issue,-6,SO-001882
MOV-001862,2026-08-18,PRD-0310,WH-003,Sales Issue,-19,SO-001883
MOV-001863,2024-11-23,PRD-0205,WH-002,Sales Issue,-3,SO-001884
MOV-001864,2026-05-11,PRD-0119,WH-003,Sales Issue,-2,SO-001886
MOV-001865,2025-07-03,PRD-0297,WH-004,Sales Issue,-11,SO-001887
MOV-001866,2026-06-07,PRD-0264,WH-004,Sales Issue,-7,SO-001888
MOV-001867,2025-10-21,PRD-0333,WH-005,Sales Issue,-1,SO-001889
MOV-001868,2025-10-12,PRD-0159,WH-005,Sales Issue,-1,SO-001891
MOV-001869,2025-07-21,PRD-0177,WH-005,Sales Issue,-4,SO-001892
MOV-001870,2026-03-16,PRD-0409,WH-003,Sales Issue,-28,SO-001893
MOV-001871,2026-08-19,PRD-0155,WH-005,Sales Issue,-27,SO-001894
MOV-001872,2025-07-14,PRD-0219,WH-005,Sales Issue,-22,SO-001895
MOV-001873,2025-08-01,PRD-0110,WH-005,Sales Issue,-30,SO-001896
MOV-001874,2025-09-07,PRD-0043,WH-002,Sales Issue,-21,SO-001897
MOV-001875,2026-01-31,PRD-0040,WH-003,Sales Issue,-19,SO-001898
MOV-001876,2024-11-07,PRD-0217,WH-001,Sales Issue,-14,SO-001899
MOV-001877,2025-08-23,PRD-0063,WH-004,Sales Issue,-9,SO-001900
MOV-001878,2026-03-19,PRD-0408,WH-002,Sales Issue,-27,SO-001901
MOV-001879,2026-04-29,PRD-0304,WH-003,Sales Issue,-17,SO-001905
MOV-001880,2025-06-02,PRD-0235,WH-004,Sales Issue,-8,SO-001906
MOV-001881,2025-11-10,PRD-0402,WH-002,Sales Issue,-2,SO-001907
MOV-001882,2024-11-04,PRD-0175,WH-005,Sales Issue,-7,SO-001908
MOV-001883,2025-04-07,PRD-0484,WH-001,Sales Issue,-11,SO-001909
MOV-001884,2025-07-31,PRD-0192,WH-004,Sales Issue,-2,SO-001910
MOV-001885,2026-03-31,PRD-0281,WH-003,Sales Issue,-11,SO-001911
MOV-001886,2026-03-02,PRD-0140,WH-005,Sales Issue,-15,SO-001913
MOV-001887,2025-03-30,PRD-0272,WH-001,Sales Issue,-24,SO-001915
MOV-001888,2025-11-02,PRD-0156,WH-003,Sales Issue,-11,SO-001916
MOV-001889,2025-12-14,PRD-0168,WH-003,Sales Issue,-22,SO-001917
MOV-001890,2026-04-22,PRD-0278,WH-003,Sales Issue,-11,SO-001918
MOV-001891,2026-05-10,PRD-0396,WH-005,Sales Issue,-27,SO-001919
MOV-001892,2026-03-02,PRD-0500,WH-003,Sales Issue,-10,SO-001920
MOV-001893,2026-09-25,PRD-0226,WH-001,Sales Issue,-14,SO-001921
MOV-001894,2025-12-19,PRD-0113,WH-005,Sales Issue,-15,SO-001923
MOV-001895,2026-07-16,PRD-0301,WH-003,Sales Issue,-8,SO-001924
MOV-001896,2024-11-28,PRD-0027,WH-001,Sales Issue,-24,SO-001925
MOV-001897,2025-10-17,PRD-0162,WH-001,Sales Issue,-19,SO-001927
MOV-001898,2024-11-28,PRD-0103,WH-003,Sales Issue,-14,SO-001929
MOV-001899,2025-05-05,PRD-0050,WH-005,Sales Issue,-28,SO-001930
MOV-001900,2026-09-01,PRD-0485,WH-005,Sales Issue,-19,SO-001931
MOV-001901,2026-09-18,PRD-0446,WH-001,Sales Issue,-23,SO-001932
MOV-001902,2026-03-23,PRD-0006,WH-004,Sales Issue,-23,SO-001933
MOV-001903,2025-06-11,PRD-0111,WH-003,Sales Issue,-17,SO-001934
MOV-001904,2025-10-07,PRD-0463,WH-003,Sales Issue,-24,SO-001936
MOV-001905,2024-11-08,PRD-0394,WH-005,Sales Issue,-19,SO-001937
MOV-001906,2026-08-25,PRD-0332,WH-004,Sales Issue,-23,SO-001938
MOV-001907,2026-05-15,PRD-0222,WH-005,Sales Issue,-1,SO-001939
MOV-001908,2025-01-21,PRD-0186,WH-001,Sales Issue,-26,SO-001940
MOV-001909,2025-08-31,PRD-0185,WH-004,Sales Issue,-22,SO-001941
MOV-001910,2024-12-28,PRD-0119,WH-003,Sales Issue,-20,SO-001942
MOV-001911,2026-01-24,PRD-0347,WH-004,Sales Issue,-27,SO-001943
MOV-001912,2024-12-28,PRD-0040,WH-003,Sales Issue,-6,SO-001945
MOV-001913,2026-02-04,PRD-0386,WH-005,Sales Issue,-22,SO-001946
MOV-001914,2025-10-25,PRD-0314,WH-004,Sales Issue,-27,SO-001947
MOV-001915,2026-03-06,PRD-0431,WH-002,Sales Issue,-2,SO-001950
MOV-001916,2026-05-09,PRD-0205,WH-002,Sales Issue,-30,SO-001952
MOV-001917,2026-07-21,PRD-0461,WH-005,Sales Issue,-10,SO-001954
MOV-001918,2025-12-15,PRD-0011,WH-002,Sales Issue,-21,SO-001955
MOV-001919,2026-08-05,PRD-0246,WH-003,Sales Issue,-14,SO-001957
MOV-001920,2026-01-26,PRD-0288,WH-004,Sales Issue,-16,SO-001958
MOV-001921,2025-07-30,PRD-0451,WH-001,Sales Issue,-23,SO-001959
MOV-001922,2025-04-20,PRD-0331,WH-004,Sales Issue,-1,SO-001960
MOV-001923,2025-04-23,PRD-0393,WH-004,Sales Issue,-28,SO-001961
MOV-001924,2026-08-14,PRD-0106,WH-002,Sales Issue,-10,SO-001962
MOV-001925,2026-09-22,PRD-0171,WH-005,Sales Issue,-13,SO-001963
MOV-001926,2025-05-28,PRD-0049,WH-005,Sales Issue,-26,SO-001964
MOV-001927,2026-04-27,PRD-0037,WH-002,Sales Issue,-8,SO-001965
MOV-001928,2026-04-15,PRD-0225,WH-001,Sales Issue,-23,SO-001966
MOV-001929,2025-02-25,PRD-0171,WH-005,Sales Issue,-7,SO-001967
MOV-001930,2026-03-28,PRD-0355,WH-002,Sales Issue,-13,SO-001968
MOV-001931,2024-12-10,PRD-0219,WH-005,Sales Issue,-6,SO-001970
MOV-001932,2024-10-14,PRD-0350,WH-001,Sales Issue,-9,SO-001971
MOV-001933,2026-02-13,PRD-0010,WH-003,Sales Issue,-5,SO-001973
MOV-001934,2026-06-23,PRD-0485,WH-005,Sales Issue,-15,SO-001975
MOV-001935,2026-07-01,PRD-0412,WH-002,Sales Issue,-3,SO-001976
MOV-001936,2026-05-02,PRD-0251,WH-002,Sales Issue,-3,SO-001977
MOV-001937,2026-01-30,PRD-0054,WH-003,Sales Issue,-22,SO-001978
MOV-001938,2025-02-03,PRD-0316,WH-004,Sales Issue,-18,SO-001980
MOV-001939,2025-05-03,PRD-0117,WH-004,Sales Issue,-27,SO-001981
MOV-001940,2026-03-03,PRD-0444,WH-002,Sales Issue,-22,SO-001982
MOV-001941,2026-05-25,PRD-0345,WH-003,Sales Issue,-23,SO-001984
MOV-001942,2026-08-14,PRD-0109,WH-001,Sales Issue,-22,SO-001985
MOV-001943,2025-07-25,PRD-0334,WH-004,Sales Issue,-25,SO-001986
MOV-001944,2025-04-09,PRD-0070,WH-003,Sales Issue,-24,SO-001987
MOV-001945,2025-10-29,PRD-0261,WH-001,Sales Issue,-23,SO-001988
MOV-001946,2025-04-24,PRD-0315,WH-004,Sales Issue,-22,SO-001989
MOV-001947,2026-08-30,PRD-0196,WH-003,Sales Issue,-26,SO-001990
MOV-001948,2024-12-03,PRD-0138,WH-002,Sales Issue,-20,SO-001991
MOV-001949,2026-04-13,PRD-0180,WH-005,Sales Issue,-18,SO-001992
MOV-001950,2025-09-09,PRD-0436,WH-004,Sales Issue,-8,SO-001993
MOV-001951,2026-05-30,PRD-0211,WH-005,Sales Issue,-12,SO-001994
MOV-001952,2026-05-03,PRD-0039,WH-002,Sales Issue,-22,SO-001995
MOV-001953,2025-02-13,PRD-0429,WH-003,Sales Issue,-18,SO-001996
MOV-001954,2025-10-25,PRD-0196,WH-003,Sales Issue,-15,SO-001997
MOV-001955,2026-07-28,PRD-0427,WH-005,Sales Issue,-5,SO-001998
MOV-001956,2026-01-27,PRD-0373,WH-002,Sales Issue,-20,SO-002000
MOV-001957,2025-09-27,PRD-0373,WH-002,Sales Issue,-10,SO-002001
MOV-001958,2026-03-25,PRD-0128,WH-002,Sales Issue,-24,SO-002002
MOV-001959,2026-08-21,PRD-0048,WH-003,Sales Issue,-5,SO-002003
MOV-001960,2025-03-31,PRD-0239,WH-003,Sales Issue,-13,SO-002006
MOV-001961,2025-02-06,PRD-0054,WH-003,Sales Issue,-30,SO-002007
MOV-001962,2025-09-21,PRD-0280,WH-005,Sales Issue,-21,SO-002008
MOV-001963,2026-07-28,PRD-0294,WH-003,Sales Issue,-29,SO-002010
MOV-001964,2025-02-06,PRD-0281,WH-003,Sales Issue,-7,SO-002011
MOV-001965,2026-02-13,PRD-0156,WH-003,Sales Issue,-3,SO-002012
MOV-001966,2026-03-25,PRD-0283,WH-005,Sales Issue,-12,SO-002013
MOV-001967,2025-03-19,PRD-0473,WH-002,Sales Issue,-2,SO-002014
MOV-001968,2026-03-09,PRD-0357,WH-004,Sales Issue,-26,SO-002015
MOV-001969,2026-03-22,PRD-0049,WH-005,Sales Issue,-6,SO-002017
MOV-001970,2025-06-27,PRD-0027,WH-001,Sales Issue,-28,SO-002018
MOV-001971,2025-12-15,PRD-0386,WH-005,Sales Issue,-3,SO-002020
MOV-001972,2026-04-18,PRD-0102,WH-005,Sales Issue,-23,SO-002021
MOV-001973,2024-10-09,PRD-0356,WH-001,Sales Issue,-23,SO-002022
MOV-001974,2026-08-05,PRD-0453,WH-001,Sales Issue,-1,SO-002023
MOV-001975,2025-04-17,PRD-0273,WH-002,Sales Issue,-5,SO-002024
MOV-001976,2025-01-28,PRD-0059,WH-004,Sales Issue,-8,SO-002025
MOV-001977,2025-05-02,PRD-0249,WH-005,Sales Issue,-29,SO-002026
MOV-001978,2025-08-07,PRD-0093,WH-001,Sales Issue,-4,SO-002027
MOV-001979,2024-11-05,PRD-0390,WH-005,Sales Issue,-30,SO-002028
MOV-001980,2026-01-23,PRD-0175,WH-005,Sales Issue,-7,SO-002029
MOV-001981,2025-12-17,PRD-0188,WH-005,Sales Issue,-19,SO-002030
MOV-001982,2026-08-01,PRD-0100,WH-001,Sales Issue,-8,SO-002031
MOV-001983,2024-11-02,PRD-0054,WH-003,Sales Issue,-22,SO-002032
MOV-001984,2026-05-12,PRD-0336,WH-004,Sales Issue,-24,SO-002033
MOV-001985,2025-08-20,PRD-0107,WH-002,Sales Issue,-4,SO-002035
MOV-001986,2025-03-23,PRD-0001,WH-003,Sales Issue,-28,SO-002036
MOV-001987,2026-07-02,PRD-0238,WH-005,Sales Issue,-2,SO-002037
MOV-001988,2025-04-23,PRD-0118,WH-001,Sales Issue,-10,SO-002039
MOV-001989,2025-11-10,PRD-0158,WH-002,Sales Issue,-17,SO-002041
MOV-001990,2024-11-12,PRD-0377,WH-002,Sales Issue,-2,SO-002042
MOV-001991,2025-06-22,PRD-0442,WH-001,Sales Issue,-7,SO-002043
MOV-001992,2026-02-22,PRD-0111,WH-003,Sales Issue,-24,SO-002044
MOV-001993,2025-01-04,PRD-0025,WH-002,Sales Issue,-6,SO-002045
MOV-001994,2026-07-06,PRD-0334,WH-004,Sales Issue,-21,SO-002046
MOV-001995,2026-08-08,PRD-0402,WH-002,Sales Issue,-1,SO-002048
MOV-001996,2025-01-13,PRD-0028,WH-003,Sales Issue,-4,SO-002049
MOV-001997,2025-10-26,PRD-0154,WH-002,Sales Issue,-18,SO-002050
MOV-001998,2025-11-04,PRD-0006,WH-004,Sales Issue,-28,SO-002051
MOV-001999,2024-11-01,PRD-0274,WH-001,Sales Issue,-30,SO-002052
MOV-002000,2025-09-30,PRD-0167,WH-002,Sales Issue,-8,SO-002054
MOV-002001,2026-07-11,PRD-0036,WH-001,Sales Issue,-19,SO-002055
MOV-002002,2024-12-09,PRD-0363,WH-001,Sales Issue,-22,SO-002056
MOV-002003,2025-09-04,PRD-0131,WH-003,Sales Issue,-19,SO-002057
MOV-002004,2026-03-13,PRD-0134,WH-002,Sales Issue,-6,SO-002059
MOV-002005,2024-10-20,PRD-0381,WH-001,Sales Issue,-8,SO-002060
MOV-002006,2025-12-13,PRD-0412,WH-002,Sales Issue,-19,SO-002061
MOV-002007,2026-07-31,PRD-0372,WH-002,Sales Issue,-20,SO-002062
MOV-002008,2026-05-14,PRD-0179,WH-003,Sales Issue,-2,SO-002064
MOV-002009,2024-12-13,PRD-0255,WH-004,Sales Issue,-17,SO-002065
MOV-002010,2026-04-17,PRD-0348,WH-004,Sales Issue,-6,SO-002066
MOV-002011,2026-02-02,PRD-0467,WH-002,Sales Issue,-26,SO-002067
MOV-002012,2025-08-08,PRD-0373,WH-002,Sales Issue,-15,SO-002068
MOV-002013,2026-06-01,PRD-0337,WH-001,Sales Issue,-27,SO-002069
MOV-002014,2025-10-30,PRD-0419,WH-005,Sales Issue,-15,SO-002070
MOV-002015,2025-11-03,PRD-0269,WH-004,Sales Issue,-30,SO-002071
MOV-002016,2024-12-16,PRD-0490,WH-005,Sales Issue,-4,SO-002072
MOV-002017,2025-09-20,PRD-0267,WH-005,Sales Issue,-7,SO-002073
MOV-002018,2025-12-03,PRD-0144,WH-005,Sales Issue,-27,SO-002074
MOV-002019,2026-08-03,PRD-0493,WH-003,Sales Issue,-20,SO-002075
MOV-002020,2025-02-16,PRD-0142,WH-001,Sales Issue,-4,SO-002076
MOV-002021,2024-10-30,PRD-0066,WH-001,Sales Issue,-7,SO-002077
MOV-002022,2026-04-06,PRD-0445,WH-001,Sales Issue,-29,SO-002079
MOV-002023,2026-01-02,PRD-0080,WH-003,Sales Issue,-23,SO-002080
MOV-002024,2025-12-21,PRD-0312,WH-002,Sales Issue,-29,SO-002081
MOV-002025,2026-09-07,PRD-0328,WH-001,Sales Issue,-7,SO-002082
MOV-002026,2026-02-06,PRD-0473,WH-002,Sales Issue,-19,SO-002083
MOV-002027,2025-03-13,PRD-0185,WH-004,Sales Issue,-22,SO-002085
MOV-002028,2024-11-23,PRD-0061,WH-003,Sales Issue,-20,SO-002086
MOV-002029,2026-03-30,PRD-0239,WH-003,Sales Issue,-4,SO-002087
MOV-002030,2025-06-04,PRD-0172,WH-004,Sales Issue,-21,SO-002088
MOV-002031,2026-07-28,PRD-0045,WH-001,Sales Issue,-15,SO-002089
MOV-002032,2025-12-22,PRD-0008,WH-005,Sales Issue,-6,SO-002091
MOV-002033,2025-12-31,PRD-0472,WH-001,Sales Issue,-8,SO-002092
MOV-002034,2025-04-28,PRD-0426,WH-001,Sales Issue,-11,SO-002093
MOV-002035,2024-12-09,PRD-0388,WH-002,Sales Issue,-20,SO-002094
MOV-002036,2026-07-03,PRD-0167,WH-002,Sales Issue,-13,SO-002095
MOV-002037,2025-12-29,PRD-0068,WH-004,Sales Issue,-12,SO-002096
MOV-002038,2024-10-09,PRD-0083,WH-004,Sales Issue,-30,SO-002097
MOV-002039,2025-07-03,PRD-0354,WH-005,Sales Issue,-30,SO-002099
MOV-002040,2024-11-14,PRD-0081,WH-004,Sales Issue,-18,SO-002100
MOV-002041,2025-07-24,PRD-0393,WH-004,Sales Issue,-23,SO-002102
MOV-002042,2025-10-07,PRD-0234,WH-004,Sales Issue,-7,SO-002104
MOV-002043,2025-04-12,PRD-0465,WH-004,Sales Issue,-26,SO-002105
MOV-002044,2026-09-25,PRD-0460,WH-002,Sales Issue,-12,SO-002106
MOV-002045,2024-11-16,PRD-0072,WH-005,Sales Issue,-2,SO-002108
MOV-002046,2026-07-23,PRD-0271,WH-003,Sales Issue,-16,SO-002110
MOV-002047,2026-03-22,PRD-0211,WH-005,Sales Issue,-15,SO-002111
MOV-002048,2026-09-30,PRD-0093,WH-001,Sales Issue,-2,SO-002112
MOV-002049,2025-06-16,PRD-0389,WH-004,Sales Issue,-30,SO-002113
MOV-002050,2024-12-14,PRD-0191,WH-004,Sales Issue,-4,SO-002114
MOV-002051,2025-11-26,PRD-0296,WH-002,Sales Issue,-24,SO-002115
MOV-002052,2025-02-04,PRD-0263,WH-001,Sales Issue,-29,SO-002116
MOV-002053,2025-06-16,PRD-0240,WH-002,Sales Issue,-9,SO-002117
MOV-002054,2026-05-24,PRD-0384,WH-004,Sales Issue,-20,SO-002118
MOV-002055,2025-06-23,PRD-0359,WH-004,Sales Issue,-27,SO-002119
MOV-002056,2026-09-25,PRD-0128,WH-002,Sales Issue,-10,SO-002120
MOV-002057,2026-04-18,PRD-0147,WH-003,Sales Issue,-18,SO-002122
MOV-002058,2025-07-01,PRD-0063,WH-004,Sales Issue,-10,SO-002123
MOV-002059,2025-02-12,PRD-0051,WH-003,Sales Issue,-14,SO-002124
MOV-002060,2026-02-20,PRD-0322,WH-001,Sales Issue,-21,SO-002125
MOV-002061,2025-02-04,PRD-0357,WH-004,Sales Issue,-12,SO-002126
MOV-002062,2026-02-06,PRD-0327,WH-005,Sales Issue,-11,SO-002127
MOV-002063,2026-02-21,PRD-0458,WH-001,Sales Issue,-7,SO-002128
MOV-002064,2025-05-20,PRD-0358,WH-004,Sales Issue,-11,SO-002129
MOV-002065,2025-03-28,PRD-0092,WH-004,Sales Issue,-18,SO-002130
MOV-002066,2025-01-15,PRD-0393,WH-004,Sales Issue,-25,SO-002132
MOV-002067,2025-10-17,PRD-0056,WH-004,Sales Issue,-20,SO-002134
MOV-002068,2026-04-28,PRD-0442,WH-001,Sales Issue,-8,SO-002135
MOV-002069,2025-12-13,PRD-0286,WH-002,Sales Issue,-12,SO-002136
MOV-002070,2025-04-07,PRD-0439,WH-004,Sales Issue,-23,SO-002137
MOV-002071,2024-11-02,PRD-0062,WH-004,Sales Issue,-28,SO-002138
MOV-002072,2025-02-07,PRD-0181,WH-003,Sales Issue,-24,SO-002139
MOV-002073,2025-06-10,PRD-0159,WH-005,Sales Issue,-25,SO-002142
MOV-002074,2026-01-30,PRD-0027,WH-001,Sales Issue,-8,SO-002144
MOV-002075,2025-02-15,PRD-0323,WH-005,Sales Issue,-5,SO-002145
MOV-002076,2025-04-02,PRD-0117,WH-004,Sales Issue,-4,SO-002146
MOV-002077,2026-07-05,PRD-0091,WH-004,Sales Issue,-15,SO-002148
MOV-002078,2026-09-17,PRD-0287,WH-003,Sales Issue,-16,SO-002149
MOV-002079,2026-05-14,PRD-0096,WH-004,Sales Issue,-18,SO-002150
MOV-002080,2026-07-31,PRD-0089,WH-002,Sales Issue,-2,SO-002151
MOV-002081,2025-01-07,PRD-0194,WH-002,Sales Issue,-14,SO-002152
MOV-002082,2026-08-14,PRD-0481,WH-003,Sales Issue,-9,SO-002153
MOV-002083,2024-10-07,PRD-0028,WH-003,Sales Issue,-3,SO-002154
MOV-002084,2025-07-22,PRD-0375,WH-005,Sales Issue,-19,SO-002155
MOV-002085,2025-10-02,PRD-0396,WH-005,Sales Issue,-8,SO-002156
MOV-002086,2024-12-08,PRD-0029,WH-005,Sales Issue,-15,SO-002157
MOV-002087,2025-07-16,PRD-0352,WH-001,Sales Issue,-5,SO-002159
MOV-002088,2026-08-22,PRD-0459,WH-005,Sales Issue,-27,SO-002160
MOV-002089,2026-06-15,PRD-0056,WH-004,Sales Issue,-6,SO-002161
MOV-002090,2025-08-07,PRD-0178,WH-001,Sales Issue,-16,SO-002162
MOV-002091,2025-11-13,PRD-0156,WH-003,Sales Issue,-8,SO-002163
MOV-002092,2026-03-19,PRD-0102,WH-005,Sales Issue,-17,SO-002164
MOV-002093,2026-07-22,PRD-0256,WH-002,Sales Issue,-25,SO-002165
MOV-002094,2025-12-20,PRD-0126,WH-001,Sales Issue,-2,SO-002167
MOV-002095,2024-12-09,PRD-0233,WH-005,Sales Issue,-20,SO-002169
MOV-002096,2026-04-30,PRD-0097,WH-001,Sales Issue,-19,SO-002170
MOV-002097,2026-08-31,PRD-0387,WH-004,Sales Issue,-9,SO-002171
MOV-002098,2025-12-15,PRD-0171,WH-005,Sales Issue,-30,SO-002172
MOV-002099,2026-03-17,PRD-0199,WH-004,Sales Issue,-20,SO-002173
MOV-002100,2026-07-24,PRD-0459,WH-005,Sales Issue,-3,SO-002174
MOV-002101,2026-06-08,PRD-0198,WH-002,Sales Issue,-20,SO-002175
MOV-002102,2025-07-12,PRD-0078,WH-001,Sales Issue,-26,SO-002176
MOV-002103,2025-12-08,PRD-0381,WH-001,Sales Issue,-24,SO-002177
MOV-002104,2024-11-25,PRD-0448,WH-003,Sales Issue,-15,SO-002178
MOV-002105,2026-07-02,PRD-0163,WH-004,Sales Issue,-27,SO-002179
MOV-002106,2025-09-02,PRD-0378,WH-002,Sales Issue,-8,SO-002180
MOV-002107,2026-08-06,PRD-0481,WH-003,Sales Issue,-21,SO-002181
MOV-002108,2025-12-15,PRD-0288,WH-004,Sales Issue,-28,SO-002185
MOV-002109,2025-06-07,PRD-0302,WH-003,Sales Issue,-28,SO-002186
MOV-002110,2026-04-10,PRD-0069,WH-002,Sales Issue,-7,SO-002187
MOV-002111,2024-10-17,PRD-0375,WH-005,Sales Issue,-14,SO-002188
MOV-002112,2026-06-26,PRD-0390,WH-005,Sales Issue,-29,SO-002189
MOV-002113,2026-02-16,PRD-0433,WH-004,Sales Issue,-19,SO-002190
MOV-002114,2025-04-01,PRD-0475,WH-003,Sales Issue,-22,SO-002191
MOV-002115,2026-03-19,PRD-0346,WH-002,Sales Issue,-3,SO-002192
MOV-002116,2025-06-16,PRD-0059,WH-004,Sales Issue,-17,SO-002193
MOV-002117,2025-10-01,PRD-0141,WH-001,Sales Issue,-21,SO-002194
MOV-002118,2026-08-27,PRD-0156,WH-003,Sales Issue,-6,SO-002195
MOV-002119,2026-03-29,PRD-0254,WH-004,Sales Issue,-29,SO-002197
MOV-002120,2025-09-27,PRD-0254,WH-004,Sales Issue,-29,SO-002200
MOV-002121,2025-01-03,PRD-0327,WH-005,Sales Issue,-12,SO-002201
MOV-002122,2026-09-29,PRD-0400,WH-004,Sales Issue,-5,SO-002202
MOV-002123,2025-07-10,PRD-0104,WH-002,Sales Issue,-26,SO-002204
MOV-002124,2026-02-26,PRD-0079,WH-001,Sales Issue,-3,SO-002205
MOV-002125,2025-08-06,PRD-0124,WH-002,Sales Issue,-13,SO-002206
MOV-002126,2025-07-08,PRD-0252,WH-001,Sales Issue,-22,SO-002207
MOV-002127,2025-03-30,PRD-0361,WH-003,Sales Issue,-26,SO-002208
MOV-002128,2026-06-07,PRD-0106,WH-002,Sales Issue,-29,SO-002209
MOV-002129,2025-08-17,PRD-0133,WH-005,Sales Issue,-21,SO-002210
MOV-002130,2024-11-30,PRD-0266,WH-002,Sales Issue,-1,SO-002211
MOV-002131,2025-09-26,PRD-0274,WH-001,Sales Issue,-14,SO-002212
MOV-002132,2026-04-28,PRD-0122,WH-002,Sales Issue,-29,SO-002213
MOV-002133,2025-11-18,PRD-0470,WH-004,Sales Issue,-17,SO-002214
MOV-002134,2025-11-29,PRD-0435,WH-004,Sales Issue,-7,SO-002216
MOV-002135,2026-03-25,PRD-0374,WH-003,Sales Issue,-28,SO-002217
MOV-002136,2026-04-17,PRD-0435,WH-004,Sales Issue,-16,SO-002218
MOV-002137,2026-03-02,PRD-0411,WH-001,Sales Issue,-26,SO-002220
MOV-002138,2025-09-26,PRD-0289,WH-002,Sales Issue,-30,SO-002221
MOV-002139,2026-09-14,PRD-0019,WH-004,Sales Issue,-14,SO-002222
MOV-002140,2026-02-10,PRD-0365,WH-002,Sales Issue,-12,SO-002224
MOV-002141,2025-11-06,PRD-0367,WH-005,Sales Issue,-26,SO-002225
MOV-002142,2025-05-04,PRD-0309,WH-003,Sales Issue,-12,SO-002228
MOV-002143,2024-12-10,PRD-0401,WH-001,Sales Issue,-28,SO-002229
MOV-002144,2026-02-20,PRD-0155,WH-005,Sales Issue,-19,SO-002232
MOV-002145,2026-08-17,PRD-0034,WH-003,Sales Issue,-3,SO-002233
MOV-002146,2025-09-17,PRD-0029,WH-005,Sales Issue,-4,SO-002234
MOV-002147,2026-07-25,PRD-0381,WH-001,Sales Issue,-12,SO-002235
MOV-002148,2025-06-02,PRD-0478,WH-002,Sales Issue,-30,SO-002236
MOV-002149,2025-01-18,PRD-0144,WH-005,Sales Issue,-24,SO-002237
MOV-002150,2026-03-17,PRD-0234,WH-004,Sales Issue,-28,SO-002239
MOV-002151,2025-05-20,PRD-0212,WH-005,Sales Issue,-8,SO-002240
MOV-002152,2026-07-04,PRD-0390,WH-005,Sales Issue,-19,SO-002241
MOV-002153,2026-09-12,PRD-0039,WH-002,Sales Issue,-9,SO-002242
MOV-002154,2026-04-27,PRD-0265,WH-004,Sales Issue,-7,SO-002243
MOV-002155,2025-05-24,PRD-0131,WH-003,Sales Issue,-11,SO-002244
MOV-002156,2026-03-13,PRD-0001,WH-003,Sales Issue,-8,SO-002245
MOV-002157,2025-04-29,PRD-0240,WH-002,Sales Issue,-28,SO-002246
MOV-002158,2026-03-07,PRD-0337,WH-001,Sales Issue,-25,SO-002247
MOV-002159,2025-06-17,PRD-0374,WH-003,Sales Issue,-26,SO-002248
MOV-002160,2025-09-19,PRD-0264,WH-004,Sales Issue,-4,SO-002249
MOV-002161,2025-09-10,PRD-0275,WH-004,Sales Issue,-16,SO-002250
MOV-002162,2025-03-24,PRD-0344,WH-004,Sales Issue,-10,SO-002251
MOV-002163,2025-07-20,PRD-0423,WH-003,Sales Issue,-16,SO-002253
MOV-002164,2025-01-17,PRD-0429,WH-003,Sales Issue,-22,SO-002254
MOV-002165,2025-09-02,PRD-0477,WH-001,Sales Issue,-21,SO-002255
MOV-002166,2025-03-18,PRD-0070,WH-003,Sales Issue,-5,SO-002256
MOV-002167,2026-04-09,PRD-0234,WH-004,Sales Issue,-6,SO-002257
MOV-002168,2026-02-03,PRD-0474,WH-004,Sales Issue,-24,SO-002258
MOV-002169,2026-03-06,PRD-0317,WH-002,Sales Issue,-6,SO-002259
MOV-002170,2024-12-08,PRD-0129,WH-003,Sales Issue,-6,SO-002260
MOV-002171,2025-11-10,PRD-0042,WH-004,Sales Issue,-14,SO-002261
MOV-002172,2026-08-25,PRD-0302,WH-003,Sales Issue,-19,SO-002262
MOV-002173,2024-12-15,PRD-0231,WH-001,Sales Issue,-15,SO-002263
MOV-002174,2024-12-10,PRD-0206,WH-005,Sales Issue,-7,SO-002264
MOV-002175,2026-02-15,PRD-0428,WH-005,Sales Issue,-19,SO-002266
MOV-002176,2025-10-26,PRD-0336,WH-004,Sales Issue,-17,SO-002267
MOV-002177,2025-10-10,PRD-0429,WH-003,Sales Issue,-21,SO-002268
MOV-002178,2025-05-19,PRD-0157,WH-003,Sales Issue,-4,SO-002269
MOV-002179,2025-11-30,PRD-0085,WH-001,Sales Issue,-3,SO-002270
MOV-002180,2026-03-04,PRD-0411,WH-001,Sales Issue,-2,SO-002271
MOV-002181,2026-01-19,PRD-0071,WH-001,Sales Issue,-1,SO-002272
MOV-002182,2026-08-31,PRD-0241,WH-003,Sales Issue,-1,SO-002273
MOV-002183,2026-06-17,PRD-0239,WH-003,Sales Issue,-12,SO-002274
MOV-002184,2025-01-19,PRD-0286,WH-002,Sales Issue,-29,SO-002276
MOV-002185,2025-10-25,PRD-0155,WH-005,Sales Issue,-7,SO-002278
MOV-002186,2025-03-12,PRD-0018,WH-001,Sales Issue,-29,SO-002279
MOV-002187,2026-01-20,PRD-0101,WH-003,Sales Issue,-3,SO-002280
MOV-002188,2026-09-04,PRD-0486,WH-004,Sales Issue,-1,SO-002281
MOV-002189,2024-10-27,PRD-0283,WH-005,Sales Issue,-28,SO-002282
MOV-002190,2025-03-08,PRD-0057,WH-004,Sales Issue,-4,SO-002283
MOV-002191,2024-12-09,PRD-0166,WH-004,Sales Issue,-22,SO-002285
MOV-002192,2026-04-05,PRD-0050,WH-005,Sales Issue,-22,SO-002286
MOV-002193,2025-07-14,PRD-0131,WH-003,Sales Issue,-2,SO-002287
MOV-002194,2025-01-09,PRD-0217,WH-001,Sales Issue,-27,SO-002289
MOV-002195,2026-07-29,PRD-0048,WH-003,Sales Issue,-28,SO-002290
MOV-002196,2026-03-18,PRD-0034,WH-003,Sales Issue,-9,SO-002291
MOV-002197,2026-03-27,PRD-0154,WH-002,Sales Issue,-2,SO-002294
MOV-002198,2026-09-14,PRD-0178,WH-001,Sales Issue,-3,SO-002295
MOV-002199,2025-02-13,PRD-0206,WH-005,Sales Issue,-11,SO-002296
MOV-002200,2026-02-27,PRD-0235,WH-004,Sales Issue,-14,SO-002297
MOV-002201,2026-04-29,PRD-0231,WH-001,Sales Issue,-19,SO-002298
MOV-002202,2026-05-28,PRD-0187,WH-001,Sales Issue,-7,SO-002299
MOV-002203,2025-03-16,PRD-0286,WH-002,Sales Issue,-27,SO-002300
MOV-002204,2026-08-18,PRD-0004,WH-002,Sales Issue,-7,SO-002301
MOV-002205,2025-09-04,PRD-0135,WH-005,Sales Issue,-14,SO-002302
MOV-002206,2025-02-16,PRD-0299,WH-003,Sales Issue,-22,SO-002303
MOV-002207,2026-01-23,PRD-0315,WH-004,Sales Issue,-27,SO-002304
MOV-002208,2026-04-20,PRD-0401,WH-001,Sales Issue,-7,SO-002305
MOV-002209,2026-04-14,PRD-0025,WH-002,Sales Issue,-13,SO-002306
MOV-002210,2025-01-30,PRD-0065,WH-003,Sales Issue,-4,SO-002307
MOV-002211,2025-06-14,PRD-0246,WH-003,Sales Issue,-9,SO-002308
MOV-002212,2025-03-05,PRD-0405,WH-001,Sales Issue,-20,SO-002309
MOV-002213,2025-11-21,PRD-0038,WH-005,Sales Issue,-4,SO-002310
MOV-002214,2026-07-05,PRD-0201,WH-001,Sales Issue,-18,SO-002311
MOV-002215,2025-08-07,PRD-0100,WH-001,Sales Issue,-15,SO-002313
MOV-002216,2024-10-24,PRD-0380,WH-003,Sales Issue,-30,SO-002314
MOV-002217,2025-05-20,PRD-0200,WH-001,Sales Issue,-12,SO-002315
MOV-002218,2025-08-03,PRD-0419,WH-005,Sales Issue,-29,SO-002316
MOV-002219,2025-02-22,PRD-0196,WH-003,Sales Issue,-14,SO-002317
MOV-002220,2026-04-21,PRD-0474,WH-004,Sales Issue,-14,SO-002318
MOV-002221,2026-03-15,PRD-0088,WH-003,Sales Issue,-1,SO-002320
MOV-002222,2025-10-24,PRD-0188,WH-005,Sales Issue,-23,SO-002321
MOV-002223,2026-03-30,PRD-0015,WH-003,Sales Issue,-28,SO-002323
MOV-002224,2025-09-12,PRD-0426,WH-001,Sales Issue,-5,SO-002324
MOV-002225,2024-11-16,PRD-0056,WH-004,Sales Issue,-28,SO-002325
MOV-002226,2025-10-17,PRD-0104,WH-002,Sales Issue,-16,SO-002326
MOV-002227,2025-03-01,PRD-0409,WH-003,Sales Issue,-3,SO-002327
MOV-002228,2026-06-23,PRD-0144,WH-005,Sales Issue,-6,SO-002328
MOV-002229,2026-09-30,PRD-0471,WH-005,Sales Issue,-20,SO-002329
MOV-002230,2025-06-25,PRD-0407,WH-002,Sales Issue,-26,SO-002330
MOV-002231,2026-03-17,PRD-0472,WH-001,Sales Issue,-26,SO-002331
MOV-002232,2026-05-07,PRD-0029,WH-005,Sales Issue,-5,SO-002332
MOV-002233,2025-09-12,PRD-0124,WH-002,Sales Issue,-8,SO-002333
MOV-002234,2026-07-08,PRD-0374,WH-003,Sales Issue,-21,SO-002334
MOV-002235,2026-05-06,PRD-0375,WH-005,Sales Issue,-21,SO-002335
MOV-002236,2025-11-23,PRD-0495,WH-002,Sales Issue,-8,SO-002336
MOV-002237,2026-04-28,PRD-0198,WH-002,Sales Issue,-30,SO-002337
MOV-002238,2025-11-01,PRD-0334,WH-004,Sales Issue,-26,SO-002338
MOV-002239,2026-01-18,PRD-0373,WH-002,Sales Issue,-9,SO-002339
MOV-002240,2026-09-30,PRD-0013,WH-004,Sales Issue,-8,SO-002340
MOV-002241,2025-06-09,PRD-0098,WH-001,Sales Issue,-20,SO-002342
MOV-002242,2025-12-21,PRD-0317,WH-002,Sales Issue,-26,SO-002343
MOV-002243,2024-11-21,PRD-0022,WH-002,Sales Issue,-5,SO-002344
MOV-002244,2025-01-08,PRD-0017,WH-004,Sales Issue,-12,SO-002345
MOV-002245,2025-05-08,PRD-0143,WH-003,Sales Issue,-20,SO-002346
MOV-002246,2024-12-05,PRD-0371,WH-002,Sales Issue,-14,SO-002347
MOV-002247,2025-07-29,PRD-0219,WH-005,Sales Issue,-10,SO-002348
MOV-002248,2025-12-04,PRD-0474,WH-004,Sales Issue,-14,SO-002349
MOV-002249,2026-04-28,PRD-0083,WH-004,Sales Issue,-27,SO-002350
MOV-002250,2025-11-29,PRD-0111,WH-003,Sales Issue,-5,SO-002351
MOV-002251,2026-09-22,PRD-0235,WH-004,Sales Issue,-7,SO-002354
MOV-002252,2026-06-12,PRD-0397,WH-004,Sales Issue,-18,SO-002355
MOV-002253,2026-04-06,PRD-0471,WH-005,Sales Issue,-9,SO-002356
MOV-002254,2026-08-23,PRD-0311,WH-005,Sales Issue,-6,SO-002358
MOV-002255,2026-07-23,PRD-0324,WH-002,Sales Issue,-6,SO-002359
MOV-002256,2024-10-20,PRD-0106,WH-002,Sales Issue,-14,SO-002360
MOV-002257,2025-07-16,PRD-0469,WH-001,Sales Issue,-11,SO-002361
MOV-002258,2026-03-08,PRD-0312,WH-002,Sales Issue,-29,SO-002362
MOV-002259,2025-08-01,PRD-0393,WH-004,Sales Issue,-12,SO-002363
MOV-002260,2026-02-22,PRD-0062,WH-004,Sales Issue,-28,SO-002364
MOV-002261,2025-07-07,PRD-0391,WH-002,Sales Issue,-2,SO-002365
MOV-002262,2025-08-17,PRD-0107,WH-002,Sales Issue,-8,SO-002366
MOV-002263,2026-05-12,PRD-0478,WH-002,Sales Issue,-2,SO-002367
MOV-002264,2025-07-03,PRD-0328,WH-001,Sales Issue,-10,SO-002368
MOV-002265,2026-09-04,PRD-0003,WH-001,Sales Issue,-3,SO-002369
MOV-002266,2026-08-13,PRD-0240,WH-002,Sales Issue,-28,SO-002370
MOV-002267,2025-01-02,PRD-0153,WH-004,Sales Issue,-11,SO-002371
MOV-002268,2024-11-16,PRD-0185,WH-004,Sales Issue,-9,SO-002372
MOV-002269,2026-08-06,PRD-0450,WH-004,Sales Issue,-20,SO-002373
MOV-002270,2026-09-08,PRD-0237,WH-005,Sales Issue,-21,SO-002374
MOV-002271,2025-08-20,PRD-0273,WH-002,Sales Issue,-25,SO-002375
MOV-002272,2026-02-11,PRD-0457,WH-004,Sales Issue,-25,SO-002376
MOV-002273,2026-02-24,PRD-0045,WH-001,Sales Issue,-21,SO-002377
MOV-002274,2025-12-29,PRD-0086,WH-002,Sales Issue,-21,SO-002379
MOV-002275,2024-11-04,PRD-0432,WH-005,Sales Issue,-12,SO-002380
MOV-002276,2026-02-25,PRD-0083,WH-004,Sales Issue,-22,SO-002381
MOV-002277,2025-11-29,PRD-0055,WH-001,Sales Issue,-21,SO-002382
MOV-002278,2026-09-22,PRD-0294,WH-003,Sales Issue,-18,SO-002383
MOV-002279,2025-01-20,PRD-0285,WH-004,Sales Issue,-1,SO-002384
MOV-002280,2026-02-01,PRD-0488,WH-005,Sales Issue,-5,SO-002385
MOV-002281,2025-01-15,PRD-0461,WH-005,Sales Issue,-17,SO-002386
MOV-002282,2025-09-18,PRD-0500,WH-003,Sales Issue,-24,SO-002387
MOV-002283,2025-03-28,PRD-0136,WH-001,Sales Issue,-7,SO-002389
MOV-002284,2025-09-14,PRD-0487,WH-003,Sales Issue,-27,SO-002390
MOV-002285,2025-03-23,PRD-0330,WH-001,Sales Issue,-23,SO-002391
MOV-002286,2026-07-13,PRD-0363,WH-001,Sales Issue,-22,SO-002392
MOV-002287,2025-07-05,PRD-0154,WH-002,Sales Issue,-6,SO-002393
MOV-002288,2024-11-27,PRD-0119,WH-003,Sales Issue,-13,SO-002394
MOV-002289,2025-09-10,PRD-0342,WH-001,Sales Issue,-6,SO-002395
MOV-002290,2026-03-31,PRD-0084,WH-003,Sales Issue,-19,SO-002396
MOV-002291,2025-12-14,PRD-0301,WH-003,Sales Issue,-19,SO-002397
MOV-002292,2025-10-16,PRD-0004,WH-002,Sales Issue,-14,SO-002398
MOV-002293,2026-03-08,PRD-0109,WH-001,Sales Issue,-27,SO-002399
MOV-002294,2025-04-12,PRD-0177,WH-005,Sales Issue,-8,SO-002400
MOV-002295,2025-07-18,PRD-0455,WH-005,Sales Issue,-22,SO-002401
MOV-002296,2026-07-02,PRD-0357,WH-004,Sales Issue,-8,SO-002402
MOV-002297,2025-11-09,PRD-0339,WH-002,Sales Issue,-4,SO-002403
MOV-002298,2026-08-18,PRD-0429,WH-003,Sales Issue,-30,SO-002404
MOV-002299,2025-04-17,PRD-0499,WH-004,Sales Issue,-28,SO-002405
MOV-002300,2025-11-17,PRD-0491,WH-004,Sales Issue,-22,SO-002406
MOV-002301,2025-11-09,PRD-0316,WH-004,Sales Issue,-6,SO-002407
MOV-002302,2025-03-22,PRD-0261,WH-001,Sales Issue,-17,SO-002408
MOV-002303,2026-07-23,PRD-0412,WH-002,Sales Issue,-4,SO-002409
MOV-002304,2025-01-20,PRD-0424,WH-001,Sales Issue,-10,SO-002410
MOV-002305,2026-07-30,PRD-0238,WH-005,Sales Issue,-22,SO-002411
MOV-002306,2026-01-29,PRD-0161,WH-002,Sales Issue,-20,SO-002413
MOV-002307,2026-05-28,PRD-0004,WH-002,Sales Issue,-6,SO-002414
MOV-002308,2024-12-10,PRD-0120,WH-004,Sales Issue,-5,SO-002415
MOV-002309,2026-08-11,PRD-0382,WH-005,Sales Issue,-26,SO-002416
MOV-002310,2025-09-13,PRD-0182,WH-001,Sales Issue,-10,SO-002418
MOV-002311,2025-03-01,PRD-0374,WH-003,Sales Issue,-17,SO-002419
MOV-002312,2025-02-23,PRD-0249,WH-005,Sales Issue,-9,SO-002420
MOV-002313,2026-06-21,PRD-0292,WH-002,Sales Issue,-23,SO-002422
MOV-002314,2026-05-14,PRD-0067,WH-003,Sales Issue,-15,SO-002423
MOV-002315,2026-03-09,PRD-0115,WH-004,Sales Issue,-12,SO-002424
MOV-002316,2025-09-23,PRD-0118,WH-001,Sales Issue,-6,SO-002426
MOV-002317,2024-12-19,PRD-0037,WH-002,Sales Issue,-12,SO-002428
MOV-002318,2026-09-29,PRD-0039,WH-002,Sales Issue,-21,SO-002429
MOV-002319,2024-11-17,PRD-0301,WH-003,Sales Issue,-4,SO-002431
MOV-002320,2025-04-09,PRD-0160,WH-001,Sales Issue,-16,SO-002432
MOV-002321,2026-04-03,PRD-0408,WH-002,Sales Issue,-12,SO-002433
MOV-002322,2026-03-23,PRD-0092,WH-004,Sales Issue,-22,SO-002434
MOV-002323,2026-09-08,PRD-0379,WH-002,Sales Issue,-23,SO-002435
MOV-002324,2025-10-08,PRD-0197,WH-003,Sales Issue,-26,SO-002436
MOV-002325,2025-09-28,PRD-0148,WH-004,Sales Issue,-8,SO-002437
MOV-002326,2025-09-16,PRD-0156,WH-003,Sales Issue,-3,SO-002438
MOV-002327,2025-11-15,PRD-0319,WH-005,Sales Issue,-13,SO-002439
MOV-002328,2024-11-07,PRD-0285,WH-004,Sales Issue,-25,SO-002440
MOV-002329,2025-02-01,PRD-0299,WH-003,Sales Issue,-11,SO-002441
MOV-002330,2026-03-28,PRD-0432,WH-005,Sales Issue,-30,SO-002442
MOV-002331,2026-06-29,PRD-0030,WH-005,Sales Issue,-27,SO-002444
MOV-002332,2025-05-22,PRD-0197,WH-003,Sales Issue,-30,SO-002445
MOV-002333,2025-11-19,PRD-0242,WH-003,Sales Issue,-4,SO-002446
MOV-002334,2026-07-04,PRD-0297,WH-004,Sales Issue,-8,SO-002447
MOV-002335,2025-08-01,PRD-0035,WH-001,Sales Issue,-2,SO-002448
MOV-002336,2025-03-18,PRD-0492,WH-001,Sales Issue,-22,SO-002449
MOV-002337,2026-03-04,PRD-0023,WH-004,Sales Issue,-12,SO-002450
MOV-002338,2024-10-21,PRD-0337,WH-001,Sales Issue,-18,SO-002451
MOV-002339,2025-07-21,PRD-0352,WH-001,Sales Issue,-28,SO-002452
MOV-002340,2026-03-17,PRD-0094,WH-003,Sales Issue,-9,SO-002453
MOV-002341,2025-04-12,PRD-0466,WH-005,Sales Issue,-2,SO-002455
MOV-002342,2025-12-03,PRD-0124,WH-002,Sales Issue,-19,SO-002456
MOV-002343,2024-12-22,PRD-0064,WH-005,Sales Issue,-27,SO-002457
MOV-002344,2025-07-09,PRD-0244,WH-002,Sales Issue,-18,SO-002458
MOV-002345,2025-06-20,PRD-0110,WH-005,Sales Issue,-7,SO-002459
MOV-002346,2025-04-19,PRD-0246,WH-003,Sales Issue,-13,SO-002460
MOV-002347,2025-05-22,PRD-0356,WH-001,Sales Issue,-26,SO-002461
MOV-002348,2024-10-20,PRD-0063,WH-004,Sales Issue,-13,SO-002462
MOV-002349,2026-09-25,PRD-0214,WH-003,Sales Issue,-4,SO-002464
MOV-002350,2026-01-30,PRD-0394,WH-005,Sales Issue,-29,SO-002465
MOV-002351,2025-02-13,PRD-0079,WH-001,Sales Issue,-3,SO-002466
MOV-002352,2025-07-22,PRD-0440,WH-005,Sales Issue,-5,SO-002467
MOV-002353,2025-10-09,PRD-0007,WH-004,Sales Issue,-30,SO-002468
MOV-002354,2025-05-02,PRD-0486,WH-004,Sales Issue,-15,SO-002469
MOV-002355,2026-08-01,PRD-0477,WH-001,Sales Issue,-1,SO-002470
MOV-002356,2026-03-25,PRD-0343,WH-001,Sales Issue,-11,SO-002471
MOV-002357,2026-03-17,PRD-0211,WH-005,Sales Issue,-19,SO-002472
MOV-002358,2024-12-25,PRD-0243,WH-003,Sales Issue,-7,SO-002474
MOV-002359,2026-08-22,PRD-0442,WH-001,Sales Issue,-17,SO-002476
MOV-002360,2025-06-29,PRD-0393,WH-004,Sales Issue,-9,SO-002477
MOV-002361,2025-07-12,PRD-0413,WH-004,Sales Issue,-23,SO-002479
MOV-002362,2024-11-06,PRD-0085,WH-001,Sales Issue,-2,SO-002480
MOV-002363,2025-12-20,PRD-0374,WH-003,Sales Issue,-13,SO-002481
MOV-002364,2026-08-09,PRD-0123,WH-005,Sales Issue,-23,SO-002482
MOV-002365,2026-02-10,PRD-0217,WH-001,Sales Issue,-23,SO-002483
MOV-002366,2025-10-09,PRD-0019,WH-004,Sales Issue,-26,SO-002484
MOV-002367,2024-11-08,PRD-0185,WH-004,Sales Issue,-29,SO-002485
MOV-002368,2026-04-25,PRD-0243,WH-003,Sales Issue,-14,SO-002486
MOV-002369,2024-11-11,PRD-0042,WH-004,Sales Issue,-28,SO-002487
MOV-002370,2026-08-30,PRD-0038,WH-005,Sales Issue,-27,SO-002489
MOV-002371,2025-01-09,PRD-0402,WH-002,Sales Issue,-28,SO-002490
MOV-002372,2025-04-22,PRD-0110,WH-005,Sales Issue,-2,SO-002491
MOV-002373,2026-03-17,PRD-0210,WH-005,Sales Issue,-15,SO-002492
MOV-002374,2026-08-29,PRD-0289,WH-002,Sales Issue,-2,SO-002493
MOV-002375,2025-07-12,PRD-0137,WH-002,Sales Issue,-21,SO-002495
MOV-002376,2026-06-25,PRD-0235,WH-004,Sales Issue,-8,SO-002497
MOV-002377,2024-12-30,PRD-0469,WH-001,Sales Issue,-11,SO-002498
MOV-002378,2026-03-18,PRD-0335,WH-001,Sales Issue,-3,SO-002499
MOV-002379,2024-11-22,PRD-0008,WH-005,Sales Issue,-18,SO-002500
MOV-002380,2024-10-09,PRD-0019,WH-004,Sales Issue,-29,SO-002501
MOV-002381,2025-02-04,PRD-0028,WH-003,Sales Issue,-17,SO-002502
MOV-002382,2024-11-24,PRD-0165,WH-001,Sales Issue,-30,SO-002503
MOV-002383,2026-03-27,PRD-0172,WH-004,Sales Issue,-17,SO-002504
MOV-002384,2024-10-01,PRD-0299,WH-003,Sales Issue,-29,SO-002505
MOV-002385,2026-03-31,PRD-0444,WH-002,Sales Issue,-16,SO-002506
MOV-002386,2026-02-04,PRD-0014,WH-003,Sales Issue,-25,SO-002507
MOV-002387,2024-12-16,PRD-0239,WH-003,Sales Issue,-7,SO-002508
MOV-002388,2025-05-16,PRD-0234,WH-004,Sales Issue,-22,SO-002509
MOV-002389,2025-12-09,PRD-0210,WH-005,Sales Issue,-25,SO-002510
MOV-002390,2026-05-23,PRD-0062,WH-004,Sales Issue,-2,SO-002511
MOV-002391,2025-06-08,PRD-0139,WH-005,Sales Issue,-12,SO-002512
MOV-002392,2025-05-03,PRD-0162,WH-001,Sales Issue,-18,SO-002513
MOV-002393,2026-09-24,PRD-0025,WH-002,Sales Issue,-9,SO-002514
MOV-002394,2024-12-23,PRD-0261,WH-001,Sales Issue,-26,SO-002515
MOV-002395,2025-02-26,PRD-0054,WH-003,Sales Issue,-24,SO-002516
MOV-002396,2026-08-21,PRD-0459,WH-005,Sales Issue,-25,SO-002517
MOV-002397,2026-05-27,PRD-0447,WH-005,Sales Issue,-18,SO-002518
MOV-002398,2025-04-03,PRD-0151,WH-001,Sales Issue,-1,SO-002519
MOV-002399,2025-02-05,PRD-0183,WH-004,Sales Issue,-1,SO-002520
MOV-002400,2026-08-19,PRD-0072,WH-005,Sales Issue,-13,SO-002521
MOV-002401,2025-06-08,PRD-0052,WH-002,Sales Issue,-1,SO-002523
MOV-002402,2026-06-10,PRD-0330,WH-001,Sales Issue,-6,SO-002524
MOV-002403,2025-01-05,PRD-0154,WH-002,Sales Issue,-13,SO-002525
MOV-002404,2026-09-30,PRD-0086,WH-002,Sales Issue,-8,SO-002526
MOV-002405,2025-06-09,PRD-0091,WH-004,Sales Issue,-21,SO-002527
MOV-002406,2026-09-09,PRD-0021,WH-005,Sales Issue,-9,SO-002528
MOV-002407,2026-01-22,PRD-0046,WH-002,Sales Issue,-19,SO-002529
MOV-002408,2024-10-06,PRD-0034,WH-003,Sales Issue,-13,SO-002530
MOV-002409,2026-07-07,PRD-0423,WH-003,Sales Issue,-5,SO-002531
MOV-002410,2025-09-20,PRD-0303,WH-005,Sales Issue,-14,SO-002532
MOV-002411,2025-05-27,PRD-0347,WH-004,Sales Issue,-9,SO-002536
MOV-002412,2024-11-17,PRD-0413,WH-004,Sales Issue,-16,SO-002537
MOV-002413,2025-04-19,PRD-0302,WH-003,Sales Issue,-16,SO-002538
MOV-002414,2025-08-15,PRD-0147,WH-003,Sales Issue,-15,SO-002539
MOV-002415,2026-05-01,PRD-0390,WH-005,Sales Issue,-24,SO-002540
MOV-002416,2026-01-24,PRD-0251,WH-002,Sales Issue,-8,SO-002541
MOV-002417,2026-09-16,PRD-0302,WH-003,Sales Issue,-7,SO-002542
MOV-002418,2026-06-15,PRD-0160,WH-001,Sales Issue,-2,SO-002544
MOV-002419,2024-10-20,PRD-0415,WH-003,Sales Issue,-24,SO-002545
MOV-002420,2025-08-10,PRD-0498,WH-003,Sales Issue,-24,SO-002547
MOV-002421,2026-05-09,PRD-0034,WH-003,Sales Issue,-6,SO-002548
MOV-002422,2025-09-19,PRD-0276,WH-001,Sales Issue,-16,SO-002549
MOV-002423,2025-01-13,PRD-0250,WH-004,Sales Issue,-12,SO-002550
MOV-002424,2025-04-04,PRD-0229,WH-002,Sales Issue,-30,SO-002551
MOV-002425,2025-09-28,PRD-0053,WH-003,Sales Issue,-15,SO-002552
MOV-002426,2026-01-03,PRD-0091,WH-004,Sales Issue,-17,SO-002553
MOV-002427,2026-09-25,PRD-0029,WH-005,Sales Issue,-30,SO-002554
MOV-002428,2025-09-18,PRD-0339,WH-002,Sales Issue,-27,SO-002555
MOV-002429,2025-04-05,PRD-0042,WH-004,Sales Issue,-13,SO-002557
MOV-002430,2025-08-29,PRD-0336,WH-004,Sales Issue,-18,SO-002558
MOV-002431,2025-07-22,PRD-0141,WH-001,Sales Issue,-5,SO-002561
MOV-002432,2025-06-29,PRD-0166,WH-004,Sales Issue,-2,SO-002562
MOV-002433,2025-02-18,PRD-0410,WH-002,Sales Issue,-14,SO-002564
MOV-002434,2026-08-21,PRD-0290,WH-003,Sales Issue,-27,SO-002565
MOV-002435,2025-04-16,PRD-0110,WH-005,Sales Issue,-8,SO-002568
MOV-002436,2025-07-12,PRD-0122,WH-002,Sales Issue,-12,SO-002569
MOV-002437,2024-12-26,PRD-0318,WH-005,Sales Issue,-5,SO-002570
MOV-002438,2025-04-15,PRD-0024,WH-005,Sales Issue,-1,SO-002571
MOV-002439,2025-10-23,PRD-0103,WH-003,Sales Issue,-29,SO-002572
MOV-002440,2025-07-02,PRD-0425,WH-002,Sales Issue,-4,SO-002573
MOV-002441,2025-08-03,PRD-0299,WH-003,Sales Issue,-12,SO-002574
MOV-002442,2025-06-16,PRD-0372,WH-002,Sales Issue,-10,SO-002575
MOV-002443,2026-02-14,PRD-0103,WH-003,Sales Issue,-5,SO-002576
MOV-002444,2025-12-04,PRD-0266,WH-002,Sales Issue,-28,SO-002577
MOV-002445,2025-06-29,PRD-0463,WH-003,Sales Issue,-25,SO-002578
MOV-002446,2025-03-21,PRD-0367,WH-005,Sales Issue,-26,SO-002579
MOV-002447,2025-01-14,PRD-0407,WH-002,Sales Issue,-8,SO-002580
MOV-002448,2025-11-09,PRD-0470,WH-004,Sales Issue,-16,SO-002582
MOV-002449,2024-11-21,PRD-0242,WH-003,Sales Issue,-23,SO-002585
MOV-002450,2025-08-19,PRD-0056,WH-004,Sales Issue,-12,SO-002586
MOV-002451,2024-10-17,PRD-0299,WH-003,Sales Issue,-25,SO-002588
MOV-002452,2025-12-31,PRD-0323,WH-005,Sales Issue,-19,SO-002589
MOV-002453,2025-05-16,PRD-0293,WH-004,Sales Issue,-12,SO-002590
MOV-002454,2025-12-31,PRD-0330,WH-001,Sales Issue,-10,SO-002591
MOV-002455,2026-03-24,PRD-0312,WH-002,Sales Issue,-6,SO-002592
MOV-002456,2025-12-06,PRD-0434,WH-003,Sales Issue,-21,SO-002593
MOV-002457,2024-10-04,PRD-0280,WH-005,Sales Issue,-13,SO-002594
MOV-002458,2024-12-12,PRD-0489,WH-005,Sales Issue,-28,SO-002597
MOV-002459,2024-10-23,PRD-0432,WH-005,Sales Issue,-2,SO-002598
MOV-002460,2025-04-18,PRD-0437,WH-003,Sales Issue,-4,SO-002600
MOV-002461,2026-07-18,PRD-0262,WH-002,Sales Issue,-14,SO-002601
MOV-002462,2025-06-01,PRD-0071,WH-001,Sales Issue,-21,SO-002602
MOV-002463,2026-01-10,PRD-0264,WH-004,Sales Issue,-14,SO-002603
MOV-002464,2026-04-09,PRD-0064,WH-005,Sales Issue,-6,SO-002604
MOV-002465,2024-11-14,PRD-0425,WH-002,Sales Issue,-4,SO-002605
MOV-002466,2025-12-12,PRD-0016,WH-001,Sales Issue,-3,SO-002606
MOV-002467,2025-05-30,PRD-0308,WH-004,Sales Issue,-14,SO-002607
MOV-002468,2026-03-16,PRD-0231,WH-001,Sales Issue,-4,SO-002608
MOV-002469,2024-12-03,PRD-0433,WH-004,Sales Issue,-18,SO-002610
MOV-002470,2025-11-29,PRD-0062,WH-004,Sales Issue,-9,SO-002611
MOV-002471,2026-03-26,PRD-0450,WH-004,Sales Issue,-30,SO-002613
MOV-002472,2025-04-19,PRD-0192,WH-004,Sales Issue,-21,SO-002616
MOV-002473,2026-08-12,PRD-0276,WH-001,Sales Issue,-29,SO-002617
MOV-002474,2025-12-24,PRD-0361,WH-003,Sales Issue,-7,SO-002618
MOV-002475,2025-08-28,PRD-0201,WH-001,Sales Issue,-19,SO-002619
MOV-002476,2024-11-10,PRD-0110,WH-005,Sales Issue,-14,SO-002620
MOV-002477,2026-06-23,PRD-0046,WH-002,Sales Issue,-5,SO-002621
MOV-002478,2025-02-01,PRD-0071,WH-001,Sales Issue,-17,SO-002622
MOV-002479,2025-05-30,PRD-0148,WH-004,Sales Issue,-29,SO-002623
MOV-002480,2025-02-15,PRD-0258,WH-003,Sales Issue,-24,SO-002624
MOV-002481,2026-05-18,PRD-0428,WH-005,Sales Issue,-27,SO-002625
MOV-002482,2026-02-12,PRD-0240,WH-002,Sales Issue,-23,SO-002627
MOV-002483,2025-01-18,PRD-0026,WH-004,Sales Issue,-6,SO-002628
MOV-002484,2026-06-14,PRD-0168,WH-003,Sales Issue,-23,SO-002629
MOV-002485,2025-04-14,PRD-0075,WH-003,Sales Issue,-6,SO-002630
MOV-002486,2026-04-25,PRD-0324,WH-002,Sales Issue,-23,SO-002631
MOV-002487,2025-12-05,PRD-0435,WH-004,Sales Issue,-1,SO-002632
MOV-002488,2026-03-18,PRD-0491,WH-004,Sales Issue,-17,SO-002633
MOV-002489,2024-10-28,PRD-0365,WH-002,Sales Issue,-4,SO-002634
MOV-002490,2024-11-19,PRD-0197,WH-003,Sales Issue,-26,SO-002635
MOV-002491,2025-10-24,PRD-0170,WH-002,Sales Issue,-11,SO-002636
MOV-002492,2024-11-02,PRD-0455,WH-005,Sales Issue,-16,SO-002638
MOV-002493,2025-11-06,PRD-0377,WH-002,Sales Issue,-2,SO-002639
MOV-002494,2026-09-24,PRD-0393,WH-004,Sales Issue,-15,SO-002640
MOV-002495,2024-10-24,PRD-0157,WH-003,Sales Issue,-28,SO-002641
MOV-002496,2024-10-17,PRD-0137,WH-002,Sales Issue,-5,SO-002642
MOV-002497,2024-11-19,PRD-0441,WH-005,Sales Issue,-13,SO-002643
MOV-002498,2025-09-20,PRD-0358,WH-004,Sales Issue,-11,SO-002644
MOV-002499,2025-10-28,PRD-0331,WH-004,Sales Issue,-16,SO-002645
MOV-002500,2026-05-08,PRD-0035,WH-001,Sales Issue,-15,SO-002646
MOV-002501,2026-09-29,PRD-0168,WH-003,Sales Issue,-16,SO-002647
MOV-002502,2026-08-14,PRD-0426,WH-001,Sales Issue,-16,SO-002648
MOV-002503,2025-12-17,PRD-0260,WH-002,Sales Issue,-8,SO-002649
MOV-002504,2025-08-30,PRD-0230,WH-005,Sales Issue,-17,SO-002650
MOV-002505,2026-08-26,PRD-0102,WH-005,Sales Issue,-28,SO-002652
MOV-002506,2026-07-12,PRD-0393,WH-004,Sales Issue,-22,SO-002653
MOV-002507,2025-01-26,PRD-0247,WH-003,Sales Issue,-24,SO-002656
MOV-002508,2026-05-02,PRD-0068,WH-004,Sales Issue,-24,SO-002657
MOV-002509,2025-06-08,PRD-0481,WH-003,Sales Issue,-11,SO-002658
MOV-002510,2024-11-23,PRD-0298,WH-002,Sales Issue,-24,SO-002659
MOV-002511,2025-03-11,PRD-0254,WH-004,Sales Issue,-19,SO-002661
MOV-002512,2025-08-05,PRD-0435,WH-004,Sales Issue,-29,SO-002662
MOV-002513,2025-10-23,PRD-0073,WH-003,Sales Issue,-15,SO-002663
MOV-002514,2025-06-21,PRD-0279,WH-001,Sales Issue,-26,SO-002664
MOV-002515,2025-07-19,PRD-0087,WH-003,Sales Issue,-23,SO-002666
MOV-002516,2024-11-20,PRD-0115,WH-004,Sales Issue,-26,SO-002667
MOV-002517,2025-03-10,PRD-0325,WH-005,Sales Issue,-20,SO-002669
MOV-002518,2026-02-19,PRD-0402,WH-002,Sales Issue,-11,SO-002670
MOV-002519,2026-01-21,PRD-0228,WH-002,Sales Issue,-9,SO-002671
MOV-002520,2026-09-13,PRD-0126,WH-001,Sales Issue,-3,SO-002672
MOV-002521,2025-05-31,PRD-0155,WH-005,Sales Issue,-14,SO-002673
MOV-002522,2025-09-25,PRD-0452,WH-005,Sales Issue,-10,SO-002674
MOV-002523,2026-01-04,PRD-0054,WH-003,Sales Issue,-5,SO-002676
MOV-002524,2026-08-06,PRD-0215,WH-001,Sales Issue,-2,SO-002678
MOV-002525,2025-02-09,PRD-0346,WH-002,Sales Issue,-8,SO-002679
MOV-002526,2025-04-08,PRD-0111,WH-003,Sales Issue,-7,SO-002680
MOV-002527,2025-03-23,PRD-0340,WH-001,Sales Issue,-14,SO-002681
MOV-002528,2026-05-28,PRD-0378,WH-002,Sales Issue,-15,SO-002682
MOV-002529,2024-12-19,PRD-0319,WH-005,Sales Issue,-3,SO-002683
MOV-002530,2025-05-17,PRD-0254,WH-004,Sales Issue,-9,SO-002684
MOV-002531,2026-06-11,PRD-0481,WH-003,Sales Issue,-29,SO-002685
MOV-002532,2026-04-10,PRD-0106,WH-002,Sales Issue,-9,SO-002686
MOV-002533,2025-05-01,PRD-0196,WH-003,Sales Issue,-28,SO-002687
MOV-002534,2024-12-13,PRD-0090,WH-001,Sales Issue,-13,SO-002688
MOV-002535,2026-06-27,PRD-0075,WH-003,Sales Issue,-29,SO-002689
MOV-002536,2025-10-11,PRD-0198,WH-002,Sales Issue,-11,SO-002690
MOV-002537,2026-08-10,PRD-0287,WH-003,Sales Issue,-4,SO-002691
MOV-002538,2025-03-11,PRD-0249,WH-005,Sales Issue,-1,SO-002692
MOV-002539,2026-09-25,PRD-0199,WH-004,Sales Issue,-5,SO-002693
MOV-002540,2025-09-19,PRD-0127,WH-002,Sales Issue,-8,SO-002694
MOV-002541,2026-09-30,PRD-0184,WH-003,Sales Issue,-2,SO-002695
MOV-002542,2024-12-12,PRD-0103,WH-003,Sales Issue,-21,SO-002696
MOV-002543,2025-03-22,PRD-0346,WH-002,Sales Issue,-17,SO-002697
MOV-002544,2025-10-30,PRD-0173,WH-004,Sales Issue,-11,SO-002699
MOV-002545,2026-05-17,PRD-0086,WH-002,Sales Issue,-30,SO-002700
MOV-002546,2025-10-23,PRD-0460,WH-002,Sales Issue,-7,SO-002701
MOV-002547,2025-07-07,PRD-0030,WH-005,Sales Issue,-7,SO-002702
MOV-002548,2024-12-01,PRD-0222,WH-005,Sales Issue,-4,SO-002703
MOV-002549,2025-03-22,PRD-0494,WH-001,Sales Issue,-3,SO-002704
MOV-002550,2026-09-18,PRD-0240,WH-002,Sales Issue,-2,SO-002705
MOV-002551,2025-04-14,PRD-0382,WH-005,Sales Issue,-4,SO-002706
MOV-002552,2024-10-08,PRD-0056,WH-004,Sales Issue,-20,SO-002707
MOV-002553,2026-09-01,PRD-0413,WH-004,Sales Issue,-10,SO-002708
MOV-002554,2025-04-13,PRD-0379,WH-002,Sales Issue,-28,SO-002709
MOV-002555,2025-11-21,PRD-0371,WH-002,Sales Issue,-14,SO-002710
MOV-002556,2025-06-01,PRD-0089,WH-002,Sales Issue,-20,SO-002711
MOV-002557,2024-12-29,PRD-0220,WH-001,Sales Issue,-30,SO-002712
MOV-002558,2024-11-20,PRD-0114,WH-001,Sales Issue,-25,SO-002713
MOV-002559,2026-04-14,PRD-0135,WH-005,Sales Issue,-15,SO-002714
MOV-002560,2024-10-02,PRD-0153,WH-004,Sales Issue,-11,SO-002715
MOV-002561,2025-01-04,PRD-0438,WH-002,Sales Issue,-20,SO-002716
MOV-002562,2026-01-08,PRD-0123,WH-005,Sales Issue,-28,SO-002718
MOV-002563,2024-12-19,PRD-0052,WH-002,Sales Issue,-12,SO-002719
MOV-002564,2026-07-23,PRD-0497,WH-003,Sales Issue,-4,SO-002720
MOV-002565,2025-01-07,PRD-0209,WH-005,Sales Issue,-1,SO-002722
MOV-002566,2025-10-09,PRD-0129,WH-003,Sales Issue,-17,SO-002723
MOV-002567,2025-11-26,PRD-0454,WH-005,Sales Issue,-1,SO-002724
MOV-002568,2024-10-10,PRD-0109,WH-001,Sales Issue,-18,SO-002726
MOV-002569,2025-11-11,PRD-0327,WH-005,Sales Issue,-6,SO-002727
MOV-002570,2024-11-19,PRD-0337,WH-001,Sales Issue,-4,SO-002728
MOV-002571,2025-10-04,PRD-0179,WH-003,Sales Issue,-6,SO-002729
MOV-002572,2025-04-22,PRD-0231,WH-001,Sales Issue,-10,SO-002730
MOV-002573,2026-02-21,PRD-0485,WH-005,Sales Issue,-2,SO-002731
MOV-002574,2024-12-26,PRD-0219,WH-005,Sales Issue,-18,SO-002732
MOV-002575,2026-04-22,PRD-0439,WH-004,Sales Issue,-18,SO-002734
MOV-002576,2025-06-03,PRD-0180,WH-005,Sales Issue,-18,SO-002736
MOV-002577,2025-01-18,PRD-0452,WH-005,Sales Issue,-20,SO-002737
MOV-002578,2025-03-31,PRD-0421,WH-004,Sales Issue,-13,SO-002738
MOV-002579,2026-02-19,PRD-0440,WH-005,Sales Issue,-3,SO-002740
MOV-002580,2024-12-07,PRD-0058,WH-003,Sales Issue,-22,SO-002741
MOV-002581,2025-05-18,PRD-0338,WH-003,Sales Issue,-11,SO-002742
MOV-002582,2025-05-06,PRD-0009,WH-001,Sales Issue,-7,SO-002743
MOV-002583,2024-11-25,PRD-0331,WH-004,Sales Issue,-21,SO-002744
MOV-002584,2024-12-15,PRD-0005,WH-001,Sales Issue,-10,SO-002745
MOV-002585,2026-04-22,PRD-0277,WH-004,Sales Issue,-19,SO-002746
MOV-002586,2025-04-15,PRD-0064,WH-005,Sales Issue,-23,SO-002748
MOV-002587,2025-04-05,PRD-0318,WH-005,Sales Issue,-28,SO-002749
MOV-002588,2025-06-04,PRD-0059,WH-004,Sales Issue,-10,SO-002750
MOV-002589,2025-11-22,PRD-0236,WH-002,Sales Issue,-4,SO-002751
MOV-002590,2026-03-28,PRD-0125,WH-005,Sales Issue,-4,SO-002752
MOV-002591,2025-09-23,PRD-0266,WH-002,Sales Issue,-12,SO-002754
MOV-002592,2024-11-02,PRD-0376,WH-005,Sales Issue,-11,SO-002755
MOV-002593,2025-07-11,PRD-0004,WH-002,Sales Issue,-6,SO-002756
MOV-002594,2026-01-17,PRD-0016,WH-001,Sales Issue,-26,SO-002757
MOV-002595,2026-02-11,PRD-0096,WH-004,Sales Issue,-27,SO-002758
MOV-002596,2026-05-06,PRD-0026,WH-004,Sales Issue,-20,SO-002759
MOV-002597,2025-08-15,PRD-0302,WH-003,Sales Issue,-11,SO-002760
MOV-002598,2024-10-24,PRD-0365,WH-002,Sales Issue,-12,SO-002762
MOV-002599,2026-07-20,PRD-0098,WH-001,Sales Issue,-5,SO-002763
MOV-002600,2026-09-18,PRD-0220,WH-001,Sales Issue,-21,SO-002764
MOV-002601,2026-07-17,PRD-0248,WH-001,Sales Issue,-23,SO-002768
MOV-002602,2025-12-30,PRD-0277,WH-004,Sales Issue,-15,SO-002769
MOV-002603,2025-11-12,PRD-0273,WH-002,Sales Issue,-13,SO-002770
MOV-002604,2025-02-02,PRD-0496,WH-003,Sales Issue,-16,SO-002771
MOV-002605,2025-08-14,PRD-0184,WH-003,Sales Issue,-4,SO-002773
MOV-002606,2026-07-21,PRD-0291,WH-005,Sales Issue,-14,SO-002774
MOV-002607,2025-05-11,PRD-0116,WH-005,Sales Issue,-1,SO-002775
MOV-002608,2025-07-24,PRD-0165,WH-001,Sales Issue,-3,SO-002776
MOV-002609,2025-09-07,PRD-0082,WH-001,Sales Issue,-29,SO-002777
MOV-002610,2026-03-21,PRD-0256,WH-002,Sales Issue,-11,SO-002778
MOV-002611,2026-03-14,PRD-0174,WH-001,Sales Issue,-23,SO-002779
MOV-002612,2025-03-02,PRD-0174,WH-001,Sales Issue,-27,SO-002780
MOV-002613,2026-05-29,PRD-0013,WH-004,Sales Issue,-12,SO-002782
MOV-002614,2025-10-31,PRD-0188,WH-005,Sales Issue,-27,SO-002783
MOV-002615,2025-07-18,PRD-0012,WH-005,Sales Issue,-17,SO-002784
MOV-002616,2025-07-14,PRD-0111,WH-003,Sales Issue,-15,SO-002785
MOV-002617,2026-02-13,PRD-0460,WH-002,Sales Issue,-27,SO-002786
MOV-002618,2026-07-06,PRD-0128,WH-002,Sales Issue,-23,SO-002787
MOV-002619,2026-03-06,PRD-0494,WH-001,Sales Issue,-4,SO-002788
MOV-002620,2025-09-16,PRD-0254,WH-004,Sales Issue,-3,SO-002789
MOV-002621,2025-07-17,PRD-0282,WH-004,Sales Issue,-1,SO-002790
MOV-002622,2025-01-03,PRD-0442,WH-001,Sales Issue,-3,SO-002791
MOV-002623,2025-03-30,PRD-0155,WH-005,Sales Issue,-23,SO-002792
MOV-002624,2025-04-20,PRD-0186,WH-001,Sales Issue,-3,SO-002793
MOV-002625,2025-11-03,PRD-0033,WH-001,Sales Issue,-30,SO-002794
MOV-002626,2025-07-06,PRD-0061,WH-003,Sales Issue,-26,SO-002795
MOV-002627,2026-03-25,PRD-0258,WH-003,Sales Issue,-23,SO-002796
MOV-002628,2024-11-09,PRD-0035,WH-001,Sales Issue,-8,SO-002797
MOV-002629,2025-07-23,PRD-0266,WH-002,Sales Issue,-16,SO-002798
MOV-002630,2025-03-06,PRD-0077,WH-002,Sales Issue,-25,SO-002801
MOV-002631,2025-09-01,PRD-0196,WH-003,Sales Issue,-28,SO-002803
MOV-002632,2026-08-22,PRD-0131,WH-003,Sales Issue,-26,SO-002804
MOV-002633,2024-10-17,PRD-0207,WH-002,Sales Issue,-18,SO-002805
MOV-002634,2025-01-27,PRD-0393,WH-004,Sales Issue,-20,SO-002806
MOV-002635,2026-04-08,PRD-0346,WH-002,Sales Issue,-24,SO-002807
MOV-002636,2024-12-19,PRD-0464,WH-001,Sales Issue,-22,SO-002808
MOV-002637,2025-12-29,PRD-0109,WH-001,Sales Issue,-1,SO-002809
MOV-002638,2025-03-05,PRD-0406,WH-005,Sales Issue,-3,SO-002810
MOV-002639,2026-05-02,PRD-0273,WH-002,Sales Issue,-20,SO-002813
MOV-002640,2026-02-01,PRD-0332,WH-004,Sales Issue,-28,SO-002814
MOV-002641,2025-03-17,PRD-0169,WH-003,Sales Issue,-19,SO-002815
MOV-002642,2025-11-10,PRD-0378,WH-002,Sales Issue,-3,SO-002816
MOV-002643,2024-11-13,PRD-0202,WH-003,Sales Issue,-3,SO-002817
MOV-002644,2026-08-15,PRD-0161,WH-002,Sales Issue,-7,SO-002818
MOV-002645,2026-03-18,PRD-0099,WH-002,Sales Issue,-24,SO-002819
MOV-002646,2025-06-11,PRD-0244,WH-002,Sales Issue,-2,SO-002820
MOV-002647,2026-03-21,PRD-0257,WH-003,Sales Issue,-25,SO-002821
MOV-002648,2026-02-06,PRD-0430,WH-002,Sales Issue,-18,SO-002822
MOV-002649,2026-01-17,PRD-0382,WH-005,Sales Issue,-12,SO-002824
MOV-002650,2025-03-03,PRD-0110,WH-005,Sales Issue,-19,SO-002825
MOV-002651,2026-02-20,PRD-0262,WH-002,Sales Issue,-1,SO-002829
MOV-002652,2025-09-22,PRD-0299,WH-003,Sales Issue,-26,SO-002830
MOV-002653,2025-07-10,PRD-0122,WH-002,Sales Issue,-30,SO-002831
MOV-002654,2025-01-01,PRD-0141,WH-001,Sales Issue,-28,SO-002833
MOV-002655,2024-12-04,PRD-0156,WH-003,Sales Issue,-12,SO-002834
MOV-002656,2025-05-30,PRD-0325,WH-005,Sales Issue,-4,SO-002835
MOV-002657,2025-08-16,PRD-0287,WH-003,Sales Issue,-10,SO-002836
MOV-002658,2025-08-29,PRD-0307,WH-003,Sales Issue,-29,SO-002837
MOV-002659,2026-02-09,PRD-0386,WH-005,Sales Issue,-30,SO-002838
MOV-002660,2025-02-03,PRD-0440,WH-005,Sales Issue,-19,SO-002839
MOV-002661,2026-04-24,PRD-0135,WH-005,Sales Issue,-29,SO-002840
MOV-002662,2025-04-13,PRD-0249,WH-005,Sales Issue,-22,SO-002841
MOV-002663,2025-06-24,PRD-0303,WH-005,Sales Issue,-13,SO-002842
MOV-002664,2025-02-14,PRD-0435,WH-004,Sales Issue,-16,SO-002844
MOV-002665,2026-02-10,PRD-0244,WH-002,Sales Issue,-24,SO-002845
MOV-002666,2025-12-28,PRD-0313,WH-004,Sales Issue,-29,SO-002846
MOV-002667,2026-08-01,PRD-0470,WH-004,Sales Issue,-29,SO-002847
MOV-002668,2024-11-13,PRD-0443,WH-001,Sales Issue,-24,SO-002848
MOV-002669,2026-03-24,PRD-0176,WH-002,Sales Issue,-14,SO-002849
MOV-002670,2025-03-07,PRD-0174,WH-001,Sales Issue,-24,SO-002850
MOV-002671,2026-04-08,PRD-0459,WH-005,Sales Issue,-28,SO-002851
MOV-002672,2026-05-25,PRD-0310,WH-003,Sales Issue,-5,SO-002852
MOV-002673,2026-05-09,PRD-0003,WH-001,Sales Issue,-25,SO-002853
MOV-002674,2026-07-17,PRD-0045,WH-001,Sales Issue,-12,SO-002854
MOV-002675,2024-10-08,PRD-0352,WH-001,Sales Issue,-5,SO-002855
MOV-002676,2025-01-21,PRD-0412,WH-002,Sales Issue,-6,SO-002856
MOV-002677,2025-08-15,PRD-0380,WH-003,Sales Issue,-25,SO-002857
MOV-002678,2026-03-29,PRD-0131,WH-003,Sales Issue,-15,SO-002858
MOV-002679,2025-08-27,PRD-0381,WH-001,Sales Issue,-29,SO-002859
MOV-002680,2026-01-28,PRD-0024,WH-005,Sales Issue,-11,SO-002860
MOV-002681,2025-07-23,PRD-0092,WH-004,Sales Issue,-19,SO-002861
MOV-002682,2026-08-08,PRD-0353,WH-005,Sales Issue,-6,SO-002862
MOV-002683,2025-07-08,PRD-0293,WH-004,Sales Issue,-6,SO-002863
MOV-002684,2026-03-12,PRD-0167,WH-002,Sales Issue,-21,SO-002866
MOV-002685,2026-08-28,PRD-0231,WH-001,Sales Issue,-23,SO-002867
MOV-002686,2025-10-24,PRD-0344,WH-004,Sales Issue,-8,SO-002868
MOV-002687,2025-05-12,PRD-0209,WH-005,Sales Issue,-2,SO-002869
MOV-002688,2026-08-24,PRD-0186,WH-001,Sales Issue,-10,SO-002870
MOV-002689,2025-02-12,PRD-0039,WH-002,Sales Issue,-25,SO-002871
MOV-002690,2026-03-09,PRD-0218,WH-003,Sales Issue,-3,SO-002872
MOV-002691,2025-03-01,PRD-0044,WH-001,Sales Issue,-23,SO-002873
MOV-002692,2024-10-21,PRD-0071,WH-001,Sales Issue,-10,SO-002874
MOV-002693,2026-01-12,PRD-0106,WH-002,Sales Issue,-24,SO-002875
MOV-002694,2026-05-11,PRD-0144,WH-005,Sales Issue,-22,SO-002876
MOV-002695,2025-02-19,PRD-0149,WH-004,Sales Issue,-28,SO-002877
MOV-002696,2025-08-01,PRD-0388,WH-002,Sales Issue,-20,SO-002878
MOV-002697,2026-07-20,PRD-0347,WH-004,Sales Issue,-7,SO-002879
MOV-002698,2025-05-18,PRD-0019,WH-004,Sales Issue,-4,SO-002880
MOV-002699,2024-12-25,PRD-0161,WH-002,Sales Issue,-5,SO-002882
MOV-002700,2026-08-07,PRD-0278,WH-003,Sales Issue,-7,SO-002883
MOV-002701,2025-10-09,PRD-0064,WH-005,Sales Issue,-21,SO-002884
MOV-002702,2026-09-29,PRD-0179,WH-003,Sales Issue,-1,SO-002885
MOV-002703,2024-12-05,PRD-0292,WH-002,Sales Issue,-22,SO-002886
MOV-002704,2025-10-15,PRD-0458,WH-001,Sales Issue,-20,SO-002887
MOV-002705,2024-10-27,PRD-0236,WH-002,Sales Issue,-27,SO-002888
MOV-002706,2025-12-19,PRD-0073,WH-003,Sales Issue,-23,SO-002890
MOV-002707,2026-05-06,PRD-0031,WH-005,Sales Issue,-10,SO-002891
MOV-002708,2025-05-18,PRD-0278,WH-003,Sales Issue,-11,SO-002892
MOV-002709,2025-11-30,PRD-0058,WH-003,Sales Issue,-30,SO-002893
MOV-002710,2025-11-04,PRD-0177,WH-005,Sales Issue,-10,SO-002894
MOV-002711,2024-12-22,PRD-0436,WH-004,Sales Issue,-1,SO-002895
MOV-002712,2026-03-15,PRD-0139,WH-005,Sales Issue,-4,SO-002896
MOV-002713,2025-06-20,PRD-0160,WH-001,Sales Issue,-3,SO-002897
MOV-002714,2024-10-17,PRD-0450,WH-004,Sales Issue,-11,SO-002898
MOV-002715,2025-09-13,PRD-0108,WH-002,Sales Issue,-8,SO-002899
MOV-002716,2024-12-15,PRD-0081,WH-004,Sales Issue,-3,SO-002900
MOV-002717,2025-11-19,PRD-0480,WH-001,Sales Issue,-16,SO-002901
MOV-002718,2025-12-22,PRD-0008,WH-005,Sales Issue,-3,SO-002902
MOV-002719,2024-11-08,PRD-0268,WH-004,Sales Issue,-2,SO-002903
MOV-002720,2025-01-28,PRD-0136,WH-001,Sales Issue,-8,SO-002904
MOV-002721,2025-04-23,PRD-0386,WH-005,Sales Issue,-17,SO-002905
MOV-002722,2024-12-30,PRD-0329,WH-005,Sales Issue,-4,SO-002906
MOV-002723,2026-08-30,PRD-0167,WH-002,Sales Issue,-15,SO-002907
MOV-002724,2026-02-15,PRD-0353,WH-005,Sales Issue,-4,SO-002908
MOV-002725,2025-08-12,PRD-0089,WH-002,Sales Issue,-21,SO-002909
MOV-002726,2026-05-26,PRD-0234,WH-004,Sales Issue,-18,SO-002910
MOV-002727,2025-02-12,PRD-0136,WH-001,Sales Issue,-19,SO-002911
MOV-002728,2025-04-27,PRD-0073,WH-003,Sales Issue,-24,SO-002912
MOV-002729,2025-04-16,PRD-0158,WH-002,Sales Issue,-13,SO-002913
MOV-002730,2025-06-14,PRD-0239,WH-003,Sales Issue,-22,SO-002914
MOV-002731,2025-09-16,PRD-0450,WH-004,Sales Issue,-20,SO-002915
MOV-002732,2024-10-27,PRD-0465,WH-004,Sales Issue,-28,SO-002916
MOV-002733,2025-06-10,PRD-0275,WH-004,Sales Issue,-19,SO-002917
MOV-002734,2025-03-07,PRD-0177,WH-005,Sales Issue,-11,SO-002918
MOV-002735,2025-11-11,PRD-0183,WH-004,Sales Issue,-6,SO-002919
MOV-002736,2024-10-25,PRD-0391,WH-002,Sales Issue,-25,SO-002920
MOV-002737,2024-12-05,PRD-0217,WH-001,Sales Issue,-26,SO-002921
MOV-002738,2024-12-21,PRD-0185,WH-004,Sales Issue,-15,SO-002923
MOV-002739,2025-12-22,PRD-0102,WH-005,Sales Issue,-3,SO-002924
MOV-002740,2024-11-05,PRD-0265,WH-004,Sales Issue,-7,SO-002925
MOV-002741,2024-12-24,PRD-0284,WH-002,Sales Issue,-6,SO-002927
MOV-002742,2025-01-05,PRD-0300,WH-002,Sales Issue,-21,SO-002930
MOV-002743,2025-01-27,PRD-0390,WH-005,Sales Issue,-3,SO-002931
MOV-002744,2026-06-28,PRD-0044,WH-001,Sales Issue,-9,SO-002932
MOV-002745,2026-03-09,PRD-0346,WH-002,Sales Issue,-7,SO-002933
MOV-002746,2025-03-12,PRD-0323,WH-005,Sales Issue,-29,SO-002934
MOV-002747,2025-11-20,PRD-0022,WH-002,Sales Issue,-27,SO-002936
MOV-002748,2025-03-21,PRD-0043,WH-002,Sales Issue,-26,SO-002939
MOV-002749,2025-09-17,PRD-0271,WH-003,Sales Issue,-21,SO-002941
MOV-002750,2025-03-27,PRD-0233,WH-005,Sales Issue,-23,SO-002942
MOV-002751,2025-11-08,PRD-0161,WH-002,Sales Issue,-19,SO-002943
MOV-002752,2024-10-18,PRD-0256,WH-002,Sales Issue,-26,SO-002944
MOV-002753,2025-05-24,PRD-0464,WH-001,Sales Issue,-28,SO-002945
MOV-002754,2025-03-04,PRD-0154,WH-002,Sales Issue,-29,SO-002946
MOV-002755,2025-03-09,PRD-0273,WH-002,Sales Issue,-30,SO-002947
MOV-002756,2024-12-14,PRD-0225,WH-001,Sales Issue,-29,SO-002950
MOV-002757,2024-12-06,PRD-0209,WH-005,Sales Issue,-22,SO-002951
MOV-002758,2025-07-17,PRD-0495,WH-002,Sales Issue,-12,SO-002952
MOV-002759,2026-08-05,PRD-0001,WH-003,Sales Issue,-19,SO-002953
MOV-002760,2026-02-22,PRD-0211,WH-005,Sales Issue,-25,SO-002955
MOV-002761,2026-09-22,PRD-0392,WH-003,Sales Issue,-11,SO-002956
MOV-002762,2026-01-01,PRD-0118,WH-001,Sales Issue,-2,SO-002957
MOV-002763,2024-11-24,PRD-0322,WH-001,Sales Issue,-29,SO-002958
MOV-002764,2025-03-13,PRD-0128,WH-002,Sales Issue,-17,SO-002959
MOV-002765,2025-07-21,PRD-0139,WH-005,Sales Issue,-16,SO-002961
MOV-002766,2025-11-19,PRD-0014,WH-003,Sales Issue,-24,SO-002962
MOV-002767,2026-09-06,PRD-0309,WH-003,Sales Issue,-20,SO-002963
MOV-002768,2025-12-13,PRD-0157,WH-003,Sales Issue,-22,SO-002964
MOV-002769,2026-02-07,PRD-0195,WH-004,Sales Issue,-7,SO-002966
MOV-002770,2025-11-19,PRD-0058,WH-003,Sales Issue,-25,SO-002967
MOV-002771,2025-12-01,PRD-0070,WH-003,Sales Issue,-10,SO-002968
MOV-002772,2026-01-25,PRD-0428,WH-005,Sales Issue,-27,SO-002970
MOV-002773,2024-11-29,PRD-0255,WH-004,Sales Issue,-14,SO-002972
MOV-002774,2026-01-28,PRD-0345,WH-003,Sales Issue,-20,SO-002973
MOV-002775,2026-03-12,PRD-0332,WH-004,Sales Issue,-4,SO-002974
MOV-002776,2024-10-05,PRD-0368,WH-004,Sales Issue,-8,SO-002975
MOV-002777,2025-11-01,PRD-0346,WH-002,Sales Issue,-12,SO-002976
MOV-002778,2025-08-17,PRD-0057,WH-004,Sales Issue,-20,SO-002977
MOV-002779,2026-08-28,PRD-0063,WH-004,Sales Issue,-27,SO-002981
MOV-002780,2024-11-17,PRD-0135,WH-005,Sales Issue,-28,SO-002982
MOV-002781,2026-06-18,PRD-0436,WH-004,Sales Issue,-21,SO-002983
MOV-002782,2026-03-13,PRD-0359,WH-004,Sales Issue,-17,SO-002984
MOV-002783,2024-10-18,PRD-0255,WH-004,Sales Issue,-11,SO-002985
MOV-002784,2024-12-22,PRD-0276,WH-001,Sales Issue,-10,SO-002986
MOV-002785,2026-09-04,PRD-0009,WH-001,Sales Issue,-30,SO-002987
MOV-002786,2025-01-07,PRD-0025,WH-002,Sales Issue,-2,SO-002988
MOV-002787,2025-04-19,PRD-0484,WH-001,Sales Issue,-5,SO-002989
MOV-002788,2026-01-27,PRD-0238,WH-005,Sales Issue,-9,SO-002990
MOV-002789,2025-06-15,PRD-0353,WH-005,Sales Issue,-2,SO-002991
MOV-002790,2025-09-13,PRD-0068,WH-004,Sales Issue,-26,SO-002992
MOV-002791,2026-05-18,PRD-0321,WH-001,Sales Issue,-30,SO-002994
MOV-002792,2025-06-24,PRD-0368,WH-004,Sales Issue,-20,SO-002995
MOV-002793,2025-12-13,PRD-0489,WH-005,Sales Issue,-5,SO-002996
MOV-002794,2026-02-09,PRD-0036,WH-001,Sales Issue,-7,SO-002997
MOV-002795,2025-04-14,PRD-0271,WH-003,Sales Issue,-21,SO-002998
MOV-002796,2026-03-01,PRD-0308,WH-004,Sales Issue,-5,SO-002999
MOV-002797,2024-11-04,PRD-0071,WH-001,Sales Issue,-21,SO-003000
MOV-002798,2025-03-14,PRD-0132,WH-003,Sales Issue,-30,SO-003001
MOV-002799,2025-04-15,PRD-0433,WH-004,Sales Issue,-13,SO-003002
MOV-002800,2025-03-04,PRD-0289,WH-002,Sales Issue,-25,SO-003006
MOV-002801,2024-12-03,PRD-0002,WH-001,Sales Issue,-9,SO-003007
MOV-002802,2026-09-18,PRD-0290,WH-003,Sales Issue,-22,SO-003008
MOV-002803,2025-01-06,PRD-0387,WH-004,Sales Issue,-3,SO-003009
MOV-002804,2025-11-05,PRD-0009,WH-001,Sales Issue,-21,SO-003011
MOV-002805,2024-12-04,PRD-0157,WH-003,Sales Issue,-4,SO-003012
MOV-002806,2026-02-16,PRD-0434,WH-003,Sales Issue,-5,SO-003013
MOV-002807,2025-01-26,PRD-0132,WH-003,Sales Issue,-18,SO-003014
MOV-002808,2024-11-26,PRD-0346,WH-002,Sales Issue,-23,SO-003015
MOV-002809,2026-08-17,PRD-0351,WH-002,Sales Issue,-5,SO-003016
MOV-002810,2024-10-01,PRD-0237,WH-005,Sales Issue,-26,SO-003018
MOV-002811,2026-06-25,PRD-0398,WH-003,Sales Issue,-23,SO-003019
MOV-002812,2025-06-12,PRD-0174,WH-001,Sales Issue,-27,SO-003020
MOV-002813,2025-11-24,PRD-0177,WH-005,Sales Issue,-27,SO-003021
MOV-002814,2025-03-31,PRD-0147,WH-003,Sales Issue,-21,SO-003023
MOV-002815,2026-07-15,PRD-0433,WH-004,Sales Issue,-12,SO-003024
MOV-002816,2026-08-13,PRD-0223,WH-002,Sales Issue,-30,SO-003025
MOV-002817,2025-10-18,PRD-0132,WH-003,Sales Issue,-19,SO-003026
MOV-002818,2024-10-24,PRD-0081,WH-004,Sales Issue,-24,SO-003027
MOV-002819,2024-11-11,PRD-0174,WH-001,Sales Issue,-4,SO-003028
MOV-002820,2025-06-28,PRD-0120,WH-004,Sales Issue,-29,SO-003029
MOV-002821,2025-07-09,PRD-0451,WH-001,Sales Issue,-25,SO-003031
MOV-002822,2025-01-06,PRD-0480,WH-001,Sales Issue,-12,SO-003033
MOV-002823,2024-10-27,PRD-0387,WH-004,Sales Issue,-30,SO-003034
MOV-002824,2026-08-01,PRD-0179,WH-003,Sales Issue,-16,SO-003035
MOV-002825,2025-04-05,PRD-0035,WH-001,Sales Issue,-14,SO-003036
MOV-002826,2024-12-19,PRD-0402,WH-002,Sales Issue,-19,SO-003037
MOV-002827,2026-08-05,PRD-0004,WH-002,Sales Issue,-17,SO-003038
MOV-002828,2024-10-11,PRD-0190,WH-003,Sales Issue,-6,SO-003039
MOV-002829,2024-12-15,PRD-0127,WH-002,Sales Issue,-17,SO-003040
MOV-002830,2025-07-07,PRD-0086,WH-002,Sales Issue,-15,SO-003041
MOV-002831,2026-06-27,PRD-0473,WH-002,Sales Issue,-22,SO-003042
MOV-002832,2025-12-31,PRD-0086,WH-002,Sales Issue,-29,SO-003044
MOV-002833,2026-06-08,PRD-0070,WH-003,Sales Issue,-29,SO-003045
MOV-002834,2024-11-14,PRD-0142,WH-001,Sales Issue,-22,SO-003046
MOV-002835,2025-01-09,PRD-0246,WH-003,Sales Issue,-3,SO-003047
MOV-002836,2024-10-14,PRD-0375,WH-005,Sales Issue,-7,SO-003048
MOV-002837,2025-11-06,PRD-0333,WH-005,Sales Issue,-27,SO-003051
MOV-002838,2026-01-25,PRD-0132,WH-003,Sales Issue,-23,SO-003052
MOV-002839,2025-10-10,PRD-0457,WH-004,Sales Issue,-5,SO-003053
MOV-002840,2025-04-02,PRD-0368,WH-004,Sales Issue,-30,SO-003054
MOV-002841,2025-11-05,PRD-0195,WH-004,Sales Issue,-30,SO-003055
MOV-002842,2025-04-02,PRD-0421,WH-004,Sales Issue,-1,SO-003057
MOV-002843,2025-08-29,PRD-0459,WH-005,Sales Issue,-1,SO-003058
MOV-002844,2024-12-17,PRD-0049,WH-005,Sales Issue,-12,SO-003059
MOV-002845,2026-08-12,PRD-0161,WH-002,Sales Issue,-8,SO-003060
MOV-002846,2026-04-28,PRD-0479,WH-004,Sales Issue,-10,SO-003061
MOV-002847,2025-05-19,PRD-0007,WH-004,Sales Issue,-6,SO-003062
MOV-002848,2026-07-21,PRD-0154,WH-002,Sales Issue,-11,SO-003063
MOV-002849,2024-12-01,PRD-0395,WH-004,Sales Issue,-2,SO-003064
MOV-002850,2026-02-26,PRD-0376,WH-005,Sales Issue,-5,SO-003065
MOV-002851,2026-04-18,PRD-0086,WH-002,Sales Issue,-4,SO-003067
MOV-002852,2025-09-29,PRD-0362,WH-003,Sales Issue,-6,SO-003068
MOV-002853,2026-02-15,PRD-0205,WH-002,Sales Issue,-8,SO-003069
MOV-002854,2026-04-15,PRD-0467,WH-002,Sales Issue,-15,SO-003070
MOV-002855,2026-02-13,PRD-0499,WH-004,Sales Issue,-8,SO-003071
MOV-002856,2024-10-27,PRD-0480,WH-001,Sales Issue,-25,SO-003073
MOV-002857,2025-03-10,PRD-0030,WH-005,Sales Issue,-16,SO-003074
MOV-002858,2026-07-23,PRD-0217,WH-001,Sales Issue,-1,SO-003075
MOV-002859,2025-01-11,PRD-0453,WH-001,Sales Issue,-1,SO-003076
MOV-002860,2025-02-21,PRD-0214,WH-003,Sales Issue,-12,SO-003077
MOV-002861,2025-06-09,PRD-0243,WH-003,Sales Issue,-24,SO-003078
MOV-002862,2026-01-12,PRD-0330,WH-001,Sales Issue,-16,SO-003079
MOV-002863,2026-09-11,PRD-0199,WH-004,Sales Issue,-19,SO-003080
MOV-002864,2025-08-18,PRD-0433,WH-004,Sales Issue,-17,SO-003081
MOV-002865,2025-04-09,PRD-0437,WH-003,Sales Issue,-14,SO-003082
MOV-002866,2025-10-17,PRD-0380,WH-003,Sales Issue,-14,SO-003084
MOV-002867,2025-12-04,PRD-0437,WH-003,Sales Issue,-29,SO-003085
MOV-002868,2026-04-29,PRD-0238,WH-005,Sales Issue,-26,SO-003086
MOV-002869,2025-03-30,PRD-0003,WH-001,Sales Issue,-4,SO-003087
MOV-002870,2024-12-08,PRD-0379,WH-002,Sales Issue,-18,SO-003088
MOV-002871,2025-05-15,PRD-0014,WH-003,Sales Issue,-10,SO-003089
MOV-002872,2024-10-26,PRD-0415,WH-003,Sales Issue,-25,SO-003090
MOV-002873,2025-07-08,PRD-0274,WH-001,Sales Issue,-27,SO-003091
MOV-002874,2025-06-05,PRD-0434,WH-003,Sales Issue,-30,SO-003092
MOV-002875,2026-08-15,PRD-0103,WH-003,Sales Issue,-21,SO-003094
MOV-002876,2026-01-14,PRD-0454,WH-005,Sales Issue,-2,SO-003095
MOV-002877,2026-01-17,PRD-0262,WH-002,Sales Issue,-4,SO-003097
MOV-002878,2025-08-10,PRD-0007,WH-004,Sales Issue,-15,SO-003098
MOV-002879,2025-04-28,PRD-0358,WH-004,Sales Issue,-29,SO-003099
MOV-002880,2025-05-18,PRD-0336,WH-004,Sales Issue,-15,SO-003100
MOV-002881,2025-01-23,PRD-0336,WH-004,Sales Issue,-6,SO-003101
MOV-002882,2026-01-22,PRD-0073,WH-003,Sales Issue,-4,SO-003102
MOV-002883,2024-11-19,PRD-0088,WH-003,Sales Issue,-5,SO-003103
MOV-002884,2025-05-20,PRD-0244,WH-002,Sales Issue,-3,SO-003105
MOV-002885,2026-03-26,PRD-0448,WH-003,Sales Issue,-7,SO-003107
MOV-002886,2025-01-24,PRD-0496,WH-003,Sales Issue,-27,SO-003108
MOV-002887,2026-01-24,PRD-0335,WH-001,Sales Issue,-6,SO-003109
MOV-002888,2025-12-22,PRD-0104,WH-002,Sales Issue,-22,SO-003110
MOV-002889,2025-12-28,PRD-0281,WH-003,Sales Issue,-29,SO-003112
MOV-002890,2026-01-13,PRD-0080,WH-003,Sales Issue,-23,SO-003113
MOV-002891,2026-08-13,PRD-0447,WH-005,Sales Issue,-27,SO-003114
MOV-002892,2026-03-13,PRD-0019,WH-004,Sales Issue,-2,SO-003116
MOV-002893,2025-11-14,PRD-0006,WH-004,Sales Issue,-17,SO-003117
MOV-002894,2026-07-01,PRD-0409,WH-003,Sales Issue,-11,SO-003118
MOV-002895,2025-01-02,PRD-0430,WH-002,Sales Issue,-11,SO-003119
MOV-002896,2025-11-07,PRD-0068,WH-004,Sales Issue,-25,SO-003120
MOV-002897,2026-07-25,PRD-0356,WH-001,Sales Issue,-21,SO-003122
MOV-002898,2026-04-18,PRD-0113,WH-005,Sales Issue,-13,SO-003123
MOV-002899,2026-04-16,PRD-0492,WH-001,Sales Issue,-9,SO-003124
MOV-002900,2025-10-16,PRD-0451,WH-001,Sales Issue,-2,SO-003125
MOV-002901,2026-05-03,PRD-0440,WH-005,Sales Issue,-1,SO-003126
MOV-002902,2026-09-26,PRD-0398,WH-003,Sales Issue,-19,SO-003127
MOV-002903,2026-05-30,PRD-0418,WH-003,Sales Issue,-13,SO-003128
MOV-002904,2025-12-22,PRD-0060,WH-003,Sales Issue,-5,SO-003129
MOV-002905,2026-09-15,PRD-0002,WH-001,Sales Issue,-10,SO-003130
MOV-002906,2025-09-04,PRD-0266,WH-002,Sales Issue,-8,SO-003131
MOV-002907,2026-03-26,PRD-0391,WH-002,Sales Issue,-29,SO-003132
MOV-002908,2026-04-26,PRD-0001,WH-003,Sales Issue,-5,SO-003134
MOV-002909,2025-09-09,PRD-0224,WH-001,Sales Issue,-22,SO-003135
MOV-002910,2026-05-22,PRD-0325,WH-005,Sales Issue,-17,SO-003137
MOV-002911,2025-03-30,PRD-0202,WH-003,Sales Issue,-9,SO-003138
MOV-002912,2026-06-23,PRD-0369,WH-002,Sales Issue,-2,SO-003140
MOV-002913,2025-10-18,PRD-0435,WH-004,Sales Issue,-19,SO-003141
MOV-002914,2026-09-27,PRD-0372,WH-002,Sales Issue,-18,SO-003142
MOV-002915,2026-05-17,PRD-0283,WH-005,Sales Issue,-5,SO-003143
MOV-002916,2026-01-30,PRD-0440,WH-005,Sales Issue,-11,SO-003144
MOV-002917,2026-03-24,PRD-0332,WH-004,Sales Issue,-21,SO-003145
MOV-002918,2026-03-21,PRD-0009,WH-001,Sales Issue,-29,SO-003146
MOV-002919,2025-04-05,PRD-0043,WH-002,Sales Issue,-29,SO-003148
MOV-002920,2025-10-15,PRD-0387,WH-004,Sales Issue,-16,SO-003150
MOV-002921,2025-11-19,PRD-0307,WH-003,Sales Issue,-10,SO-003151
MOV-002922,2025-12-19,PRD-0389,WH-004,Sales Issue,-8,SO-003152
MOV-002923,2026-01-03,PRD-0413,WH-004,Sales Issue,-24,SO-003153
MOV-002924,2025-02-16,PRD-0403,WH-003,Sales Issue,-17,SO-003154
MOV-002925,2026-02-18,PRD-0081,WH-004,Sales Issue,-25,SO-003155
MOV-002926,2025-01-24,PRD-0448,WH-003,Sales Issue,-25,SO-003156
MOV-002927,2026-07-12,PRD-0111,WH-003,Sales Issue,-9,SO-003158
MOV-002928,2025-09-25,PRD-0299,WH-003,Sales Issue,-17,SO-003159
MOV-002929,2025-01-12,PRD-0200,WH-001,Sales Issue,-20,SO-003160
MOV-002930,2025-07-26,PRD-0119,WH-003,Sales Issue,-30,SO-003161
MOV-002931,2025-08-11,PRD-0175,WH-005,Sales Issue,-1,SO-003163
MOV-002932,2025-07-28,PRD-0160,WH-001,Sales Issue,-12,SO-003164
MOV-002933,2026-02-08,PRD-0065,WH-003,Sales Issue,-14,SO-003165
MOV-002934,2024-12-14,PRD-0417,WH-003,Sales Issue,-30,SO-003166
MOV-002935,2025-10-25,PRD-0401,WH-001,Sales Issue,-12,SO-003167
MOV-002936,2025-06-07,PRD-0279,WH-001,Sales Issue,-7,SO-003168
MOV-002937,2026-03-29,PRD-0343,WH-001,Sales Issue,-17,SO-003169
MOV-002938,2026-01-14,PRD-0438,WH-002,Sales Issue,-13,SO-003170
MOV-002939,2025-05-09,PRD-0478,WH-002,Sales Issue,-2,SO-003171
MOV-002940,2025-09-03,PRD-0173,WH-004,Sales Issue,-22,SO-003172
MOV-002941,2025-02-16,PRD-0354,WH-005,Sales Issue,-1,SO-003173
MOV-002942,2025-08-22,PRD-0092,WH-004,Sales Issue,-20,SO-003175
MOV-002943,2025-08-22,PRD-0240,WH-002,Sales Issue,-21,SO-003176
MOV-002944,2025-05-20,PRD-0494,WH-001,Sales Issue,-16,SO-003177
MOV-002945,2025-11-21,PRD-0259,WH-001,Sales Issue,-29,SO-003179
MOV-002946,2024-11-30,PRD-0280,WH-005,Sales Issue,-11,SO-003180
MOV-002947,2025-03-08,PRD-0490,WH-005,Sales Issue,-12,SO-003181
MOV-002948,2026-03-07,PRD-0490,WH-005,Sales Issue,-4,SO-003183
MOV-002949,2025-06-25,PRD-0062,WH-004,Sales Issue,-5,SO-003184
MOV-002950,2026-02-23,PRD-0029,WH-005,Sales Issue,-26,SO-003186
MOV-002951,2026-04-13,PRD-0498,WH-003,Sales Issue,-25,SO-003187
MOV-002952,2025-09-16,PRD-0103,WH-003,Sales Issue,-20,SO-003189
MOV-002953,2026-09-06,PRD-0447,WH-005,Sales Issue,-15,SO-003190
MOV-002954,2024-12-27,PRD-0131,WH-003,Sales Issue,-25,SO-003191
MOV-002955,2025-04-29,PRD-0328,WH-001,Sales Issue,-28,SO-003192
MOV-002956,2025-09-18,PRD-0214,WH-003,Sales Issue,-30,SO-003193
MOV-002957,2025-05-14,PRD-0399,WH-003,Sales Issue,-2,SO-003195
MOV-002958,2026-03-23,PRD-0471,WH-005,Sales Issue,-23,SO-003196
MOV-002959,2025-02-04,PRD-0020,WH-001,Sales Issue,-10,SO-003197
MOV-002960,2026-08-24,PRD-0431,WH-002,Sales Issue,-16,SO-003198
MOV-002961,2025-02-11,PRD-0188,WH-005,Sales Issue,-20,SO-003200
MOV-002962,2026-03-24,PRD-0359,WH-004,Sales Issue,-25,SO-003201
MOV-002963,2026-09-05,PRD-0095,WH-002,Sales Issue,-25,SO-003202
MOV-002964,2026-02-11,PRD-0485,WH-005,Sales Issue,-10,SO-003203
MOV-002965,2026-08-12,PRD-0122,WH-002,Sales Issue,-17,SO-003204
MOV-002966,2026-03-10,PRD-0160,WH-001,Sales Issue,-30,SO-003205
MOV-002967,2025-04-28,PRD-0469,WH-001,Sales Issue,-22,SO-003206
MOV-002968,2026-02-11,PRD-0058,WH-003,Sales Issue,-2,SO-003207
MOV-002969,2026-09-30,PRD-0410,WH-002,Sales Issue,-3,SO-003209
MOV-002970,2026-08-17,PRD-0007,WH-004,Sales Issue,-1,SO-003210
MOV-002971,2024-11-30,PRD-0065,WH-003,Sales Issue,-25,SO-003211
MOV-002972,2025-10-13,PRD-0324,WH-002,Sales Issue,-16,SO-003212
MOV-002973,2025-03-05,PRD-0175,WH-005,Sales Issue,-30,SO-003214
MOV-002974,2025-12-22,PRD-0221,WH-004,Sales Issue,-11,SO-003215
MOV-002975,2025-05-17,PRD-0073,WH-003,Sales Issue,-7,SO-003216
MOV-002976,2025-09-22,PRD-0047,WH-002,Sales Issue,-4,SO-003217
MOV-002977,2025-11-02,PRD-0448,WH-003,Sales Issue,-12,SO-003218
MOV-002978,2026-03-30,PRD-0008,WH-005,Sales Issue,-25,SO-003219
MOV-002979,2025-11-19,PRD-0386,WH-005,Sales Issue,-17,SO-003220
MOV-002980,2024-10-14,PRD-0434,WH-003,Sales Issue,-29,SO-003221
MOV-002981,2025-05-20,PRD-0210,WH-005,Sales Issue,-30,SO-003222
MOV-002982,2026-01-06,PRD-0129,WH-003,Sales Issue,-12,SO-003223
MOV-002983,2024-11-04,PRD-0403,WH-003,Sales Issue,-11,SO-003224
MOV-002984,2025-02-23,PRD-0056,WH-004,Sales Issue,-8,SO-003225
MOV-002985,2026-02-10,PRD-0459,WH-005,Sales Issue,-16,SO-003226
MOV-002986,2025-12-14,PRD-0062,WH-004,Sales Issue,-7,SO-003227
MOV-002987,2025-08-18,PRD-0045,WH-001,Sales Issue,-16,SO-003230
MOV-002988,2026-08-18,PRD-0494,WH-001,Sales Issue,-18,SO-003231
MOV-002989,2025-05-22,PRD-0250,WH-004,Sales Issue,-10,SO-003232
MOV-002990,2025-01-03,PRD-0223,WH-002,Sales Issue,-28,SO-003233
MOV-002991,2025-06-09,PRD-0038,WH-005,Sales Issue,-10,SO-003234
MOV-002992,2025-11-04,PRD-0197,WH-003,Sales Issue,-20,SO-003235
MOV-002993,2025-05-02,PRD-0187,WH-001,Sales Issue,-11,SO-003236
MOV-002994,2026-05-23,PRD-0359,WH-004,Sales Issue,-6,SO-003237
MOV-002995,2026-07-25,PRD-0430,WH-002,Sales Issue,-4,SO-003238
MOV-002996,2026-03-21,PRD-0420,WH-004,Sales Issue,-25,SO-003239
MOV-002997,2024-10-26,PRD-0459,WH-005,Sales Issue,-17,SO-003240
MOV-002998,2026-04-07,PRD-0228,WH-002,Sales Issue,-24,SO-003241
MOV-002999,2025-04-10,PRD-0172,WH-004,Sales Issue,-19,SO-003242
MOV-003000,2026-06-27,PRD-0179,WH-003,Sales Issue,-13,SO-003243
MOV-003001,2026-01-26,PRD-0345,WH-003,Sales Issue,-27,SO-003244
MOV-003002,2026-07-20,PRD-0230,WH-005,Sales Issue,-5,SO-003245
MOV-003003,2024-12-25,PRD-0452,WH-005,Sales Issue,-1,SO-003246
MOV-003004,2026-08-23,PRD-0219,WH-005,Sales Issue,-27,SO-003247
MOV-003005,2024-12-29,PRD-0186,WH-001,Sales Issue,-4,SO-003248
MOV-003006,2026-09-02,PRD-0496,WH-003,Sales Issue,-3,SO-003251
MOV-003007,2026-06-17,PRD-0397,WH-004,Sales Issue,-24,SO-003252
MOV-003008,2026-03-19,PRD-0062,WH-004,Sales Issue,-15,SO-003255
MOV-003009,2025-03-06,PRD-0144,WH-005,Sales Issue,-1,SO-003256
MOV-003010,2025-03-21,PRD-0079,WH-001,Sales Issue,-23,SO-003257
MOV-003011,2025-08-14,PRD-0175,WH-005,Sales Issue,-13,SO-003258
MOV-003012,2025-07-08,PRD-0357,WH-004,Sales Issue,-6,SO-003259
MOV-003013,2025-11-07,PRD-0457,WH-004,Sales Issue,-2,SO-003260
MOV-003014,2025-09-26,PRD-0475,WH-003,Sales Issue,-22,SO-003261
MOV-003015,2024-12-18,PRD-0264,WH-004,Sales Issue,-22,SO-003262
MOV-003016,2026-09-14,PRD-0262,WH-002,Sales Issue,-25,SO-003264
MOV-003017,2025-12-11,PRD-0253,WH-001,Sales Issue,-21,SO-003265
MOV-003018,2025-09-05,PRD-0264,WH-004,Sales Issue,-29,SO-003266
MOV-003019,2026-04-05,PRD-0218,WH-003,Sales Issue,-6,SO-003267
MOV-003020,2026-07-18,PRD-0076,WH-002,Sales Issue,-28,SO-003268
MOV-003021,2025-01-05,PRD-0083,WH-004,Sales Issue,-19,SO-003269
MOV-003022,2026-05-12,PRD-0022,WH-002,Sales Issue,-2,SO-003270
MOV-003023,2025-01-26,PRD-0075,WH-003,Sales Issue,-29,SO-003271
MOV-003024,2026-01-17,PRD-0265,WH-004,Sales Issue,-22,SO-003272
MOV-003025,2025-08-11,PRD-0485,WH-005,Sales Issue,-28,SO-003273
MOV-003026,2024-11-29,PRD-0402,WH-002,Sales Issue,-9,SO-003274
MOV-003027,2025-02-23,PRD-0002,WH-001,Sales Issue,-24,SO-003275
MOV-003028,2024-11-25,PRD-0430,WH-002,Sales Issue,-4,SO-003276
MOV-003029,2025-01-04,PRD-0195,WH-004,Sales Issue,-23,SO-003277
MOV-003030,2025-01-27,PRD-0468,WH-001,Sales Issue,-23,SO-003278
MOV-003031,2025-09-17,PRD-0449,WH-005,Sales Issue,-28,SO-003279
MOV-003032,2025-10-31,PRD-0164,WH-002,Sales Issue,-10,SO-003280
MOV-003033,2024-11-04,PRD-0290,WH-003,Sales Issue,-3,SO-003281
MOV-003034,2026-04-24,PRD-0451,WH-001,Sales Issue,-17,SO-003282
MOV-003035,2025-07-05,PRD-0341,WH-004,Sales Issue,-26,SO-003283
MOV-003036,2026-07-28,PRD-0316,WH-004,Sales Issue,-12,SO-003284
MOV-003037,2025-10-29,PRD-0470,WH-004,Sales Issue,-29,SO-003285
MOV-003038,2026-09-30,PRD-0005,WH-001,Sales Issue,-8,SO-003286
MOV-003039,2025-12-06,PRD-0356,WH-001,Sales Issue,-28,SO-003287
MOV-003040,2025-04-28,PRD-0256,WH-002,Sales Issue,-8,SO-003288
MOV-003041,2025-03-24,PRD-0397,WH-004,Sales Issue,-13,SO-003289
MOV-003042,2026-09-26,PRD-0487,WH-003,Sales Issue,-18,SO-003290
MOV-003043,2025-06-27,PRD-0212,WH-005,Sales Issue,-20,SO-003291
MOV-003044,2026-05-24,PRD-0035,WH-001,Sales Issue,-3,SO-003292
MOV-003045,2025-04-14,PRD-0038,WH-005,Sales Issue,-22,SO-003293
MOV-003046,2026-03-07,PRD-0149,WH-004,Sales Issue,-6,SO-003294
MOV-003047,2026-01-30,PRD-0113,WH-005,Sales Issue,-27,SO-003295
MOV-003048,2025-07-11,PRD-0229,WH-002,Sales Issue,-1,SO-003296
MOV-003049,2026-03-17,PRD-0269,WH-004,Sales Issue,-2,SO-003298
MOV-003050,2024-11-11,PRD-0280,WH-005,Sales Issue,-19,SO-003299
MOV-003051,2025-04-10,PRD-0465,WH-004,Sales Issue,-26,SO-003300
MOV-003052,2026-05-31,PRD-0388,WH-002,Sales Issue,-15,SO-003302
MOV-003053,2026-02-05,PRD-0406,WH-005,Sales Issue,-4,SO-003303
MOV-003054,2025-01-29,PRD-0185,WH-004,Sales Issue,-13,SO-003305
MOV-003055,2025-10-10,PRD-0108,WH-002,Sales Issue,-28,SO-003306
MOV-003056,2025-05-20,PRD-0161,WH-002,Sales Issue,-30,SO-003307
MOV-003057,2026-03-26,PRD-0306,WH-001,Sales Issue,-22,SO-003308
MOV-003058,2025-03-03,PRD-0132,WH-003,Sales Issue,-21,SO-003310
MOV-003059,2024-11-18,PRD-0461,WH-005,Sales Issue,-16,SO-003311
MOV-003060,2025-03-14,PRD-0057,WH-004,Sales Issue,-29,SO-003312
MOV-003061,2026-07-03,PRD-0301,WH-003,Sales Issue,-14,SO-003313
MOV-003062,2026-08-10,PRD-0405,WH-001,Sales Issue,-6,SO-003314
MOV-003063,2024-11-27,PRD-0222,WH-005,Sales Issue,-27,SO-003315
MOV-003064,2024-10-05,PRD-0157,WH-003,Sales Issue,-28,SO-003316
MOV-003065,2026-03-06,PRD-0449,WH-005,Sales Issue,-21,SO-003317
MOV-003066,2026-01-29,PRD-0381,WH-001,Sales Issue,-2,SO-003318
MOV-003067,2026-02-28,PRD-0294,WH-003,Sales Issue,-7,SO-003319
MOV-003068,2026-01-17,PRD-0388,WH-002,Sales Issue,-14,SO-003320
MOV-003069,2026-02-01,PRD-0160,WH-001,Sales Issue,-3,SO-003322
MOV-003070,2026-08-26,PRD-0019,WH-004,Sales Issue,-15,SO-003323
MOV-003071,2026-02-12,PRD-0455,WH-005,Sales Issue,-19,SO-003324
MOV-003072,2025-03-27,PRD-0014,WH-003,Sales Issue,-4,SO-003325
MOV-003073,2026-05-01,PRD-0080,WH-003,Sales Issue,-29,SO-003326
MOV-003074,2024-12-25,PRD-0073,WH-003,Sales Issue,-19,SO-003327
MOV-003075,2025-12-17,PRD-0413,WH-004,Sales Issue,-26,SO-003329
MOV-003076,2026-03-24,PRD-0271,WH-003,Sales Issue,-30,SO-003330
MOV-003077,2026-01-23,PRD-0092,WH-004,Sales Issue,-20,SO-003331
MOV-003078,2026-03-16,PRD-0413,WH-004,Sales Issue,-27,SO-003333
MOV-003079,2026-02-27,PRD-0352,WH-001,Sales Issue,-8,SO-003334
MOV-003080,2025-10-30,PRD-0448,WH-003,Sales Issue,-16,SO-003336
MOV-003081,2025-07-16,PRD-0387,WH-004,Sales Issue,-14,SO-003338
MOV-003082,2025-06-22,PRD-0353,WH-005,Sales Issue,-6,SO-003339
MOV-003083,2025-06-27,PRD-0459,WH-005,Sales Issue,-14,SO-003340
MOV-003084,2025-10-09,PRD-0271,WH-003,Sales Issue,-7,SO-003341
MOV-003085,2024-11-25,PRD-0076,WH-002,Sales Issue,-5,SO-003342
MOV-003086,2026-08-07,PRD-0026,WH-004,Sales Issue,-2,SO-003343
MOV-003087,2025-02-08,PRD-0311,WH-005,Sales Issue,-18,SO-003344
MOV-003088,2025-09-11,PRD-0393,WH-004,Sales Issue,-17,SO-003345
MOV-003089,2026-06-19,PRD-0128,WH-002,Sales Issue,-16,SO-003347
MOV-003090,2025-03-02,PRD-0197,WH-003,Sales Issue,-20,SO-003348
MOV-003091,2024-12-07,PRD-0171,WH-005,Sales Issue,-30,SO-003349
MOV-003092,2025-11-08,PRD-0007,WH-004,Sales Issue,-16,SO-003350
MOV-003093,2026-05-30,PRD-0350,WH-001,Sales Issue,-25,SO-003351
MOV-003094,2026-03-09,PRD-0327,WH-005,Sales Issue,-11,SO-003352
MOV-003095,2025-04-30,PRD-0160,WH-001,Sales Issue,-15,SO-003353
MOV-003096,2026-06-09,PRD-0156,WH-003,Sales Issue,-15,SO-003354
MOV-003097,2025-10-24,PRD-0269,WH-004,Sales Issue,-15,SO-003355
MOV-003098,2025-02-15,PRD-0321,WH-001,Sales Issue,-16,SO-003356
MOV-003099,2026-06-02,PRD-0374,WH-003,Sales Issue,-28,SO-003357
MOV-003100,2025-03-10,PRD-0459,WH-005,Sales Issue,-2,SO-003358
MOV-003101,2025-01-15,PRD-0356,WH-001,Sales Issue,-1,SO-003359
MOV-003102,2025-12-20,PRD-0497,WH-003,Sales Issue,-11,SO-003360
MOV-003103,2025-09-14,PRD-0012,WH-005,Sales Issue,-1,SO-003361
MOV-003104,2026-09-24,PRD-0488,WH-005,Sales Issue,-21,SO-003362
MOV-003105,2025-01-22,PRD-0122,WH-002,Sales Issue,-22,SO-003363
MOV-003106,2024-12-21,PRD-0392,WH-003,Sales Issue,-5,SO-003364
MOV-003107,2024-11-14,PRD-0377,WH-002,Sales Issue,-27,SO-003365
MOV-003108,2026-08-22,PRD-0339,WH-002,Sales Issue,-27,SO-003367
MOV-003109,2024-12-17,PRD-0373,WH-002,Sales Issue,-26,SO-003368
MOV-003110,2025-10-11,PRD-0433,WH-004,Sales Issue,-7,SO-003369
MOV-003111,2025-06-07,PRD-0229,WH-002,Sales Issue,-4,SO-003370
MOV-003112,2026-02-26,PRD-0198,WH-002,Sales Issue,-12,SO-003371
MOV-003113,2025-01-03,PRD-0416,WH-004,Sales Issue,-27,SO-003372
MOV-003114,2025-12-27,PRD-0006,WH-004,Sales Issue,-30,SO-003373
MOV-003115,2026-04-05,PRD-0281,WH-003,Sales Issue,-3,SO-003374
MOV-003116,2026-06-20,PRD-0163,WH-004,Sales Issue,-9,SO-003375
MOV-003117,2024-11-05,PRD-0198,WH-002,Sales Issue,-12,SO-003376
MOV-003118,2025-07-22,PRD-0166,WH-004,Sales Issue,-29,SO-003377
MOV-003119,2025-10-15,PRD-0271,WH-003,Sales Issue,-11,SO-003378
MOV-003120,2025-05-13,PRD-0250,WH-004,Sales Issue,-18,SO-003379
MOV-003121,2025-02-18,PRD-0109,WH-001,Sales Issue,-4,SO-003380
MOV-003122,2025-04-16,PRD-0446,WH-001,Sales Issue,-20,SO-003381
MOV-003123,2025-08-13,PRD-0380,WH-003,Sales Issue,-6,SO-003382
MOV-003124,2025-07-16,PRD-0213,WH-004,Sales Issue,-27,SO-003383
MOV-003125,2026-06-17,PRD-0419,WH-005,Sales Issue,-21,SO-003384
MOV-003126,2025-11-06,PRD-0241,WH-003,Sales Issue,-23,SO-003385
MOV-003127,2025-10-03,PRD-0141,WH-001,Sales Issue,-8,SO-003386
MOV-003128,2024-10-22,PRD-0130,WH-003,Sales Issue,-25,SO-003387
MOV-003129,2026-05-01,PRD-0438,WH-002,Sales Issue,-30,SO-003388
MOV-003130,2026-05-10,PRD-0421,WH-004,Sales Issue,-26,SO-003389
MOV-003131,2026-07-13,PRD-0291,WH-005,Sales Issue,-11,SO-003391
MOV-003132,2025-12-21,PRD-0480,WH-001,Sales Issue,-28,SO-003392
MOV-003133,2025-06-08,PRD-0104,WH-002,Sales Issue,-3,SO-003393
MOV-003134,2026-09-27,PRD-0012,WH-005,Sales Issue,-11,SO-003394
MOV-003135,2025-03-25,PRD-0291,WH-005,Sales Issue,-24,SO-003395
MOV-003136,2025-05-11,PRD-0015,WH-003,Sales Issue,-6,SO-003396
MOV-003137,2026-09-28,PRD-0306,WH-001,Sales Issue,-9,SO-003397
MOV-003138,2024-11-11,PRD-0307,WH-003,Sales Issue,-18,SO-003398
MOV-003139,2025-12-18,PRD-0040,WH-003,Sales Issue,-24,SO-003399
MOV-003140,2026-09-01,PRD-0081,WH-004,Sales Issue,-27,SO-003400
MOV-003141,2025-02-12,PRD-0244,WH-002,Sales Issue,-16,SO-003401
MOV-003142,2024-12-12,PRD-0459,WH-005,Sales Issue,-27,SO-003402
MOV-003143,2025-03-18,PRD-0341,WH-004,Sales Issue,-13,SO-003403
MOV-003144,2025-09-18,PRD-0302,WH-003,Sales Issue,-6,SO-003404
MOV-003145,2025-01-31,PRD-0215,WH-001,Sales Issue,-7,SO-003405
MOV-003146,2026-07-06,PRD-0105,WH-003,Sales Issue,-28,SO-003406
MOV-003147,2025-07-07,PRD-0196,WH-003,Sales Issue,-5,SO-003407
MOV-003148,2024-12-22,PRD-0500,WH-003,Sales Issue,-1,SO-003408
MOV-003149,2025-01-20,PRD-0368,WH-004,Sales Issue,-27,SO-003409
MOV-003150,2025-11-14,PRD-0296,WH-002,Sales Issue,-22,SO-003410
MOV-003151,2025-10-23,PRD-0384,WH-004,Sales Issue,-30,SO-003412
MOV-003152,2026-07-07,PRD-0127,WH-002,Sales Issue,-3,SO-003414
MOV-003153,2025-04-12,PRD-0240,WH-002,Sales Issue,-29,SO-003416
MOV-003154,2026-03-07,PRD-0315,WH-004,Sales Issue,-17,SO-003418
MOV-003155,2026-08-12,PRD-0354,WH-005,Sales Issue,-10,SO-003419
MOV-003156,2026-01-17,PRD-0414,WH-005,Sales Issue,-27,SO-003420
MOV-003157,2025-07-03,PRD-0339,WH-002,Sales Issue,-13,SO-003422
MOV-003158,2026-05-30,PRD-0323,WH-005,Sales Issue,-13,SO-003423
MOV-003159,2026-01-15,PRD-0318,WH-005,Sales Issue,-11,SO-003425
MOV-003160,2025-04-12,PRD-0037,WH-002,Sales Issue,-8,SO-003426
MOV-003161,2025-07-05,PRD-0390,WH-005,Sales Issue,-11,SO-003430
MOV-003162,2025-05-23,PRD-0061,WH-003,Sales Issue,-1,SO-003431
MOV-003163,2026-04-13,PRD-0419,WH-005,Sales Issue,-30,SO-003432
MOV-003164,2025-05-13,PRD-0477,WH-001,Sales Issue,-7,SO-003433
MOV-003165,2025-10-08,PRD-0477,WH-001,Sales Issue,-1,SO-003435
MOV-003166,2026-03-05,PRD-0096,WH-004,Sales Issue,-4,SO-003436
MOV-003167,2026-06-12,PRD-0058,WH-003,Sales Issue,-19,SO-003437
MOV-003168,2025-08-16,PRD-0489,WH-005,Sales Issue,-30,SO-003438
MOV-003169,2026-08-12,PRD-0038,WH-005,Sales Issue,-21,SO-003439
MOV-003170,2025-07-20,PRD-0403,WH-003,Sales Issue,-19,SO-003441
MOV-003171,2025-09-19,PRD-0486,WH-004,Sales Issue,-19,SO-003442
MOV-003172,2025-12-22,PRD-0016,WH-001,Sales Issue,-26,SO-003443
MOV-003173,2025-04-24,PRD-0413,WH-004,Sales Issue,-5,SO-003444
MOV-003174,2025-02-19,PRD-0225,WH-001,Sales Issue,-24,SO-003445
MOV-003175,2026-03-04,PRD-0073,WH-003,Sales Issue,-12,SO-003446
MOV-003176,2026-07-31,PRD-0179,WH-003,Sales Issue,-6,SO-003447
MOV-003177,2026-04-24,PRD-0279,WH-001,Sales Issue,-10,SO-003448
MOV-003178,2026-04-24,PRD-0189,WH-003,Sales Issue,-5,SO-003449
MOV-003179,2024-10-03,PRD-0488,WH-005,Sales Issue,-5,SO-003450
MOV-003180,2025-02-14,PRD-0210,WH-005,Sales Issue,-16,SO-003451
MOV-003181,2024-12-02,PRD-0250,WH-004,Sales Issue,-17,SO-003453
MOV-003182,2025-09-15,PRD-0434,WH-003,Sales Issue,-5,SO-003454
MOV-003183,2025-05-11,PRD-0206,WH-005,Sales Issue,-2,SO-003455
MOV-003184,2026-06-30,PRD-0489,WH-005,Sales Issue,-19,SO-003456
MOV-003185,2025-11-12,PRD-0338,WH-003,Sales Issue,-17,SO-003458
MOV-003186,2024-12-21,PRD-0010,WH-003,Sales Issue,-13,SO-003459
MOV-003187,2024-12-27,PRD-0190,WH-003,Sales Issue,-16,SO-003460
MOV-003188,2026-05-24,PRD-0104,WH-002,Sales Issue,-13,SO-003461
MOV-003189,2025-09-19,PRD-0351,WH-002,Sales Issue,-27,SO-003462
MOV-003190,2025-07-07,PRD-0153,WH-004,Sales Issue,-17,SO-003463
MOV-003191,2024-12-17,PRD-0389,WH-004,Sales Issue,-1,SO-003464
MOV-003192,2026-09-25,PRD-0084,WH-003,Sales Issue,-21,SO-003465
MOV-003193,2025-01-15,PRD-0464,WH-001,Sales Issue,-29,SO-003466
MOV-003194,2026-01-01,PRD-0417,WH-003,Sales Issue,-10,SO-003467
MOV-003195,2026-01-19,PRD-0056,WH-004,Sales Issue,-13,SO-003468
MOV-003196,2025-05-15,PRD-0298,WH-002,Sales Issue,-25,SO-003469
MOV-003197,2025-07-25,PRD-0112,WH-005,Sales Issue,-1,SO-003470
MOV-003198,2025-11-03,PRD-0449,WH-005,Sales Issue,-20,SO-003471
MOV-003199,2025-11-11,PRD-0362,WH-003,Sales Issue,-17,SO-003472
MOV-003200,2025-09-17,PRD-0010,WH-003,Sales Issue,-4,SO-003473
MOV-003201,2026-04-15,PRD-0064,WH-005,Sales Issue,-25,SO-003474
MOV-003202,2026-01-27,PRD-0368,WH-004,Sales Issue,-23,SO-003475
MOV-003203,2026-03-05,PRD-0299,WH-003,Sales Issue,-1,SO-003476
MOV-003204,2025-11-07,PRD-0046,WH-002,Sales Issue,-16,SO-003479
MOV-003205,2025-01-28,PRD-0334,WH-004,Sales Issue,-16,SO-003480
MOV-003206,2025-01-07,PRD-0402,WH-002,Sales Issue,-13,SO-003481
MOV-003207,2026-02-18,PRD-0487,WH-003,Sales Issue,-17,SO-003482
MOV-003208,2025-12-13,PRD-0181,WH-003,Sales Issue,-5,SO-003483
MOV-003209,2024-11-19,PRD-0442,WH-001,Sales Issue,-14,SO-003484
MOV-003210,2025-07-09,PRD-0078,WH-001,Sales Issue,-3,SO-003485
MOV-003211,2026-02-12,PRD-0184,WH-003,Sales Issue,-5,SO-003487
MOV-003212,2025-10-30,PRD-0369,WH-002,Sales Issue,-20,SO-003488
MOV-003213,2026-06-20,PRD-0287,WH-003,Sales Issue,-27,SO-003489
MOV-003214,2025-12-31,PRD-0421,WH-004,Sales Issue,-1,SO-003490
MOV-003215,2025-02-11,PRD-0389,WH-004,Sales Issue,-8,SO-003491
MOV-003216,2026-05-18,PRD-0180,WH-005,Sales Issue,-24,SO-003492
MOV-003217,2025-05-21,PRD-0113,WH-005,Sales Issue,-29,SO-003493
MOV-003218,2024-10-17,PRD-0402,WH-002,Sales Issue,-14,SO-003494
MOV-003219,2025-12-29,PRD-0019,WH-004,Sales Issue,-20,SO-003496
MOV-003220,2026-03-22,PRD-0206,WH-005,Sales Issue,-1,SO-003497
MOV-003221,2026-02-25,PRD-0097,WH-001,Sales Issue,-10,SO-003498
MOV-003222,2026-08-21,PRD-0203,WH-005,Sales Issue,-14,SO-003499
MOV-003223,2025-02-24,PRD-0301,WH-003,Sales Issue,-6,SO-003500
MOV-003224,2025-06-22,PRD-0433,WH-004,Sales Issue,-30,SO-003501
MOV-003225,2025-08-17,PRD-0339,WH-002,Sales Issue,-1,SO-003502
MOV-003226,2025-07-27,PRD-0022,WH-002,Sales Issue,-23,SO-003503
MOV-003227,2026-07-11,PRD-0438,WH-002,Sales Issue,-3,SO-003504
MOV-003228,2025-06-11,PRD-0212,WH-005,Sales Issue,-5,SO-003505
MOV-003229,2025-11-04,PRD-0155,WH-005,Sales Issue,-18,SO-003506
MOV-003230,2025-07-02,PRD-0404,WH-005,Sales Issue,-13,SO-003507
MOV-003231,2025-04-03,PRD-0085,WH-001,Sales Issue,-4,SO-003510
MOV-003232,2025-02-06,PRD-0167,WH-002,Sales Issue,-30,SO-003511
MOV-003233,2025-05-18,PRD-0470,WH-004,Sales Issue,-21,SO-003513
MOV-003234,2026-01-26,PRD-0290,WH-003,Sales Issue,-1,SO-003514
MOV-003235,2025-09-14,PRD-0061,WH-003,Sales Issue,-28,SO-003515
MOV-003236,2026-07-17,PRD-0305,WH-002,Sales Issue,-9,SO-003516
MOV-003237,2025-07-29,PRD-0202,WH-003,Sales Issue,-14,SO-003518
MOV-003238,2025-06-09,PRD-0279,WH-001,Sales Issue,-21,SO-003519
MOV-003239,2025-08-15,PRD-0114,WH-001,Sales Issue,-10,SO-003520
MOV-003240,2025-02-16,PRD-0366,WH-001,Sales Issue,-16,SO-003521
MOV-003241,2026-01-08,PRD-0386,WH-005,Sales Issue,-30,SO-003522
MOV-003242,2026-04-10,PRD-0412,WH-002,Sales Issue,-21,SO-003523
MOV-003243,2025-02-18,PRD-0208,WH-005,Sales Issue,-29,SO-003524
MOV-003244,2025-09-23,PRD-0015,WH-003,Sales Issue,-5,SO-003525
MOV-003245,2026-05-22,PRD-0497,WH-003,Sales Issue,-29,SO-003526
MOV-003246,2026-05-10,PRD-0084,WH-003,Sales Issue,-22,SO-003527
MOV-003247,2024-12-24,PRD-0314,WH-004,Sales Issue,-18,SO-003528
MOV-003248,2024-11-09,PRD-0170,WH-002,Sales Issue,-11,SO-003529
MOV-003249,2024-10-18,PRD-0208,WH-005,Sales Issue,-21,SO-003530
MOV-003250,2026-09-13,PRD-0430,WH-002,Sales Issue,-11,SO-003532
MOV-003251,2024-10-13,PRD-0498,WH-003,Sales Issue,-29,SO-003533
MOV-003252,2025-01-10,PRD-0280,WH-005,Sales Issue,-14,SO-003534
MOV-003253,2025-11-13,PRD-0221,WH-004,Sales Issue,-1,SO-003535
MOV-003254,2026-07-19,PRD-0094,WH-003,Sales Issue,-5,SO-003536
MOV-003255,2025-08-14,PRD-0179,WH-003,Sales Issue,-26,SO-003539
MOV-003256,2026-07-11,PRD-0277,WH-004,Sales Issue,-13,SO-003540
MOV-003257,2025-08-13,PRD-0042,WH-004,Sales Issue,-24,SO-003542
MOV-003258,2026-09-20,PRD-0231,WH-001,Sales Issue,-4,SO-003543
MOV-003259,2024-12-05,PRD-0408,WH-002,Sales Issue,-12,SO-003544
MOV-003260,2025-08-26,PRD-0194,WH-002,Sales Issue,-8,SO-003545
MOV-003261,2025-06-25,PRD-0161,WH-002,Sales Issue,-29,SO-003546
MOV-003262,2025-10-23,PRD-0377,WH-002,Sales Issue,-7,SO-003549
MOV-003263,2026-07-25,PRD-0295,WH-004,Sales Issue,-14,SO-003552
MOV-003264,2025-12-16,PRD-0286,WH-002,Sales Issue,-2,SO-003553
MOV-003265,2025-12-30,PRD-0252,WH-001,Sales Issue,-11,SO-003554
MOV-003266,2026-01-04,PRD-0196,WH-003,Sales Issue,-7,SO-003555
MOV-003267,2026-05-31,PRD-0369,WH-002,Sales Issue,-19,SO-003556
MOV-003268,2026-06-25,PRD-0344,WH-004,Sales Issue,-26,SO-003557
MOV-003269,2026-09-21,PRD-0021,WH-005,Sales Issue,-5,SO-003558
MOV-003270,2025-05-18,PRD-0127,WH-002,Sales Issue,-19,SO-003559
MOV-003271,2024-10-25,PRD-0316,WH-004,Sales Issue,-1,SO-003560
MOV-003272,2026-06-21,PRD-0081,WH-004,Sales Issue,-9,SO-003561
MOV-003273,2026-04-20,PRD-0126,WH-001,Sales Issue,-4,SO-003563
MOV-003274,2025-08-19,PRD-0359,WH-004,Sales Issue,-20,SO-003564
MOV-003275,2026-07-06,PRD-0306,WH-001,Sales Issue,-10,SO-003566
MOV-003276,2026-01-24,PRD-0396,WH-005,Sales Issue,-1,SO-003567
MOV-003277,2025-11-26,PRD-0348,WH-004,Sales Issue,-26,SO-003568
MOV-003278,2026-07-20,PRD-0415,WH-003,Sales Issue,-5,SO-003569
MOV-003279,2026-06-04,PRD-0472,WH-001,Sales Issue,-2,SO-003570
MOV-003280,2026-02-28,PRD-0253,WH-001,Sales Issue,-17,SO-003571
MOV-003281,2025-05-30,PRD-0320,WH-005,Sales Issue,-11,SO-003572
MOV-003282,2025-04-07,PRD-0124,WH-002,Sales Issue,-13,SO-003573
MOV-003283,2024-11-23,PRD-0420,WH-004,Sales Issue,-29,SO-003574
MOV-003284,2025-01-16,PRD-0266,WH-002,Sales Issue,-16,SO-003575
MOV-003285,2026-08-04,PRD-0183,WH-004,Sales Issue,-20,SO-003576
MOV-003286,2025-07-27,PRD-0024,WH-005,Sales Issue,-14,SO-003577
MOV-003287,2026-03-23,PRD-0015,WH-003,Sales Issue,-26,SO-003578
MOV-003288,2026-07-06,PRD-0095,WH-002,Sales Issue,-8,SO-003579
MOV-003289,2025-07-19,PRD-0378,WH-002,Sales Issue,-5,SO-003580
MOV-003290,2024-11-04,PRD-0394,WH-005,Sales Issue,-12,SO-003581
MOV-003291,2025-03-09,PRD-0427,WH-005,Sales Issue,-21,SO-003583
MOV-003292,2025-05-17,PRD-0303,WH-005,Sales Issue,-9,SO-003584
MOV-003293,2024-10-01,PRD-0389,WH-004,Sales Issue,-6,SO-003585
MOV-003294,2024-10-02,PRD-0211,WH-005,Sales Issue,-17,SO-003586
MOV-003295,2026-05-01,PRD-0145,WH-005,Sales Issue,-21,SO-003587
MOV-003296,2026-09-04,PRD-0458,WH-001,Sales Issue,-20,SO-003588
MOV-003297,2026-02-25,PRD-0494,WH-001,Sales Issue,-24,SO-003589
MOV-003298,2026-05-15,PRD-0271,WH-003,Sales Issue,-2,SO-003590
MOV-003299,2025-04-03,PRD-0377,WH-002,Sales Issue,-10,SO-003591
MOV-003300,2025-06-11,PRD-0286,WH-002,Sales Issue,-3,SO-003592
MOV-003301,2025-12-30,PRD-0330,WH-001,Sales Issue,-7,SO-003593
MOV-003302,2026-05-15,PRD-0028,WH-003,Sales Issue,-21,SO-003594
MOV-003303,2026-07-19,PRD-0161,WH-002,Sales Issue,-17,SO-003595
MOV-003304,2025-09-25,PRD-0006,WH-004,Sales Issue,-23,SO-003596
MOV-003305,2025-01-26,PRD-0137,WH-002,Sales Issue,-18,SO-003597
MOV-003306,2024-10-02,PRD-0015,WH-003,Sales Issue,-9,SO-003598
MOV-003307,2024-12-01,PRD-0267,WH-005,Sales Issue,-17,SO-003601
MOV-003308,2026-07-21,PRD-0070,WH-003,Sales Issue,-28,SO-003602
MOV-003309,2026-04-03,PRD-0276,WH-001,Sales Issue,-24,SO-003603
MOV-003310,2025-10-27,PRD-0406,WH-005,Sales Issue,-6,SO-003604
MOV-003311,2025-09-26,PRD-0047,WH-002,Sales Issue,-5,SO-003605
MOV-003312,2024-10-16,PRD-0499,WH-004,Sales Issue,-2,SO-003606
MOV-003313,2026-09-19,PRD-0464,WH-001,Sales Issue,-6,SO-003607
MOV-003314,2026-04-16,PRD-0430,WH-002,Sales Issue,-26,SO-003608
MOV-003315,2025-01-15,PRD-0019,WH-004,Sales Issue,-26,SO-003611
MOV-003316,2024-11-29,PRD-0230,WH-005,Sales Issue,-24,SO-003612
MOV-003317,2026-06-03,PRD-0395,WH-004,Sales Issue,-5,SO-003613
MOV-003318,2025-09-27,PRD-0222,WH-005,Sales Issue,-26,SO-003614
MOV-003319,2025-03-28,PRD-0022,WH-002,Sales Issue,-28,SO-003615
MOV-003320,2025-04-09,PRD-0427,WH-005,Sales Issue,-16,SO-003616
MOV-003321,2026-07-01,PRD-0361,WH-003,Sales Issue,-24,SO-003618
MOV-003322,2025-01-13,PRD-0403,WH-003,Sales Issue,-3,SO-003619
MOV-003323,2026-01-08,PRD-0370,WH-004,Sales Issue,-15,SO-003620
MOV-003324,2026-03-13,PRD-0483,WH-002,Sales Issue,-23,SO-003621
MOV-003325,2026-09-09,PRD-0003,WH-001,Sales Issue,-9,SO-003622
MOV-003326,2025-10-16,PRD-0235,WH-004,Sales Issue,-30,SO-003623
MOV-003327,2025-09-27,PRD-0213,WH-004,Sales Issue,-24,SO-003624
MOV-003328,2026-05-02,PRD-0475,WH-003,Sales Issue,-8,SO-003627
MOV-003329,2025-10-23,PRD-0301,WH-003,Sales Issue,-6,SO-003628
MOV-003330,2026-01-08,PRD-0174,WH-001,Sales Issue,-11,SO-003630
MOV-003331,2025-06-16,PRD-0060,WH-003,Sales Issue,-8,SO-003631
MOV-003332,2025-06-01,PRD-0079,WH-001,Sales Issue,-27,SO-003632
MOV-003333,2025-11-01,PRD-0168,WH-003,Sales Issue,-26,SO-003633
MOV-003334,2025-11-06,PRD-0055,WH-001,Sales Issue,-28,SO-003634
MOV-003335,2026-04-27,PRD-0158,WH-002,Sales Issue,-18,SO-003635
MOV-003336,2026-05-29,PRD-0483,WH-002,Sales Issue,-15,SO-003636
MOV-003337,2025-09-24,PRD-0310,WH-003,Sales Issue,-17,SO-003637
MOV-003338,2025-09-05,PRD-0458,WH-001,Sales Issue,-22,SO-003638
MOV-003339,2025-06-07,PRD-0388,WH-002,Sales Issue,-1,SO-003639
MOV-003340,2025-03-10,PRD-0202,WH-003,Sales Issue,-26,SO-003641
MOV-003341,2025-11-23,PRD-0224,WH-001,Sales Issue,-30,SO-003642
MOV-003342,2024-10-11,PRD-0305,WH-002,Sales Issue,-27,SO-003643
MOV-003343,2026-02-04,PRD-0500,WH-003,Sales Issue,-19,SO-003644
MOV-003344,2025-11-17,PRD-0286,WH-002,Sales Issue,-23,SO-003645
MOV-003345,2026-01-20,PRD-0049,WH-005,Sales Issue,-20,SO-003646
MOV-003346,2026-05-02,PRD-0012,WH-005,Sales Issue,-2,SO-003647
MOV-003347,2026-07-13,PRD-0190,WH-003,Sales Issue,-10,SO-003648
MOV-003348,2025-03-04,PRD-0048,WH-003,Sales Issue,-8,SO-003649
MOV-003349,2025-07-02,PRD-0380,WH-003,Sales Issue,-22,SO-003650
MOV-003350,2024-10-13,PRD-0057,WH-004,Sales Issue,-18,SO-003651
MOV-003351,2025-07-21,PRD-0053,WH-003,Sales Issue,-18,SO-003652
MOV-003352,2024-10-14,PRD-0439,WH-004,Sales Issue,-9,SO-003653
MOV-003353,2025-02-16,PRD-0039,WH-002,Sales Issue,-13,SO-003654
MOV-003354,2024-11-16,PRD-0169,WH-003,Sales Issue,-12,SO-003655
MOV-003355,2025-11-25,PRD-0468,WH-001,Sales Issue,-20,SO-003656
MOV-003356,2025-02-13,PRD-0485,WH-005,Sales Issue,-24,SO-003657
MOV-003357,2025-06-05,PRD-0156,WH-003,Sales Issue,-26,SO-003658
MOV-003358,2026-01-11,PRD-0140,WH-005,Sales Issue,-22,SO-003659
MOV-003359,2026-07-04,PRD-0109,WH-001,Sales Issue,-28,SO-003660
MOV-003360,2025-02-15,PRD-0221,WH-004,Sales Issue,-26,SO-003662
MOV-003361,2025-10-04,PRD-0156,WH-003,Sales Issue,-19,SO-003663
MOV-003362,2025-08-10,PRD-0265,WH-004,Sales Issue,-12,SO-003664
MOV-003363,2026-03-09,PRD-0189,WH-003,Sales Issue,-28,SO-003666
MOV-003364,2024-12-13,PRD-0210,WH-005,Sales Issue,-3,SO-003667
MOV-003365,2026-02-28,PRD-0203,WH-005,Sales Issue,-9,SO-003669
MOV-003366,2025-11-14,PRD-0423,WH-003,Sales Issue,-22,SO-003670
MOV-003367,2026-08-19,PRD-0490,WH-005,Sales Issue,-30,SO-003671
MOV-003368,2024-12-21,PRD-0306,WH-001,Sales Issue,-6,SO-003672
MOV-003369,2025-09-05,PRD-0041,WH-003,Sales Issue,-2,SO-003673
MOV-003370,2026-05-12,PRD-0181,WH-003,Sales Issue,-18,SO-003675
MOV-003371,2025-10-07,PRD-0005,WH-001,Sales Issue,-18,SO-003677
MOV-003372,2024-12-03,PRD-0079,WH-001,Sales Issue,-23,SO-003678
MOV-003373,2025-05-21,PRD-0321,WH-001,Sales Issue,-29,SO-003679
MOV-003374,2025-06-22,PRD-0229,WH-002,Sales Issue,-10,SO-003680
MOV-003375,2024-11-06,PRD-0362,WH-003,Sales Issue,-15,SO-003681
MOV-003376,2025-01-23,PRD-0486,WH-004,Sales Issue,-28,SO-003682
MOV-003377,2025-09-14,PRD-0311,WH-005,Sales Issue,-3,SO-003683
MOV-003378,2025-04-28,PRD-0306,WH-001,Sales Issue,-7,SO-003684
MOV-003379,2026-07-22,PRD-0479,WH-004,Sales Issue,-30,SO-003686
MOV-003380,2026-09-22,PRD-0185,WH-004,Sales Issue,-27,SO-003689
MOV-003381,2024-12-03,PRD-0214,WH-003,Sales Issue,-18,SO-003690
MOV-003382,2026-04-04,PRD-0103,WH-003,Sales Issue,-26,SO-003692
MOV-003383,2025-02-09,PRD-0379,WH-002,Sales Issue,-30,SO-003695
MOV-003384,2025-05-26,PRD-0083,WH-004,Sales Issue,-24,SO-003696
MOV-003385,2025-01-03,PRD-0185,WH-004,Sales Issue,-13,SO-003697
MOV-003386,2025-05-04,PRD-0325,WH-005,Sales Issue,-14,SO-003698
MOV-003387,2026-05-31,PRD-0126,WH-001,Sales Issue,-8,SO-003701
MOV-003388,2026-03-15,PRD-0032,WH-004,Sales Issue,-30,SO-003702
MOV-003389,2024-11-30,PRD-0313,WH-004,Sales Issue,-1,SO-003703
MOV-003390,2025-09-29,PRD-0452,WH-005,Sales Issue,-11,SO-003704
MOV-003391,2025-10-26,PRD-0139,WH-005,Sales Issue,-4,SO-003706
MOV-003392,2025-01-20,PRD-0380,WH-003,Sales Issue,-19,SO-003707
MOV-003393,2025-08-13,PRD-0096,WH-004,Sales Issue,-2,SO-003708
MOV-003394,2025-07-03,PRD-0208,WH-005,Sales Issue,-17,SO-003710
MOV-003395,2025-07-22,PRD-0196,WH-003,Sales Issue,-9,SO-003711
MOV-003396,2025-08-02,PRD-0230,WH-005,Sales Issue,-27,SO-003712
MOV-003397,2026-04-04,PRD-0296,WH-002,Sales Issue,-30,SO-003713
MOV-003398,2024-11-03,PRD-0147,WH-003,Sales Issue,-17,SO-003714
MOV-003399,2024-12-04,PRD-0224,WH-001,Sales Issue,-30,SO-003715
MOV-003400,2024-12-01,PRD-0296,WH-002,Sales Issue,-25,SO-003716
MOV-003401,2025-10-02,PRD-0169,WH-003,Sales Issue,-22,SO-003717
MOV-003402,2025-07-15,PRD-0035,WH-001,Sales Issue,-4,SO-003718
MOV-003403,2025-09-28,PRD-0127,WH-002,Sales Issue,-16,SO-003720
MOV-003404,2026-08-16,PRD-0303,WH-005,Sales Issue,-27,SO-003721
MOV-003405,2025-10-11,PRD-0221,WH-004,Sales Issue,-23,SO-003722
MOV-003406,2025-02-04,PRD-0229,WH-002,Sales Issue,-18,SO-003723
MOV-003407,2025-06-21,PRD-0402,WH-002,Sales Issue,-12,SO-003726
MOV-003408,2025-02-26,PRD-0054,WH-003,Sales Issue,-24,SO-003727
MOV-003409,2025-01-03,PRD-0488,WH-005,Sales Issue,-1,SO-003729
MOV-003410,2026-05-05,PRD-0305,WH-002,Sales Issue,-4,SO-003730
MOV-003411,2024-12-22,PRD-0144,WH-005,Sales Issue,-27,SO-003731
MOV-003412,2025-02-19,PRD-0290,WH-003,Sales Issue,-21,SO-003734
MOV-003413,2024-11-26,PRD-0072,WH-005,Sales Issue,-29,SO-003736
MOV-003414,2025-09-28,PRD-0043,WH-002,Sales Issue,-30,SO-003737
MOV-003415,2025-11-19,PRD-0483,WH-002,Sales Issue,-24,SO-003738
MOV-003416,2026-04-17,PRD-0257,WH-003,Sales Issue,-23,SO-003739
MOV-003417,2026-06-27,PRD-0235,WH-004,Sales Issue,-28,SO-003740
MOV-003418,2025-07-25,PRD-0003,WH-001,Sales Issue,-28,SO-003741
MOV-003419,2024-12-08,PRD-0233,WH-005,Sales Issue,-8,SO-003742
MOV-003420,2026-07-22,PRD-0446,WH-001,Sales Issue,-6,SO-003743
MOV-003421,2025-08-15,PRD-0135,WH-005,Sales Issue,-14,SO-003744
MOV-003422,2025-03-25,PRD-0311,WH-005,Sales Issue,-10,SO-003745
MOV-003423,2025-08-06,PRD-0363,WH-001,Sales Issue,-10,SO-003746
MOV-003424,2025-08-13,PRD-0412,WH-002,Sales Issue,-3,SO-003747
MOV-003425,2025-07-06,PRD-0478,WH-002,Sales Issue,-15,SO-003749
MOV-003426,2026-01-19,PRD-0462,WH-003,Sales Issue,-25,SO-003750
MOV-003427,2025-11-29,PRD-0036,WH-001,Sales Issue,-11,SO-003751
MOV-003428,2025-09-10,PRD-0429,WH-003,Sales Issue,-17,SO-003752
MOV-003429,2025-08-22,PRD-0027,WH-001,Sales Issue,-10,SO-003753
MOV-003430,2025-11-25,PRD-0291,WH-005,Sales Issue,-17,SO-003755
MOV-003431,2026-05-12,PRD-0335,WH-001,Sales Issue,-18,SO-003756
MOV-003432,2024-12-14,PRD-0187,WH-001,Sales Issue,-25,SO-003758
MOV-003433,2025-10-22,PRD-0429,WH-003,Sales Issue,-12,SO-003759
MOV-003434,2026-05-11,PRD-0315,WH-004,Sales Issue,-16,SO-003761
MOV-003435,2025-09-07,PRD-0201,WH-001,Sales Issue,-4,SO-003762
MOV-003436,2026-09-05,PRD-0408,WH-002,Sales Issue,-16,SO-003763
MOV-003437,2025-01-29,PRD-0366,WH-001,Sales Issue,-22,SO-003764
MOV-003438,2025-03-18,PRD-0446,WH-001,Sales Issue,-16,SO-003765
MOV-003439,2026-03-23,PRD-0418,WH-003,Sales Issue,-15,SO-003766
MOV-003440,2025-08-04,PRD-0232,WH-005,Sales Issue,-23,SO-003767
MOV-003441,2025-03-01,PRD-0470,WH-004,Sales Issue,-5,SO-003768
MOV-003442,2025-02-15,PRD-0458,WH-001,Sales Issue,-10,SO-003769
MOV-003443,2026-07-11,PRD-0263,WH-001,Sales Issue,-19,SO-003770
MOV-003444,2025-08-05,PRD-0140,WH-005,Sales Issue,-4,SO-003771
MOV-003445,2026-09-15,PRD-0294,WH-003,Sales Issue,-19,SO-003772
MOV-003446,2026-08-30,PRD-0434,WH-003,Sales Issue,-30,SO-003773
MOV-003447,2025-12-02,PRD-0146,WH-004,Sales Issue,-16,SO-003774
MOV-003448,2025-04-07,PRD-0099,WH-002,Sales Issue,-21,SO-003775
MOV-003449,2025-10-25,PRD-0153,WH-004,Sales Issue,-16,SO-003776
MOV-003450,2026-07-10,PRD-0104,WH-002,Sales Issue,-5,SO-003777
MOV-003451,2025-05-21,PRD-0488,WH-005,Sales Issue,-3,SO-003780
MOV-003452,2026-05-09,PRD-0050,WH-005,Sales Issue,-14,SO-003781
MOV-003453,2025-07-28,PRD-0413,WH-004,Sales Issue,-26,SO-003782
MOV-003454,2025-04-09,PRD-0488,WH-005,Sales Issue,-12,SO-003783
MOV-003455,2026-06-17,PRD-0203,WH-005,Sales Issue,-20,SO-003784
MOV-003456,2026-02-08,PRD-0496,WH-003,Sales Issue,-29,SO-003786
MOV-003457,2024-11-18,PRD-0359,WH-004,Sales Issue,-13,SO-003787
MOV-003458,2025-04-09,PRD-0073,WH-003,Sales Issue,-27,SO-003789
MOV-003459,2026-03-31,PRD-0174,WH-001,Sales Issue,-21,SO-003790
MOV-003460,2024-12-20,PRD-0421,WH-004,Sales Issue,-1,SO-003792
MOV-003461,2025-06-26,PRD-0341,WH-004,Sales Issue,-1,SO-003793
MOV-003462,2025-11-23,PRD-0180,WH-005,Sales Issue,-15,SO-003794
MOV-003463,2026-07-18,PRD-0303,WH-005,Sales Issue,-6,SO-003795
MOV-003464,2026-07-08,PRD-0351,WH-002,Sales Issue,-7,SO-003796
MOV-003465,2025-01-18,PRD-0128,WH-002,Sales Issue,-24,SO-003797
MOV-003466,2025-02-05,PRD-0482,WH-005,Sales Issue,-23,SO-003798
MOV-003467,2025-01-10,PRD-0356,WH-001,Sales Issue,-4,SO-003799
MOV-003468,2025-07-19,PRD-0225,WH-001,Sales Issue,-11,SO-003800
MOV-003469,2026-03-22,PRD-0086,WH-002,Sales Issue,-8,SO-003802
MOV-003470,2026-04-25,PRD-0023,WH-004,Sales Issue,-5,SO-003803
MOV-003471,2024-11-23,PRD-0295,WH-004,Sales Issue,-18,SO-003804
MOV-003472,2025-05-21,PRD-0340,WH-001,Sales Issue,-23,SO-003805
MOV-003473,2024-10-24,PRD-0282,WH-004,Sales Issue,-27,SO-003806
MOV-003474,2025-09-24,PRD-0272,WH-001,Sales Issue,-8,SO-003808
MOV-003475,2026-07-06,PRD-0202,WH-003,Sales Issue,-15,SO-003809
MOV-003476,2024-10-29,PRD-0236,WH-002,Sales Issue,-15,SO-003811
MOV-003477,2026-03-08,PRD-0013,WH-004,Sales Issue,-28,SO-003812
MOV-003478,2024-10-20,PRD-0344,WH-004,Sales Issue,-29,SO-003814
MOV-003479,2024-12-01,PRD-0060,WH-003,Sales Issue,-22,SO-003815
MOV-003480,2025-02-16,PRD-0105,WH-003,Sales Issue,-18,SO-003816
MOV-003481,2024-12-28,PRD-0035,WH-001,Sales Issue,-18,SO-003818
MOV-003482,2026-04-09,PRD-0185,WH-004,Sales Issue,-24,SO-003822
MOV-003483,2026-04-10,PRD-0241,WH-003,Sales Issue,-15,SO-003823
MOV-003484,2024-12-18,PRD-0019,WH-004,Sales Issue,-20,SO-003824
MOV-003485,2025-05-29,PRD-0117,WH-004,Sales Issue,-13,SO-003825
MOV-003486,2024-11-17,PRD-0315,WH-004,Sales Issue,-21,SO-003826
MOV-003487,2025-07-29,PRD-0158,WH-002,Sales Issue,-26,SO-003827
MOV-003488,2025-12-18,PRD-0408,WH-002,Sales Issue,-1,SO-003828
MOV-003489,2025-05-13,PRD-0293,WH-004,Sales Issue,-14,SO-003829
MOV-003490,2026-04-01,PRD-0225,WH-001,Sales Issue,-6,SO-003830
MOV-003491,2025-07-25,PRD-0156,WH-003,Sales Issue,-15,SO-003831
MOV-003492,2025-11-10,PRD-0407,WH-002,Sales Issue,-26,SO-003833
MOV-003493,2025-07-19,PRD-0237,WH-005,Sales Issue,-24,SO-003834
MOV-003494,2025-09-27,PRD-0248,WH-001,Sales Issue,-15,SO-003835
MOV-003495,2025-01-14,PRD-0420,WH-004,Sales Issue,-24,SO-003838
MOV-003496,2025-04-02,PRD-0450,WH-004,Sales Issue,-19,SO-003840
MOV-003497,2025-04-21,PRD-0030,WH-005,Sales Issue,-15,SO-003841
MOV-003498,2025-02-02,PRD-0394,WH-005,Sales Issue,-7,SO-003842
MOV-003499,2025-11-13,PRD-0120,WH-004,Sales Issue,-6,SO-003843
MOV-003500,2024-10-21,PRD-0438,WH-002,Sales Issue,-9,SO-003844
MOV-003501,2025-07-03,PRD-0137,WH-002,Sales Issue,-8,SO-003845
MOV-003502,2026-08-10,PRD-0200,WH-001,Sales Issue,-29,SO-003846
MOV-003503,2024-12-23,PRD-0372,WH-002,Sales Issue,-10,SO-003847
MOV-003504,2025-01-22,PRD-0483,WH-002,Sales Issue,-9,SO-003848
MOV-003505,2025-08-16,PRD-0084,WH-003,Sales Issue,-13,SO-003849
MOV-003506,2024-12-11,PRD-0088,WH-003,Sales Issue,-14,SO-003850
MOV-003507,2026-07-24,PRD-0112,WH-005,Sales Issue,-10,SO-003851
MOV-003508,2026-07-05,PRD-0267,WH-005,Sales Issue,-21,SO-003852
MOV-003509,2026-03-13,PRD-0387,WH-004,Sales Issue,-22,SO-003854
MOV-003510,2025-09-03,PRD-0017,WH-004,Sales Issue,-19,SO-003855
MOV-003511,2025-05-10,PRD-0014,WH-003,Sales Issue,-29,SO-003856
MOV-003512,2026-03-06,PRD-0392,WH-003,Sales Issue,-3,SO-003857
MOV-003513,2025-02-08,PRD-0408,WH-002,Sales Issue,-27,SO-003859
MOV-003514,2025-07-25,PRD-0349,WH-004,Sales Issue,-19,SO-003860
MOV-003515,2025-03-06,PRD-0281,WH-003,Sales Issue,-3,SO-003861
MOV-003516,2025-07-08,PRD-0026,WH-004,Sales Issue,-30,SO-003862
MOV-003517,2025-07-08,PRD-0433,WH-004,Sales Issue,-13,SO-003863
MOV-003518,2025-01-03,PRD-0428,WH-005,Sales Issue,-10,SO-003864
MOV-003519,2024-12-04,PRD-0017,WH-004,Sales Issue,-11,SO-003865
MOV-003520,2025-02-28,PRD-0303,WH-005,Sales Issue,-4,SO-003866
MOV-003521,2025-05-27,PRD-0471,WH-005,Sales Issue,-21,SO-003867
MOV-003522,2026-05-15,PRD-0158,WH-002,Sales Issue,-16,SO-003868
MOV-003523,2024-11-08,PRD-0457,WH-004,Sales Issue,-8,SO-003869
MOV-003524,2026-09-02,PRD-0125,WH-005,Sales Issue,-15,SO-003870
MOV-003525,2024-10-05,PRD-0217,WH-001,Sales Issue,-12,SO-003871
MOV-003526,2025-01-11,PRD-0386,WH-005,Sales Issue,-27,SO-003873
MOV-003527,2025-03-25,PRD-0077,WH-002,Sales Issue,-30,SO-003874
MOV-003528,2026-05-26,PRD-0193,WH-003,Sales Issue,-4,SO-003875
MOV-003529,2026-04-24,PRD-0094,WH-003,Sales Issue,-24,SO-003876
MOV-003530,2025-03-07,PRD-0148,WH-004,Sales Issue,-16,SO-003877
MOV-003531,2025-08-02,PRD-0284,WH-002,Sales Issue,-13,SO-003878
MOV-003532,2024-12-08,PRD-0085,WH-001,Sales Issue,-29,SO-003879
MOV-003533,2026-04-19,PRD-0231,WH-001,Sales Issue,-9,SO-003880
MOV-003534,2025-05-12,PRD-0463,WH-003,Sales Issue,-29,SO-003882
MOV-003535,2026-04-25,PRD-0465,WH-004,Sales Issue,-24,SO-003883
MOV-003536,2025-11-20,PRD-0239,WH-003,Sales Issue,-29,SO-003884
MOV-003537,2025-08-09,PRD-0015,WH-003,Sales Issue,-10,SO-003886
MOV-003538,2024-12-15,PRD-0373,WH-002,Sales Issue,-16,SO-003887
MOV-003539,2024-12-31,PRD-0376,WH-005,Sales Issue,-10,SO-003888
MOV-003540,2025-05-27,PRD-0041,WH-003,Sales Issue,-11,SO-003889
MOV-003541,2026-01-22,PRD-0040,WH-003,Sales Issue,-10,SO-003890
MOV-003542,2025-05-07,PRD-0115,WH-004,Sales Issue,-2,SO-003891
MOV-003543,2026-01-26,PRD-0378,WH-002,Sales Issue,-15,SO-003892
MOV-003544,2026-06-07,PRD-0193,WH-003,Sales Issue,-3,SO-003893
MOV-003545,2026-06-16,PRD-0490,WH-005,Sales Issue,-2,SO-003894
MOV-003546,2025-09-10,PRD-0448,WH-003,Sales Issue,-27,SO-003895
MOV-003547,2026-07-24,PRD-0353,WH-005,Sales Issue,-10,SO-003896
MOV-003548,2025-08-02,PRD-0464,WH-001,Sales Issue,-29,SO-003897
MOV-003549,2025-04-04,PRD-0382,WH-005,Sales Issue,-18,SO-003898
MOV-003550,2024-12-11,PRD-0019,WH-004,Sales Issue,-4,SO-003899
MOV-003551,2025-04-04,PRD-0014,WH-003,Sales Issue,-6,SO-003900
MOV-003552,2025-07-10,PRD-0136,WH-001,Sales Issue,-7,SO-003901
MOV-003553,2025-03-05,PRD-0237,WH-005,Sales Issue,-14,SO-003903
MOV-003554,2025-06-15,PRD-0419,WH-005,Sales Issue,-22,SO-003904
MOV-003555,2026-01-03,PRD-0371,WH-002,Sales Issue,-14,SO-003905
MOV-003556,2026-08-16,PRD-0442,WH-001,Sales Issue,-21,SO-003906
MOV-003557,2026-04-22,PRD-0108,WH-002,Sales Issue,-11,SO-003907
MOV-003558,2026-08-18,PRD-0011,WH-002,Sales Issue,-8,SO-003908
MOV-003559,2024-10-04,PRD-0187,WH-001,Sales Issue,-30,SO-003910
MOV-003560,2025-02-26,PRD-0012,WH-005,Sales Issue,-16,SO-003911
MOV-003561,2025-08-04,PRD-0310,WH-003,Sales Issue,-13,SO-003912
MOV-003562,2024-10-06,PRD-0319,WH-005,Sales Issue,-7,SO-003914
MOV-003563,2026-08-11,PRD-0039,WH-002,Sales Issue,-7,SO-003916
MOV-003564,2026-02-08,PRD-0439,WH-004,Sales Issue,-27,SO-003917
MOV-003565,2026-09-13,PRD-0230,WH-005,Sales Issue,-2,SO-003918
MOV-003566,2026-07-30,PRD-0026,WH-004,Sales Issue,-8,SO-003919
MOV-003567,2026-06-04,PRD-0481,WH-003,Sales Issue,-24,SO-003920
MOV-003568,2026-01-31,PRD-0380,WH-003,Sales Issue,-23,SO-003921
MOV-003569,2025-04-03,PRD-0324,WH-002,Sales Issue,-26,SO-003922
MOV-003570,2026-03-08,PRD-0041,WH-003,Sales Issue,-7,SO-003923
MOV-003571,2025-06-07,PRD-0344,WH-004,Sales Issue,-14,SO-003924
MOV-003572,2025-12-11,PRD-0416,WH-004,Sales Issue,-14,SO-003925
MOV-003573,2024-11-20,PRD-0083,WH-004,Sales Issue,-4,SO-003927
MOV-003574,2026-07-08,PRD-0403,WH-003,Sales Issue,-2,SO-003928
MOV-003575,2026-06-21,PRD-0424,WH-001,Sales Issue,-9,SO-003930
MOV-003576,2026-03-20,PRD-0201,WH-001,Sales Issue,-17,SO-003931
MOV-003577,2024-11-13,PRD-0013,WH-004,Sales Issue,-23,SO-003933
MOV-003578,2025-10-19,PRD-0349,WH-004,Sales Issue,-26,SO-003934
MOV-003579,2026-06-09,PRD-0088,WH-003,Sales Issue,-21,SO-003935
MOV-003580,2026-06-12,PRD-0186,WH-001,Sales Issue,-4,SO-003936
MOV-003581,2025-08-29,PRD-0328,WH-001,Sales Issue,-20,SO-003937
MOV-003582,2026-03-20,PRD-0356,WH-001,Sales Issue,-19,SO-003938
MOV-003583,2026-05-21,PRD-0049,WH-005,Sales Issue,-16,SO-003939
MOV-003584,2026-06-03,PRD-0050,WH-005,Sales Issue,-15,SO-003940
MOV-003585,2024-12-16,PRD-0144,WH-005,Sales Issue,-12,SO-003941
MOV-003586,2025-02-15,PRD-0226,WH-001,Sales Issue,-29,SO-003942
MOV-003587,2026-07-02,PRD-0391,WH-002,Sales Issue,-23,SO-003943
MOV-003588,2025-04-18,PRD-0214,WH-003,Sales Issue,-25,SO-003945
MOV-003589,2024-11-30,PRD-0137,WH-002,Sales Issue,-15,SO-003946
MOV-003590,2026-04-20,PRD-0106,WH-002,Sales Issue,-10,SO-003947
MOV-003591,2025-04-15,PRD-0075,WH-003,Sales Issue,-18,SO-003948
MOV-003592,2025-10-28,PRD-0366,WH-001,Sales Issue,-27,SO-003949
MOV-003593,2024-10-13,PRD-0019,WH-004,Sales Issue,-29,SO-003950
MOV-003594,2025-03-11,PRD-0113,WH-005,Sales Issue,-29,SO-003952
MOV-003595,2025-05-21,PRD-0404,WH-005,Sales Issue,-8,SO-003953
MOV-003596,2025-05-04,PRD-0308,WH-004,Sales Issue,-24,SO-003954
MOV-003597,2025-05-22,PRD-0108,WH-002,Sales Issue,-22,SO-003955
MOV-003598,2026-02-13,PRD-0294,WH-003,Sales Issue,-13,SO-003956
MOV-003599,2026-09-13,PRD-0206,WH-005,Sales Issue,-4,SO-003957
MOV-003600,2025-12-15,PRD-0337,WH-001,Sales Issue,-24,SO-003958
MOV-003601,2024-10-17,PRD-0258,WH-003,Sales Issue,-27,SO-003959
MOV-003602,2025-01-11,PRD-0324,WH-002,Sales Issue,-3,SO-003960
MOV-003603,2026-05-25,PRD-0359,WH-004,Sales Issue,-28,SO-003961
MOV-003604,2026-04-09,PRD-0428,WH-005,Sales Issue,-29,SO-003962
MOV-003605,2025-05-28,PRD-0344,WH-004,Sales Issue,-3,SO-003963
MOV-003606,2025-01-06,PRD-0153,WH-004,Sales Issue,-16,SO-003964
MOV-003607,2025-12-01,PRD-0220,WH-001,Sales Issue,-17,SO-003965
MOV-003608,2026-03-06,PRD-0097,WH-001,Sales Issue,-19,SO-003966
MOV-003609,2026-08-18,PRD-0040,WH-003,Sales Issue,-24,SO-003967
MOV-003610,2026-01-21,PRD-0003,WH-001,Sales Issue,-15,SO-003969
MOV-003611,2025-07-24,PRD-0141,WH-001,Sales Issue,-1,SO-003970
MOV-003612,2025-10-26,PRD-0272,WH-001,Sales Issue,-16,SO-003971
MOV-003613,2024-11-01,PRD-0422,WH-002,Sales Issue,-22,SO-003972
MOV-003614,2025-09-30,PRD-0323,WH-005,Sales Issue,-3,SO-003974
MOV-003615,2025-11-12,PRD-0143,WH-003,Sales Issue,-5,SO-003975
MOV-003616,2025-01-13,PRD-0334,WH-004,Sales Issue,-25,SO-003976
MOV-003617,2026-05-15,PRD-0316,WH-004,Sales Issue,-28,SO-003977
MOV-003618,2025-11-13,PRD-0491,WH-004,Sales Issue,-20,SO-003978
MOV-003619,2026-02-07,PRD-0288,WH-004,Sales Issue,-2,SO-003979
MOV-003620,2026-06-21,PRD-0334,WH-004,Sales Issue,-14,SO-003980
MOV-003621,2025-08-30,PRD-0067,WH-003,Sales Issue,-2,SO-003981
MOV-003622,2026-09-30,PRD-0215,WH-001,Sales Issue,-16,SO-003982
MOV-003623,2025-08-16,PRD-0485,WH-005,Sales Issue,-4,SO-003984
MOV-003624,2025-05-26,PRD-0272,WH-001,Sales Issue,-7,SO-003985
MOV-003625,2026-02-06,PRD-0112,WH-005,Sales Issue,-5,SO-003986
MOV-003626,2025-03-04,PRD-0313,WH-004,Sales Issue,-6,SO-003987
MOV-003627,2024-10-29,PRD-0162,WH-001,Sales Issue,-14,SO-003988
MOV-003628,2025-03-06,PRD-0388,WH-002,Sales Issue,-24,SO-003992
MOV-003629,2026-05-11,PRD-0476,WH-001,Sales Issue,-9,SO-003993
MOV-003630,2026-03-02,PRD-0276,WH-001,Sales Issue,-14,SO-003994
MOV-003631,2025-09-10,PRD-0445,WH-001,Sales Issue,-23,SO-003996
MOV-003632,2024-12-07,PRD-0270,WH-003,Sales Issue,-27,SO-003997
MOV-003633,2025-05-03,PRD-0331,WH-004,Sales Issue,-28,SO-003998
MOV-003634,2025-08-06,PRD-0447,WH-005,Sales Issue,-8,SO-003999
MOV-003635,2026-01-03,PRD-0462,WH-003,Sales Issue,-1,SO-004000
MOV-003636,2024-11-02,PRD-0355,WH-002,Sales Issue,-6,SO-004001
MOV-003637,2025-08-24,PRD-0470,WH-004,Sales Issue,-6,SO-004002
MOV-003638,2026-06-06,PRD-0318,WH-005,Sales Issue,-16,SO-004004
MOV-003639,2025-02-08,PRD-0091,WH-004,Sales Issue,-8,SO-004005
MOV-003640,2025-04-26,PRD-0232,WH-005,Sales Issue,-20,SO-004006
MOV-003641,2025-12-28,PRD-0292,WH-002,Sales Issue,-6,SO-004007
MOV-003642,2025-07-06,PRD-0223,WH-002,Sales Issue,-19,SO-004008
MOV-003643,2025-03-04,PRD-0416,WH-004,Sales Issue,-11,SO-004009
MOV-003644,2025-01-10,PRD-0342,WH-001,Sales Issue,-13,SO-004010
MOV-003645,2026-03-06,PRD-0407,WH-002,Sales Issue,-25,SO-004011
MOV-003646,2026-08-20,PRD-0189,WH-003,Sales Issue,-22,SO-004013
MOV-003647,2026-02-16,PRD-0013,WH-004,Sales Issue,-2,SO-004014
MOV-003648,2026-02-13,PRD-0367,WH-005,Sales Issue,-30,SO-004015
MOV-003649,2025-03-11,PRD-0275,WH-004,Sales Issue,-18,SO-004019
MOV-003650,2026-03-11,PRD-0276,WH-001,Sales Issue,-13,SO-004020
MOV-003651,2026-04-30,PRD-0278,WH-003,Sales Issue,-3,SO-004021
MOV-003652,2025-06-01,PRD-0172,WH-004,Sales Issue,-26,SO-004022
MOV-003653,2026-07-06,PRD-0497,WH-003,Sales Issue,-7,SO-004023
MOV-003654,2025-11-12,PRD-0154,WH-002,Sales Issue,-3,SO-004024
MOV-003655,2026-07-23,PRD-0144,WH-005,Sales Issue,-3,SO-004025
MOV-003656,2025-12-26,PRD-0310,WH-003,Sales Issue,-10,SO-004026
MOV-003657,2026-07-21,PRD-0443,WH-001,Sales Issue,-14,SO-004027
MOV-003658,2025-09-19,PRD-0427,WH-005,Sales Issue,-8,SO-004028
MOV-003659,2024-12-17,PRD-0457,WH-004,Sales Issue,-30,SO-004029
MOV-003660,2026-08-25,PRD-0415,WH-003,Sales Issue,-23,SO-004030
MOV-003661,2026-04-17,PRD-0295,WH-004,Sales Issue,-7,SO-004031
MOV-003662,2026-03-08,PRD-0161,WH-002,Sales Issue,-17,SO-004032
MOV-003663,2025-05-07,PRD-0032,WH-004,Sales Issue,-22,SO-004034
MOV-003664,2025-06-19,PRD-0346,WH-002,Sales Issue,-15,SO-004035
MOV-003665,2025-04-14,PRD-0356,WH-001,Sales Issue,-2,SO-004036
MOV-003666,2025-04-01,PRD-0256,WH-002,Sales Issue,-11,SO-004037
MOV-003667,2026-06-07,PRD-0008,WH-005,Sales Issue,-15,SO-004038
MOV-003668,2024-11-07,PRD-0172,WH-004,Sales Issue,-19,SO-004040
MOV-003669,2026-05-31,PRD-0115,WH-004,Sales Issue,-26,SO-004041
MOV-003670,2025-01-11,PRD-0345,WH-003,Sales Issue,-15,SO-004042
MOV-003671,2025-08-31,PRD-0005,WH-001,Sales Issue,-9,SO-004043
MOV-003672,2025-01-31,PRD-0049,WH-005,Sales Issue,-11,SO-004044
MOV-003673,2025-12-09,PRD-0038,WH-005,Sales Issue,-25,SO-004045
MOV-003674,2026-07-04,PRD-0460,WH-002,Sales Issue,-10,SO-004046
MOV-003675,2025-08-02,PRD-0356,WH-001,Sales Issue,-21,SO-004047
MOV-003676,2026-01-26,PRD-0247,WH-003,Sales Issue,-17,SO-004048
MOV-003677,2024-10-07,PRD-0345,WH-003,Sales Issue,-12,SO-004049
MOV-003678,2026-03-19,PRD-0332,WH-004,Sales Issue,-8,SO-004050
MOV-003679,2025-07-01,PRD-0225,WH-001,Sales Issue,-1,SO-004051
MOV-003680,2025-06-05,PRD-0365,WH-002,Sales Issue,-10,SO-004052
MOV-003681,2025-05-19,PRD-0172,WH-004,Sales Issue,-10,SO-004053
MOV-003682,2026-01-21,PRD-0112,WH-005,Sales Issue,-19,SO-004054
MOV-003683,2026-02-07,PRD-0123,WH-005,Sales Issue,-9,SO-004057
MOV-003684,2025-01-11,PRD-0205,WH-002,Sales Issue,-19,SO-004058
MOV-003685,2025-03-19,PRD-0067,WH-003,Sales Issue,-26,SO-004059
MOV-003686,2026-07-27,PRD-0407,WH-002,Sales Issue,-10,SO-004060
MOV-003687,2025-06-20,PRD-0487,WH-003,Sales Issue,-13,SO-004061
MOV-003688,2026-06-21,PRD-0500,WH-003,Sales Issue,-10,SO-004062
MOV-003689,2025-07-13,PRD-0076,WH-002,Sales Issue,-7,SO-004064
MOV-003690,2026-01-13,PRD-0111,WH-003,Sales Issue,-8,SO-004065
MOV-003691,2024-11-17,PRD-0061,WH-003,Sales Issue,-29,SO-004067
MOV-003692,2025-11-11,PRD-0480,WH-001,Sales Issue,-5,SO-004068
MOV-003693,2025-11-16,PRD-0090,WH-001,Sales Issue,-30,SO-004069
MOV-003694,2025-08-13,PRD-0344,WH-004,Sales Issue,-23,SO-004070
MOV-003695,2026-09-03,PRD-0474,WH-004,Sales Issue,-28,SO-004072
MOV-003696,2025-08-18,PRD-0055,WH-001,Sales Issue,-21,SO-004073
MOV-003697,2024-10-05,PRD-0272,WH-001,Sales Issue,-24,SO-004074
MOV-003698,2026-05-22,PRD-0264,WH-004,Sales Issue,-12,SO-004075
MOV-003699,2024-10-11,PRD-0140,WH-005,Sales Issue,-25,SO-004076
MOV-003700,2025-07-11,PRD-0473,WH-002,Sales Issue,-1,SO-004077
MOV-003701,2025-02-07,PRD-0371,WH-002,Sales Issue,-23,SO-004078
MOV-003702,2025-09-03,PRD-0284,WH-002,Sales Issue,-11,SO-004079
MOV-003703,2025-09-09,PRD-0141,WH-001,Sales Issue,-3,SO-004080
MOV-003704,2026-03-02,PRD-0094,WH-003,Sales Issue,-13,SO-004081
MOV-003705,2025-11-08,PRD-0330,WH-001,Sales Issue,-26,SO-004082
MOV-003706,2025-10-21,PRD-0062,WH-004,Sales Issue,-15,SO-004083
MOV-003707,2026-03-31,PRD-0167,WH-002,Sales Issue,-2,SO-004088
MOV-003708,2026-05-22,PRD-0129,WH-003,Sales Issue,-30,SO-004089
MOV-003709,2024-10-01,PRD-0374,WH-003,Sales Issue,-16,SO-004090
MOV-003710,2025-09-12,PRD-0406,WH-005,Sales Issue,-16,SO-004091
MOV-003711,2025-01-17,PRD-0408,WH-002,Sales Issue,-7,SO-004092
MOV-003712,2025-06-04,PRD-0040,WH-003,Sales Issue,-22,SO-004093
MOV-003713,2026-07-30,PRD-0384,WH-004,Sales Issue,-19,SO-004094
MOV-003714,2026-06-22,PRD-0216,WH-005,Sales Issue,-14,SO-004095
MOV-003715,2025-12-26,PRD-0221,WH-004,Sales Issue,-9,SO-004096
MOV-003716,2026-04-23,PRD-0238,WH-005,Sales Issue,-24,SO-004097
MOV-003717,2026-02-01,PRD-0259,WH-001,Sales Issue,-11,SO-004098
MOV-003718,2026-05-19,PRD-0236,WH-002,Sales Issue,-8,SO-004099
MOV-003719,2026-06-24,PRD-0165,WH-001,Sales Issue,-16,SO-004100
MOV-003720,2024-11-27,PRD-0409,WH-003,Sales Issue,-23,SO-004103
MOV-003721,2026-02-25,PRD-0415,WH-003,Sales Issue,-27,SO-004104
MOV-003722,2026-05-14,PRD-0058,WH-003,Sales Issue,-16,SO-004106
MOV-003723,2025-08-11,PRD-0055,WH-001,Sales Issue,-25,SO-004107
MOV-003724,2025-06-18,PRD-0047,WH-002,Sales Issue,-1,SO-004108
MOV-003725,2026-06-08,PRD-0383,WH-004,Sales Issue,-29,SO-004109
MOV-003726,2024-11-13,PRD-0219,WH-005,Sales Issue,-1,SO-004110
MOV-003727,2026-09-06,PRD-0487,WH-003,Sales Issue,-5,SO-004111
MOV-003728,2025-10-03,PRD-0245,WH-003,Sales Issue,-29,SO-004112
MOV-003729,2024-12-18,PRD-0098,WH-001,Sales Issue,-24,SO-004113
MOV-003730,2025-08-18,PRD-0139,WH-005,Sales Issue,-20,SO-004114
MOV-003731,2026-04-03,PRD-0017,WH-004,Sales Issue,-1,SO-004115
MOV-003732,2024-10-17,PRD-0226,WH-001,Sales Issue,-7,SO-004116
MOV-003733,2025-06-17,PRD-0111,WH-003,Sales Issue,-26,SO-004117
MOV-003734,2025-01-17,PRD-0296,WH-002,Sales Issue,-24,SO-004118
MOV-003735,2026-02-21,PRD-0382,WH-005,Sales Issue,-4,SO-004119
MOV-003736,2026-02-12,PRD-0459,WH-005,Sales Issue,-4,SO-004120
MOV-003737,2025-12-22,PRD-0210,WH-005,Sales Issue,-12,SO-004121
MOV-003738,2026-01-26,PRD-0270,WH-003,Sales Issue,-19,SO-004122
MOV-003739,2025-02-11,PRD-0412,WH-002,Sales Issue,-26,SO-004123
MOV-003740,2025-12-14,PRD-0324,WH-002,Sales Issue,-29,SO-004125
MOV-003741,2025-10-22,PRD-0204,WH-002,Sales Issue,-24,SO-004127
MOV-003742,2026-04-19,PRD-0321,WH-001,Sales Issue,-24,SO-004128
MOV-003743,2025-03-26,PRD-0313,WH-004,Sales Issue,-14,SO-004129
MOV-003744,2024-12-26,PRD-0174,WH-001,Sales Issue,-21,SO-004130
MOV-003745,2025-03-28,PRD-0127,WH-002,Sales Issue,-19,SO-004131
MOV-003746,2026-08-02,PRD-0213,WH-004,Sales Issue,-24,SO-004133
MOV-003747,2025-05-08,PRD-0156,WH-003,Sales Issue,-25,SO-004134
MOV-003748,2026-06-08,PRD-0478,WH-002,Sales Issue,-6,SO-004135
MOV-003749,2025-10-27,PRD-0292,WH-002,Sales Issue,-23,SO-004137
MOV-003750,2025-12-12,PRD-0043,WH-002,Sales Issue,-7,SO-004138
MOV-003751,2025-05-20,PRD-0010,WH-003,Sales Issue,-16,SO-004139
MOV-003752,2024-12-03,PRD-0167,WH-002,Sales Issue,-12,SO-004140
MOV-003753,2026-05-23,PRD-0321,WH-001,Sales Issue,-3,SO-004141
MOV-003754,2026-07-06,PRD-0263,WH-001,Sales Issue,-5,SO-004142
MOV-003755,2025-06-22,PRD-0453,WH-001,Sales Issue,-13,SO-004143
MOV-003756,2026-02-06,PRD-0066,WH-001,Sales Issue,-29,SO-004144
MOV-003757,2026-09-27,PRD-0284,WH-002,Sales Issue,-2,SO-004145
MOV-003758,2025-10-02,PRD-0225,WH-001,Sales Issue,-1,SO-004147
MOV-003759,2026-03-03,PRD-0197,WH-003,Sales Issue,-19,SO-004148
MOV-003760,2025-08-04,PRD-0256,WH-002,Sales Issue,-13,SO-004149
MOV-003761,2025-05-02,PRD-0250,WH-004,Sales Issue,-21,SO-004151
MOV-003762,2026-05-09,PRD-0035,WH-001,Sales Issue,-21,SO-004152
MOV-003763,2024-10-28,PRD-0328,WH-001,Sales Issue,-28,SO-004153
MOV-003764,2026-08-15,PRD-0199,WH-004,Sales Issue,-21,SO-004154
MOV-003765,2025-08-27,PRD-0114,WH-001,Sales Issue,-8,SO-004155
MOV-003766,2025-06-05,PRD-0375,WH-005,Sales Issue,-3,SO-004156
MOV-003767,2026-02-12,PRD-0483,WH-002,Sales Issue,-29,SO-004157
MOV-003768,2025-06-15,PRD-0282,WH-004,Sales Issue,-26,SO-004158
MOV-003769,2026-08-19,PRD-0361,WH-003,Sales Issue,-19,SO-004159
MOV-003770,2026-07-23,PRD-0177,WH-005,Sales Issue,-24,SO-004160
MOV-003771,2026-04-11,PRD-0414,WH-005,Sales Issue,-25,SO-004161
MOV-003772,2025-04-20,PRD-0451,WH-001,Sales Issue,-8,SO-004164
MOV-003773,2026-05-05,PRD-0448,WH-003,Sales Issue,-18,SO-004165
MOV-003774,2026-06-18,PRD-0153,WH-004,Sales Issue,-4,SO-004166
MOV-003775,2026-08-02,PRD-0294,WH-003,Sales Issue,-14,SO-004168
MOV-003776,2026-06-29,PRD-0173,WH-004,Sales Issue,-2,SO-004169
MOV-003777,2025-10-27,PRD-0286,WH-002,Sales Issue,-10,SO-004170
MOV-003778,2024-10-29,PRD-0281,WH-003,Sales Issue,-17,SO-004171
MOV-003779,2026-07-07,PRD-0096,WH-004,Sales Issue,-8,SO-004172
MOV-003780,2024-11-27,PRD-0242,WH-003,Sales Issue,-21,SO-004173
MOV-003781,2025-02-06,PRD-0250,WH-004,Sales Issue,-17,SO-004174
MOV-003782,2026-01-10,PRD-0342,WH-001,Sales Issue,-5,SO-004175
MOV-003783,2024-11-21,PRD-0009,WH-001,Sales Issue,-17,SO-004176
MOV-003784,2024-11-28,PRD-0307,WH-003,Sales Issue,-27,SO-004177
MOV-003785,2025-07-18,PRD-0060,WH-003,Sales Issue,-6,SO-004178
MOV-003786,2025-01-27,PRD-0228,WH-002,Sales Issue,-29,SO-004179
MOV-003787,2025-11-27,PRD-0441,WH-005,Sales Issue,-19,SO-004180
MOV-003788,2025-06-09,PRD-0493,WH-003,Sales Issue,-28,SO-004181
MOV-003789,2026-06-24,PRD-0082,WH-001,Sales Issue,-28,SO-004182
MOV-003790,2025-05-19,PRD-0350,WH-001,Sales Issue,-18,SO-004183
MOV-003791,2026-07-09,PRD-0178,WH-001,Sales Issue,-29,SO-004184
MOV-003792,2025-09-13,PRD-0061,WH-003,Sales Issue,-28,SO-004186
MOV-003793,2025-12-06,PRD-0311,WH-005,Sales Issue,-1,SO-004188
MOV-003794,2026-01-27,PRD-0404,WH-005,Sales Issue,-5,SO-004190
MOV-003795,2026-05-08,PRD-0403,WH-003,Sales Issue,-14,SO-004191
MOV-003796,2024-11-10,PRD-0438,WH-002,Sales Issue,-2,SO-004192
MOV-003797,2024-11-23,PRD-0113,WH-005,Sales Issue,-8,SO-004193
MOV-003798,2025-06-21,PRD-0292,WH-002,Sales Issue,-9,SO-004194
MOV-003799,2025-08-09,PRD-0144,WH-005,Sales Issue,-10,SO-004195
MOV-003800,2025-11-22,PRD-0035,WH-001,Sales Issue,-26,SO-004197
MOV-003801,2026-05-02,PRD-0146,WH-004,Sales Issue,-3,SO-004198
MOV-003802,2024-10-26,PRD-0210,WH-005,Sales Issue,-15,SO-004200
MOV-003803,2025-03-16,PRD-0162,WH-001,Sales Issue,-26,SO-004201
MOV-003804,2025-07-29,PRD-0167,WH-002,Sales Issue,-16,SO-004202
MOV-003805,2026-08-31,PRD-0173,WH-004,Sales Issue,-7,SO-004204
MOV-003806,2024-11-09,PRD-0023,WH-004,Sales Issue,-5,SO-004205
MOV-003807,2025-10-06,PRD-0377,WH-002,Sales Issue,-8,SO-004208
MOV-003808,2026-08-25,PRD-0268,WH-004,Sales Issue,-4,SO-004209
MOV-003809,2025-09-07,PRD-0316,WH-004,Sales Issue,-4,SO-004210
MOV-003810,2025-10-06,PRD-0332,WH-004,Sales Issue,-27,SO-004211
MOV-003811,2026-07-28,PRD-0174,WH-001,Sales Issue,-7,SO-004213
MOV-003812,2025-04-21,PRD-0399,WH-003,Sales Issue,-11,SO-004214
MOV-003813,2025-06-09,PRD-0458,WH-001,Sales Issue,-7,SO-004215
MOV-003814,2026-09-20,PRD-0402,WH-002,Sales Issue,-21,SO-004217
MOV-003815,2026-01-20,PRD-0208,WH-005,Sales Issue,-4,SO-004218
MOV-003816,2026-06-22,PRD-0384,WH-004,Sales Issue,-8,SO-004219
MOV-003817,2026-06-04,PRD-0146,WH-004,Sales Issue,-27,SO-004220
MOV-003818,2025-01-23,PRD-0419,WH-005,Sales Issue,-11,SO-004221
MOV-003819,2026-04-09,PRD-0229,WH-002,Sales Issue,-20,SO-004222
MOV-003820,2026-09-30,PRD-0360,WH-002,Sales Issue,-14,SO-004223
MOV-003821,2025-07-15,PRD-0209,WH-005,Sales Issue,-15,SO-004224
MOV-003822,2025-04-04,PRD-0031,WH-005,Sales Issue,-16,SO-004225
MOV-003823,2025-08-18,PRD-0006,WH-004,Sales Issue,-9,SO-004226
MOV-003824,2025-02-22,PRD-0342,WH-001,Sales Issue,-23,SO-004228
MOV-003825,2025-07-14,PRD-0153,WH-004,Sales Issue,-6,SO-004229
MOV-003826,2025-06-14,PRD-0297,WH-004,Sales Issue,-28,SO-004230
MOV-003827,2026-04-03,PRD-0433,WH-004,Sales Issue,-24,SO-004231
MOV-003828,2026-06-18,PRD-0087,WH-003,Sales Issue,-5,SO-004232
MOV-003829,2026-08-19,PRD-0487,WH-003,Sales Issue,-14,SO-004233
MOV-003830,2025-06-28,PRD-0009,WH-001,Sales Issue,-27,SO-004234
MOV-003831,2025-09-01,PRD-0390,WH-005,Sales Issue,-19,SO-004235
MOV-003832,2026-03-13,PRD-0463,WH-003,Sales Issue,-29,SO-004238
MOV-003833,2024-10-25,PRD-0085,WH-001,Sales Issue,-25,SO-004239
MOV-003834,2024-10-19,PRD-0176,WH-002,Sales Issue,-18,SO-004240
MOV-003835,2025-06-03,PRD-0412,WH-002,Sales Issue,-23,SO-004241
MOV-003836,2025-02-24,PRD-0430,WH-002,Sales Issue,-12,SO-004242
MOV-003837,2024-11-17,PRD-0265,WH-004,Sales Issue,-5,SO-004243
MOV-003838,2024-10-15,PRD-0476,WH-001,Sales Issue,-11,SO-004245
MOV-003839,2025-04-20,PRD-0021,WH-005,Sales Issue,-1,SO-004246
MOV-003840,2026-05-20,PRD-0122,WH-002,Sales Issue,-19,SO-004247
MOV-003841,2026-08-30,PRD-0055,WH-001,Sales Issue,-2,SO-004248
MOV-003842,2024-10-16,PRD-0263,WH-001,Sales Issue,-13,SO-004249
MOV-003843,2025-11-02,PRD-0436,WH-004,Sales Issue,-13,SO-004250
MOV-003844,2025-04-29,PRD-0335,WH-001,Sales Issue,-29,SO-004251
MOV-003845,2026-03-10,PRD-0422,WH-002,Sales Issue,-20,SO-004252
MOV-003846,2026-01-01,PRD-0042,WH-004,Sales Issue,-11,SO-004253
MOV-003847,2025-08-20,PRD-0168,WH-003,Sales Issue,-22,SO-004255
MOV-003848,2024-12-03,PRD-0240,WH-002,Sales Issue,-27,SO-004256
MOV-003849,2026-06-17,PRD-0408,WH-002,Sales Issue,-22,SO-004257
MOV-003850,2026-05-10,PRD-0405,WH-001,Sales Issue,-9,SO-004258
MOV-003851,2025-08-19,PRD-0321,WH-001,Sales Issue,-27,SO-004259
MOV-003852,2025-05-20,PRD-0261,WH-001,Sales Issue,-23,SO-004260
MOV-003853,2026-05-13,PRD-0214,WH-003,Sales Issue,-8,SO-004261
MOV-003854,2024-12-22,PRD-0370,WH-004,Sales Issue,-1,SO-004263
MOV-003855,2026-05-04,PRD-0005,WH-001,Sales Issue,-1,SO-004264
MOV-003856,2025-12-01,PRD-0072,WH-005,Sales Issue,-26,SO-004265
MOV-003857,2025-10-18,PRD-0440,WH-005,Sales Issue,-13,SO-004266
MOV-003858,2025-10-20,PRD-0197,WH-003,Sales Issue,-29,SO-004267
MOV-003859,2025-10-15,PRD-0456,WH-001,Sales Issue,-16,SO-004268
MOV-003860,2025-01-09,PRD-0179,WH-003,Sales Issue,-25,SO-004269
MOV-003861,2026-06-12,PRD-0153,WH-004,Sales Issue,-9,SO-004270
MOV-003862,2026-09-04,PRD-0375,WH-005,Sales Issue,-30,SO-004271
MOV-003863,2026-06-08,PRD-0459,WH-005,Sales Issue,-5,SO-004273
MOV-003864,2026-04-18,PRD-0308,WH-004,Sales Issue,-29,SO-004274
MOV-003865,2026-07-12,PRD-0237,WH-005,Sales Issue,-2,SO-004275
MOV-003866,2026-02-02,PRD-0399,WH-003,Sales Issue,-15,SO-004276
MOV-003867,2025-06-09,PRD-0240,WH-002,Sales Issue,-15,SO-004278
MOV-003868,2026-08-02,PRD-0189,WH-003,Sales Issue,-18,SO-004279
MOV-003869,2026-07-19,PRD-0494,WH-001,Sales Issue,-24,SO-004280
MOV-003870,2026-06-27,PRD-0151,WH-001,Sales Issue,-3,SO-004281
MOV-003871,2025-06-22,PRD-0391,WH-002,Sales Issue,-21,SO-004282
MOV-003872,2026-05-27,PRD-0202,WH-003,Sales Issue,-16,SO-004283
MOV-003873,2026-01-23,PRD-0225,WH-001,Sales Issue,-19,SO-004285
MOV-003874,2025-09-07,PRD-0363,WH-001,Sales Issue,-25,SO-004286
MOV-003875,2025-04-12,PRD-0041,WH-003,Sales Issue,-4,SO-004287
MOV-003876,2025-09-02,PRD-0366,WH-001,Sales Issue,-16,SO-004288
MOV-003877,2026-06-12,PRD-0473,WH-002,Sales Issue,-28,SO-004289
MOV-003878,2024-10-12,PRD-0386,WH-005,Sales Issue,-8,SO-004290
MOV-003879,2026-06-08,PRD-0030,WH-005,Sales Issue,-17,SO-004291
MOV-003880,2025-03-31,PRD-0343,WH-001,Sales Issue,-5,SO-004292
MOV-003881,2026-02-22,PRD-0203,WH-005,Sales Issue,-29,SO-004293
MOV-003882,2025-03-26,PRD-0247,WH-003,Sales Issue,-9,SO-004294
MOV-003883,2026-06-12,PRD-0356,WH-001,Sales Issue,-4,SO-004296
MOV-003884,2025-05-28,PRD-0069,WH-002,Sales Issue,-20,SO-004297
MOV-003885,2026-06-07,PRD-0072,WH-005,Sales Issue,-23,SO-004298
MOV-003886,2024-10-22,PRD-0235,WH-004,Sales Issue,-16,SO-004299
MOV-003887,2025-08-28,PRD-0166,WH-004,Sales Issue,-12,SO-004301
MOV-003888,2025-09-25,PRD-0380,WH-003,Sales Issue,-14,SO-004302
MOV-003889,2026-06-17,PRD-0335,WH-001,Sales Issue,-4,SO-004303
MOV-003890,2024-12-25,PRD-0212,WH-005,Sales Issue,-10,SO-004304
MOV-003891,2025-12-05,PRD-0228,WH-002,Sales Issue,-10,SO-004306
MOV-003892,2026-08-01,PRD-0023,WH-004,Sales Issue,-14,SO-004308
MOV-003893,2025-09-14,PRD-0238,WH-005,Sales Issue,-5,SO-004309
MOV-003894,2026-03-21,PRD-0287,WH-003,Sales Issue,-28,SO-004310
MOV-003895,2025-10-17,PRD-0393,WH-004,Sales Issue,-27,SO-004311
MOV-003896,2024-11-07,PRD-0490,WH-005,Sales Issue,-15,SO-004312
MOV-003897,2026-08-12,PRD-0192,WH-004,Sales Issue,-14,SO-004313
MOV-003898,2025-12-04,PRD-0167,WH-002,Sales Issue,-5,SO-004314
MOV-003899,2025-05-03,PRD-0373,WH-002,Sales Issue,-14,SO-004315
MOV-003900,2025-03-05,PRD-0370,WH-004,Sales Issue,-14,SO-004316
MOV-003901,2024-12-07,PRD-0342,WH-001,Sales Issue,-10,SO-004317
MOV-003902,2026-03-06,PRD-0085,WH-001,Sales Issue,-3,SO-004318
MOV-003903,2025-02-12,PRD-0110,WH-005,Sales Issue,-27,SO-004319
MOV-003904,2024-12-01,PRD-0400,WH-004,Sales Issue,-28,SO-004321
MOV-003905,2026-02-03,PRD-0109,WH-001,Sales Issue,-11,SO-004323
MOV-003906,2026-06-01,PRD-0427,WH-005,Sales Issue,-9,SO-004324
MOV-003907,2026-07-05,PRD-0484,WH-001,Sales Issue,-1,SO-004326
MOV-003908,2026-03-02,PRD-0399,WH-003,Sales Issue,-7,SO-004327
MOV-003909,2025-07-23,PRD-0093,WH-001,Sales Issue,-4,SO-004328
MOV-003910,2025-09-03,PRD-0092,WH-004,Sales Issue,-24,SO-004329
MOV-003911,2026-02-20,PRD-0300,WH-002,Sales Issue,-21,SO-004330
MOV-003912,2025-02-04,PRD-0461,WH-005,Sales Issue,-4,SO-004332
MOV-003913,2026-08-18,PRD-0093,WH-001,Sales Issue,-22,SO-004335
MOV-003914,2026-08-25,PRD-0295,WH-004,Sales Issue,-15,SO-004336
MOV-003915,2026-03-20,PRD-0250,WH-004,Sales Issue,-28,SO-004337
MOV-003916,2026-05-20,PRD-0498,WH-003,Sales Issue,-21,SO-004338
MOV-003917,2025-12-19,PRD-0246,WH-003,Sales Issue,-3,SO-004339
MOV-003918,2025-07-31,PRD-0216,WH-005,Sales Issue,-23,SO-004340
MOV-003919,2025-09-02,PRD-0450,WH-004,Sales Issue,-24,SO-004341
MOV-003920,2025-11-26,PRD-0098,WH-001,Sales Issue,-13,SO-004342
MOV-003921,2025-03-05,PRD-0329,WH-005,Sales Issue,-16,SO-004343
MOV-003922,2026-08-23,PRD-0254,WH-004,Sales Issue,-11,SO-004344
MOV-003923,2026-09-15,PRD-0146,WH-004,Sales Issue,-25,SO-004345
MOV-003924,2025-10-01,PRD-0025,WH-002,Sales Issue,-17,SO-004346
MOV-003925,2026-01-27,PRD-0007,WH-004,Sales Issue,-26,SO-004347
MOV-003926,2026-09-14,PRD-0235,WH-004,Sales Issue,-23,SO-004349
MOV-003927,2025-02-10,PRD-0022,WH-002,Sales Issue,-8,SO-004350
MOV-003928,2026-07-23,PRD-0320,WH-005,Sales Issue,-22,SO-004351
MOV-003929,2026-08-19,PRD-0174,WH-001,Sales Issue,-26,SO-004352
MOV-003930,2026-09-05,PRD-0485,WH-005,Sales Issue,-26,SO-004353
MOV-003931,2024-12-08,PRD-0002,WH-001,Sales Issue,-1,SO-004354
MOV-003932,2024-11-18,PRD-0467,WH-002,Sales Issue,-25,SO-004355
MOV-003933,2025-12-02,PRD-0475,WH-003,Sales Issue,-14,SO-004356
MOV-003934,2026-06-06,PRD-0087,WH-003,Sales Issue,-9,SO-004357
MOV-003935,2026-06-12,PRD-0179,WH-003,Sales Issue,-14,SO-004358
MOV-003936,2025-02-14,PRD-0249,WH-005,Sales Issue,-22,SO-004360
MOV-003937,2025-04-10,PRD-0068,WH-004,Sales Issue,-1,SO-004361
MOV-003938,2026-01-09,PRD-0369,WH-002,Sales Issue,-23,SO-004362
MOV-003939,2025-05-30,PRD-0205,WH-002,Sales Issue,-16,SO-004364
MOV-003940,2025-04-16,PRD-0320,WH-005,Sales Issue,-17,SO-004365
MOV-003941,2025-04-29,PRD-0303,WH-005,Sales Issue,-20,SO-004366
MOV-003942,2026-04-01,PRD-0193,WH-003,Sales Issue,-29,SO-004367
MOV-003943,2025-03-13,PRD-0358,WH-004,Sales Issue,-28,SO-004368
MOV-003944,2026-09-30,PRD-0332,WH-004,Sales Issue,-23,SO-004370
MOV-003945,2026-08-15,PRD-0352,WH-001,Sales Issue,-6,SO-004372
MOV-003946,2025-09-17,PRD-0059,WH-004,Sales Issue,-19,SO-004373
MOV-003947,2026-02-07,PRD-0484,WH-001,Sales Issue,-10,SO-004375
MOV-003948,2025-08-17,PRD-0109,WH-001,Sales Issue,-21,SO-004376
MOV-003949,2025-09-09,PRD-0109,WH-001,Sales Issue,-12,SO-004377
MOV-003950,2025-06-03,PRD-0279,WH-001,Sales Issue,-28,SO-004378
MOV-003951,2026-08-25,PRD-0052,WH-002,Sales Issue,-19,SO-004379
MOV-003952,2026-02-02,PRD-0126,WH-001,Sales Issue,-30,SO-004380
MOV-003953,2025-05-22,PRD-0057,WH-004,Sales Issue,-8,SO-004381
MOV-003954,2025-02-22,PRD-0191,WH-004,Sales Issue,-24,SO-004383
MOV-003955,2025-02-04,PRD-0262,WH-002,Sales Issue,-21,SO-004384
MOV-003956,2026-03-10,PRD-0288,WH-004,Sales Issue,-7,SO-004385
MOV-003957,2025-12-03,PRD-0105,WH-003,Sales Issue,-16,SO-004386
MOV-003958,2025-02-10,PRD-0467,WH-002,Sales Issue,-5,SO-004387
MOV-003959,2024-10-29,PRD-0099,WH-002,Sales Issue,-15,SO-004388
MOV-003960,2025-07-25,PRD-0007,WH-004,Sales Issue,-25,SO-004389
MOV-003961,2025-04-03,PRD-0201,WH-001,Sales Issue,-28,SO-004391
MOV-003962,2025-03-13,PRD-0015,WH-003,Sales Issue,-5,SO-004392
MOV-003963,2025-12-26,PRD-0076,WH-002,Sales Issue,-18,SO-004393
MOV-003964,2026-01-16,PRD-0364,WH-004,Sales Issue,-4,SO-004394
MOV-003965,2025-10-29,PRD-0281,WH-003,Sales Issue,-28,SO-004395
MOV-003966,2026-03-09,PRD-0199,WH-004,Sales Issue,-3,SO-004396
MOV-003967,2025-08-22,PRD-0276,WH-001,Sales Issue,-21,SO-004397
MOV-003968,2024-12-30,PRD-0326,WH-002,Sales Issue,-13,SO-004398
MOV-003969,2025-06-25,PRD-0097,WH-001,Sales Issue,-22,SO-004399
MOV-003970,2024-10-12,PRD-0113,WH-005,Sales Issue,-21,SO-004400
MOV-003971,2025-01-15,PRD-0010,WH-003,Sales Issue,-27,SO-004401
MOV-003972,2026-01-04,PRD-0246,WH-003,Sales Issue,-4,SO-004403
MOV-003973,2025-12-27,PRD-0146,WH-004,Sales Issue,-26,SO-004404
MOV-003974,2024-10-30,PRD-0050,WH-005,Sales Issue,-9,SO-004405
MOV-003975,2026-03-17,PRD-0145,WH-005,Sales Issue,-4,SO-004406
MOV-003976,2025-12-07,PRD-0471,WH-005,Sales Issue,-14,SO-004407
MOV-003977,2026-05-18,PRD-0197,WH-003,Sales Issue,-6,SO-004408
MOV-003978,2026-04-22,PRD-0258,WH-003,Sales Issue,-21,SO-004409
MOV-003979,2026-03-24,PRD-0398,WH-003,Sales Issue,-11,SO-004410
MOV-003980,2026-09-01,PRD-0369,WH-002,Sales Issue,-17,SO-004411
MOV-003981,2026-09-28,PRD-0455,WH-005,Sales Issue,-8,SO-004412
MOV-003982,2025-06-01,PRD-0360,WH-002,Sales Issue,-11,SO-004413
MOV-003983,2026-08-27,PRD-0216,WH-005,Sales Issue,-14,SO-004414
MOV-003984,2024-11-21,PRD-0346,WH-002,Sales Issue,-23,SO-004416
MOV-003985,2025-02-20,PRD-0406,WH-005,Sales Issue,-26,SO-004417
MOV-003986,2026-03-25,PRD-0029,WH-005,Sales Issue,-20,SO-004418
MOV-003987,2026-07-02,PRD-0098,WH-001,Sales Issue,-16,SO-004419
MOV-003988,2026-06-24,PRD-0113,WH-005,Sales Issue,-2,SO-004420
MOV-003989,2025-04-02,PRD-0077,WH-002,Sales Issue,-17,SO-004421
MOV-003990,2025-06-25,PRD-0482,WH-005,Sales Issue,-19,SO-004422
MOV-003991,2026-05-21,PRD-0433,WH-004,Sales Issue,-30,SO-004425
MOV-003992,2025-09-18,PRD-0494,WH-001,Sales Issue,-28,SO-004426
MOV-003993,2025-02-16,PRD-0134,WH-002,Sales Issue,-11,SO-004427
MOV-003994,2026-02-22,PRD-0038,WH-005,Sales Issue,-3,SO-004428
MOV-003995,2025-04-06,PRD-0067,WH-003,Sales Issue,-6,SO-004429
MOV-003996,2026-04-21,PRD-0453,WH-001,Sales Issue,-29,SO-004430
MOV-003997,2025-12-20,PRD-0046,WH-002,Sales Issue,-14,SO-004431
MOV-003998,2026-09-17,PRD-0324,WH-002,Sales Issue,-24,SO-004432
MOV-003999,2026-03-09,PRD-0360,WH-002,Sales Issue,-5,SO-004433
MOV-004000,2025-03-25,PRD-0286,WH-002,Sales Issue,-25,SO-004434
MOV-004001,2026-08-08,PRD-0318,WH-005,Sales Issue,-20,SO-004435
MOV-004002,2025-12-23,PRD-0225,WH-001,Sales Issue,-30,SO-004436
MOV-004003,2026-09-29,PRD-0055,WH-001,Sales Issue,-30,SO-004437
MOV-004004,2026-01-07,PRD-0170,WH-002,Sales Issue,-17,SO-004438
MOV-004005,2026-06-06,PRD-0469,WH-001,Sales Issue,-22,SO-004439
MOV-004006,2026-04-27,PRD-0207,WH-002,Sales Issue,-5,SO-004440
MOV-004007,2026-05-09,PRD-0088,WH-003,Sales Issue,-10,SO-004441
MOV-004008,2026-09-05,PRD-0382,WH-005,Sales Issue,-28,SO-004442
MOV-004009,2026-01-29,PRD-0422,WH-002,Sales Issue,-8,SO-004443
MOV-004010,2025-09-22,PRD-0332,WH-004,Sales Issue,-7,SO-004444
MOV-004011,2026-06-18,PRD-0293,WH-004,Sales Issue,-9,SO-004445
MOV-004012,2026-01-17,PRD-0433,WH-004,Sales Issue,-13,SO-004446
MOV-004013,2025-08-15,PRD-0126,WH-001,Sales Issue,-14,SO-004447
MOV-004014,2025-12-04,PRD-0147,WH-003,Sales Issue,-19,SO-004449
MOV-004015,2026-09-27,PRD-0415,WH-003,Sales Issue,-8,SO-004450
MOV-004016,2026-08-07,PRD-0403,WH-003,Sales Issue,-15,SO-004451
MOV-004017,2024-11-29,PRD-0221,WH-004,Sales Issue,-13,SO-004452
MOV-004018,2025-10-01,PRD-0262,WH-002,Sales Issue,-18,SO-004453
MOV-004019,2026-04-22,PRD-0400,WH-004,Sales Issue,-19,SO-004454
MOV-004020,2026-06-27,PRD-0386,WH-005,Sales Issue,-22,SO-004455
MOV-004021,2026-06-15,PRD-0391,WH-002,Sales Issue,-1,SO-004456
MOV-004022,2026-02-21,PRD-0287,WH-003,Sales Issue,-20,SO-004457
MOV-004023,2025-05-23,PRD-0462,WH-003,Sales Issue,-7,SO-004458
MOV-004024,2026-05-20,PRD-0009,WH-001,Sales Issue,-25,SO-004459
MOV-004025,2025-02-07,PRD-0229,WH-002,Sales Issue,-21,SO-004460
MOV-004026,2026-03-17,PRD-0226,WH-001,Sales Issue,-30,SO-004461
MOV-004027,2024-10-14,PRD-0294,WH-003,Sales Issue,-28,SO-004462
MOV-004028,2024-12-19,PRD-0426,WH-001,Sales Issue,-13,SO-004463
MOV-004029,2026-03-07,PRD-0488,WH-005,Sales Issue,-7,SO-004464
MOV-004030,2026-05-14,PRD-0132,WH-003,Sales Issue,-21,SO-004465
MOV-004031,2025-03-16,PRD-0489,WH-005,Sales Issue,-27,SO-004466
MOV-004032,2026-08-20,PRD-0427,WH-005,Sales Issue,-10,SO-004467
MOV-004033,2026-05-11,PRD-0197,WH-003,Sales Issue,-22,SO-004468
MOV-004034,2024-10-25,PRD-0383,WH-004,Sales Issue,-8,SO-004469
MOV-004035,2025-01-24,PRD-0409,WH-003,Sales Issue,-21,SO-004470
MOV-004036,2026-03-10,PRD-0093,WH-001,Sales Issue,-14,SO-004472
MOV-004037,2026-01-15,PRD-0394,WH-005,Sales Issue,-12,SO-004473
MOV-004038,2025-04-24,PRD-0372,WH-002,Sales Issue,-19,SO-004474
MOV-004039,2026-06-06,PRD-0322,WH-001,Sales Issue,-22,SO-004475
MOV-004040,2025-01-17,PRD-0308,WH-004,Sales Issue,-27,SO-004477
MOV-004041,2025-08-21,PRD-0326,WH-002,Sales Issue,-21,SO-004479
MOV-004042,2025-04-16,PRD-0409,WH-003,Sales Issue,-2,SO-004480
MOV-004043,2026-07-06,PRD-0145,WH-005,Sales Issue,-7,SO-004481
MOV-004044,2024-10-02,PRD-0223,WH-002,Sales Issue,-3,SO-004483
MOV-004045,2026-08-01,PRD-0428,WH-005,Sales Issue,-13,SO-004484
MOV-004046,2025-08-19,PRD-0122,WH-002,Sales Issue,-3,SO-004485
MOV-004047,2025-05-27,PRD-0410,WH-002,Sales Issue,-22,SO-004486
MOV-004048,2026-01-26,PRD-0043,WH-002,Sales Issue,-18,SO-004487
MOV-004049,2026-09-17,PRD-0368,WH-004,Sales Issue,-16,SO-004488
MOV-004050,2025-04-13,PRD-0486,WH-004,Sales Issue,-24,SO-004489
MOV-004051,2026-02-22,PRD-0107,WH-002,Sales Issue,-16,SO-004490
MOV-004052,2025-02-06,PRD-0207,WH-002,Sales Issue,-6,SO-004491
MOV-004053,2025-08-14,PRD-0044,WH-001,Sales Issue,-12,SO-004492
MOV-004054,2025-07-04,PRD-0404,WH-005,Sales Issue,-30,SO-004493
MOV-004055,2026-07-24,PRD-0370,WH-004,Sales Issue,-30,SO-004496
MOV-004056,2025-09-29,PRD-0145,WH-005,Sales Issue,-17,SO-004497
MOV-004057,2024-10-09,PRD-0296,WH-002,Sales Issue,-22,SO-004498
MOV-004058,2025-02-06,PRD-0006,WH-004,Sales Issue,-16,SO-004499
MOV-004059,2026-04-01,PRD-0025,WH-002,Sales Issue,-4,SO-004501
MOV-004060,2024-11-17,PRD-0199,WH-004,Sales Issue,-18,SO-004502
MOV-004061,2025-05-19,PRD-0014,WH-003,Sales Issue,-10,SO-004503
MOV-004062,2025-03-07,PRD-0028,WH-003,Sales Issue,-26,SO-004504
MOV-004063,2026-03-06,PRD-0337,WH-001,Sales Issue,-5,SO-004505
MOV-004064,2024-12-03,PRD-0133,WH-005,Sales Issue,-20,SO-004506
MOV-004065,2026-03-04,PRD-0304,WH-003,Sales Issue,-16,SO-004507
MOV-004066,2025-06-26,PRD-0145,WH-005,Sales Issue,-15,SO-004508
MOV-004067,2025-11-15,PRD-0120,WH-004,Sales Issue,-25,SO-004509
MOV-004068,2026-04-28,PRD-0022,WH-002,Sales Issue,-22,SO-004510
MOV-004069,2026-03-10,PRD-0074,WH-001,Sales Issue,-22,SO-004512
MOV-004070,2026-09-23,PRD-0171,WH-005,Sales Issue,-24,SO-004513
MOV-004071,2025-12-17,PRD-0274,WH-001,Sales Issue,-1,SO-004514
MOV-004072,2024-10-23,PRD-0420,WH-004,Sales Issue,-12,SO-004515
MOV-004073,2026-05-16,PRD-0385,WH-003,Sales Issue,-26,SO-004516
MOV-004074,2025-05-15,PRD-0242,WH-003,Sales Issue,-2,SO-004517
MOV-004075,2026-04-07,PRD-0169,WH-003,Sales Issue,-28,SO-004518
MOV-004076,2025-05-19,PRD-0475,WH-003,Sales Issue,-28,SO-004519
MOV-004077,2025-11-02,PRD-0097,WH-001,Sales Issue,-3,SO-004520
MOV-004078,2026-07-23,PRD-0070,WH-003,Sales Issue,-2,SO-004521
MOV-004079,2024-11-16,PRD-0353,WH-005,Sales Issue,-24,SO-004522
MOV-004080,2026-06-12,PRD-0194,WH-002,Sales Issue,-23,SO-004523
MOV-004081,2026-06-12,PRD-0461,WH-005,Sales Issue,-7,SO-004524
MOV-004082,2025-11-22,PRD-0365,WH-002,Sales Issue,-29,SO-004525
MOV-004083,2025-09-26,PRD-0370,WH-004,Sales Issue,-20,SO-004526
MOV-004084,2026-03-02,PRD-0266,WH-002,Sales Issue,-11,SO-004527
MOV-004085,2025-02-08,PRD-0083,WH-004,Sales Issue,-29,SO-004529
MOV-004086,2024-11-17,PRD-0277,WH-004,Sales Issue,-13,SO-004530
MOV-004087,2026-01-09,PRD-0105,WH-003,Sales Issue,-26,SO-004531
MOV-004088,2025-09-02,PRD-0109,WH-001,Sales Issue,-10,SO-004532
MOV-004089,2024-10-13,PRD-0390,WH-005,Sales Issue,-8,SO-004533
MOV-004090,2025-02-14,PRD-0222,WH-005,Sales Issue,-12,SO-004534
MOV-004091,2026-08-25,PRD-0338,WH-003,Sales Issue,-9,SO-004535
MOV-004092,2025-02-17,PRD-0480,WH-001,Sales Issue,-23,SO-004536
MOV-004093,2026-01-09,PRD-0477,WH-001,Sales Issue,-7,SO-004538
MOV-004094,2026-09-10,PRD-0313,WH-004,Sales Issue,-5,SO-004540
MOV-004095,2026-08-17,PRD-0083,WH-004,Sales Issue,-19,SO-004541
MOV-004096,2024-12-24,PRD-0451,WH-001,Sales Issue,-7,SO-004542
MOV-004097,2025-08-01,PRD-0012,WH-005,Sales Issue,-9,SO-004544
MOV-004098,2024-12-11,PRD-0033,WH-001,Sales Issue,-19,SO-004545
MOV-004099,2025-05-22,PRD-0180,WH-005,Sales Issue,-2,SO-004546
MOV-004100,2026-03-29,PRD-0070,WH-003,Sales Issue,-26,SO-004547
MOV-004101,2025-09-18,PRD-0419,WH-005,Sales Issue,-27,SO-004548
MOV-004102,2026-05-30,PRD-0068,WH-004,Sales Issue,-8,SO-004550
MOV-004103,2026-05-20,PRD-0092,WH-004,Sales Issue,-30,SO-004551
MOV-004104,2024-11-07,PRD-0378,WH-002,Sales Issue,-1,SO-004552
MOV-004105,2025-03-09,PRD-0021,WH-005,Sales Issue,-18,SO-004554
MOV-004106,2024-11-15,PRD-0355,WH-002,Sales Issue,-27,SO-004555
MOV-004107,2026-05-01,PRD-0377,WH-002,Sales Issue,-25,SO-004556
MOV-004108,2026-07-27,PRD-0459,WH-005,Sales Issue,-4,SO-004557
MOV-004109,2026-08-12,PRD-0359,WH-004,Sales Issue,-8,SO-004558
MOV-004110,2024-11-01,PRD-0476,WH-001,Sales Issue,-25,SO-004559
MOV-004111,2025-10-27,PRD-0298,WH-002,Sales Issue,-6,SO-004560
MOV-004112,2026-06-07,PRD-0373,WH-002,Sales Issue,-22,SO-004561
MOV-004113,2025-01-08,PRD-0127,WH-002,Sales Issue,-14,SO-004562
MOV-004114,2025-06-01,PRD-0451,WH-001,Sales Issue,-5,SO-004564
MOV-004115,2026-03-09,PRD-0225,WH-001,Sales Issue,-2,SO-004565
MOV-004116,2025-07-18,PRD-0083,WH-004,Sales Issue,-15,SO-004567
MOV-004117,2025-02-09,PRD-0002,WH-001,Sales Issue,-12,SO-004568
MOV-004118,2026-07-03,PRD-0096,WH-004,Sales Issue,-12,SO-004569
MOV-004119,2024-10-04,PRD-0284,WH-002,Sales Issue,-4,SO-004570
MOV-004120,2024-12-18,PRD-0442,WH-001,Sales Issue,-12,SO-004571
MOV-004121,2025-01-03,PRD-0014,WH-003,Sales Issue,-26,SO-004572
MOV-004122,2025-05-12,PRD-0397,WH-004,Sales Issue,-14,SO-004573
MOV-004123,2025-05-28,PRD-0388,WH-002,Sales Issue,-12,SO-004574
MOV-004124,2026-05-15,PRD-0374,WH-003,Sales Issue,-6,SO-004575
MOV-004125,2025-04-02,PRD-0267,WH-005,Sales Issue,-14,SO-004576
MOV-004126,2025-04-21,PRD-0007,WH-004,Sales Issue,-9,SO-004577
MOV-004127,2026-04-28,PRD-0056,WH-004,Sales Issue,-23,SO-004578
MOV-004128,2025-01-13,PRD-0296,WH-002,Sales Issue,-13,SO-004579
MOV-004129,2026-02-15,PRD-0097,WH-001,Sales Issue,-30,SO-004580
MOV-004130,2025-05-10,PRD-0381,WH-001,Sales Issue,-10,SO-004581
MOV-004131,2026-01-24,PRD-0012,WH-005,Sales Issue,-29,SO-004582
MOV-004132,2025-03-09,PRD-0215,WH-001,Sales Issue,-16,SO-004583
MOV-004133,2026-09-21,PRD-0155,WH-005,Sales Issue,-12,SO-004584
MOV-004134,2025-03-17,PRD-0377,WH-002,Sales Issue,-23,SO-004585
MOV-004135,2026-01-18,PRD-0120,WH-004,Sales Issue,-14,SO-004587
MOV-004136,2025-07-20,PRD-0005,WH-001,Sales Issue,-8,SO-004588
MOV-004137,2025-03-08,PRD-0025,WH-002,Sales Issue,-9,SO-004592
MOV-004138,2025-09-02,PRD-0250,WH-004,Sales Issue,-12,SO-004593
MOV-004139,2026-03-06,PRD-0325,WH-005,Sales Issue,-13,SO-004594
MOV-004140,2026-03-15,PRD-0447,WH-005,Sales Issue,-18,SO-004595
MOV-004141,2026-08-11,PRD-0375,WH-005,Sales Issue,-24,SO-004596
MOV-004142,2025-11-29,PRD-0303,WH-005,Sales Issue,-7,SO-004598
MOV-004143,2025-04-25,PRD-0093,WH-001,Sales Issue,-26,SO-004599
MOV-004144,2024-10-24,PRD-0284,WH-002,Sales Issue,-30,SO-004600
MOV-004145,2025-09-09,PRD-0365,WH-002,Sales Issue,-7,SO-004601
MOV-004146,2024-12-09,PRD-0338,WH-003,Sales Issue,-1,SO-004602
MOV-004147,2025-12-20,PRD-0247,WH-003,Sales Issue,-11,SO-004603
MOV-004148,2026-02-11,PRD-0123,WH-005,Sales Issue,-2,SO-004604
MOV-004149,2026-04-22,PRD-0358,WH-004,Sales Issue,-17,SO-004605
MOV-004150,2024-11-21,PRD-0261,WH-001,Sales Issue,-3,SO-004606
MOV-004151,2024-10-26,PRD-0096,WH-004,Sales Issue,-4,SO-004607
MOV-004152,2026-07-23,PRD-0150,WH-004,Sales Issue,-8,SO-004608
MOV-004153,2026-01-04,PRD-0432,WH-005,Sales Issue,-21,SO-004609
MOV-004154,2024-12-13,PRD-0005,WH-001,Sales Issue,-7,SO-004611
MOV-004155,2025-04-25,PRD-0209,WH-005,Sales Issue,-23,SO-004612
MOV-004156,2025-07-03,PRD-0021,WH-005,Sales Issue,-21,SO-004613
MOV-004157,2025-03-30,PRD-0245,WH-003,Sales Issue,-13,SO-004617
MOV-004158,2026-05-23,PRD-0162,WH-001,Sales Issue,-30,SO-004618
MOV-004159,2024-12-11,PRD-0142,WH-001,Sales Issue,-27,SO-004619
MOV-004160,2024-11-27,PRD-0208,WH-005,Sales Issue,-6,SO-004620
MOV-004161,2025-10-17,PRD-0265,WH-004,Sales Issue,-29,SO-004621
MOV-004162,2025-10-11,PRD-0309,WH-003,Sales Issue,-8,SO-004623
MOV-004163,2026-08-21,PRD-0397,WH-004,Sales Issue,-25,SO-004625
MOV-004164,2025-09-02,PRD-0264,WH-004,Sales Issue,-6,SO-004626
MOV-004165,2026-05-10,PRD-0264,WH-004,Sales Issue,-9,SO-004627
MOV-004166,2025-09-03,PRD-0407,WH-002,Sales Issue,-16,SO-004628
MOV-004167,2025-03-16,PRD-0425,WH-002,Sales Issue,-6,SO-004629
MOV-004168,2025-02-27,PRD-0362,WH-003,Sales Issue,-4,SO-004630
MOV-004169,2026-03-03,PRD-0168,WH-003,Sales Issue,-28,SO-004631
MOV-004170,2025-04-26,PRD-0229,WH-002,Sales Issue,-14,SO-004632
MOV-004171,2025-06-09,PRD-0016,WH-001,Sales Issue,-4,SO-004633
MOV-004172,2025-05-11,PRD-0079,WH-001,Sales Issue,-1,SO-004634
MOV-004173,2025-10-15,PRD-0036,WH-001,Sales Issue,-13,SO-004635
MOV-004174,2025-08-20,PRD-0284,WH-002,Sales Issue,-10,SO-004636
MOV-004175,2025-07-08,PRD-0088,WH-003,Sales Issue,-19,SO-004637
MOV-004176,2025-10-11,PRD-0254,WH-004,Sales Issue,-16,SO-004638
MOV-004177,2025-07-02,PRD-0268,WH-004,Sales Issue,-25,SO-004640
MOV-004178,2025-02-17,PRD-0137,WH-002,Sales Issue,-5,SO-004643
MOV-004179,2026-05-30,PRD-0464,WH-001,Sales Issue,-14,SO-004644
MOV-004180,2025-12-26,PRD-0176,WH-002,Sales Issue,-4,SO-004645
MOV-004181,2025-09-20,PRD-0123,WH-005,Sales Issue,-18,SO-004646
MOV-004182,2026-03-25,PRD-0268,WH-004,Sales Issue,-8,SO-004647
MOV-004183,2025-11-09,PRD-0472,WH-001,Sales Issue,-21,SO-004648
MOV-004184,2024-12-24,PRD-0264,WH-004,Sales Issue,-28,SO-004649
MOV-004185,2025-06-01,PRD-0303,WH-005,Sales Issue,-28,SO-004650
MOV-004186,2025-04-08,PRD-0443,WH-001,Sales Issue,-16,SO-004651
MOV-004187,2024-10-22,PRD-0193,WH-003,Sales Issue,-26,SO-004652
MOV-004188,2025-05-03,PRD-0211,WH-005,Sales Issue,-28,SO-004653
MOV-004189,2024-11-11,PRD-0261,WH-001,Sales Issue,-27,SO-004654
MOV-004190,2026-07-30,PRD-0226,WH-001,Sales Issue,-30,SO-004655
MOV-004191,2025-09-25,PRD-0256,WH-002,Sales Issue,-20,SO-004656
MOV-004192,2025-11-17,PRD-0075,WH-003,Sales Issue,-2,SO-004657
MOV-004193,2025-09-24,PRD-0353,WH-005,Sales Issue,-21,SO-004659
MOV-004194,2024-11-01,PRD-0104,WH-002,Sales Issue,-13,SO-004660
MOV-004195,2025-12-17,PRD-0340,WH-001,Sales Issue,-18,SO-004661
MOV-004196,2026-07-01,PRD-0126,WH-001,Sales Issue,-4,SO-004662
MOV-004197,2025-10-16,PRD-0475,WH-003,Sales Issue,-8,SO-004663
MOV-004198,2025-02-09,PRD-0336,WH-004,Sales Issue,-17,SO-004664
MOV-004199,2026-05-24,PRD-0461,WH-005,Sales Issue,-24,SO-004665
MOV-004200,2025-01-16,PRD-0265,WH-004,Sales Issue,-11,SO-004666
MOV-004201,2025-09-17,PRD-0420,WH-004,Sales Issue,-17,SO-004667
MOV-004202,2025-03-09,PRD-0377,WH-002,Sales Issue,-19,SO-004668
MOV-004203,2026-08-11,PRD-0461,WH-005,Sales Issue,-7,SO-004670
MOV-004204,2025-07-01,PRD-0282,WH-004,Sales Issue,-25,SO-004671
MOV-004205,2026-07-04,PRD-0105,WH-003,Sales Issue,-13,SO-004672
MOV-004206,2024-11-17,PRD-0413,WH-004,Sales Issue,-11,SO-004673
MOV-004207,2024-11-22,PRD-0436,WH-004,Sales Issue,-7,SO-004674
MOV-004208,2025-05-30,PRD-0244,WH-002,Sales Issue,-10,SO-004676
MOV-004209,2025-03-17,PRD-0087,WH-003,Sales Issue,-18,SO-004678
MOV-004210,2025-10-11,PRD-0417,WH-003,Sales Issue,-10,SO-004679
MOV-004211,2026-02-22,PRD-0373,WH-002,Sales Issue,-15,SO-004682
MOV-004212,2026-03-13,PRD-0136,WH-001,Sales Issue,-8,SO-004684
MOV-004213,2024-12-09,PRD-0047,WH-002,Sales Issue,-1,SO-004685
MOV-004214,2025-12-27,PRD-0220,WH-001,Sales Issue,-25,SO-004686
MOV-004215,2025-01-08,PRD-0421,WH-004,Sales Issue,-3,SO-004687
MOV-004216,2025-06-14,PRD-0024,WH-005,Sales Issue,-5,SO-004688
MOV-004217,2024-10-10,PRD-0252,WH-001,Sales Issue,-1,SO-004690
MOV-004218,2024-11-01,PRD-0369,WH-002,Sales Issue,-11,SO-004691
MOV-004219,2025-06-04,PRD-0234,WH-004,Sales Issue,-11,SO-004694
MOV-004220,2025-01-03,PRD-0294,WH-003,Sales Issue,-12,SO-004697
MOV-004221,2025-09-21,PRD-0006,WH-004,Sales Issue,-20,SO-004698
MOV-004222,2026-04-20,PRD-0488,WH-005,Sales Issue,-27,SO-004699
MOV-004223,2025-09-07,PRD-0069,WH-002,Sales Issue,-28,SO-004700
MOV-004224,2026-02-16,PRD-0403,WH-003,Sales Issue,-7,SO-004701
MOV-004225,2025-10-24,PRD-0104,WH-002,Sales Issue,-1,SO-004702
MOV-004226,2024-10-12,PRD-0449,WH-005,Sales Issue,-8,SO-004703
MOV-004227,2025-12-17,PRD-0336,WH-004,Sales Issue,-1,SO-004704
MOV-004228,2025-12-20,PRD-0319,WH-005,Sales Issue,-14,SO-004705
MOV-004229,2026-05-30,PRD-0407,WH-002,Sales Issue,-23,SO-004706
MOV-004230,2026-07-17,PRD-0052,WH-002,Sales Issue,-28,SO-004707
MOV-004231,2024-10-05,PRD-0450,WH-004,Sales Issue,-17,SO-004708
MOV-004232,2025-12-15,PRD-0276,WH-001,Sales Issue,-14,SO-004709
MOV-004233,2025-12-16,PRD-0125,WH-005,Sales Issue,-24,SO-004710
MOV-004234,2025-10-22,PRD-0305,WH-002,Sales Issue,-26,SO-004713
MOV-004235,2026-08-12,PRD-0366,WH-001,Sales Issue,-19,SO-004714
MOV-004236,2025-03-13,PRD-0110,WH-005,Sales Issue,-11,SO-004716
MOV-004237,2026-01-01,PRD-0032,WH-004,Sales Issue,-24,SO-004717
MOV-004238,2026-03-24,PRD-0416,WH-004,Sales Issue,-21,SO-004718
MOV-004239,2026-08-29,PRD-0396,WH-005,Sales Issue,-7,SO-004719
MOV-004240,2026-07-09,PRD-0465,WH-004,Sales Issue,-13,SO-004720
MOV-004241,2025-09-20,PRD-0415,WH-003,Sales Issue,-1,SO-004721
MOV-004242,2026-06-02,PRD-0462,WH-003,Sales Issue,-18,SO-004722
MOV-004243,2026-01-11,PRD-0008,WH-005,Sales Issue,-8,SO-004723
MOV-004244,2024-10-05,PRD-0388,WH-002,Sales Issue,-27,SO-004724
MOV-004245,2026-03-18,PRD-0065,WH-003,Sales Issue,-9,SO-004725
MOV-004246,2025-12-13,PRD-0143,WH-003,Sales Issue,-1,SO-004726
MOV-004247,2026-08-16,PRD-0347,WH-004,Sales Issue,-3,SO-004727
MOV-004248,2025-01-17,PRD-0021,WH-005,Sales Issue,-5,SO-004728
MOV-004249,2026-05-24,PRD-0476,WH-001,Sales Issue,-10,SO-004729
MOV-004250,2025-09-12,PRD-0429,WH-003,Sales Issue,-19,SO-004730
MOV-004251,2024-12-26,PRD-0174,WH-001,Sales Issue,-18,SO-004732
MOV-004252,2025-08-06,PRD-0300,WH-002,Sales Issue,-23,SO-004733
MOV-004253,2026-02-11,PRD-0323,WH-005,Sales Issue,-23,SO-004735
MOV-004254,2024-12-21,PRD-0296,WH-002,Sales Issue,-27,SO-004736
MOV-004255,2025-11-16,PRD-0133,WH-005,Sales Issue,-10,SO-004737
MOV-004256,2025-01-18,PRD-0439,WH-004,Sales Issue,-12,SO-004738
MOV-004257,2026-01-29,PRD-0384,WH-004,Sales Issue,-15,SO-004739
MOV-004258,2025-12-01,PRD-0080,WH-003,Sales Issue,-27,SO-004740
MOV-004259,2026-05-12,PRD-0337,WH-001,Sales Issue,-24,SO-004741
MOV-004260,2026-06-15,PRD-0313,WH-004,Sales Issue,-28,SO-004742
MOV-004261,2025-11-18,PRD-0007,WH-004,Sales Issue,-23,SO-004743
MOV-004262,2025-12-31,PRD-0224,WH-001,Sales Issue,-21,SO-004744
MOV-004263,2025-04-01,PRD-0292,WH-002,Sales Issue,-22,SO-004745
MOV-004264,2025-07-05,PRD-0458,WH-001,Sales Issue,-23,SO-004746
MOV-004265,2026-05-23,PRD-0091,WH-004,Sales Issue,-2,SO-004747
MOV-004266,2025-11-11,PRD-0159,WH-005,Sales Issue,-6,SO-004748
MOV-004267,2026-04-14,PRD-0373,WH-002,Sales Issue,-15,SO-004749
MOV-004268,2025-03-07,PRD-0294,WH-003,Sales Issue,-26,SO-004750
MOV-004269,2025-05-11,PRD-0395,WH-004,Sales Issue,-24,SO-004751
MOV-004270,2025-06-28,PRD-0432,WH-005,Sales Issue,-2,SO-004752
MOV-004271,2024-12-22,PRD-0302,WH-003,Sales Issue,-6,SO-004753
MOV-004272,2025-01-09,PRD-0065,WH-003,Sales Issue,-1,SO-004754
MOV-004273,2025-07-18,PRD-0435,WH-004,Sales Issue,-26,SO-004755
MOV-004274,2025-11-02,PRD-0034,WH-003,Sales Issue,-25,SO-004756
MOV-004275,2025-01-25,PRD-0006,WH-004,Sales Issue,-19,SO-004757
MOV-004276,2025-01-27,PRD-0129,WH-003,Sales Issue,-15,SO-004758
MOV-004277,2026-04-24,PRD-0383,WH-004,Sales Issue,-17,SO-004759
MOV-004278,2026-03-16,PRD-0354,WH-005,Sales Issue,-4,SO-004760
MOV-004279,2025-12-30,PRD-0012,WH-005,Sales Issue,-13,SO-004762
MOV-004280,2026-01-07,PRD-0470,WH-004,Sales Issue,-20,SO-004763
MOV-004281,2025-10-08,PRD-0035,WH-001,Sales Issue,-8,SO-004764
MOV-004282,2024-10-26,PRD-0384,WH-004,Sales Issue,-23,SO-004765
MOV-004283,2026-06-09,PRD-0117,WH-004,Sales Issue,-17,SO-004766
MOV-004284,2025-03-26,PRD-0426,WH-001,Sales Issue,-14,SO-004767
MOV-004285,2025-03-01,PRD-0274,WH-001,Sales Issue,-5,SO-004768
MOV-004286,2025-07-21,PRD-0012,WH-005,Sales Issue,-13,SO-004769
MOV-004287,2025-01-29,PRD-0448,WH-003,Sales Issue,-29,SO-004770
MOV-004288,2025-06-05,PRD-0460,WH-002,Sales Issue,-22,SO-004771
MOV-004289,2025-11-18,PRD-0380,WH-003,Sales Issue,-3,SO-004773
MOV-004290,2026-01-26,PRD-0143,WH-003,Sales Issue,-17,SO-004774
MOV-004291,2024-12-16,PRD-0028,WH-003,Sales Issue,-1,SO-004775
MOV-004292,2025-11-08,PRD-0057,WH-004,Sales Issue,-26,SO-004776
MOV-004293,2025-04-30,PRD-0136,WH-001,Sales Issue,-17,SO-004777
MOV-004294,2026-07-25,PRD-0203,WH-005,Sales Issue,-29,SO-004778
MOV-004295,2025-08-17,PRD-0023,WH-004,Sales Issue,-18,SO-004779
MOV-004296,2026-01-18,PRD-0321,WH-001,Sales Issue,-26,SO-004780
MOV-004297,2025-05-07,PRD-0353,WH-005,Sales Issue,-10,SO-004781
MOV-004298,2025-08-22,PRD-0322,WH-001,Sales Issue,-19,SO-004782
MOV-004299,2025-08-27,PRD-0401,WH-001,Sales Issue,-10,SO-004783
MOV-004300,2026-02-23,PRD-0012,WH-005,Sales Issue,-1,SO-004784
MOV-004301,2025-01-21,PRD-0198,WH-002,Sales Issue,-24,SO-004785
MOV-004302,2026-04-01,PRD-0150,WH-004,Sales Issue,-5,SO-004786
MOV-004303,2024-11-22,PRD-0335,WH-001,Sales Issue,-14,SO-004787
MOV-004304,2025-07-22,PRD-0078,WH-001,Sales Issue,-4,SO-004788
MOV-004305,2026-08-04,PRD-0156,WH-003,Sales Issue,-23,SO-004789
MOV-004306,2025-06-01,PRD-0342,WH-001,Sales Issue,-3,SO-004790
MOV-004307,2026-09-02,PRD-0453,WH-001,Sales Issue,-8,SO-004792
MOV-004308,2024-11-02,PRD-0455,WH-005,Sales Issue,-14,SO-004793
MOV-004309,2026-05-25,PRD-0089,WH-002,Sales Issue,-12,SO-004795
MOV-004310,2026-09-03,PRD-0258,WH-003,Sales Issue,-7,SO-004797
MOV-004311,2026-06-16,PRD-0106,WH-002,Sales Issue,-26,SO-004798
MOV-004312,2025-11-05,PRD-0037,WH-002,Sales Issue,-24,SO-004799
MOV-004313,2025-10-19,PRD-0379,WH-002,Sales Issue,-24,SO-004800
MOV-004314,2025-04-23,PRD-0424,WH-001,Sales Issue,-4,SO-004801
MOV-004315,2024-10-21,PRD-0094,WH-003,Sales Issue,-3,SO-004802
MOV-004316,2026-07-27,PRD-0106,WH-002,Sales Issue,-14,SO-004803
MOV-004317,2026-05-08,PRD-0326,WH-002,Sales Issue,-28,SO-004804
MOV-004318,2025-06-25,PRD-0264,WH-004,Sales Issue,-22,SO-004805
MOV-004319,2024-10-02,PRD-0105,WH-003,Sales Issue,-27,SO-004806
MOV-004320,2025-08-14,PRD-0154,WH-002,Sales Issue,-28,SO-004808
MOV-004321,2026-01-19,PRD-0220,WH-001,Sales Issue,-3,SO-004809
MOV-004322,2025-08-22,PRD-0178,WH-001,Sales Issue,-20,SO-004810
MOV-004323,2026-07-29,PRD-0077,WH-002,Sales Issue,-16,SO-004811
MOV-004324,2024-11-22,PRD-0148,WH-004,Sales Issue,-24,SO-004812
MOV-004325,2026-07-28,PRD-0175,WH-005,Sales Issue,-19,SO-004814
MOV-004326,2026-03-11,PRD-0314,WH-004,Sales Issue,-14,SO-004815
MOV-004327,2024-11-07,PRD-0134,WH-002,Sales Issue,-27,SO-004816
MOV-004328,2025-06-04,PRD-0026,WH-004,Sales Issue,-8,SO-004817
MOV-004329,2025-04-07,PRD-0324,WH-002,Sales Issue,-5,SO-004818
MOV-004330,2024-10-10,PRD-0417,WH-003,Sales Issue,-14,SO-004819
MOV-004331,2026-04-09,PRD-0410,WH-002,Sales Issue,-9,SO-004820
MOV-004332,2025-09-03,PRD-0436,WH-004,Sales Issue,-21,SO-004821
MOV-004333,2025-08-21,PRD-0339,WH-002,Sales Issue,-24,SO-004822
MOV-004334,2026-08-23,PRD-0379,WH-002,Sales Issue,-11,SO-004823
MOV-004335,2025-06-14,PRD-0415,WH-003,Sales Issue,-27,SO-004824
MOV-004336,2025-03-24,PRD-0186,WH-001,Sales Issue,-21,SO-004825
MOV-004337,2025-06-05,PRD-0410,WH-002,Sales Issue,-14,SO-004826
MOV-004338,2025-01-18,PRD-0440,WH-005,Sales Issue,-29,SO-004827
MOV-004339,2025-02-28,PRD-0288,WH-004,Sales Issue,-7,SO-004828
MOV-004340,2025-03-11,PRD-0047,WH-002,Sales Issue,-6,SO-004829
MOV-004341,2025-06-19,PRD-0473,WH-002,Sales Issue,-27,SO-004830
MOV-004342,2026-02-03,PRD-0281,WH-003,Sales Issue,-9,SO-004831
MOV-004343,2025-12-08,PRD-0025,WH-002,Sales Issue,-7,SO-004832
MOV-004344,2025-09-07,PRD-0142,WH-001,Sales Issue,-28,SO-004833
MOV-004345,2026-06-03,PRD-0188,WH-005,Sales Issue,-5,SO-004834
MOV-004346,2025-05-08,PRD-0012,WH-005,Sales Issue,-3,SO-004835
MOV-004347,2025-07-08,PRD-0116,WH-005,Sales Issue,-2,SO-004836
MOV-004348,2025-10-24,PRD-0293,WH-004,Sales Issue,-9,SO-004837
MOV-004349,2025-10-19,PRD-0035,WH-001,Sales Issue,-6,SO-004838
MOV-004350,2025-10-09,PRD-0156,WH-003,Sales Issue,-21,SO-004839
MOV-004351,2026-01-29,PRD-0284,WH-002,Sales Issue,-27,SO-004840
MOV-004352,2025-11-04,PRD-0142,WH-001,Sales Issue,-4,SO-004841
MOV-004353,2025-05-19,PRD-0269,WH-004,Sales Issue,-8,SO-004842
MOV-004354,2025-04-03,PRD-0191,WH-004,Sales Issue,-23,SO-004845
MOV-004355,2024-10-16,PRD-0111,WH-003,Sales Issue,-12,SO-004847
MOV-004356,2025-01-19,PRD-0226,WH-001,Sales Issue,-15,SO-004848
MOV-004357,2025-01-19,PRD-0460,WH-002,Sales Issue,-20,SO-004849
MOV-004358,2024-10-18,PRD-0190,WH-003,Sales Issue,-15,SO-004851
MOV-004359,2026-03-19,PRD-0025,WH-002,Sales Issue,-29,SO-004853
MOV-004360,2025-04-28,PRD-0459,WH-005,Sales Issue,-22,SO-004854
MOV-004361,2026-09-06,PRD-0316,WH-004,Sales Issue,-20,SO-004855
MOV-004362,2025-03-04,PRD-0130,WH-003,Sales Issue,-8,SO-004856
MOV-004363,2025-02-06,PRD-0348,WH-004,Sales Issue,-28,SO-004857
MOV-004364,2024-10-08,PRD-0227,WH-003,Sales Issue,-23,SO-004859
MOV-004365,2026-08-30,PRD-0181,WH-003,Sales Issue,-27,SO-004861
MOV-004366,2026-01-28,PRD-0348,WH-004,Sales Issue,-4,SO-004862
MOV-004367,2025-10-31,PRD-0437,WH-003,Sales Issue,-8,SO-004864
MOV-004368,2026-04-17,PRD-0195,WH-004,Sales Issue,-16,SO-004865
MOV-004369,2026-04-02,PRD-0267,WH-005,Sales Issue,-5,SO-004866
MOV-004370,2025-12-29,PRD-0266,WH-002,Sales Issue,-14,SO-004867
MOV-004371,2025-06-17,PRD-0391,WH-002,Sales Issue,-30,SO-004868
MOV-004372,2026-02-03,PRD-0038,WH-005,Sales Issue,-23,SO-004869
MOV-004373,2025-12-20,PRD-0222,WH-005,Sales Issue,-12,SO-004870
MOV-004374,2025-10-08,PRD-0014,WH-003,Sales Issue,-25,SO-004871
MOV-004375,2026-06-10,PRD-0497,WH-003,Sales Issue,-26,SO-004872
MOV-004376,2025-04-10,PRD-0092,WH-004,Sales Issue,-22,SO-004873
MOV-004377,2025-09-16,PRD-0406,WH-005,Sales Issue,-19,SO-004874
MOV-004378,2026-05-05,PRD-0105,WH-003,Sales Issue,-11,SO-004875
MOV-004379,2025-05-04,PRD-0410,WH-002,Sales Issue,-25,SO-004876
MOV-004380,2025-09-06,PRD-0203,WH-005,Sales Issue,-14,SO-004877
MOV-004381,2025-05-08,PRD-0082,WH-001,Sales Issue,-10,SO-004878
MOV-004382,2025-07-09,PRD-0110,WH-005,Sales Issue,-2,SO-004879
MOV-004383,2026-01-06,PRD-0372,WH-002,Sales Issue,-22,SO-004882
MOV-004384,2025-11-24,PRD-0026,WH-004,Sales Issue,-29,SO-004884
MOV-004385,2025-10-19,PRD-0375,WH-005,Sales Issue,-2,SO-004885
MOV-004386,2026-07-11,PRD-0426,WH-001,Sales Issue,-26,SO-004886
MOV-004387,2026-01-20,PRD-0131,WH-003,Sales Issue,-1,SO-004887
MOV-004388,2025-08-18,PRD-0244,WH-002,Sales Issue,-8,SO-004888
MOV-004389,2025-10-06,PRD-0456,WH-001,Sales Issue,-15,SO-004889
MOV-004390,2025-03-30,PRD-0420,WH-004,Sales Issue,-10,SO-004890
MOV-004391,2026-03-23,PRD-0488,WH-005,Sales Issue,-7,SO-004891
MOV-004392,2024-12-12,PRD-0135,WH-005,Sales Issue,-30,SO-004892
MOV-004393,2026-01-03,PRD-0471,WH-005,Sales Issue,-5,SO-004894
MOV-004394,2024-11-15,PRD-0432,WH-005,Sales Issue,-30,SO-004896
MOV-004395,2025-12-13,PRD-0209,WH-005,Sales Issue,-12,SO-004898
MOV-004396,2025-04-19,PRD-0013,WH-004,Sales Issue,-15,SO-004900
MOV-004397,2025-03-09,PRD-0214,WH-003,Sales Issue,-11,SO-004901
MOV-004398,2026-05-20,PRD-0227,WH-003,Sales Issue,-11,SO-004903
MOV-004399,2026-06-28,PRD-0187,WH-001,Sales Issue,-26,SO-004904
MOV-004400,2026-05-08,PRD-0353,WH-005,Sales Issue,-13,SO-004905
MOV-004401,2025-09-09,PRD-0295,WH-004,Sales Issue,-23,SO-004906
MOV-004402,2025-11-01,PRD-0124,WH-002,Sales Issue,-14,SO-004907
MOV-004403,2024-10-03,PRD-0107,WH-002,Sales Issue,-20,SO-004908
MOV-004404,2024-10-11,PRD-0149,WH-004,Sales Issue,-16,SO-004909
MOV-004405,2025-09-14,PRD-0131,WH-003,Sales Issue,-4,SO-004911
MOV-004406,2025-07-02,PRD-0027,WH-001,Sales Issue,-9,SO-004912
MOV-004407,2025-06-27,PRD-0122,WH-002,Sales Issue,-9,SO-004913
MOV-004408,2025-11-13,PRD-0288,WH-004,Sales Issue,-19,SO-004915
MOV-004409,2025-03-08,PRD-0160,WH-001,Sales Issue,-28,SO-004916
MOV-004410,2026-09-16,PRD-0265,WH-004,Sales Issue,-26,SO-004917
MOV-004411,2026-09-11,PRD-0257,WH-003,Sales Issue,-9,SO-004918
MOV-004412,2025-09-27,PRD-0039,WH-002,Sales Issue,-26,SO-004919
MOV-004413,2025-05-26,PRD-0368,WH-004,Sales Issue,-24,SO-004920
MOV-004414,2026-04-28,PRD-0457,WH-004,Sales Issue,-12,SO-004921
MOV-004415,2025-09-10,PRD-0314,WH-004,Sales Issue,-13,SO-004922
MOV-004416,2026-06-20,PRD-0212,WH-005,Sales Issue,-28,SO-004923
MOV-004417,2026-07-08,PRD-0312,WH-002,Sales Issue,-7,SO-004924
MOV-004418,2026-06-15,PRD-0278,WH-003,Sales Issue,-29,SO-004925
MOV-004419,2024-11-04,PRD-0466,WH-005,Sales Issue,-26,SO-004926
MOV-004420,2025-02-03,PRD-0236,WH-002,Sales Issue,-19,SO-004927
MOV-004421,2026-06-01,PRD-0312,WH-002,Sales Issue,-25,SO-004928
MOV-004422,2024-10-01,PRD-0250,WH-004,Sales Issue,-2,SO-004929
MOV-004423,2025-01-10,PRD-0493,WH-003,Sales Issue,-17,SO-004930
MOV-004424,2024-10-18,PRD-0281,WH-003,Sales Issue,-30,SO-004932
MOV-004425,2025-01-29,PRD-0363,WH-001,Sales Issue,-27,SO-004933
MOV-004426,2025-12-08,PRD-0193,WH-003,Sales Issue,-22,SO-004934
MOV-004427,2025-12-12,PRD-0499,WH-004,Sales Issue,-2,SO-004935
MOV-004428,2026-09-07,PRD-0230,WH-005,Sales Issue,-6,SO-004936
MOV-004429,2025-11-25,PRD-0496,WH-003,Sales Issue,-13,SO-004937
MOV-004430,2024-12-09,PRD-0092,WH-004,Sales Issue,-25,SO-004938
MOV-004431,2026-06-17,PRD-0046,WH-002,Sales Issue,-20,SO-004939
MOV-004432,2024-11-22,PRD-0385,WH-003,Sales Issue,-27,SO-004940
MOV-004433,2026-04-18,PRD-0229,WH-002,Sales Issue,-29,SO-004941
MOV-004434,2026-02-11,PRD-0453,WH-001,Sales Issue,-1,SO-004942
MOV-004435,2025-10-06,PRD-0288,WH-004,Sales Issue,-29,SO-004943
MOV-004436,2025-10-26,PRD-0476,WH-001,Sales Issue,-11,SO-004944
MOV-004437,2026-08-11,PRD-0238,WH-005,Sales Issue,-24,SO-004945
MOV-004438,2025-12-23,PRD-0460,WH-002,Sales Issue,-6,SO-004946
MOV-004439,2026-02-09,PRD-0420,WH-004,Sales Issue,-4,SO-004947
MOV-004440,2025-05-30,PRD-0209,WH-005,Sales Issue,-1,SO-004948
MOV-004441,2025-06-30,PRD-0366,WH-001,Sales Issue,-21,SO-004949
MOV-004442,2026-07-23,PRD-0346,WH-002,Sales Issue,-13,SO-004950
MOV-004443,2024-10-27,PRD-0141,WH-001,Sales Issue,-23,SO-004951
MOV-004444,2025-03-05,PRD-0337,WH-001,Sales Issue,-30,SO-004952
MOV-004445,2025-08-17,PRD-0458,WH-001,Sales Issue,-23,SO-004953
MOV-004446,2025-01-31,PRD-0109,WH-001,Sales Issue,-23,SO-004955
MOV-004447,2026-06-21,PRD-0195,WH-004,Sales Issue,-8,SO-004956
MOV-004448,2025-05-02,PRD-0035,WH-001,Sales Issue,-3,SO-004957
MOV-004449,2025-04-24,PRD-0272,WH-001,Sales Issue,-7,SO-004958
MOV-004450,2026-09-14,PRD-0357,WH-004,Sales Issue,-1,SO-004960
MOV-004451,2025-01-09,PRD-0326,WH-002,Sales Issue,-9,SO-004961
MOV-004452,2024-10-23,PRD-0250,WH-004,Sales Issue,-12,SO-004962
MOV-004453,2026-07-17,PRD-0467,WH-002,Sales Issue,-30,SO-004963
MOV-004454,2025-09-02,PRD-0191,WH-004,Sales Issue,-21,SO-004964
MOV-004455,2025-01-08,PRD-0193,WH-003,Sales Issue,-4,SO-004966
MOV-004456,2026-07-28,PRD-0456,WH-001,Sales Issue,-2,SO-004967
MOV-004457,2026-03-19,PRD-0256,WH-002,Sales Issue,-3,SO-004968
MOV-004458,2024-10-19,PRD-0065,WH-003,Sales Issue,-8,SO-004969
MOV-004459,2024-11-17,PRD-0325,WH-005,Sales Issue,-23,SO-004970
MOV-004460,2025-04-22,PRD-0358,WH-004,Sales Issue,-27,SO-004972
MOV-004461,2026-03-13,PRD-0355,WH-002,Sales Issue,-5,SO-004973
MOV-004462,2025-12-22,PRD-0491,WH-004,Sales Issue,-15,SO-004974
MOV-004463,2026-04-13,PRD-0451,WH-001,Sales Issue,-20,SO-004975
MOV-004464,2024-12-14,PRD-0022,WH-002,Sales Issue,-13,SO-004977
MOV-004465,2024-10-05,PRD-0099,WH-002,Sales Issue,-21,SO-004978
MOV-004466,2025-08-14,PRD-0265,WH-004,Sales Issue,-9,SO-004979
MOV-004467,2025-03-06,PRD-0113,WH-005,Sales Issue,-23,SO-004980
MOV-004468,2026-08-10,PRD-0141,WH-001,Sales Issue,-30,SO-004981
MOV-004469,2025-09-10,PRD-0055,WH-001,Sales Issue,-21,SO-004982
MOV-004470,2024-10-27,PRD-0284,WH-002,Sales Issue,-2,SO-004983
MOV-004471,2025-12-11,PRD-0411,WH-001,Sales Issue,-3,SO-004984
MOV-004472,2026-01-20,PRD-0149,WH-004,Sales Issue,-7,SO-004985
MOV-004473,2025-01-19,PRD-0150,WH-004,Sales Issue,-23,SO-004987
MOV-004474,2025-07-28,PRD-0368,WH-004,Sales Issue,-16,SO-004988
MOV-004475,2026-08-01,PRD-0136,WH-001,Sales Issue,-29,SO-004989
MOV-004476,2024-12-24,PRD-0460,WH-002,Sales Issue,-6,SO-004990
MOV-004477,2024-12-31,PRD-0339,WH-002,Sales Issue,-1,SO-004991
MOV-004478,2025-05-31,PRD-0033,WH-001,Sales Issue,-12,SO-004993
MOV-004479,2024-12-23,PRD-0359,WH-004,Sales Issue,-13,SO-004995
MOV-004480,2026-04-27,PRD-0381,WH-001,Sales Issue,-15,SO-004996
MOV-004481,2026-03-09,PRD-0289,WH-002,Sales Issue,-19,SO-004997
MOV-004482,2024-11-03,PRD-0462,WH-003,Sales Issue,-17,SO-004998
MOV-004483,2024-11-21,PRD-0081,WH-004,Sales Issue,-27,SO-004999
MOV-004484,2026-02-06,PRD-0133,WH-005,Sales Issue,-9,SO-005001
MOV-004485,2025-05-16,PRD-0061,WH-003,Sales Issue,-28,SO-005002
MOV-004486,2025-11-02,PRD-0304,WH-003,Sales Issue,-9,SO-005003
MOV-004487,2024-10-12,PRD-0261,WH-001,Sales Issue,-6,SO-005004
MOV-004488,2025-08-11,PRD-0343,WH-001,Sales Issue,-15,SO-005005
MOV-004489,2024-10-08,PRD-0311,WH-005,Sales Issue,-16,SO-005006
MOV-004490,2025-08-18,PRD-0423,WH-003,Sales Issue,-3,SO-005007
MOV-004491,2026-07-09,PRD-0129,WH-003,Sales Issue,-23,SO-005008
MOV-004492,2025-12-23,PRD-0003,WH-001,Sales Issue,-30,SO-005009
MOV-004493,2025-02-24,PRD-0005,WH-001,Sales Issue,-24,SO-005010
MOV-004494,2026-07-01,PRD-0300,WH-002,Sales Issue,-12,SO-005011
MOV-004495,2025-12-20,PRD-0136,WH-001,Sales Issue,-26,SO-005012
MOV-004496,2025-10-04,PRD-0400,WH-004,Sales Issue,-7,SO-005013
MOV-004497,2025-10-23,PRD-0457,WH-004,Sales Issue,-13,SO-005014
MOV-004498,2024-10-31,PRD-0332,WH-004,Sales Issue,-18,SO-005016
MOV-004499,2024-12-12,PRD-0125,WH-005,Sales Issue,-22,SO-005017
MOV-004500,2025-04-08,PRD-0166,WH-004,Sales Issue,-7,SO-005019
MOV-004501,2025-04-16,PRD-0154,WH-002,Sales Issue,-28,SO-005021
MOV-004502,2026-02-06,PRD-0045,WH-001,Sales Issue,-2,SO-005023
MOV-004503,2025-05-07,PRD-0065,WH-003,Sales Issue,-17,SO-005025
MOV-004504,2026-06-29,PRD-0094,WH-003,Sales Issue,-15,SO-005026
MOV-004505,2026-02-20,PRD-0301,WH-003,Sales Issue,-24,SO-005027
MOV-004506,2026-03-22,PRD-0405,WH-001,Sales Issue,-15,SO-005028
MOV-004507,2026-03-22,PRD-0151,WH-001,Sales Issue,-22,SO-005029
MOV-004508,2025-08-10,PRD-0399,WH-003,Sales Issue,-27,SO-005031
MOV-004509,2025-08-28,PRD-0121,WH-005,Sales Issue,-3,SO-005032
MOV-004510,2025-09-08,PRD-0219,WH-005,Sales Issue,-6,SO-005033
MOV-004511,2025-05-12,PRD-0389,WH-004,Sales Issue,-5,SO-005034
MOV-004512,2026-03-01,PRD-0393,WH-004,Sales Issue,-25,SO-005035
MOV-004513,2025-11-11,PRD-0011,WH-002,Sales Issue,-27,SO-005036
MOV-004514,2024-10-04,PRD-0261,WH-001,Sales Issue,-28,SO-005037
MOV-004515,2026-05-29,PRD-0049,WH-005,Sales Issue,-30,SO-005038
MOV-004516,2025-10-18,PRD-0353,WH-005,Sales Issue,-17,SO-005039
MOV-004517,2024-11-15,PRD-0150,WH-004,Sales Issue,-4,SO-005040
MOV-004518,2024-11-10,PRD-0107,WH-002,Sales Issue,-1,SO-005041
MOV-004519,2026-08-28,PRD-0362,WH-003,Sales Issue,-26,SO-005043
MOV-004520,2026-08-22,PRD-0440,WH-005,Sales Issue,-15,SO-005044
MOV-004521,2026-06-16,PRD-0193,WH-003,Sales Issue,-1,SO-005045
MOV-004522,2025-02-15,PRD-0169,WH-003,Sales Issue,-24,SO-005048
MOV-004523,2025-10-09,PRD-0329,WH-005,Sales Issue,-3,SO-005050
MOV-004524,2025-01-20,PRD-0398,WH-003,Sales Issue,-30,SO-005051
MOV-004525,2025-08-30,PRD-0036,WH-001,Sales Issue,-22,SO-005052
MOV-004526,2025-09-17,PRD-0283,WH-005,Sales Issue,-13,SO-005053
MOV-004527,2026-04-07,PRD-0239,WH-003,Sales Issue,-3,SO-005054
MOV-004528,2025-07-28,PRD-0103,WH-003,Sales Issue,-3,SO-005055
MOV-004529,2026-01-05,PRD-0278,WH-003,Sales Issue,-24,SO-005056
MOV-004530,2024-10-03,PRD-0353,WH-005,Sales Issue,-2,SO-005058
MOV-004531,2026-09-17,PRD-0125,WH-005,Sales Issue,-29,SO-005059
MOV-004532,2026-04-28,PRD-0315,WH-004,Sales Issue,-10,SO-005060
MOV-004533,2026-06-07,PRD-0031,WH-005,Sales Issue,-21,SO-005061
MOV-004534,2025-06-23,PRD-0055,WH-001,Sales Issue,-30,SO-005064
MOV-004535,2026-06-29,PRD-0355,WH-002,Sales Issue,-13,SO-005065
MOV-004536,2025-04-09,PRD-0169,WH-003,Sales Issue,-13,SO-005066
MOV-004537,2024-12-21,PRD-0479,WH-004,Sales Issue,-21,SO-005067
MOV-004538,2026-06-30,PRD-0419,WH-005,Sales Issue,-26,SO-005068
MOV-004539,2025-07-16,PRD-0196,WH-003,Sales Issue,-24,SO-005069
MOV-004540,2024-12-06,PRD-0444,WH-002,Sales Issue,-24,SO-005070
MOV-004541,2024-10-15,PRD-0316,WH-004,Sales Issue,-24,SO-005071
MOV-004542,2026-02-15,PRD-0230,WH-005,Sales Issue,-8,SO-005072
MOV-004543,2025-09-15,PRD-0294,WH-003,Sales Issue,-3,SO-005073
MOV-004544,2025-12-13,PRD-0469,WH-001,Sales Issue,-26,SO-005074
MOV-004545,2025-01-18,PRD-0198,WH-002,Sales Issue,-8,SO-005075
MOV-004546,2025-12-04,PRD-0214,WH-003,Sales Issue,-19,SO-005076
MOV-004547,2026-04-16,PRD-0219,WH-005,Sales Issue,-12,SO-005077
MOV-004548,2025-07-08,PRD-0435,WH-004,Sales Issue,-30,SO-005078
MOV-004549,2026-01-03,PRD-0379,WH-002,Sales Issue,-16,SO-005079
MOV-004550,2024-11-10,PRD-0232,WH-005,Sales Issue,-17,SO-005080
MOV-004551,2026-09-24,PRD-0367,WH-005,Sales Issue,-18,SO-005081
MOV-004552,2025-09-13,PRD-0385,WH-003,Sales Issue,-29,SO-005082
MOV-004553,2026-07-18,PRD-0071,WH-001,Sales Issue,-25,SO-005083
MOV-004554,2024-11-10,PRD-0363,WH-001,Sales Issue,-7,SO-005084
MOV-004555,2026-07-04,PRD-0400,WH-004,Sales Issue,-13,SO-005086
MOV-004556,2025-12-16,PRD-0142,WH-001,Sales Issue,-18,SO-005087
MOV-004557,2025-01-12,PRD-0131,WH-003,Sales Issue,-22,SO-005088
MOV-004558,2026-01-24,PRD-0270,WH-003,Sales Issue,-13,SO-005089
MOV-004559,2025-05-14,PRD-0426,WH-001,Sales Issue,-3,SO-005090
MOV-004560,2026-01-15,PRD-0056,WH-004,Sales Issue,-14,SO-005091
MOV-004561,2026-03-29,PRD-0049,WH-005,Sales Issue,-28,SO-005092
MOV-004562,2025-05-24,PRD-0298,WH-002,Sales Issue,-8,SO-005093
MOV-004563,2026-09-12,PRD-0064,WH-005,Sales Issue,-8,SO-005094
MOV-004564,2025-11-25,PRD-0477,WH-001,Sales Issue,-9,SO-005095
MOV-004565,2026-09-20,PRD-0463,WH-003,Sales Issue,-16,SO-005096
MOV-004566,2026-04-29,PRD-0396,WH-005,Sales Issue,-4,SO-005097
MOV-004567,2024-11-25,PRD-0452,WH-005,Sales Issue,-9,SO-005098
MOV-004568,2025-08-10,PRD-0486,WH-004,Sales Issue,-21,SO-005099
MOV-004569,2026-07-02,PRD-0255,WH-004,Sales Issue,-7,SO-005101
MOV-004570,2025-03-09,PRD-0479,WH-004,Sales Issue,-23,SO-005102
MOV-004571,2025-10-16,PRD-0489,WH-005,Sales Issue,-16,SO-005103
MOV-004572,2026-01-19,PRD-0448,WH-003,Sales Issue,-15,SO-005104
MOV-004573,2025-05-06,PRD-0070,WH-003,Sales Issue,-10,SO-005105
MOV-004574,2026-01-14,PRD-0114,WH-001,Sales Issue,-12,SO-005106
MOV-004575,2025-06-25,PRD-0124,WH-002,Sales Issue,-8,SO-005107
MOV-004576,2026-07-12,PRD-0438,WH-002,Sales Issue,-27,SO-005108
MOV-004577,2026-04-26,PRD-0498,WH-003,Sales Issue,-3,SO-005109
MOV-004578,2026-02-06,PRD-0400,WH-004,Sales Issue,-3,SO-005111
MOV-004579,2025-06-17,PRD-0224,WH-001,Sales Issue,-8,SO-005112
MOV-004580,2026-09-03,PRD-0482,WH-005,Sales Issue,-11,SO-005113
MOV-004581,2025-07-04,PRD-0386,WH-005,Sales Issue,-3,SO-005114
MOV-004582,2026-06-17,PRD-0105,WH-003,Sales Issue,-17,SO-005115
MOV-004583,2026-02-18,PRD-0281,WH-003,Sales Issue,-11,SO-005116
MOV-004584,2025-12-17,PRD-0417,WH-003,Sales Issue,-26,SO-005117
MOV-004585,2026-06-23,PRD-0396,WH-005,Sales Issue,-9,SO-005118
MOV-004586,2025-04-30,PRD-0058,WH-003,Sales Issue,-6,SO-005119
MOV-004587,2024-10-30,PRD-0205,WH-002,Sales Issue,-28,SO-005120
MOV-004588,2025-01-29,PRD-0103,WH-003,Sales Issue,-1,SO-005122
MOV-004589,2024-10-26,PRD-0055,WH-001,Sales Issue,-10,SO-005123
MOV-004590,2025-08-04,PRD-0271,WH-003,Sales Issue,-17,SO-005124
MOV-004591,2024-11-28,PRD-0065,WH-003,Sales Issue,-1,SO-005125
MOV-004592,2024-12-06,PRD-0043,WH-002,Sales Issue,-10,SO-005126
MOV-004593,2026-07-20,PRD-0043,WH-002,Sales Issue,-8,SO-005127
MOV-004594,2026-06-15,PRD-0094,WH-003,Sales Issue,-6,SO-005128
MOV-004595,2026-02-08,PRD-0404,WH-005,Sales Issue,-6,SO-005129
MOV-004596,2026-04-04,PRD-0324,WH-002,Sales Issue,-2,SO-005131
MOV-004597,2026-01-31,PRD-0330,WH-001,Sales Issue,-13,SO-005132
MOV-004598,2024-12-24,PRD-0032,WH-004,Sales Issue,-5,SO-005133
MOV-004599,2025-07-05,PRD-0478,WH-002,Sales Issue,-27,SO-005134
MOV-004600,2024-10-06,PRD-0198,WH-002,Sales Issue,-10,SO-005135
MOV-004601,2026-08-27,PRD-0103,WH-003,Sales Issue,-27,SO-005136
MOV-004602,2026-03-25,PRD-0363,WH-001,Sales Issue,-24,SO-005137
MOV-004603,2026-02-19,PRD-0268,WH-004,Sales Issue,-11,SO-005138
MOV-004604,2026-01-24,PRD-0315,WH-004,Sales Issue,-29,SO-005139
MOV-004605,2026-06-02,PRD-0254,WH-004,Sales Issue,-13,SO-005140
MOV-004606,2026-01-07,PRD-0494,WH-001,Sales Issue,-20,SO-005141
MOV-004607,2025-04-21,PRD-0069,WH-002,Sales Issue,-23,SO-005142
MOV-004608,2026-07-30,PRD-0284,WH-002,Sales Issue,-20,SO-005143
MOV-004609,2025-10-26,PRD-0202,WH-003,Sales Issue,-26,SO-005144
MOV-004610,2025-07-19,PRD-0176,WH-002,Sales Issue,-29,SO-005145
MOV-004611,2026-05-28,PRD-0423,WH-003,Sales Issue,-29,SO-005146
MOV-004612,2026-09-12,PRD-0267,WH-005,Sales Issue,-30,SO-005147
MOV-004613,2025-01-25,PRD-0029,WH-005,Sales Issue,-2,SO-005148
MOV-004614,2025-05-10,PRD-0280,WH-005,Sales Issue,-1,SO-005149
MOV-004615,2026-05-20,PRD-0344,WH-004,Sales Issue,-13,SO-005153
MOV-004616,2026-02-25,PRD-0266,WH-002,Sales Issue,-18,SO-005154
MOV-004617,2025-01-24,PRD-0321,WH-001,Sales Issue,-11,SO-005155
MOV-004618,2026-01-12,PRD-0048,WH-003,Sales Issue,-25,SO-005156
MOV-004619,2026-05-12,PRD-0094,WH-003,Sales Issue,-22,SO-005157
MOV-004620,2024-10-20,PRD-0386,WH-005,Sales Issue,-25,SO-005158
MOV-004621,2025-09-04,PRD-0230,WH-005,Sales Issue,-11,SO-005159
MOV-004622,2024-11-16,PRD-0419,WH-005,Sales Issue,-1,SO-005160
MOV-004623,2024-10-15,PRD-0139,WH-005,Sales Issue,-6,SO-005162
MOV-004624,2024-12-13,PRD-0231,WH-001,Sales Issue,-10,SO-005163
MOV-004625,2026-06-01,PRD-0307,WH-003,Sales Issue,-7,SO-005164
MOV-004626,2025-04-09,PRD-0170,WH-002,Sales Issue,-12,SO-005165
MOV-004627,2025-12-24,PRD-0057,WH-004,Sales Issue,-16,SO-005166
MOV-004628,2026-04-23,PRD-0142,WH-001,Sales Issue,-5,SO-005167
MOV-004629,2025-05-01,PRD-0137,WH-002,Sales Issue,-20,SO-005168
MOV-004630,2025-05-28,PRD-0379,WH-002,Sales Issue,-11,SO-005169
MOV-004631,2025-04-17,PRD-0442,WH-001,Sales Issue,-25,SO-005170
MOV-004632,2025-07-10,PRD-0447,WH-005,Sales Issue,-20,SO-005171
MOV-004633,2025-01-06,PRD-0231,WH-001,Sales Issue,-1,SO-005173
MOV-004634,2025-12-10,PRD-0008,WH-005,Sales Issue,-7,SO-005174
MOV-004635,2024-11-27,PRD-0231,WH-001,Sales Issue,-8,SO-005178
MOV-004636,2026-01-10,PRD-0044,WH-001,Sales Issue,-7,SO-005179
MOV-004637,2025-06-22,PRD-0185,WH-004,Sales Issue,-22,SO-005180
MOV-004638,2025-08-20,PRD-0468,WH-001,Sales Issue,-17,SO-005181
MOV-004639,2025-03-11,PRD-0003,WH-001,Sales Issue,-13,SO-005182
MOV-004640,2026-02-24,PRD-0279,WH-001,Sales Issue,-7,SO-005183
MOV-004641,2025-04-04,PRD-0310,WH-003,Sales Issue,-30,SO-005184
MOV-004642,2026-01-06,PRD-0256,WH-002,Sales Issue,-13,SO-005185
MOV-004643,2025-10-13,PRD-0250,WH-004,Sales Issue,-23,SO-005186
MOV-004644,2026-03-22,PRD-0243,WH-003,Sales Issue,-1,SO-005188
MOV-004645,2026-05-08,PRD-0450,WH-004,Sales Issue,-3,SO-005189
MOV-004646,2026-08-11,PRD-0118,WH-001,Sales Issue,-20,SO-005190
MOV-004647,2024-11-24,PRD-0493,WH-003,Sales Issue,-12,SO-005191
MOV-004648,2026-04-24,PRD-0051,WH-003,Sales Issue,-5,SO-005193
MOV-004649,2026-05-19,PRD-0004,WH-002,Sales Issue,-30,SO-005194
MOV-004650,2024-11-17,PRD-0204,WH-002,Sales Issue,-16,SO-005195
MOV-004651,2024-10-12,PRD-0182,WH-001,Sales Issue,-11,SO-005196
MOV-004652,2026-09-15,PRD-0021,WH-005,Sales Issue,-11,SO-005197
MOV-004653,2026-05-04,PRD-0291,WH-005,Sales Issue,-24,SO-005198
MOV-004654,2025-06-10,PRD-0096,WH-004,Sales Issue,-11,SO-005200
MOV-004655,2025-07-13,PRD-0372,WH-002,Sales Issue,-16,SO-005201
MOV-004656,2024-10-06,PRD-0322,WH-001,Sales Issue,-9,SO-005202
MOV-004657,2025-12-04,PRD-0227,WH-003,Sales Issue,-6,SO-005203
MOV-004658,2025-04-01,PRD-0152,WH-004,Sales Issue,-26,SO-005204
MOV-004659,2026-07-27,PRD-0388,WH-002,Sales Issue,-23,SO-005205
MOV-004660,2026-04-23,PRD-0148,WH-004,Sales Issue,-13,SO-005206
MOV-004661,2026-03-15,PRD-0376,WH-005,Sales Issue,-2,SO-005207
MOV-004662,2025-01-13,PRD-0104,WH-002,Sales Issue,-2,SO-005210
MOV-004663,2026-05-15,PRD-0257,WH-003,Sales Issue,-23,SO-005211
MOV-004664,2024-10-16,PRD-0051,WH-003,Sales Issue,-16,SO-005212
MOV-004665,2026-09-27,PRD-0435,WH-004,Sales Issue,-16,SO-005213
MOV-004666,2025-09-09,PRD-0416,WH-004,Sales Issue,-17,SO-005214
MOV-004667,2026-02-01,PRD-0197,WH-003,Sales Issue,-13,SO-005215
MOV-004668,2026-06-12,PRD-0096,WH-004,Sales Issue,-17,SO-005217
MOV-004669,2025-03-10,PRD-0172,WH-004,Sales Issue,-30,SO-005218
MOV-004670,2026-07-27,PRD-0043,WH-002,Sales Issue,-11,SO-005219
MOV-004671,2024-11-30,PRD-0207,WH-002,Sales Issue,-2,SO-005220
MOV-004672,2025-01-15,PRD-0219,WH-005,Sales Issue,-11,SO-005221
MOV-004673,2026-09-18,PRD-0467,WH-002,Sales Issue,-25,SO-005222
MOV-004674,2025-09-24,PRD-0235,WH-004,Sales Issue,-9,SO-005223
MOV-004675,2026-05-31,PRD-0479,WH-004,Sales Issue,-30,SO-005224
MOV-004676,2025-09-11,PRD-0062,WH-004,Sales Issue,-9,SO-005225
MOV-004677,2026-09-19,PRD-0261,WH-001,Sales Issue,-7,SO-005227
MOV-004678,2025-07-31,PRD-0052,WH-002,Sales Issue,-24,SO-005229
MOV-004679,2024-11-18,PRD-0264,WH-004,Sales Issue,-3,SO-005231
MOV-004680,2025-04-19,PRD-0276,WH-001,Sales Issue,-6,SO-005232
MOV-004681,2025-09-25,PRD-0254,WH-004,Sales Issue,-15,SO-005233
MOV-004682,2026-02-09,PRD-0144,WH-005,Sales Issue,-30,SO-005235
MOV-004683,2026-05-24,PRD-0179,WH-003,Sales Issue,-13,SO-005237
MOV-004684,2025-10-10,PRD-0113,WH-005,Sales Issue,-10,SO-005239
MOV-004685,2026-08-22,PRD-0366,WH-001,Sales Issue,-14,SO-005240
MOV-004686,2026-04-20,PRD-0438,WH-002,Sales Issue,-26,SO-005241
MOV-004687,2025-11-25,PRD-0410,WH-002,Sales Issue,-20,SO-005242
MOV-004688,2026-04-25,PRD-0202,WH-003,Sales Issue,-30,SO-005243
MOV-004689,2025-01-02,PRD-0490,WH-005,Sales Issue,-16,SO-005244
MOV-004690,2025-08-15,PRD-0431,WH-002,Sales Issue,-7,SO-005245
MOV-004691,2026-03-02,PRD-0372,WH-002,Sales Issue,-27,SO-005246
MOV-004692,2025-04-19,PRD-0020,WH-001,Sales Issue,-3,SO-005248
MOV-004693,2026-08-29,PRD-0375,WH-005,Sales Issue,-20,SO-005249
MOV-004694,2025-11-30,PRD-0190,WH-003,Sales Issue,-5,SO-005250
MOV-004695,2025-10-23,PRD-0416,WH-004,Sales Issue,-28,SO-005251
MOV-004696,2025-12-26,PRD-0106,WH-002,Sales Issue,-1,SO-005252
MOV-004697,2025-01-24,PRD-0220,WH-001,Sales Issue,-2,SO-005254
MOV-004698,2024-12-09,PRD-0064,WH-005,Sales Issue,-9,SO-005256
MOV-004699,2025-06-23,PRD-0390,WH-005,Sales Issue,-18,SO-005258
MOV-004700,2025-04-05,PRD-0131,WH-003,Sales Issue,-16,SO-005259
MOV-004701,2025-03-01,PRD-0116,WH-005,Sales Issue,-26,SO-005261
MOV-004702,2025-04-26,PRD-0198,WH-002,Sales Issue,-17,SO-005262
MOV-004703,2026-06-23,PRD-0253,WH-001,Sales Issue,-21,SO-005263
MOV-004704,2026-06-29,PRD-0218,WH-003,Sales Issue,-4,SO-005264
MOV-004705,2026-05-28,PRD-0405,WH-001,Sales Issue,-20,SO-005265
MOV-004706,2025-12-01,PRD-0312,WH-002,Sales Issue,-6,SO-005266
MOV-004707,2025-12-15,PRD-0407,WH-002,Sales Issue,-12,SO-005267
MOV-004708,2026-04-16,PRD-0341,WH-004,Sales Issue,-15,SO-005268
MOV-004709,2026-03-02,PRD-0497,WH-003,Sales Issue,-13,SO-005269
MOV-004710,2026-07-03,PRD-0263,WH-001,Sales Issue,-24,SO-005270
MOV-004711,2025-08-07,PRD-0474,WH-004,Sales Issue,-13,SO-005272
MOV-004712,2025-10-14,PRD-0031,WH-005,Sales Issue,-11,SO-005273
MOV-004713,2026-05-17,PRD-0421,WH-004,Sales Issue,-16,SO-005274
MOV-004714,2025-06-22,PRD-0191,WH-004,Sales Issue,-15,SO-005275
MOV-004715,2025-12-10,PRD-0171,WH-005,Sales Issue,-11,SO-005277
MOV-004716,2025-07-09,PRD-0169,WH-003,Sales Issue,-19,SO-005278
MOV-004717,2026-01-04,PRD-0495,WH-002,Sales Issue,-21,SO-005279
MOV-004718,2025-06-03,PRD-0156,WH-003,Sales Issue,-24,SO-005280
MOV-004719,2025-01-31,PRD-0363,WH-001,Sales Issue,-13,SO-005281
MOV-004720,2026-06-03,PRD-0094,WH-003,Sales Issue,-8,SO-005282
MOV-004721,2024-12-28,PRD-0304,WH-003,Sales Issue,-7,SO-005283
MOV-004722,2026-03-18,PRD-0325,WH-005,Sales Issue,-19,SO-005284
MOV-004723,2025-10-19,PRD-0059,WH-004,Sales Issue,-21,SO-005285
MOV-004724,2025-03-03,PRD-0018,WH-001,Sales Issue,-25,SO-005286
MOV-004725,2026-09-06,PRD-0320,WH-005,Sales Issue,-15,SO-005287
MOV-004726,2025-12-26,PRD-0208,WH-005,Sales Issue,-23,SO-005288
MOV-004727,2025-10-25,PRD-0029,WH-005,Sales Issue,-15,SO-005289
MOV-004728,2025-11-01,PRD-0327,WH-005,Sales Issue,-13,SO-005290
MOV-004729,2025-05-22,PRD-0319,WH-005,Sales Issue,-12,SO-005291
MOV-004730,2024-10-11,PRD-0023,WH-004,Sales Issue,-17,SO-005292
MOV-004731,2026-09-22,PRD-0145,WH-005,Sales Issue,-1,SO-005293
MOV-004732,2025-02-03,PRD-0414,WH-005,Sales Issue,-18,SO-005295
MOV-004733,2026-04-24,PRD-0255,WH-004,Sales Issue,-12,SO-005296
MOV-004734,2025-04-06,PRD-0153,WH-004,Sales Issue,-25,SO-005298
MOV-004735,2025-04-22,PRD-0482,WH-005,Sales Issue,-10,SO-005299
MOV-004736,2026-06-30,PRD-0218,WH-003,Sales Issue,-26,SO-005300
MOV-004737,2026-06-22,PRD-0345,WH-003,Sales Issue,-24,SO-005301
MOV-004738,2025-01-18,PRD-0250,WH-004,Sales Issue,-29,SO-005302
MOV-004739,2025-09-06,PRD-0435,WH-004,Sales Issue,-18,SO-005303
MOV-004740,2025-10-18,PRD-0281,WH-003,Sales Issue,-3,SO-005306
MOV-004741,2025-09-27,PRD-0431,WH-002,Sales Issue,-18,SO-005308
MOV-004742,2025-04-13,PRD-0141,WH-001,Sales Issue,-7,SO-005309
MOV-004743,2025-03-26,PRD-0096,WH-004,Sales Issue,-6,SO-005311
MOV-004744,2026-05-30,PRD-0411,WH-001,Sales Issue,-25,SO-005312
MOV-004745,2026-08-22,PRD-0422,WH-002,Sales Issue,-5,SO-005313
MOV-004746,2026-05-28,PRD-0290,WH-003,Sales Issue,-7,SO-005314
MOV-004747,2025-07-28,PRD-0294,WH-003,Sales Issue,-11,SO-005315
MOV-004748,2025-07-04,PRD-0098,WH-001,Sales Issue,-11,SO-005317
MOV-004749,2025-11-05,PRD-0243,WH-003,Sales Issue,-27,SO-005318
MOV-004750,2026-01-01,PRD-0472,WH-001,Sales Issue,-16,SO-005319
MOV-004751,2024-11-25,PRD-0036,WH-001,Sales Issue,-24,SO-005320
MOV-004752,2025-01-26,PRD-0010,WH-003,Sales Issue,-16,SO-005321
MOV-004753,2025-12-21,PRD-0095,WH-002,Sales Issue,-24,SO-005322
MOV-004754,2025-09-10,PRD-0136,WH-001,Sales Issue,-13,SO-005323
MOV-004755,2025-08-07,PRD-0004,WH-002,Sales Issue,-6,SO-005324
MOV-004756,2025-12-12,PRD-0159,WH-005,Sales Issue,-2,SO-005325
MOV-004757,2026-08-10,PRD-0117,WH-004,Sales Issue,-23,SO-005326
MOV-004758,2025-10-21,PRD-0179,WH-003,Sales Issue,-27,SO-005327
MOV-004759,2025-11-07,PRD-0210,WH-005,Sales Issue,-11,SO-005328
MOV-004760,2025-02-28,PRD-0439,WH-004,Sales Issue,-22,SO-005329
MOV-004761,2025-11-06,PRD-0102,WH-005,Sales Issue,-29,SO-005330
MOV-004762,2025-04-14,PRD-0362,WH-003,Sales Issue,-16,SO-005331
MOV-004763,2025-03-08,PRD-0003,WH-001,Sales Issue,-27,SO-005332
MOV-004764,2025-07-05,PRD-0079,WH-001,Sales Issue,-9,SO-005333
MOV-004765,2025-11-13,PRD-0269,WH-004,Sales Issue,-7,SO-005334
MOV-004766,2025-07-07,PRD-0440,WH-005,Sales Issue,-9,SO-005335
MOV-004767,2025-02-26,PRD-0454,WH-005,Sales Issue,-4,SO-005336
MOV-004768,2026-09-01,PRD-0355,WH-002,Sales Issue,-3,SO-005337
MOV-004769,2026-02-13,PRD-0125,WH-005,Sales Issue,-14,SO-005338
MOV-004770,2026-06-30,PRD-0048,WH-003,Sales Issue,-21,SO-005339
MOV-004771,2025-07-24,PRD-0408,WH-002,Sales Issue,-6,SO-005340
MOV-004772,2026-02-03,PRD-0411,WH-001,Sales Issue,-28,SO-005341
MOV-004773,2024-12-11,PRD-0391,WH-002,Sales Issue,-15,SO-005342
MOV-004774,2025-01-05,PRD-0210,WH-005,Sales Issue,-17,SO-005343
MOV-004775,2025-03-09,PRD-0179,WH-003,Sales Issue,-16,SO-005344
MOV-004776,2024-10-16,PRD-0104,WH-002,Sales Issue,-16,SO-005346
MOV-004777,2025-05-27,PRD-0270,WH-003,Sales Issue,-16,SO-005347
MOV-004778,2025-10-20,PRD-0145,WH-005,Sales Issue,-15,SO-005348
MOV-004779,2026-06-13,PRD-0206,WH-005,Sales Issue,-16,SO-005349
MOV-004780,2024-12-20,PRD-0393,WH-004,Sales Issue,-14,SO-005350
MOV-004781,2025-09-27,PRD-0479,WH-004,Sales Issue,-21,SO-005351
MOV-004782,2025-11-04,PRD-0234,WH-004,Sales Issue,-25,SO-005352
MOV-004783,2025-03-05,PRD-0494,WH-001,Sales Issue,-21,SO-005353
MOV-004784,2026-07-24,PRD-0408,WH-002,Sales Issue,-16,SO-005354
MOV-004785,2024-12-15,PRD-0485,WH-005,Sales Issue,-9,SO-005355
MOV-004786,2025-12-11,PRD-0150,WH-004,Sales Issue,-28,SO-005356
MOV-004787,2025-06-05,PRD-0262,WH-002,Sales Issue,-19,SO-005357
MOV-004788,2025-01-26,PRD-0109,WH-001,Sales Issue,-23,SO-005358
MOV-004789,2026-03-14,PRD-0453,WH-001,Sales Issue,-18,SO-005359
MOV-004790,2025-06-15,PRD-0467,WH-002,Sales Issue,-23,SO-005360
MOV-004791,2025-07-05,PRD-0487,WH-003,Sales Issue,-9,SO-005361
MOV-004792,2024-10-08,PRD-0320,WH-005,Sales Issue,-10,SO-005362
MOV-004793,2025-10-04,PRD-0498,WH-003,Sales Issue,-1,SO-005363
MOV-004794,2025-11-16,PRD-0347,WH-004,Sales Issue,-30,SO-005364
MOV-004795,2026-03-15,PRD-0500,WH-003,Sales Issue,-3,SO-005365
MOV-004796,2025-01-15,PRD-0442,WH-001,Sales Issue,-1,SO-005366
MOV-004797,2024-10-31,PRD-0326,WH-002,Sales Issue,-2,SO-005368
MOV-004798,2026-09-24,PRD-0031,WH-005,Sales Issue,-11,SO-005369
MOV-004799,2024-10-10,PRD-0406,WH-005,Sales Issue,-6,SO-005370
MOV-004800,2024-12-03,PRD-0129,WH-003,Sales Issue,-29,SO-005371
MOV-004801,2024-10-29,PRD-0320,WH-005,Sales Issue,-16,SO-005372
MOV-004802,2026-03-14,PRD-0064,WH-005,Sales Issue,-12,SO-005373
MOV-004803,2026-07-01,PRD-0016,WH-001,Sales Issue,-29,SO-005374
MOV-004804,2025-04-25,PRD-0190,WH-003,Sales Issue,-12,SO-005375
MOV-004805,2024-11-03,PRD-0118,WH-001,Sales Issue,-10,SO-005376
MOV-004806,2025-12-24,PRD-0042,WH-004,Sales Issue,-7,SO-005377
MOV-004807,2025-10-10,PRD-0197,WH-003,Sales Issue,-17,SO-005378
MOV-004808,2026-03-25,PRD-0476,WH-001,Sales Issue,-5,SO-005379
MOV-004809,2025-12-03,PRD-0037,WH-002,Sales Issue,-10,SO-005382
MOV-004810,2026-06-15,PRD-0366,WH-001,Sales Issue,-20,SO-005383
MOV-004811,2026-02-28,PRD-0357,WH-004,Sales Issue,-3,SO-005384
MOV-004812,2026-04-11,PRD-0184,WH-003,Sales Issue,-28,SO-005386
MOV-004813,2025-03-07,PRD-0197,WH-003,Sales Issue,-4,SO-005387
MOV-004814,2025-03-28,PRD-0272,WH-001,Sales Issue,-5,SO-005388
MOV-004815,2026-08-17,PRD-0364,WH-004,Sales Issue,-7,SO-005389
MOV-004816,2026-08-09,PRD-0087,WH-003,Sales Issue,-19,SO-005390
MOV-004817,2025-05-12,PRD-0430,WH-002,Sales Issue,-20,SO-005392
MOV-004818,2026-02-02,PRD-0368,WH-004,Sales Issue,-26,SO-005394
MOV-004819,2025-10-16,PRD-0360,WH-002,Sales Issue,-19,SO-005395
MOV-004820,2025-12-24,PRD-0265,WH-004,Sales Issue,-5,SO-005397
MOV-004821,2025-03-25,PRD-0357,WH-004,Sales Issue,-14,SO-005398
MOV-004822,2025-07-07,PRD-0388,WH-002,Sales Issue,-22,SO-005399
MOV-004823,2025-01-03,PRD-0082,WH-001,Sales Issue,-10,SO-005400
MOV-004824,2025-07-12,PRD-0128,WH-002,Sales Issue,-28,SO-005402
MOV-004825,2026-01-17,PRD-0339,WH-002,Sales Issue,-20,SO-005403
MOV-004826,2025-08-03,PRD-0425,WH-002,Sales Issue,-28,SO-005404
MOV-004827,2025-02-25,PRD-0012,WH-005,Sales Issue,-23,SO-005405
MOV-004828,2025-01-31,PRD-0352,WH-001,Sales Issue,-13,SO-005406
MOV-004829,2025-05-24,PRD-0156,WH-003,Sales Issue,-3,SO-005407
MOV-004830,2026-02-19,PRD-0463,WH-003,Sales Issue,-20,SO-005408
MOV-004831,2025-05-05,PRD-0047,WH-002,Sales Issue,-16,SO-005409
MOV-004832,2024-12-02,PRD-0307,WH-003,Sales Issue,-20,SO-005410
MOV-004833,2025-12-15,PRD-0112,WH-005,Sales Issue,-21,SO-005411
MOV-004834,2026-05-03,PRD-0411,WH-001,Sales Issue,-30,SO-005412
MOV-004835,2026-08-02,PRD-0193,WH-003,Sales Issue,-7,SO-005413
MOV-004836,2026-03-15,PRD-0198,WH-002,Sales Issue,-12,SO-005414
MOV-004837,2026-03-01,PRD-0001,WH-003,Sales Issue,-1,SO-005417
MOV-004838,2026-07-17,PRD-0408,WH-002,Sales Issue,-20,SO-005418
MOV-004839,2025-12-10,PRD-0333,WH-005,Sales Issue,-25,SO-005419
MOV-004840,2025-10-25,PRD-0152,WH-004,Sales Issue,-25,SO-005420
MOV-004841,2026-04-18,PRD-0441,WH-005,Sales Issue,-22,SO-005421
MOV-004842,2026-09-18,PRD-0343,WH-001,Sales Issue,-9,SO-005422
MOV-004843,2025-11-14,PRD-0158,WH-002,Sales Issue,-13,SO-005423
MOV-004844,2024-12-10,PRD-0219,WH-005,Sales Issue,-23,SO-005424
MOV-004845,2025-03-12,PRD-0359,WH-004,Sales Issue,-11,SO-005425
MOV-004846,2025-01-01,PRD-0218,WH-003,Sales Issue,-21,SO-005426
MOV-004847,2026-03-26,PRD-0476,WH-001,Sales Issue,-13,SO-005427
MOV-004848,2026-06-18,PRD-0130,WH-003,Sales Issue,-26,SO-005428
MOV-004849,2026-04-26,PRD-0255,WH-004,Sales Issue,-29,SO-005429
MOV-004850,2026-04-03,PRD-0221,WH-004,Sales Issue,-4,SO-005430
MOV-004851,2025-04-25,PRD-0248,WH-001,Sales Issue,-20,SO-005431
MOV-004852,2025-08-27,PRD-0323,WH-005,Sales Issue,-14,SO-005432
MOV-004853,2025-10-12,PRD-0321,WH-001,Sales Issue,-25,SO-005433
MOV-004854,2025-11-07,PRD-0354,WH-005,Sales Issue,-13,SO-005434
MOV-004855,2025-09-01,PRD-0270,WH-003,Sales Issue,-5,SO-005435
MOV-004856,2025-06-22,PRD-0464,WH-001,Sales Issue,-27,SO-005437
MOV-004857,2025-06-29,PRD-0051,WH-003,Sales Issue,-26,SO-005438
MOV-004858,2025-03-26,PRD-0378,WH-002,Sales Issue,-19,SO-005439
MOV-004859,2025-08-04,PRD-0405,WH-001,Sales Issue,-26,SO-005440
MOV-004860,2025-12-04,PRD-0166,WH-004,Sales Issue,-13,SO-005442
MOV-004861,2025-01-23,PRD-0479,WH-004,Sales Issue,-13,SO-005443
MOV-004862,2025-03-24,PRD-0204,WH-002,Sales Issue,-15,SO-005444
MOV-004863,2025-10-19,PRD-0008,WH-005,Sales Issue,-25,SO-005445
MOV-004864,2026-09-29,PRD-0407,WH-002,Sales Issue,-28,SO-005446
MOV-004865,2025-03-02,PRD-0361,WH-003,Sales Issue,-6,SO-005447
MOV-004866,2025-08-16,PRD-0182,WH-001,Sales Issue,-30,SO-005448
MOV-004867,2024-10-12,PRD-0321,WH-001,Sales Issue,-7,SO-005449
MOV-004868,2026-04-09,PRD-0329,WH-005,Sales Issue,-14,SO-005450
MOV-004869,2026-03-06,PRD-0312,WH-002,Sales Issue,-20,SO-005451
MOV-004870,2025-09-04,PRD-0425,WH-002,Sales Issue,-28,SO-005452
MOV-004871,2026-05-08,PRD-0397,WH-004,Sales Issue,-25,SO-005453
MOV-004872,2026-03-10,PRD-0185,WH-004,Sales Issue,-4,SO-005455
MOV-004873,2025-10-15,PRD-0122,WH-002,Sales Issue,-24,SO-005456
MOV-004874,2025-09-23,PRD-0284,WH-002,Sales Issue,-9,SO-005457
MOV-004875,2026-06-23,PRD-0339,WH-002,Sales Issue,-19,SO-005458
MOV-004876,2026-03-15,PRD-0257,WH-003,Sales Issue,-24,SO-005459
MOV-004877,2025-12-17,PRD-0002,WH-001,Sales Issue,-22,SO-005460
MOV-004878,2026-06-09,PRD-0344,WH-004,Sales Issue,-12,SO-005461
MOV-004879,2026-04-06,PRD-0412,WH-002,Sales Issue,-27,SO-005462
MOV-004880,2025-06-29,PRD-0210,WH-005,Sales Issue,-15,SO-005463
MOV-004881,2025-07-01,PRD-0144,WH-005,Sales Issue,-10,SO-005464
MOV-004882,2025-04-15,PRD-0314,WH-004,Sales Issue,-10,SO-005465
MOV-004883,2025-03-20,PRD-0139,WH-005,Sales Issue,-15,SO-005467
MOV-004884,2025-04-03,PRD-0408,WH-002,Sales Issue,-2,SO-005469
MOV-004885,2025-10-19,PRD-0391,WH-002,Sales Issue,-27,SO-005470
MOV-004886,2025-10-07,PRD-0047,WH-002,Sales Issue,-15,SO-005471
MOV-004887,2025-05-13,PRD-0275,WH-004,Sales Issue,-9,SO-005472
MOV-004888,2025-04-01,PRD-0111,WH-003,Sales Issue,-29,SO-005473
MOV-004889,2025-05-24,PRD-0034,WH-003,Sales Issue,-28,SO-005475
MOV-004890,2026-03-10,PRD-0366,WH-001,Sales Issue,-20,SO-005476
MOV-004891,2025-08-10,PRD-0348,WH-004,Sales Issue,-22,SO-005477
MOV-004892,2025-04-07,PRD-0113,WH-005,Sales Issue,-3,SO-005478
MOV-004893,2025-11-17,PRD-0115,WH-004,Sales Issue,-6,SO-005479
MOV-004894,2025-02-02,PRD-0363,WH-001,Sales Issue,-16,SO-005480
MOV-004895,2025-08-14,PRD-0353,WH-005,Sales Issue,-7,SO-005481
MOV-004896,2026-08-12,PRD-0227,WH-003,Sales Issue,-11,SO-005482
MOV-004897,2025-07-04,PRD-0482,WH-005,Sales Issue,-28,SO-005483
MOV-004898,2026-05-12,PRD-0013,WH-004,Sales Issue,-22,SO-005484
MOV-004899,2025-11-12,PRD-0326,WH-002,Sales Issue,-29,SO-005485
MOV-004900,2026-02-20,PRD-0125,WH-005,Sales Issue,-26,SO-005486
MOV-004901,2026-07-18,PRD-0020,WH-001,Sales Issue,-11,SO-005487
MOV-004902,2025-12-06,PRD-0466,WH-005,Sales Issue,-5,SO-005488
MOV-004903,2024-10-19,PRD-0100,WH-001,Sales Issue,-18,SO-005489
MOV-004904,2024-10-12,PRD-0456,WH-001,Sales Issue,-7,SO-005490
MOV-004905,2024-12-15,PRD-0098,WH-001,Sales Issue,-3,SO-005491
MOV-004906,2026-06-20,PRD-0143,WH-003,Sales Issue,-27,SO-005492
MOV-004907,2025-05-12,PRD-0094,WH-003,Sales Issue,-18,SO-005493
MOV-004908,2026-06-25,PRD-0486,WH-004,Sales Issue,-27,SO-005494
MOV-004909,2024-12-17,PRD-0080,WH-003,Sales Issue,-25,SO-005495
MOV-004910,2025-09-27,PRD-0139,WH-005,Sales Issue,-12,SO-005496
MOV-004911,2025-02-10,PRD-0446,WH-001,Sales Issue,-18,SO-005497
MOV-004912,2026-07-21,PRD-0219,WH-005,Sales Issue,-9,SO-005499
MOV-004913,2026-05-03,PRD-0142,WH-001,Sales Issue,-8,SO-005500
MOV-004914,2025-06-13,PRD-0094,WH-003,Sales Issue,-18,SO-005501
MOV-004915,2025-05-04,PRD-0240,WH-002,Sales Issue,-24,SO-005503
MOV-004916,2025-05-15,PRD-0007,WH-004,Sales Issue,-22,SO-005505
MOV-004917,2025-03-15,PRD-0360,WH-002,Sales Issue,-19,SO-005506
MOV-004918,2026-02-24,PRD-0128,WH-002,Sales Issue,-30,SO-005507
MOV-004919,2025-06-10,PRD-0329,WH-005,Sales Issue,-16,SO-005508
MOV-004920,2024-12-12,PRD-0035,WH-001,Sales Issue,-29,SO-005510
MOV-004921,2025-03-31,PRD-0380,WH-003,Sales Issue,-26,SO-005511
MOV-004922,2026-03-05,PRD-0256,WH-002,Sales Issue,-29,SO-005512
MOV-004923,2024-12-08,PRD-0200,WH-001,Sales Issue,-2,SO-005513
MOV-004924,2025-05-18,PRD-0379,WH-002,Sales Issue,-3,SO-005514
MOV-004925,2026-04-23,PRD-0110,WH-005,Sales Issue,-2,SO-005515
MOV-004926,2025-03-12,PRD-0149,WH-004,Sales Issue,-4,SO-005516
MOV-004927,2026-03-19,PRD-0455,WH-005,Sales Issue,-24,SO-005517
MOV-004928,2026-02-12,PRD-0348,WH-004,Sales Issue,-12,SO-005519
MOV-004929,2025-07-06,PRD-0025,WH-002,Sales Issue,-12,SO-005520
MOV-004930,2026-02-28,PRD-0108,WH-002,Sales Issue,-10,SO-005521
MOV-004931,2026-07-12,PRD-0466,WH-005,Sales Issue,-5,SO-005523
MOV-004932,2025-05-02,PRD-0329,WH-005,Sales Issue,-1,SO-005524
MOV-004933,2026-03-11,PRD-0486,WH-004,Sales Issue,-25,SO-005525
MOV-004934,2025-09-10,PRD-0329,WH-005,Sales Issue,-16,SO-005526
MOV-004935,2025-01-03,PRD-0457,WH-004,Sales Issue,-24,SO-005527
MOV-004936,2025-07-11,PRD-0111,WH-003,Sales Issue,-10,SO-005528
MOV-004937,2025-08-25,PRD-0261,WH-001,Sales Issue,-3,SO-005529
MOV-004938,2026-07-06,PRD-0486,WH-004,Sales Issue,-5,SO-005530
MOV-004939,2026-06-25,PRD-0090,WH-001,Sales Issue,-14,SO-005531
MOV-004940,2024-12-27,PRD-0294,WH-003,Sales Issue,-27,SO-005532
MOV-004941,2026-04-26,PRD-0154,WH-002,Sales Issue,-19,SO-005533
MOV-004942,2025-08-06,PRD-0292,WH-002,Sales Issue,-30,SO-005534
MOV-004943,2024-11-16,PRD-0491,WH-004,Sales Issue,-5,SO-005535
MOV-004944,2024-11-24,PRD-0085,WH-001,Sales Issue,-12,SO-005536
MOV-004945,2026-05-26,PRD-0321,WH-001,Sales Issue,-26,SO-005537
MOV-004946,2025-11-29,PRD-0370,WH-004,Sales Issue,-3,SO-005538
MOV-004947,2025-07-03,PRD-0247,WH-003,Sales Issue,-13,SO-005539
MOV-004948,2025-11-14,PRD-0001,WH-003,Sales Issue,-12,SO-005540
MOV-004949,2026-04-02,PRD-0049,WH-005,Sales Issue,-1,SO-005542
MOV-004950,2025-02-17,PRD-0115,WH-004,Sales Issue,-21,SO-005544
MOV-004951,2026-06-16,PRD-0140,WH-005,Sales Issue,-23,SO-005545
MOV-004952,2026-02-11,PRD-0163,WH-004,Sales Issue,-11,SO-005546
MOV-004953,2025-05-08,PRD-0087,WH-003,Sales Issue,-3,SO-005547
MOV-004954,2024-11-13,PRD-0328,WH-001,Sales Issue,-14,SO-005548
MOV-004955,2026-03-31,PRD-0250,WH-004,Sales Issue,-10,SO-005549
MOV-004956,2026-08-21,PRD-0414,WH-005,Sales Issue,-6,SO-005550
MOV-004957,2025-08-18,PRD-0244,WH-002,Sales Issue,-22,SO-005551
MOV-004958,2024-11-03,PRD-0237,WH-005,Sales Issue,-12,SO-005553
MOV-004959,2026-08-01,PRD-0486,WH-004,Sales Issue,-16,SO-005554
MOV-004960,2026-06-30,PRD-0100,WH-001,Sales Issue,-20,SO-005555
MOV-004961,2026-01-16,PRD-0413,WH-004,Sales Issue,-26,SO-005557
MOV-004962,2025-10-10,PRD-0177,WH-005,Sales Issue,-12,SO-005558
MOV-004963,2026-07-12,PRD-0032,WH-004,Sales Issue,-21,SO-005560
MOV-004964,2025-03-19,PRD-0086,WH-002,Sales Issue,-15,SO-005561
MOV-004965,2025-09-26,PRD-0312,WH-002,Sales Issue,-27,SO-005562
MOV-004966,2025-04-23,PRD-0437,WH-003,Sales Issue,-14,SO-005563
MOV-004967,2025-09-25,PRD-0379,WH-002,Sales Issue,-13,SO-005564
MOV-004968,2025-07-05,PRD-0222,WH-005,Sales Issue,-1,SO-005565
MOV-004969,2025-05-17,PRD-0116,WH-005,Sales Issue,-16,SO-005566
MOV-004970,2024-11-02,PRD-0241,WH-003,Sales Issue,-30,SO-005567
MOV-004971,2025-01-29,PRD-0259,WH-001,Sales Issue,-24,SO-005568
MOV-004972,2024-11-14,PRD-0454,WH-005,Sales Issue,-21,SO-005569
MOV-004973,2026-03-27,PRD-0476,WH-001,Sales Issue,-17,SO-005570
MOV-004974,2026-03-20,PRD-0155,WH-005,Sales Issue,-4,SO-005571
MOV-004975,2026-03-22,PRD-0465,WH-004,Sales Issue,-21,SO-005572
MOV-004976,2026-05-16,PRD-0225,WH-001,Sales Issue,-18,SO-005573
MOV-004977,2025-11-15,PRD-0297,WH-004,Sales Issue,-24,SO-005574
MOV-004978,2026-07-09,PRD-0055,WH-001,Sales Issue,-20,SO-005575
MOV-004979,2024-10-28,PRD-0355,WH-002,Sales Issue,-2,SO-005577
MOV-004980,2025-09-30,PRD-0349,WH-004,Sales Issue,-17,SO-005578
MOV-004981,2025-08-13,PRD-0182,WH-001,Sales Issue,-5,SO-005579
MOV-004982,2025-03-02,PRD-0444,WH-002,Sales Issue,-30,SO-005580
MOV-004983,2024-11-15,PRD-0335,WH-001,Sales Issue,-30,SO-005581
MOV-004984,2026-03-28,PRD-0401,WH-001,Sales Issue,-5,SO-005582
MOV-004985,2025-06-30,PRD-0208,WH-005,Sales Issue,-24,SO-005583
MOV-004986,2026-05-10,PRD-0176,WH-002,Sales Issue,-13,SO-005584
MOV-004987,2025-01-12,PRD-0348,WH-004,Sales Issue,-16,SO-005585
MOV-004988,2026-05-23,PRD-0179,WH-003,Sales Issue,-23,SO-005586
MOV-004989,2026-03-03,PRD-0309,WH-003,Sales Issue,-28,SO-005587
MOV-004990,2025-02-07,PRD-0247,WH-003,Sales Issue,-6,SO-005589
MOV-004991,2025-06-17,PRD-0165,WH-001,Sales Issue,-19,SO-005590
MOV-004992,2026-08-20,PRD-0139,WH-005,Sales Issue,-13,SO-005591
MOV-004993,2025-07-05,PRD-0229,WH-002,Sales Issue,-23,SO-005592
MOV-004994,2025-12-12,PRD-0473,WH-002,Sales Issue,-3,SO-005593
MOV-004995,2026-08-08,PRD-0288,WH-004,Sales Issue,-26,SO-005594
MOV-004996,2026-02-09,PRD-0488,WH-005,Sales Issue,-3,SO-005595
MOV-004997,2026-08-07,PRD-0380,WH-003,Sales Issue,-8,SO-005596
MOV-004998,2026-09-01,PRD-0244,WH-002,Sales Issue,-28,SO-005598
MOV-004999,2024-12-22,PRD-0371,WH-002,Sales Issue,-4,SO-005599
MOV-005000,2025-03-30,PRD-0370,WH-004,Sales Issue,-24,SO-005600
MOV-005001,2026-02-02,PRD-0312,WH-002,Sales Issue,-21,SO-005601
MOV-005002,2025-12-16,PRD-0432,WH-005,Sales Issue,-21,SO-005602
MOV-005003,2025-11-06,PRD-0274,WH-001,Sales Issue,-12,SO-005603
MOV-005004,2025-12-26,PRD-0052,WH-002,Sales Issue,-26,SO-005604
MOV-005005,2025-05-10,PRD-0249,WH-005,Sales Issue,-21,SO-005605
MOV-005006,2026-03-23,PRD-0197,WH-003,Sales Issue,-19,SO-005606
MOV-005007,2024-10-20,PRD-0190,WH-003,Sales Issue,-5,SO-005608
MOV-005008,2025-06-04,PRD-0450,WH-004,Sales Issue,-1,SO-005609
MOV-005009,2025-08-14,PRD-0365,WH-002,Sales Issue,-7,SO-005610
MOV-005010,2024-11-20,PRD-0452,WH-005,Sales Issue,-6,SO-005611
MOV-005011,2025-12-28,PRD-0233,WH-005,Sales Issue,-2,SO-005612
MOV-005012,2025-09-26,PRD-0257,WH-003,Sales Issue,-16,SO-005613
MOV-005013,2025-05-14,PRD-0274,WH-001,Sales Issue,-23,SO-005615
MOV-005014,2026-01-10,PRD-0062,WH-004,Sales Issue,-24,SO-005616
MOV-005015,2025-09-03,PRD-0272,WH-001,Sales Issue,-8,SO-005617
MOV-005016,2025-11-19,PRD-0441,WH-005,Sales Issue,-21,SO-005618
MOV-005017,2024-10-22,PRD-0018,WH-001,Sales Issue,-9,SO-005619
MOV-005018,2024-11-27,PRD-0204,WH-002,Sales Issue,-1,SO-005620
MOV-005019,2026-08-05,PRD-0296,WH-002,Sales Issue,-24,SO-005621
MOV-005020,2025-03-26,PRD-0325,WH-005,Sales Issue,-4,SO-005622
MOV-005021,2026-05-05,PRD-0260,WH-002,Sales Issue,-21,SO-005623
MOV-005022,2026-09-21,PRD-0480,WH-001,Sales Issue,-13,SO-005624
MOV-005023,2025-02-24,PRD-0494,WH-001,Sales Issue,-5,SO-005625
MOV-005024,2026-06-07,PRD-0217,WH-001,Sales Issue,-25,SO-005626
MOV-005025,2026-05-15,PRD-0192,WH-004,Sales Issue,-17,SO-005628
MOV-005026,2025-06-14,PRD-0314,WH-004,Sales Issue,-13,SO-005629
MOV-005027,2025-12-10,PRD-0245,WH-003,Sales Issue,-27,SO-005630
MOV-005028,2025-07-01,PRD-0160,WH-001,Sales Issue,-3,SO-005631
MOV-005029,2026-02-05,PRD-0102,WH-005,Sales Issue,-12,SO-005632
MOV-005030,2026-09-19,PRD-0358,WH-004,Sales Issue,-19,SO-005634
MOV-005031,2026-05-02,PRD-0058,WH-003,Sales Issue,-20,SO-005635
MOV-005032,2026-08-17,PRD-0229,WH-002,Sales Issue,-8,SO-005636
MOV-005033,2026-01-18,PRD-0421,WH-004,Sales Issue,-21,SO-005637
MOV-005034,2025-07-05,PRD-0149,WH-004,Sales Issue,-16,SO-005638
MOV-005035,2025-07-05,PRD-0126,WH-001,Sales Issue,-20,SO-005639
MOV-005036,2024-10-15,PRD-0266,WH-002,Sales Issue,-1,SO-005641
MOV-005037,2024-10-17,PRD-0286,WH-002,Sales Issue,-6,SO-005642
MOV-005038,2025-09-24,PRD-0023,WH-004,Sales Issue,-23,SO-005643
MOV-005039,2026-07-19,PRD-0410,WH-002,Sales Issue,-18,SO-005644
MOV-005040,2026-01-16,PRD-0483,WH-002,Sales Issue,-29,SO-005645
MOV-005041,2026-08-15,PRD-0343,WH-001,Sales Issue,-16,SO-005646
MOV-005042,2025-07-03,PRD-0220,WH-001,Sales Issue,-6,SO-005647
MOV-005043,2025-01-18,PRD-0190,WH-003,Sales Issue,-14,SO-005648
MOV-005044,2025-04-27,PRD-0142,WH-001,Sales Issue,-16,SO-005649
MOV-005045,2025-03-20,PRD-0040,WH-003,Sales Issue,-30,SO-005650
MOV-005046,2025-01-08,PRD-0253,WH-001,Sales Issue,-21,SO-005652
MOV-005047,2026-08-31,PRD-0154,WH-002,Sales Issue,-24,SO-005653
MOV-005048,2026-02-19,PRD-0069,WH-002,Sales Issue,-11,SO-005654
MOV-005049,2026-02-04,PRD-0368,WH-004,Sales Issue,-18,SO-005655
MOV-005050,2025-09-08,PRD-0119,WH-003,Sales Issue,-17,SO-005656
MOV-005051,2025-09-28,PRD-0348,WH-004,Sales Issue,-14,SO-005657
MOV-005052,2026-08-18,PRD-0255,WH-004,Sales Issue,-23,SO-005658
MOV-005053,2025-10-28,PRD-0095,WH-002,Sales Issue,-11,SO-005659
MOV-005054,2025-04-22,PRD-0172,WH-004,Sales Issue,-17,SO-005660
MOV-005055,2026-03-04,PRD-0233,WH-005,Sales Issue,-15,SO-005661
MOV-005056,2025-05-22,PRD-0245,WH-003,Sales Issue,-23,SO-005662
MOV-005057,2026-09-28,PRD-0431,WH-002,Sales Issue,-2,SO-005664
MOV-005058,2026-09-24,PRD-0416,WH-004,Sales Issue,-8,SO-005665
MOV-005059,2025-05-25,PRD-0448,WH-003,Sales Issue,-3,SO-005666
MOV-005060,2026-05-05,PRD-0069,WH-002,Sales Issue,-2,SO-005667
MOV-005061,2026-04-29,PRD-0196,WH-003,Sales Issue,-12,SO-005668
MOV-005062,2025-07-19,PRD-0482,WH-005,Sales Issue,-8,SO-005669
MOV-005063,2026-08-30,PRD-0192,WH-004,Sales Issue,-3,SO-005671
MOV-005064,2025-06-16,PRD-0075,WH-003,Sales Issue,-17,SO-005673
MOV-005065,2025-08-28,PRD-0474,WH-004,Sales Issue,-10,SO-005674
MOV-005066,2026-07-29,PRD-0051,WH-003,Sales Issue,-27,SO-005676
MOV-005067,2024-10-31,PRD-0327,WH-005,Sales Issue,-30,SO-005677
MOV-005068,2026-05-04,PRD-0172,WH-004,Sales Issue,-13,SO-005678
MOV-005069,2026-08-13,PRD-0036,WH-001,Sales Issue,-29,SO-005681
MOV-005070,2025-05-05,PRD-0450,WH-004,Sales Issue,-11,SO-005682
MOV-005071,2026-04-27,PRD-0013,WH-004,Sales Issue,-25,SO-005683
MOV-005072,2026-03-05,PRD-0310,WH-003,Sales Issue,-27,SO-005684
MOV-005073,2026-08-05,PRD-0430,WH-002,Sales Issue,-8,SO-005685
MOV-005074,2026-05-17,PRD-0208,WH-005,Sales Issue,-17,SO-005686
MOV-005075,2026-03-31,PRD-0455,WH-005,Sales Issue,-29,SO-005687
MOV-005076,2025-11-30,PRD-0375,WH-005,Sales Issue,-13,SO-005688
MOV-005077,2025-08-30,PRD-0159,WH-005,Sales Issue,-30,SO-005689
MOV-005078,2025-09-25,PRD-0354,WH-005,Sales Issue,-25,SO-005690
MOV-005079,2025-11-19,PRD-0405,WH-001,Sales Issue,-21,SO-005691
MOV-005080,2025-05-27,PRD-0044,WH-001,Sales Issue,-2,SO-005692
MOV-005081,2026-09-17,PRD-0070,WH-003,Sales Issue,-30,SO-005693
MOV-005082,2025-11-17,PRD-0165,WH-001,Sales Issue,-13,SO-005694
MOV-005083,2025-10-23,PRD-0058,WH-003,Sales Issue,-10,SO-005695
MOV-005084,2026-06-26,PRD-0372,WH-002,Sales Issue,-25,SO-005696
MOV-005085,2026-05-14,PRD-0041,WH-003,Sales Issue,-22,SO-005697
MOV-005086,2026-02-02,PRD-0263,WH-001,Sales Issue,-18,SO-005698
MOV-005087,2026-04-15,PRD-0169,WH-003,Sales Issue,-24,SO-005699
MOV-005088,2024-12-09,PRD-0441,WH-005,Sales Issue,-28,SO-005701
MOV-005089,2026-04-25,PRD-0315,WH-004,Sales Issue,-3,SO-005702
MOV-005090,2026-04-18,PRD-0243,WH-003,Sales Issue,-11,SO-005703
MOV-005091,2025-06-13,PRD-0133,WH-005,Sales Issue,-26,SO-005704
MOV-005092,2025-03-01,PRD-0021,WH-005,Sales Issue,-23,SO-005706
MOV-005093,2026-05-08,PRD-0453,WH-001,Sales Issue,-3,SO-005708
MOV-005094,2025-06-22,PRD-0068,WH-004,Sales Issue,-2,SO-005709
MOV-005095,2025-08-16,PRD-0115,WH-004,Sales Issue,-5,SO-005712
MOV-005096,2026-06-09,PRD-0002,WH-001,Sales Issue,-8,SO-005713
MOV-005097,2026-02-26,PRD-0350,WH-001,Sales Issue,-19,SO-005714
MOV-005098,2025-07-09,PRD-0065,WH-003,Sales Issue,-12,SO-005716
MOV-005099,2024-10-15,PRD-0239,WH-003,Sales Issue,-12,SO-005717
MOV-005100,2026-03-01,PRD-0113,WH-005,Sales Issue,-23,SO-005718
MOV-005101,2026-06-19,PRD-0347,WH-004,Sales Issue,-17,SO-005719
MOV-005102,2024-11-09,PRD-0453,WH-001,Sales Issue,-29,SO-005720
MOV-005103,2026-01-10,PRD-0034,WH-003,Sales Issue,-30,SO-005721
MOV-005104,2025-10-20,PRD-0143,WH-003,Sales Issue,-14,SO-005722
MOV-005105,2024-12-31,PRD-0273,WH-002,Sales Issue,-25,SO-005723
MOV-005106,2025-07-22,PRD-0455,WH-005,Sales Issue,-12,SO-005724
MOV-005107,2025-11-17,PRD-0418,WH-003,Sales Issue,-27,SO-005725
MOV-005108,2025-11-09,PRD-0211,WH-005,Sales Issue,-22,SO-005726
MOV-005109,2026-05-11,PRD-0069,WH-002,Sales Issue,-19,SO-005727
MOV-005110,2026-02-19,PRD-0470,WH-004,Sales Issue,-27,SO-005728
MOV-005111,2026-03-31,PRD-0046,WH-002,Sales Issue,-12,SO-005729
MOV-005112,2025-10-26,PRD-0073,WH-003,Sales Issue,-6,SO-005730
MOV-005113,2026-01-18,PRD-0405,WH-001,Sales Issue,-8,SO-005732
MOV-005114,2025-05-28,PRD-0440,WH-005,Sales Issue,-11,SO-005733
MOV-005115,2024-11-28,PRD-0312,WH-002,Sales Issue,-2,SO-005734
MOV-005116,2026-03-16,PRD-0277,WH-004,Sales Issue,-13,SO-005736
MOV-005117,2024-10-04,PRD-0052,WH-002,Sales Issue,-10,SO-005737
MOV-005118,2025-10-28,PRD-0018,WH-001,Sales Issue,-25,SO-005739
MOV-005119,2025-10-12,PRD-0060,WH-003,Sales Issue,-5,SO-005740
MOV-005120,2025-03-24,PRD-0092,WH-004,Sales Issue,-25,SO-005741
MOV-005121,2026-02-01,PRD-0493,WH-003,Sales Issue,-24,SO-005742
MOV-005122,2026-08-04,PRD-0452,WH-005,Sales Issue,-19,SO-005743
MOV-005123,2025-07-26,PRD-0084,WH-003,Sales Issue,-28,SO-005745
MOV-005124,2025-05-20,PRD-0500,WH-003,Sales Issue,-13,SO-005746
MOV-005125,2024-10-22,PRD-0050,WH-005,Sales Issue,-25,SO-005747
MOV-005126,2025-05-18,PRD-0500,WH-003,Sales Issue,-7,SO-005748
MOV-005127,2025-02-04,PRD-0415,WH-003,Sales Issue,-11,SO-005749
MOV-005128,2024-11-11,PRD-0140,WH-005,Sales Issue,-3,SO-005750
MOV-005129,2026-06-07,PRD-0153,WH-004,Sales Issue,-28,SO-005751
MOV-005130,2025-01-11,PRD-0496,WH-003,Sales Issue,-12,SO-005752
MOV-005131,2025-11-23,PRD-0258,WH-003,Sales Issue,-14,SO-005753
MOV-005132,2025-11-05,PRD-0127,WH-002,Sales Issue,-16,SO-005754
MOV-005133,2024-12-08,PRD-0226,WH-001,Sales Issue,-1,SO-005755
MOV-005134,2025-09-27,PRD-0110,WH-005,Sales Issue,-27,SO-005756
MOV-005135,2026-02-18,PRD-0366,WH-001,Sales Issue,-9,SO-005757
MOV-005136,2026-01-31,PRD-0074,WH-001,Sales Issue,-13,SO-005758
MOV-005137,2025-02-28,PRD-0115,WH-004,Sales Issue,-29,SO-005759
MOV-005138,2026-03-16,PRD-0081,WH-004,Sales Issue,-14,SO-005760
MOV-005139,2026-02-27,PRD-0123,WH-005,Sales Issue,-18,SO-005761
MOV-005140,2026-05-09,PRD-0389,WH-004,Sales Issue,-24,SO-005762
MOV-005141,2025-03-18,PRD-0082,WH-001,Sales Issue,-25,SO-005763
MOV-005142,2025-08-15,PRD-0208,WH-005,Sales Issue,-25,SO-005764
MOV-005143,2026-02-07,PRD-0330,WH-001,Sales Issue,-20,SO-005765
MOV-005144,2024-11-15,PRD-0342,WH-001,Sales Issue,-14,SO-005766
MOV-005145,2026-07-11,PRD-0254,WH-004,Sales Issue,-11,SO-005767
MOV-005146,2025-09-06,PRD-0080,WH-003,Sales Issue,-23,SO-005768
MOV-005147,2026-05-04,PRD-0407,WH-002,Sales Issue,-2,SO-005770
MOV-005148,2025-06-01,PRD-0311,WH-005,Sales Issue,-2,SO-005771
MOV-005149,2026-09-07,PRD-0353,WH-005,Sales Issue,-12,SO-005772
MOV-005150,2025-08-29,PRD-0049,WH-005,Sales Issue,-16,SO-005774
MOV-005151,2026-04-19,PRD-0023,WH-004,Sales Issue,-14,SO-005776
MOV-005152,2026-01-24,PRD-0165,WH-001,Sales Issue,-13,SO-005778
MOV-005153,2026-09-11,PRD-0452,WH-005,Sales Issue,-19,SO-005779
MOV-005154,2026-08-28,PRD-0423,WH-003,Sales Issue,-11,SO-005781
MOV-005155,2025-11-10,PRD-0108,WH-002,Sales Issue,-24,SO-005782
MOV-005156,2026-04-28,PRD-0427,WH-005,Sales Issue,-21,SO-005783
MOV-005157,2026-04-10,PRD-0177,WH-005,Sales Issue,-17,SO-005785
MOV-005158,2026-02-24,PRD-0228,WH-002,Sales Issue,-6,SO-005787
MOV-005159,2025-07-28,PRD-0454,WH-005,Sales Issue,-10,SO-005788
MOV-005160,2025-04-24,PRD-0459,WH-005,Sales Issue,-23,SO-005789
MOV-005161,2026-09-23,PRD-0455,WH-005,Sales Issue,-6,SO-005790
MOV-005162,2024-12-05,PRD-0084,WH-003,Sales Issue,-23,SO-005791
MOV-005163,2026-09-02,PRD-0001,WH-003,Sales Issue,-20,SO-005792
MOV-005164,2025-11-25,PRD-0227,WH-003,Sales Issue,-25,SO-005793
MOV-005165,2025-02-21,PRD-0357,WH-004,Sales Issue,-18,SO-005794
MOV-005166,2025-09-24,PRD-0063,WH-004,Sales Issue,-28,SO-005795
MOV-005167,2025-01-12,PRD-0014,WH-003,Sales Issue,-15,SO-005796
MOV-005168,2024-11-24,PRD-0412,WH-002,Sales Issue,-4,SO-005797
MOV-005169,2026-02-11,PRD-0340,WH-001,Sales Issue,-29,SO-005799
MOV-005170,2025-03-09,PRD-0310,WH-003,Sales Issue,-5,SO-005800
MOV-005171,2025-12-01,PRD-0253,WH-001,Sales Issue,-25,SO-005801
MOV-005172,2025-07-16,PRD-0220,WH-001,Sales Issue,-8,SO-005802
MOV-005173,2024-12-08,PRD-0392,WH-003,Sales Issue,-21,SO-005803
MOV-005174,2026-05-07,PRD-0440,WH-005,Sales Issue,-26,SO-005805
MOV-005175,2026-02-07,PRD-0061,WH-003,Sales Issue,-21,SO-005806
MOV-005176,2025-01-04,PRD-0188,WH-005,Sales Issue,-3,SO-005810
MOV-005177,2025-06-28,PRD-0233,WH-005,Sales Issue,-10,SO-005811
MOV-005178,2025-07-22,PRD-0065,WH-003,Sales Issue,-10,SO-005812
MOV-005179,2025-09-04,PRD-0318,WH-005,Sales Issue,-9,SO-005814
MOV-005180,2024-10-01,PRD-0340,WH-001,Sales Issue,-29,SO-005815
MOV-005181,2026-05-01,PRD-0029,WH-005,Sales Issue,-30,SO-005816
MOV-005182,2025-08-04,PRD-0246,WH-003,Sales Issue,-22,SO-005817
MOV-005183,2026-08-24,PRD-0207,WH-002,Sales Issue,-27,SO-005818
MOV-005184,2025-01-30,PRD-0007,WH-004,Sales Issue,-18,SO-005819
MOV-005185,2024-11-17,PRD-0077,WH-002,Sales Issue,-25,SO-005820
MOV-005186,2025-04-01,PRD-0187,WH-001,Sales Issue,-1,SO-005821
MOV-005187,2024-10-28,PRD-0210,WH-005,Sales Issue,-27,SO-005822
MOV-005188,2026-08-29,PRD-0213,WH-004,Sales Issue,-29,SO-005823
MOV-005189,2026-04-01,PRD-0386,WH-005,Sales Issue,-23,SO-005824
MOV-005190,2025-02-10,PRD-0326,WH-002,Sales Issue,-12,SO-005826
MOV-005191,2025-05-31,PRD-0040,WH-003,Sales Issue,-30,SO-005827
MOV-005192,2026-09-24,PRD-0041,WH-003,Sales Issue,-26,SO-005829
MOV-005193,2025-11-13,PRD-0432,WH-005,Sales Issue,-13,SO-005830
MOV-005194,2025-04-07,PRD-0340,WH-001,Sales Issue,-13,SO-005831
MOV-005195,2025-10-18,PRD-0022,WH-002,Sales Issue,-8,SO-005832
MOV-005196,2025-03-28,PRD-0365,WH-002,Sales Issue,-28,SO-005834
MOV-005197,2026-08-25,PRD-0363,WH-001,Sales Issue,-11,SO-005835
MOV-005198,2025-02-08,PRD-0279,WH-001,Sales Issue,-27,SO-005837
MOV-005199,2025-09-22,PRD-0497,WH-003,Sales Issue,-22,SO-005838
MOV-005200,2025-09-25,PRD-0100,WH-001,Sales Issue,-22,SO-005839
MOV-005201,2025-12-09,PRD-0244,WH-002,Sales Issue,-24,SO-005840
MOV-005202,2026-05-22,PRD-0230,WH-005,Sales Issue,-16,SO-005842
MOV-005203,2024-10-30,PRD-0340,WH-001,Sales Issue,-12,SO-005843
MOV-005204,2025-11-13,PRD-0317,WH-002,Sales Issue,-28,SO-005844
MOV-005205,2024-10-26,PRD-0404,WH-005,Sales Issue,-12,SO-005846
MOV-005206,2026-02-18,PRD-0118,WH-001,Sales Issue,-15,SO-005847
MOV-005207,2026-04-24,PRD-0387,WH-004,Sales Issue,-11,SO-005849
MOV-005208,2025-06-13,PRD-0481,WH-003,Sales Issue,-27,SO-005850
MOV-005209,2026-08-19,PRD-0329,WH-005,Sales Issue,-9,SO-005851
MOV-005210,2026-02-14,PRD-0209,WH-005,Sales Issue,-7,SO-005852
MOV-005211,2025-08-18,PRD-0202,WH-003,Sales Issue,-16,SO-005853
MOV-005212,2026-03-08,PRD-0343,WH-001,Sales Issue,-24,SO-005854
MOV-005213,2024-12-21,PRD-0336,WH-004,Sales Issue,-15,SO-005855
MOV-005214,2026-01-01,PRD-0252,WH-001,Sales Issue,-14,SO-005856
MOV-005215,2025-01-10,PRD-0014,WH-003,Sales Issue,-12,SO-005857
MOV-005216,2025-08-27,PRD-0497,WH-003,Sales Issue,-12,SO-005858
MOV-005217,2025-07-27,PRD-0036,WH-001,Sales Issue,-20,SO-005859
MOV-005218,2025-08-22,PRD-0310,WH-003,Sales Issue,-25,SO-005860
MOV-005219,2025-10-28,PRD-0362,WH-003,Sales Issue,-13,SO-005861
MOV-005220,2024-12-31,PRD-0452,WH-005,Sales Issue,-7,SO-005862
MOV-005221,2025-07-22,PRD-0316,WH-004,Sales Issue,-10,SO-005863
MOV-005222,2026-08-05,PRD-0352,WH-001,Sales Issue,-10,SO-005864
MOV-005223,2025-06-14,PRD-0387,WH-004,Sales Issue,-26,SO-005865
MOV-005224,2025-01-25,PRD-0201,WH-001,Sales Issue,-25,SO-005866
MOV-005225,2026-06-13,PRD-0083,WH-004,Sales Issue,-1,SO-005867
MOV-005226,2024-10-29,PRD-0052,WH-002,Sales Issue,-22,SO-005868
MOV-005227,2025-10-13,PRD-0425,WH-002,Sales Issue,-21,SO-005869
MOV-005228,2024-11-09,PRD-0004,WH-002,Sales Issue,-28,SO-005870
MOV-005229,2026-02-02,PRD-0266,WH-002,Sales Issue,-23,SO-005871
MOV-005230,2026-05-07,PRD-0036,WH-001,Sales Issue,-30,SO-005872
MOV-005231,2025-12-16,PRD-0047,WH-002,Sales Issue,-17,SO-005873
MOV-005232,2026-01-01,PRD-0467,WH-002,Sales Issue,-24,SO-005874
MOV-005233,2025-01-16,PRD-0202,WH-003,Sales Issue,-17,SO-005875
MOV-005234,2026-07-13,PRD-0050,WH-005,Sales Issue,-20,SO-005877
MOV-005235,2025-01-21,PRD-0348,WH-004,Sales Issue,-19,SO-005878
MOV-005236,2024-10-15,PRD-0310,WH-003,Sales Issue,-3,SO-005879
MOV-005237,2025-07-19,PRD-0185,WH-004,Sales Issue,-21,SO-005880
MOV-005238,2026-07-16,PRD-0447,WH-005,Sales Issue,-18,SO-005881
MOV-005239,2025-12-30,PRD-0076,WH-002,Sales Issue,-29,SO-005884
MOV-005240,2025-11-22,PRD-0463,WH-003,Sales Issue,-29,SO-005885
MOV-005241,2026-07-15,PRD-0103,WH-003,Sales Issue,-24,SO-005887
MOV-005242,2025-02-23,PRD-0408,WH-002,Sales Issue,-7,SO-005888
MOV-005243,2026-01-22,PRD-0417,WH-003,Sales Issue,-5,SO-005889
MOV-005244,2025-02-16,PRD-0330,WH-001,Sales Issue,-2,SO-005890
MOV-005245,2025-03-21,PRD-0091,WH-004,Sales Issue,-25,SO-005891
MOV-005246,2024-12-10,PRD-0401,WH-001,Sales Issue,-27,SO-005892
MOV-005247,2026-05-10,PRD-0375,WH-005,Sales Issue,-17,SO-005893
MOV-005248,2025-05-13,PRD-0059,WH-004,Sales Issue,-22,SO-005894
MOV-005249,2026-05-01,PRD-0093,WH-001,Sales Issue,-10,SO-005895
MOV-005250,2026-08-05,PRD-0366,WH-001,Sales Issue,-11,SO-005896
MOV-005251,2025-04-27,PRD-0339,WH-002,Sales Issue,-17,SO-005897
MOV-005252,2024-12-17,PRD-0425,WH-002,Sales Issue,-7,SO-005899
MOV-005253,2024-12-22,PRD-0087,WH-003,Sales Issue,-28,SO-005900
MOV-005254,2024-12-17,PRD-0228,WH-002,Sales Issue,-12,SO-005903
MOV-005255,2025-11-17,PRD-0027,WH-001,Sales Issue,-28,SO-005904
MOV-005256,2025-07-27,PRD-0214,WH-003,Sales Issue,-13,SO-005905
MOV-005257,2025-08-31,PRD-0337,WH-001,Sales Issue,-9,SO-005906
MOV-005258,2025-03-30,PRD-0479,WH-004,Sales Issue,-30,SO-005907
MOV-005259,2025-02-27,PRD-0481,WH-003,Sales Issue,-12,SO-005908
MOV-005260,2025-09-10,PRD-0004,WH-002,Sales Issue,-12,SO-005909
MOV-005261,2026-04-23,PRD-0403,WH-003,Sales Issue,-19,SO-005910
MOV-005262,2025-08-17,PRD-0438,WH-002,Sales Issue,-3,SO-005911
MOV-005263,2026-02-19,PRD-0490,WH-005,Sales Issue,-15,SO-005912
MOV-005264,2025-06-15,PRD-0124,WH-002,Sales Issue,-15,SO-005913
MOV-005265,2025-10-01,PRD-0225,WH-001,Sales Issue,-12,SO-005914
MOV-005266,2025-08-30,PRD-0280,WH-005,Sales Issue,-21,SO-005915
MOV-005267,2025-02-07,PRD-0133,WH-005,Sales Issue,-1,SO-005916
MOV-005268,2025-02-24,PRD-0280,WH-005,Sales Issue,-28,SO-005917
MOV-005269,2025-09-10,PRD-0381,WH-001,Sales Issue,-23,SO-005918
MOV-005270,2025-08-15,PRD-0445,WH-001,Sales Issue,-26,SO-005919
MOV-005271,2026-09-05,PRD-0073,WH-003,Sales Issue,-17,SO-005920
MOV-005272,2025-09-20,PRD-0311,WH-005,Sales Issue,-14,SO-005921
MOV-005273,2026-09-05,PRD-0373,WH-002,Sales Issue,-13,SO-005923
MOV-005274,2026-02-18,PRD-0404,WH-005,Sales Issue,-16,SO-005924
MOV-005275,2026-05-06,PRD-0130,WH-003,Sales Issue,-6,SO-005925
MOV-005276,2025-07-05,PRD-0254,WH-004,Sales Issue,-14,SO-005926
MOV-005277,2026-06-18,PRD-0176,WH-002,Sales Issue,-22,SO-005927
MOV-005278,2025-02-17,PRD-0270,WH-003,Sales Issue,-6,SO-005928
MOV-005279,2026-04-23,PRD-0306,WH-001,Sales Issue,-3,SO-005929
MOV-005280,2026-06-05,PRD-0178,WH-001,Sales Issue,-11,SO-005930
MOV-005281,2025-10-03,PRD-0036,WH-001,Sales Issue,-4,SO-005931
MOV-005282,2025-10-12,PRD-0305,WH-002,Sales Issue,-22,SO-005932
MOV-005283,2026-05-15,PRD-0419,WH-005,Sales Issue,-15,SO-005933
MOV-005284,2026-05-07,PRD-0469,WH-001,Sales Issue,-25,SO-005934
MOV-005285,2025-02-26,PRD-0458,WH-001,Sales Issue,-8,SO-005935
MOV-005286,2026-03-02,PRD-0175,WH-005,Sales Issue,-26,SO-005936
MOV-005287,2025-04-14,PRD-0136,WH-001,Sales Issue,-30,SO-005937
MOV-005288,2024-10-24,PRD-0343,WH-001,Sales Issue,-4,SO-005938
MOV-005289,2024-11-25,PRD-0115,WH-004,Sales Issue,-28,SO-005939
MOV-005290,2025-10-10,PRD-0403,WH-003,Sales Issue,-26,SO-005941
MOV-005291,2025-01-01,PRD-0493,WH-003,Sales Issue,-12,SO-005942
MOV-005292,2026-03-12,PRD-0388,WH-002,Sales Issue,-11,SO-005943
MOV-005293,2025-12-31,PRD-0309,WH-003,Sales Issue,-18,SO-005945
MOV-005294,2024-10-09,PRD-0353,WH-005,Sales Issue,-19,SO-005946
MOV-005295,2025-06-09,PRD-0061,WH-003,Sales Issue,-11,SO-005947
MOV-005296,2025-01-25,PRD-0476,WH-001,Sales Issue,-20,SO-005948
MOV-005297,2025-12-01,PRD-0118,WH-001,Sales Issue,-7,SO-005949
MOV-005298,2024-11-18,PRD-0023,WH-004,Sales Issue,-12,SO-005950
MOV-005299,2025-09-06,PRD-0499,WH-004,Sales Issue,-13,SO-005952
MOV-005300,2025-01-21,PRD-0001,WH-003,Sales Issue,-6,SO-005953
MOV-005301,2025-02-27,PRD-0324,WH-002,Sales Issue,-16,SO-005954
MOV-005302,2026-08-28,PRD-0366,WH-001,Sales Issue,-21,SO-005955
MOV-005303,2026-03-09,PRD-0173,WH-004,Sales Issue,-28,SO-005956
MOV-005304,2026-01-20,PRD-0144,WH-005,Sales Issue,-25,SO-005957
MOV-005305,2026-05-12,PRD-0164,WH-002,Sales Issue,-8,SO-005958
MOV-005306,2026-05-06,PRD-0198,WH-002,Sales Issue,-28,SO-005959
MOV-005307,2025-03-25,PRD-0046,WH-002,Sales Issue,-13,SO-005960
MOV-005308,2025-12-11,PRD-0264,WH-004,Sales Issue,-16,SO-005961
MOV-005309,2026-02-02,PRD-0231,WH-001,Sales Issue,-20,SO-005962
MOV-005310,2026-01-01,PRD-0286,WH-002,Sales Issue,-22,SO-005963
MOV-005311,2026-03-06,PRD-0375,WH-005,Sales Issue,-13,SO-005964
MOV-005312,2026-06-21,PRD-0037,WH-002,Sales Issue,-26,SO-005965
MOV-005313,2024-12-09,PRD-0065,WH-003,Sales Issue,-24,SO-005966
MOV-005314,2024-11-06,PRD-0471,WH-005,Sales Issue,-20,SO-005968
MOV-005315,2025-08-02,PRD-0426,WH-001,Sales Issue,-1,SO-005969
MOV-005316,2026-06-26,PRD-0189,WH-003,Sales Issue,-5,SO-005970
MOV-005317,2025-11-23,PRD-0206,WH-005,Sales Issue,-7,SO-005971
MOV-005318,2025-11-29,PRD-0317,WH-002,Sales Issue,-7,SO-005972
MOV-005319,2025-04-16,PRD-0355,WH-002,Sales Issue,-11,SO-005973
MOV-005320,2025-06-08,PRD-0497,WH-003,Sales Issue,-28,SO-005974
MOV-005321,2025-05-19,PRD-0393,WH-004,Sales Issue,-16,SO-005975
MOV-005322,2024-12-05,PRD-0242,WH-003,Sales Issue,-6,SO-005977
MOV-005323,2026-05-24,PRD-0167,WH-002,Sales Issue,-12,SO-005978
MOV-005324,2026-04-22,PRD-0005,WH-001,Sales Issue,-28,SO-005979
MOV-005325,2025-01-27,PRD-0062,WH-004,Sales Issue,-29,SO-005980
MOV-005326,2026-07-15,PRD-0351,WH-002,Sales Issue,-25,SO-005981
MOV-005327,2026-09-27,PRD-0427,WH-005,Sales Issue,-15,SO-005982
MOV-005328,2025-12-29,PRD-0240,WH-002,Sales Issue,-15,SO-005983
MOV-005329,2025-06-25,PRD-0271,WH-003,Sales Issue,-13,SO-005984
MOV-005330,2026-03-13,PRD-0438,WH-002,Sales Issue,-20,SO-005985
MOV-005331,2025-04-21,PRD-0477,WH-001,Sales Issue,-21,SO-005986
MOV-005332,2026-01-23,PRD-0437,WH-003,Sales Issue,-24,SO-005987
MOV-005333,2026-02-14,PRD-0190,WH-003,Sales Issue,-7,SO-005988
MOV-005334,2025-05-16,PRD-0279,WH-001,Sales Issue,-24,SO-005989
MOV-005335,2025-02-19,PRD-0332,WH-004,Sales Issue,-1,SO-005990
MOV-005336,2025-08-07,PRD-0182,WH-001,Sales Issue,-4,SO-005991
MOV-005337,2025-03-15,PRD-0262,WH-002,Sales Issue,-18,SO-005992
MOV-005338,2025-06-08,PRD-0200,WH-001,Sales Issue,-21,SO-005993
MOV-005339,2025-04-26,PRD-0014,WH-003,Sales Issue,-24,SO-005996
MOV-005340,2025-08-31,PRD-0169,WH-003,Sales Issue,-23,SO-005997
MOV-005341,2026-03-04,PRD-0070,WH-003,Sales Issue,-19,SO-005998
MOV-005342,2025-11-30,PRD-0162,WH-001,Sales Issue,-1,SO-005999
MOV-005343,2026-06-22,PRD-0131,WH-003,Sales Issue,-30,SO-006000
MOV-005344,2025-07-24,PRD-0126,WH-001,Sales Issue,-9,SO-006002
MOV-005345,2025-07-13,PRD-0205,WH-002,Sales Issue,-17,SO-006003
MOV-005346,2024-11-28,PRD-0153,WH-004,Sales Issue,-10,SO-006004
MOV-005347,2026-03-11,PRD-0284,WH-002,Sales Issue,-10,SO-006005
MOV-005348,2026-04-11,PRD-0199,WH-004,Sales Issue,-9,SO-006007
MOV-005349,2025-07-15,PRD-0226,WH-001,Sales Issue,-24,SO-006008
MOV-005350,2025-05-01,PRD-0124,WH-002,Sales Issue,-6,SO-006009
MOV-005351,2026-05-07,PRD-0257,WH-003,Sales Issue,-10,SO-006010
MOV-005352,2026-05-28,PRD-0122,WH-002,Sales Issue,-9,SO-006011
MOV-005353,2025-05-12,PRD-0461,WH-005,Sales Issue,-5,SO-006012
MOV-005354,2025-10-05,PRD-0321,WH-001,Sales Issue,-4,SO-006013
MOV-005355,2025-12-01,PRD-0478,WH-002,Sales Issue,-1,SO-006014
MOV-005356,2025-08-25,PRD-0260,WH-002,Sales Issue,-15,SO-006015
MOV-005357,2025-12-13,PRD-0122,WH-002,Sales Issue,-15,SO-006016
MOV-005358,2025-09-14,PRD-0394,WH-005,Sales Issue,-22,SO-006019
MOV-005359,2025-08-30,PRD-0254,WH-004,Sales Issue,-6,SO-006020
MOV-005360,2025-03-28,PRD-0410,WH-002,Sales Issue,-12,SO-006021
MOV-005361,2026-07-12,PRD-0179,WH-003,Sales Issue,-19,SO-006022
MOV-005362,2025-09-02,PRD-0315,WH-004,Sales Issue,-8,SO-006023
MOV-005363,2026-08-15,PRD-0014,WH-003,Sales Issue,-22,SO-006024
MOV-005364,2024-12-07,PRD-0406,WH-005,Sales Issue,-9,SO-006025
MOV-005365,2025-11-20,PRD-0186,WH-001,Sales Issue,-30,SO-006026
MOV-005366,2024-11-17,PRD-0308,WH-004,Sales Issue,-16,SO-006027
MOV-005367,2025-09-06,PRD-0110,WH-005,Sales Issue,-19,SO-006028
MOV-005368,2025-03-24,PRD-0015,WH-003,Sales Issue,-23,SO-006029
MOV-005369,2026-07-21,PRD-0302,WH-003,Sales Issue,-5,SO-006030
MOV-005370,2026-01-24,PRD-0129,WH-003,Sales Issue,-16,SO-006031
MOV-005371,2026-07-12,PRD-0466,WH-005,Sales Issue,-5,SO-006032
MOV-005372,2025-01-05,PRD-0369,WH-002,Sales Issue,-6,SO-006033
MOV-005373,2025-07-15,PRD-0279,WH-001,Sales Issue,-28,SO-006034
MOV-005374,2026-06-26,PRD-0408,WH-002,Sales Issue,-13,SO-006035
MOV-005375,2025-12-08,PRD-0016,WH-001,Sales Issue,-12,SO-006036
MOV-005376,2025-05-08,PRD-0046,WH-002,Sales Issue,-5,SO-006037
MOV-005377,2024-12-18,PRD-0030,WH-005,Sales Issue,-25,SO-006038
MOV-005378,2025-11-17,PRD-0348,WH-004,Sales Issue,-3,SO-006039
MOV-005379,2025-06-23,PRD-0070,WH-003,Sales Issue,-14,SO-006040
MOV-005380,2025-11-07,PRD-0182,WH-001,Sales Issue,-22,SO-006041
MOV-005381,2026-07-30,PRD-0165,WH-001,Sales Issue,-28,SO-006042
MOV-005382,2024-11-10,PRD-0428,WH-005,Sales Issue,-12,SO-006043
MOV-005383,2025-02-08,PRD-0218,WH-003,Sales Issue,-27,SO-006044
MOV-005384,2025-12-07,PRD-0209,WH-005,Sales Issue,-18,SO-006046
MOV-005385,2024-11-29,PRD-0425,WH-002,Sales Issue,-27,SO-006047
MOV-005386,2025-11-12,PRD-0489,WH-005,Sales Issue,-23,SO-006048
MOV-005387,2026-03-28,PRD-0168,WH-003,Sales Issue,-21,SO-006049
MOV-005388,2026-03-10,PRD-0123,WH-005,Sales Issue,-9,SO-006051
MOV-005389,2026-03-19,PRD-0251,WH-002,Sales Issue,-28,SO-006052
MOV-005390,2026-06-29,PRD-0104,WH-002,Sales Issue,-13,SO-006053
MOV-005391,2026-07-28,PRD-0287,WH-003,Sales Issue,-1,SO-006054
MOV-005392,2026-05-21,PRD-0039,WH-002,Sales Issue,-27,SO-006055
MOV-005393,2025-12-31,PRD-0491,WH-004,Sales Issue,-8,SO-006056
MOV-005394,2025-02-20,PRD-0425,WH-002,Sales Issue,-19,SO-006057
MOV-005395,2025-07-23,PRD-0206,WH-005,Sales Issue,-25,SO-006059
MOV-005396,2025-09-24,PRD-0332,WH-004,Sales Issue,-14,SO-006060
MOV-005397,2025-01-09,PRD-0276,WH-001,Sales Issue,-3,SO-006062
MOV-005398,2024-11-29,PRD-0006,WH-004,Sales Issue,-15,SO-006063
MOV-005399,2024-11-27,PRD-0223,WH-002,Sales Issue,-23,SO-006064
MOV-005400,2025-08-12,PRD-0397,WH-004,Sales Issue,-16,SO-006066
MOV-005401,2025-02-06,PRD-0386,WH-005,Sales Issue,-26,SO-006067
MOV-005402,2025-03-13,PRD-0175,WH-005,Sales Issue,-10,SO-006068
MOV-005403,2025-11-19,PRD-0238,WH-005,Sales Issue,-22,SO-006069
MOV-005404,2024-12-27,PRD-0490,WH-005,Sales Issue,-30,SO-006070
MOV-005405,2026-05-22,PRD-0251,WH-002,Sales Issue,-27,SO-006071
MOV-005406,2025-07-23,PRD-0101,WH-003,Sales Issue,-27,SO-006072
MOV-005407,2026-06-19,PRD-0335,WH-001,Sales Issue,-17,SO-006073
MOV-005408,2025-03-10,PRD-0281,WH-003,Sales Issue,-12,SO-006074
MOV-005409,2026-09-01,PRD-0409,WH-003,Sales Issue,-12,SO-006075
MOV-005410,2026-01-24,PRD-0020,WH-001,Sales Issue,-29,SO-006076
MOV-005411,2024-10-17,PRD-0274,WH-001,Sales Issue,-25,SO-006078
MOV-005412,2025-10-11,PRD-0439,WH-004,Sales Issue,-26,SO-006079
MOV-005413,2026-01-19,PRD-0115,WH-004,Sales Issue,-6,SO-006080
MOV-005414,2025-12-29,PRD-0178,WH-001,Sales Issue,-18,SO-006081
MOV-005415,2025-11-08,PRD-0339,WH-002,Sales Issue,-18,SO-006082
MOV-005416,2026-01-12,PRD-0396,WH-005,Sales Issue,-6,SO-006083
MOV-005417,2026-02-06,PRD-0465,WH-004,Sales Issue,-27,SO-006084
MOV-005418,2026-05-01,PRD-0289,WH-002,Sales Issue,-19,SO-006085
MOV-005419,2025-10-23,PRD-0340,WH-001,Sales Issue,-27,SO-006086
MOV-005420,2025-02-19,PRD-0130,WH-003,Sales Issue,-26,SO-006088
MOV-005421,2024-12-10,PRD-0072,WH-005,Sales Issue,-12,SO-006089
MOV-005422,2026-05-12,PRD-0380,WH-003,Sales Issue,-28,SO-006090
MOV-005423,2026-08-25,PRD-0295,WH-004,Sales Issue,-19,SO-006091
MOV-005424,2026-03-26,PRD-0250,WH-004,Sales Issue,-22,SO-006092
MOV-005425,2026-01-18,PRD-0220,WH-001,Sales Issue,-2,SO-006093
MOV-005426,2026-05-26,PRD-0222,WH-005,Sales Issue,-14,SO-006094
MOV-005427,2025-10-27,PRD-0304,WH-003,Sales Issue,-9,SO-006096
MOV-005428,2025-02-27,PRD-0321,WH-001,Sales Issue,-29,SO-006098
MOV-005429,2025-04-30,PRD-0268,WH-004,Sales Issue,-18,SO-006099
MOV-005430,2025-03-31,PRD-0110,WH-005,Sales Issue,-15,SO-006101
MOV-005431,2025-03-28,PRD-0362,WH-003,Sales Issue,-16,SO-006103
MOV-005432,2025-11-11,PRD-0431,WH-002,Sales Issue,-12,SO-006104
MOV-005433,2026-05-26,PRD-0215,WH-001,Sales Issue,-3,SO-006105
MOV-005434,2026-01-24,PRD-0123,WH-005,Sales Issue,-27,SO-006106
MOV-005435,2024-12-08,PRD-0295,WH-004,Sales Issue,-5,SO-006107
MOV-005436,2025-11-25,PRD-0463,WH-003,Sales Issue,-30,SO-006108
MOV-005437,2025-03-08,PRD-0312,WH-002,Sales Issue,-14,SO-006109
MOV-005438,2024-11-30,PRD-0200,WH-001,Sales Issue,-22,SO-006110
MOV-005439,2025-11-08,PRD-0173,WH-004,Sales Issue,-11,SO-006111
MOV-005440,2026-07-28,PRD-0153,WH-004,Sales Issue,-4,SO-006112
MOV-005441,2026-09-18,PRD-0362,WH-003,Sales Issue,-23,SO-006113
MOV-005442,2025-02-13,PRD-0285,WH-004,Sales Issue,-14,SO-006114
MOV-005443,2025-11-15,PRD-0060,WH-003,Sales Issue,-30,SO-006115
MOV-005444,2025-06-09,PRD-0379,WH-002,Sales Issue,-24,SO-006116
MOV-005445,2024-10-19,PRD-0359,WH-004,Sales Issue,-3,SO-006117
MOV-005446,2025-05-15,PRD-0177,WH-005,Sales Issue,-29,SO-006118
MOV-005447,2025-09-26,PRD-0403,WH-003,Sales Issue,-18,SO-006119
MOV-005448,2025-01-14,PRD-0470,WH-004,Sales Issue,-14,SO-006120
MOV-005449,2025-03-15,PRD-0418,WH-003,Sales Issue,-29,SO-006121
MOV-005450,2026-01-06,PRD-0460,WH-002,Sales Issue,-8,SO-006122
MOV-005451,2025-04-26,PRD-0476,WH-001,Sales Issue,-25,SO-006123
MOV-005452,2024-11-23,PRD-0002,WH-001,Sales Issue,-20,SO-006124
MOV-005453,2025-09-21,PRD-0208,WH-005,Sales Issue,-14,SO-006127
MOV-005454,2025-11-30,PRD-0300,WH-002,Sales Issue,-4,SO-006128
MOV-005455,2026-08-07,PRD-0007,WH-004,Sales Issue,-18,SO-006130
MOV-005456,2026-03-13,PRD-0369,WH-002,Sales Issue,-6,SO-006131
MOV-005457,2024-12-04,PRD-0075,WH-003,Sales Issue,-4,SO-006132
MOV-005458,2025-09-08,PRD-0049,WH-005,Sales Issue,-25,SO-006133
MOV-005459,2026-01-17,PRD-0016,WH-001,Sales Issue,-2,SO-006134
MOV-005460,2025-11-12,PRD-0451,WH-001,Sales Issue,-17,SO-006135
MOV-005461,2026-07-29,PRD-0335,WH-001,Sales Issue,-13,SO-006136
MOV-005462,2025-08-11,PRD-0154,WH-002,Sales Issue,-8,SO-006137
MOV-005463,2026-01-17,PRD-0073,WH-003,Sales Issue,-1,SO-006138
MOV-005464,2026-09-20,PRD-0182,WH-001,Sales Issue,-17,SO-006140
MOV-005465,2026-08-09,PRD-0165,WH-001,Sales Issue,-18,SO-006141
MOV-005466,2024-10-02,PRD-0418,WH-003,Sales Issue,-12,SO-006142
MOV-005467,2026-03-23,PRD-0142,WH-001,Sales Issue,-13,SO-006143
MOV-005468,2025-10-17,PRD-0313,WH-004,Sales Issue,-6,SO-006144
MOV-005469,2026-01-09,PRD-0413,WH-004,Sales Issue,-21,SO-006145
MOV-005470,2025-12-07,PRD-0284,WH-002,Sales Issue,-3,SO-006146
MOV-005471,2026-09-22,PRD-0494,WH-001,Sales Issue,-30,SO-006147
MOV-005472,2024-12-12,PRD-0374,WH-003,Sales Issue,-8,SO-006148
MOV-005473,2026-09-12,PRD-0381,WH-001,Sales Issue,-25,SO-006149
MOV-005474,2026-06-14,PRD-0370,WH-004,Sales Issue,-14,SO-006150
MOV-005475,2026-02-21,PRD-0103,WH-003,Sales Issue,-4,SO-006151
MOV-005476,2025-07-24,PRD-0254,WH-004,Sales Issue,-17,SO-006153
MOV-005477,2025-01-09,PRD-0440,WH-005,Sales Issue,-13,SO-006154
MOV-005478,2025-11-13,PRD-0326,WH-002,Sales Issue,-10,SO-006155
MOV-005479,2025-04-13,PRD-0468,WH-001,Sales Issue,-7,SO-006156
MOV-005480,2024-12-03,PRD-0366,WH-001,Sales Issue,-13,SO-006157
MOV-005481,2026-03-09,PRD-0372,WH-002,Sales Issue,-7,SO-006158
MOV-005482,2026-04-03,PRD-0335,WH-001,Sales Issue,-19,SO-006160
MOV-005483,2025-05-17,PRD-0115,WH-004,Sales Issue,-11,SO-006161
MOV-005484,2025-12-19,PRD-0025,WH-002,Sales Issue,-12,SO-006162
MOV-005485,2026-09-13,PRD-0251,WH-002,Sales Issue,-10,SO-006163
MOV-005486,2025-01-20,PRD-0032,WH-004,Sales Issue,-23,SO-006164
MOV-005487,2026-03-05,PRD-0372,WH-002,Sales Issue,-1,SO-006165
MOV-005488,2025-04-11,PRD-0491,WH-004,Sales Issue,-28,SO-006166
MOV-005489,2025-10-07,PRD-0299,WH-003,Sales Issue,-18,SO-006167
MOV-005490,2026-06-07,PRD-0155,WH-005,Sales Issue,-18,SO-006168
MOV-005491,2026-05-22,PRD-0340,WH-001,Sales Issue,-29,SO-006169
MOV-005492,2026-09-27,PRD-0466,WH-005,Sales Issue,-29,SO-006170
MOV-005493,2026-06-23,PRD-0463,WH-003,Sales Issue,-11,SO-006171
MOV-005494,2024-12-11,PRD-0057,WH-004,Sales Issue,-29,SO-006173
MOV-005495,2026-07-28,PRD-0398,WH-003,Sales Issue,-4,SO-006174
MOV-005496,2024-10-20,PRD-0354,WH-005,Sales Issue,-30,SO-006176
MOV-005497,2025-03-31,PRD-0349,WH-004,Sales Issue,-18,SO-006177
MOV-005498,2025-12-29,PRD-0005,WH-001,Sales Issue,-15,SO-006178
MOV-005499,2024-11-17,PRD-0005,WH-001,Sales Issue,-12,SO-006181
MOV-005500,2024-10-30,PRD-0196,WH-003,Sales Issue,-11,SO-006182
MOV-005501,2024-12-07,PRD-0344,WH-004,Sales Issue,-20,SO-006183
MOV-005502,2025-09-04,PRD-0022,WH-002,Sales Issue,-28,SO-006184
MOV-005503,2025-05-18,PRD-0406,WH-005,Sales Issue,-16,SO-006185
MOV-005504,2025-09-29,PRD-0142,WH-001,Sales Issue,-29,SO-006186
MOV-005505,2025-09-30,PRD-0310,WH-003,Sales Issue,-29,SO-006187
MOV-005506,2026-09-29,PRD-0224,WH-001,Sales Issue,-29,SO-006189
MOV-005507,2025-10-22,PRD-0298,WH-002,Sales Issue,-16,SO-006190
MOV-005508,2025-02-22,PRD-0172,WH-004,Sales Issue,-3,SO-006191
MOV-005509,2026-01-15,PRD-0001,WH-003,Sales Issue,-10,SO-006192
MOV-005510,2025-02-05,PRD-0232,WH-005,Sales Issue,-14,SO-006194
MOV-005511,2026-04-07,PRD-0478,WH-002,Sales Issue,-5,SO-006197
MOV-005512,2025-11-28,PRD-0131,WH-003,Sales Issue,-25,SO-006199
MOV-005513,2025-03-14,PRD-0471,WH-005,Sales Issue,-3,SO-006200
MOV-005514,2025-06-25,PRD-0080,WH-003,Sales Issue,-29,SO-006201
MOV-005515,2025-04-10,PRD-0369,WH-002,Sales Issue,-12,SO-006202
MOV-005516,2026-05-25,PRD-0485,WH-005,Sales Issue,-19,SO-006204
MOV-005517,2025-07-13,PRD-0441,WH-005,Sales Issue,-10,SO-006206
MOV-005518,2025-01-03,PRD-0310,WH-003,Sales Issue,-8,SO-006207
MOV-005519,2025-07-29,PRD-0316,WH-004,Sales Issue,-23,SO-006208
MOV-005520,2026-09-18,PRD-0156,WH-003,Sales Issue,-16,SO-006210
MOV-005521,2026-08-06,PRD-0071,WH-001,Sales Issue,-30,SO-006211
MOV-005522,2025-05-10,PRD-0145,WH-005,Sales Issue,-12,SO-006215
MOV-005523,2024-11-30,PRD-0365,WH-002,Sales Issue,-24,SO-006216
MOV-005524,2025-02-21,PRD-0464,WH-001,Sales Issue,-18,SO-006217
MOV-005525,2025-01-27,PRD-0312,WH-002,Sales Issue,-15,SO-006219
MOV-005526,2026-01-13,PRD-0383,WH-004,Sales Issue,-5,SO-006220
MOV-005527,2025-10-25,PRD-0013,WH-004,Sales Issue,-18,SO-006221
MOV-005528,2026-05-11,PRD-0463,WH-003,Sales Issue,-12,SO-006222
MOV-005529,2026-03-17,PRD-0107,WH-002,Sales Issue,-16,SO-006224
MOV-005530,2026-07-03,PRD-0424,WH-001,Sales Issue,-10,SO-006226
MOV-005531,2025-09-08,PRD-0155,WH-005,Sales Issue,-28,SO-006227
MOV-005532,2026-06-18,PRD-0359,WH-004,Sales Issue,-16,SO-006228
MOV-005533,2025-03-16,PRD-0465,WH-004,Sales Issue,-5,SO-006229
MOV-005534,2026-07-24,PRD-0387,WH-004,Sales Issue,-17,SO-006230
MOV-005535,2024-12-24,PRD-0244,WH-002,Sales Issue,-7,SO-006232
MOV-005536,2025-07-24,PRD-0424,WH-001,Sales Issue,-13,SO-006233
MOV-005537,2025-06-10,PRD-0173,WH-004,Sales Issue,-11,SO-006234
MOV-005538,2024-11-30,PRD-0467,WH-002,Sales Issue,-15,SO-006235
MOV-005539,2025-10-23,PRD-0246,WH-003,Sales Issue,-29,SO-006236
MOV-005540,2025-02-13,PRD-0359,WH-004,Sales Issue,-26,SO-006237
MOV-005541,2026-08-23,PRD-0094,WH-003,Sales Issue,-4,SO-006238
MOV-005542,2026-09-15,PRD-0250,WH-004,Sales Issue,-7,SO-006240
MOV-005543,2024-11-25,PRD-0255,WH-004,Sales Issue,-4,SO-006242
MOV-005544,2026-03-01,PRD-0209,WH-005,Sales Issue,-9,SO-006243
MOV-005545,2025-02-25,PRD-0201,WH-001,Sales Issue,-22,SO-006244
MOV-005546,2026-04-08,PRD-0492,WH-001,Sales Issue,-9,SO-006245
MOV-005547,2025-03-27,PRD-0464,WH-001,Sales Issue,-30,SO-006246
MOV-005548,2026-08-13,PRD-0300,WH-002,Sales Issue,-22,SO-006247
MOV-005549,2025-12-22,PRD-0301,WH-003,Sales Issue,-16,SO-006248
MOV-005550,2026-02-15,PRD-0320,WH-005,Sales Issue,-21,SO-006249
MOV-005551,2025-04-07,PRD-0286,WH-002,Sales Issue,-1,SO-006250
MOV-005552,2025-03-16,PRD-0321,WH-001,Sales Issue,-18,SO-006252
MOV-005553,2026-06-30,PRD-0196,WH-003,Sales Issue,-28,SO-006253
MOV-005554,2026-04-20,PRD-0098,WH-001,Sales Issue,-23,SO-006254
MOV-005555,2025-06-28,PRD-0344,WH-004,Sales Issue,-18,SO-006255
MOV-005556,2025-01-28,PRD-0496,WH-003,Sales Issue,-25,SO-006256
MOV-005557,2026-04-28,PRD-0035,WH-001,Sales Issue,-18,SO-006257
MOV-005558,2026-04-19,PRD-0016,WH-001,Sales Issue,-6,SO-006258
MOV-005559,2025-12-25,PRD-0123,WH-005,Sales Issue,-4,SO-006259
MOV-005560,2025-12-13,PRD-0216,WH-005,Sales Issue,-7,SO-006260
MOV-005561,2024-11-22,PRD-0167,WH-002,Sales Issue,-24,SO-006261
MOV-005562,2025-10-22,PRD-0027,WH-001,Sales Issue,-30,SO-006262
MOV-005563,2025-12-29,PRD-0194,WH-002,Sales Issue,-5,SO-006263
MOV-005564,2025-08-25,PRD-0236,WH-002,Sales Issue,-4,SO-006265
MOV-005565,2025-08-24,PRD-0035,WH-001,Sales Issue,-2,SO-006266
MOV-005566,2026-09-08,PRD-0061,WH-003,Sales Issue,-11,SO-006267
MOV-005567,2025-01-16,PRD-0373,WH-002,Sales Issue,-17,SO-006268
MOV-005568,2025-05-10,PRD-0484,WH-001,Sales Issue,-4,SO-006269
MOV-005569,2026-05-15,PRD-0209,WH-005,Sales Issue,-30,SO-006270
MOV-005570,2026-04-10,PRD-0209,WH-005,Sales Issue,-9,SO-006273
MOV-005571,2025-09-22,PRD-0053,WH-003,Sales Issue,-15,SO-006274
MOV-005572,2025-11-29,PRD-0108,WH-002,Sales Issue,-29,SO-006275
MOV-005573,2026-01-18,PRD-0328,WH-001,Sales Issue,-14,SO-006277
MOV-005574,2025-06-02,PRD-0071,WH-001,Sales Issue,-23,SO-006279
MOV-005575,2025-05-23,PRD-0146,WH-004,Sales Issue,-7,SO-006280
MOV-005576,2026-05-22,PRD-0042,WH-004,Sales Issue,-28,SO-006281
MOV-005577,2024-11-07,PRD-0117,WH-004,Sales Issue,-26,SO-006282
MOV-005578,2025-06-23,PRD-0494,WH-001,Sales Issue,-14,SO-006283
MOV-005579,2025-12-17,PRD-0353,WH-005,Sales Issue,-1,SO-006284
MOV-005580,2025-03-28,PRD-0216,WH-005,Sales Issue,-11,SO-006286
MOV-005581,2026-08-03,PRD-0243,WH-003,Sales Issue,-17,SO-006287
MOV-005582,2025-04-03,PRD-0089,WH-002,Sales Issue,-3,SO-006288
MOV-005583,2026-06-21,PRD-0367,WH-005,Sales Issue,-19,SO-006289
MOV-005584,2025-05-27,PRD-0029,WH-005,Sales Issue,-11,SO-006291
MOV-005585,2026-03-11,PRD-0180,WH-005,Sales Issue,-23,SO-006292
MOV-005586,2024-10-11,PRD-0441,WH-005,Sales Issue,-23,SO-006293
MOV-005587,2024-11-26,PRD-0319,WH-005,Sales Issue,-6,SO-006295
MOV-005588,2026-08-15,PRD-0178,WH-001,Sales Issue,-7,SO-006297
MOV-005589,2025-05-23,PRD-0268,WH-004,Sales Issue,-21,SO-006298
MOV-005590,2024-12-23,PRD-0273,WH-002,Sales Issue,-21,SO-006299
MOV-005591,2026-03-06,PRD-0220,WH-001,Sales Issue,-5,SO-006301
MOV-005592,2026-09-13,PRD-0301,WH-003,Sales Issue,-30,SO-006302
MOV-005593,2024-12-28,PRD-0140,WH-005,Sales Issue,-30,SO-006303
MOV-005594,2026-06-13,PRD-0483,WH-002,Sales Issue,-1,SO-006305
MOV-005595,2026-06-12,PRD-0383,WH-004,Sales Issue,-18,SO-006307
MOV-005596,2024-10-01,PRD-0373,WH-002,Sales Issue,-7,SO-006308
MOV-005597,2025-10-23,PRD-0263,WH-001,Sales Issue,-30,SO-006309
MOV-005598,2025-01-04,PRD-0256,WH-002,Sales Issue,-24,SO-006310
MOV-005599,2026-09-13,PRD-0325,WH-005,Sales Issue,-5,SO-006311
MOV-005600,2025-05-17,PRD-0272,WH-001,Sales Issue,-10,SO-006312
MOV-005601,2025-09-29,PRD-0081,WH-004,Sales Issue,-11,SO-006313
MOV-005602,2025-12-30,PRD-0096,WH-004,Sales Issue,-17,SO-006314
MOV-005603,2025-11-03,PRD-0360,WH-002,Sales Issue,-28,SO-006315
MOV-005604,2025-01-30,PRD-0351,WH-002,Sales Issue,-5,SO-006316
MOV-005605,2025-09-06,PRD-0172,WH-004,Sales Issue,-22,SO-006317
MOV-005606,2025-08-05,PRD-0212,WH-005,Sales Issue,-29,SO-006318
MOV-005607,2026-09-12,PRD-0090,WH-001,Sales Issue,-24,SO-006320
MOV-005608,2025-01-14,PRD-0001,WH-003,Sales Issue,-1,SO-006321
MOV-005609,2025-05-14,PRD-0241,WH-003,Sales Issue,-7,SO-006322
MOV-005610,2025-02-07,PRD-0201,WH-001,Sales Issue,-5,SO-006324
MOV-005611,2025-05-07,PRD-0356,WH-001,Sales Issue,-30,SO-006325
MOV-005612,2026-01-01,PRD-0098,WH-001,Sales Issue,-9,SO-006326
MOV-005613,2026-09-14,PRD-0278,WH-003,Sales Issue,-23,SO-006327
MOV-005614,2026-01-16,PRD-0212,WH-005,Sales Issue,-6,SO-006328
MOV-005615,2026-01-09,PRD-0439,WH-004,Sales Issue,-11,SO-006329
MOV-005616,2025-12-24,PRD-0212,WH-005,Sales Issue,-27,SO-006330
MOV-005617,2026-03-21,PRD-0250,WH-004,Sales Issue,-8,SO-006331
MOV-005618,2026-03-10,PRD-0189,WH-003,Sales Issue,-9,SO-006332
MOV-005619,2025-05-24,PRD-0241,WH-003,Sales Issue,-23,SO-006333
MOV-005620,2025-06-09,PRD-0181,WH-003,Sales Issue,-30,SO-006334
MOV-005621,2025-03-27,PRD-0301,WH-003,Sales Issue,-19,SO-006336
MOV-005622,2026-02-16,PRD-0025,WH-002,Sales Issue,-21,SO-006337
MOV-005623,2025-08-30,PRD-0228,WH-002,Sales Issue,-27,SO-006338
MOV-005624,2025-06-18,PRD-0132,WH-003,Sales Issue,-19,SO-006341
MOV-005625,2025-09-28,PRD-0375,WH-005,Sales Issue,-4,SO-006342
MOV-005626,2026-05-22,PRD-0305,WH-002,Sales Issue,-1,SO-006343
MOV-005627,2026-02-20,PRD-0158,WH-002,Sales Issue,-3,SO-006345
MOV-005628,2025-05-06,PRD-0327,WH-005,Sales Issue,-23,SO-006346
MOV-005629,2025-08-02,PRD-0265,WH-004,Sales Issue,-15,SO-006347
MOV-005630,2026-09-09,PRD-0345,WH-003,Sales Issue,-10,SO-006348
MOV-005631,2025-11-26,PRD-0111,WH-003,Sales Issue,-3,SO-006349
MOV-005632,2025-03-07,PRD-0077,WH-002,Sales Issue,-23,SO-006350
MOV-005633,2026-06-11,PRD-0037,WH-002,Sales Issue,-26,SO-006351
MOV-005634,2024-10-09,PRD-0291,WH-005,Sales Issue,-20,SO-006352
MOV-005635,2025-07-23,PRD-0087,WH-003,Sales Issue,-5,SO-006353
MOV-005636,2024-11-11,PRD-0376,WH-005,Sales Issue,-13,SO-006354
MOV-005637,2025-12-22,PRD-0167,WH-002,Sales Issue,-29,SO-006355
MOV-005638,2026-01-16,PRD-0447,WH-005,Sales Issue,-11,SO-006356
MOV-005639,2026-07-03,PRD-0471,WH-005,Sales Issue,-1,SO-006357
MOV-005640,2024-12-21,PRD-0431,WH-002,Sales Issue,-29,SO-006358
MOV-005641,2025-12-27,PRD-0064,WH-005,Sales Issue,-12,SO-006359
MOV-005642,2025-06-24,PRD-0163,WH-004,Sales Issue,-18,SO-006363
MOV-005643,2026-01-14,PRD-0258,WH-003,Sales Issue,-1,SO-006364
MOV-005644,2024-12-23,PRD-0182,WH-001,Sales Issue,-6,SO-006365
MOV-005645,2026-09-14,PRD-0189,WH-003,Sales Issue,-5,SO-006366
MOV-005646,2026-05-02,PRD-0071,WH-001,Sales Issue,-18,SO-006367
MOV-005647,2026-07-29,PRD-0457,WH-004,Sales Issue,-5,SO-006370
MOV-005648,2026-06-04,PRD-0342,WH-001,Sales Issue,-16,SO-006371
MOV-005649,2025-03-29,PRD-0138,WH-002,Sales Issue,-19,SO-006373
MOV-005650,2026-03-09,PRD-0454,WH-005,Sales Issue,-28,SO-006374
MOV-005651,2025-04-25,PRD-0286,WH-002,Sales Issue,-2,SO-006375
MOV-005652,2025-03-12,PRD-0388,WH-002,Sales Issue,-3,SO-006376
MOV-005653,2025-09-02,PRD-0278,WH-003,Sales Issue,-2,SO-006377
MOV-005654,2026-02-19,PRD-0209,WH-005,Sales Issue,-10,SO-006378
MOV-005655,2025-11-05,PRD-0398,WH-003,Sales Issue,-24,SO-006379
MOV-005656,2025-05-27,PRD-0410,WH-002,Sales Issue,-6,SO-006381
MOV-005657,2025-09-24,PRD-0229,WH-002,Sales Issue,-27,SO-006382
MOV-005658,2025-09-19,PRD-0452,WH-005,Sales Issue,-5,SO-006383
MOV-005659,2026-01-14,PRD-0132,WH-003,Sales Issue,-15,SO-006385
MOV-005660,2026-08-10,PRD-0331,WH-004,Sales Issue,-2,SO-006386
MOV-005661,2025-12-18,PRD-0313,WH-004,Sales Issue,-6,SO-006387
MOV-005662,2026-03-19,PRD-0266,WH-002,Sales Issue,-22,SO-006388
MOV-005663,2025-11-15,PRD-0491,WH-004,Sales Issue,-6,SO-006392
MOV-005664,2026-05-12,PRD-0309,WH-003,Sales Issue,-6,SO-006393
MOV-005665,2025-06-04,PRD-0381,WH-001,Sales Issue,-4,SO-006394
MOV-005666,2025-12-27,PRD-0437,WH-003,Sales Issue,-25,SO-006395
MOV-005667,2025-03-10,PRD-0088,WH-003,Sales Issue,-19,SO-006396
MOV-005668,2026-01-23,PRD-0295,WH-004,Sales Issue,-25,SO-006397
MOV-005669,2024-10-31,PRD-0104,WH-002,Sales Issue,-1,SO-006398
MOV-005670,2026-04-28,PRD-0474,WH-004,Sales Issue,-8,SO-006399
MOV-005671,2025-05-12,PRD-0158,WH-002,Sales Issue,-11,SO-006402
MOV-005672,2025-01-20,PRD-0498,WH-003,Sales Issue,-20,SO-006403
MOV-005673,2025-09-30,PRD-0139,WH-005,Sales Issue,-29,SO-006404
MOV-005674,2026-06-04,PRD-0172,WH-004,Sales Issue,-5,SO-006405
MOV-005675,2025-06-05,PRD-0014,WH-003,Sales Issue,-2,SO-006406
MOV-005676,2025-12-26,PRD-0367,WH-005,Sales Issue,-19,SO-006407
MOV-005677,2025-05-25,PRD-0220,WH-001,Sales Issue,-20,SO-006408
MOV-005678,2026-07-30,PRD-0004,WH-002,Sales Issue,-19,SO-006409
MOV-005679,2026-04-30,PRD-0265,WH-004,Sales Issue,-19,SO-006410
MOV-005680,2026-06-19,PRD-0133,WH-005,Sales Issue,-27,SO-006411
MOV-005681,2026-06-10,PRD-0418,WH-003,Sales Issue,-4,SO-006412
MOV-005682,2025-11-15,PRD-0304,WH-003,Sales Issue,-14,SO-006414
MOV-005683,2025-01-07,PRD-0417,WH-003,Sales Issue,-28,SO-006415
MOV-005684,2026-08-05,PRD-0125,WH-005,Sales Issue,-1,SO-006416
MOV-005685,2026-03-17,PRD-0003,WH-001,Sales Issue,-18,SO-006417
MOV-005686,2025-01-07,PRD-0109,WH-001,Sales Issue,-19,SO-006418
MOV-005687,2025-06-06,PRD-0293,WH-004,Sales Issue,-30,SO-006419
MOV-005688,2025-08-27,PRD-0496,WH-003,Sales Issue,-16,SO-006420
MOV-005689,2026-06-29,PRD-0490,WH-005,Sales Issue,-12,SO-006421
MOV-005690,2026-06-09,PRD-0406,WH-005,Sales Issue,-11,SO-006422
MOV-005691,2026-06-28,PRD-0012,WH-005,Sales Issue,-11,SO-006423
MOV-005692,2026-09-26,PRD-0392,WH-003,Sales Issue,-22,SO-006424
MOV-005693,2025-07-13,PRD-0325,WH-005,Sales Issue,-19,SO-006425
MOV-005694,2026-01-09,PRD-0380,WH-003,Sales Issue,-18,SO-006426
MOV-005695,2025-11-13,PRD-0252,WH-001,Sales Issue,-30,SO-006427
MOV-005696,2025-04-24,PRD-0334,WH-004,Sales Issue,-23,SO-006428
MOV-005697,2026-02-02,PRD-0472,WH-001,Sales Issue,-3,SO-006429
MOV-005698,2026-03-31,PRD-0173,WH-004,Sales Issue,-19,SO-006430
MOV-005699,2026-07-12,PRD-0168,WH-003,Sales Issue,-28,SO-006431
MOV-005700,2026-05-04,PRD-0443,WH-001,Sales Issue,-17,SO-006435
MOV-005701,2025-11-23,PRD-0191,WH-004,Sales Issue,-16,SO-006436
MOV-005702,2025-05-25,PRD-0257,WH-003,Sales Issue,-12,SO-006437
MOV-005703,2025-01-23,PRD-0200,WH-001,Sales Issue,-5,SO-006438
MOV-005704,2024-11-24,PRD-0288,WH-004,Sales Issue,-4,SO-006440
MOV-005705,2025-08-18,PRD-0081,WH-004,Sales Issue,-7,SO-006441
MOV-005706,2025-04-13,PRD-0470,WH-004,Sales Issue,-25,SO-006442
MOV-005707,2025-01-13,PRD-0337,WH-001,Sales Issue,-12,SO-006443
MOV-005708,2025-05-29,PRD-0154,WH-002,Sales Issue,-17,SO-006444
MOV-005709,2025-09-11,PRD-0368,WH-004,Sales Issue,-5,SO-006445
MOV-005710,2025-08-05,PRD-0089,WH-002,Sales Issue,-9,SO-006446
MOV-005711,2025-12-11,PRD-0445,WH-001,Sales Issue,-1,SO-006447
MOV-005712,2026-06-16,PRD-0397,WH-004,Sales Issue,-26,SO-006448
MOV-005713,2026-07-02,PRD-0273,WH-002,Sales Issue,-14,SO-006450
MOV-005714,2025-11-30,PRD-0110,WH-005,Sales Issue,-11,SO-006452
MOV-005715,2026-01-31,PRD-0140,WH-005,Sales Issue,-9,SO-006453
MOV-005716,2025-07-08,PRD-0021,WH-005,Sales Issue,-6,SO-006454
MOV-005717,2026-06-30,PRD-0179,WH-003,Sales Issue,-27,SO-006455
MOV-005718,2026-07-08,PRD-0081,WH-004,Sales Issue,-24,SO-006456
MOV-005719,2026-01-28,PRD-0133,WH-005,Sales Issue,-19,SO-006457
MOV-005720,2026-05-01,PRD-0328,WH-001,Sales Issue,-30,SO-006458
MOV-005721,2025-07-20,PRD-0141,WH-001,Sales Issue,-23,SO-006460
MOV-005722,2026-09-11,PRD-0042,WH-004,Sales Issue,-5,SO-006462
MOV-005723,2025-10-05,PRD-0446,WH-001,Sales Issue,-7,SO-006463
MOV-005724,2025-12-22,PRD-0132,WH-003,Sales Issue,-9,SO-006464
MOV-005725,2025-02-20,PRD-0205,WH-002,Sales Issue,-16,SO-006465
MOV-005726,2026-09-13,PRD-0433,WH-004,Sales Issue,-29,SO-006466
MOV-005727,2025-05-29,PRD-0239,WH-003,Sales Issue,-7,SO-006467
MOV-005728,2025-01-23,PRD-0373,WH-002,Sales Issue,-29,SO-006469
MOV-005729,2025-08-09,PRD-0115,WH-004,Sales Issue,-11,SO-006470
MOV-005730,2026-09-07,PRD-0462,WH-003,Sales Issue,-28,SO-006471
MOV-005731,2025-01-11,PRD-0442,WH-001,Sales Issue,-30,SO-006472
MOV-005732,2025-01-21,PRD-0408,WH-002,Sales Issue,-14,SO-006474
MOV-005733,2025-05-10,PRD-0430,WH-002,Sales Issue,-29,SO-006475
MOV-005734,2025-04-15,PRD-0014,WH-003,Sales Issue,-18,SO-006477
MOV-005735,2025-11-11,PRD-0114,WH-001,Sales Issue,-24,SO-006478
MOV-005736,2026-08-04,PRD-0159,WH-005,Sales Issue,-8,SO-006479
MOV-005737,2025-04-12,PRD-0176,WH-002,Sales Issue,-18,SO-006480
MOV-005738,2025-11-09,PRD-0421,WH-004,Sales Issue,-4,SO-006481
MOV-005739,2025-12-04,PRD-0304,WH-003,Sales Issue,-22,SO-006482
MOV-005740,2024-10-07,PRD-0303,WH-005,Sales Issue,-7,SO-006483
MOV-005741,2025-11-09,PRD-0257,WH-003,Sales Issue,-14,SO-006484
MOV-005742,2025-06-28,PRD-0019,WH-004,Sales Issue,-6,SO-006485
MOV-005743,2026-01-02,PRD-0255,WH-004,Sales Issue,-12,SO-006486
MOV-005744,2026-09-02,PRD-0477,WH-001,Sales Issue,-15,SO-006487
MOV-005745,2026-07-30,PRD-0074,WH-001,Sales Issue,-11,SO-006488
MOV-005746,2025-03-18,PRD-0440,WH-005,Sales Issue,-22,SO-006489
MOV-005747,2025-12-04,PRD-0399,WH-003,Sales Issue,-20,SO-006490
MOV-005748,2025-11-27,PRD-0476,WH-001,Sales Issue,-29,SO-006491
MOV-005749,2025-11-08,PRD-0208,WH-005,Sales Issue,-24,SO-006493
MOV-005750,2025-07-29,PRD-0068,WH-004,Sales Issue,-8,SO-006494
MOV-005751,2026-04-19,PRD-0103,WH-003,Sales Issue,-24,SO-006495
MOV-005752,2025-01-01,PRD-0353,WH-005,Sales Issue,-4,SO-006496
MOV-005753,2025-09-11,PRD-0301,WH-003,Sales Issue,-26,SO-006497
MOV-005754,2024-10-08,PRD-0070,WH-003,Sales Issue,-14,SO-006498
MOV-005755,2026-03-11,PRD-0491,WH-004,Sales Issue,-2,SO-006499
MOV-005756,2025-04-22,PRD-0105,WH-003,Sales Issue,-14,SO-006500
MOV-005757,2025-03-06,PRD-0367,WH-005,Sales Issue,-6,SO-006501
MOV-005758,2026-06-23,PRD-0279,WH-001,Sales Issue,-17,SO-006502
MOV-005759,2024-12-14,PRD-0456,WH-001,Sales Issue,-27,SO-006505
MOV-005760,2025-08-26,PRD-0182,WH-001,Sales Issue,-4,SO-006506
MOV-005761,2025-06-24,PRD-0462,WH-003,Sales Issue,-10,SO-006507
MOV-005762,2025-01-25,PRD-0349,WH-004,Sales Issue,-6,SO-006508
MOV-005763,2025-01-21,PRD-0418,WH-003,Sales Issue,-30,SO-006510
MOV-005764,2024-10-16,PRD-0285,WH-004,Sales Issue,-22,SO-006511
MOV-005765,2026-08-03,PRD-0142,WH-001,Sales Issue,-2,SO-006512
MOV-005766,2025-10-12,PRD-0370,WH-004,Sales Issue,-19,SO-006513
MOV-005767,2025-01-15,PRD-0161,WH-002,Sales Issue,-14,SO-006514
MOV-005768,2026-02-15,PRD-0221,WH-004,Sales Issue,-17,SO-006516
MOV-005769,2026-07-06,PRD-0495,WH-002,Sales Issue,-21,SO-006517
MOV-005770,2025-01-04,PRD-0196,WH-003,Sales Issue,-5,SO-006518
MOV-005771,2026-06-12,PRD-0029,WH-005,Sales Issue,-13,SO-006519
MOV-005772,2026-01-15,PRD-0331,WH-004,Sales Issue,-19,SO-006520
MOV-005773,2026-09-11,PRD-0490,WH-005,Sales Issue,-20,SO-006521
MOV-005774,2026-08-17,PRD-0260,WH-002,Sales Issue,-6,SO-006522
MOV-005775,2025-11-30,PRD-0157,WH-003,Sales Issue,-15,SO-006523
MOV-005776,2025-09-21,PRD-0314,WH-004,Sales Issue,-21,SO-006524
MOV-005777,2026-01-14,PRD-0272,WH-001,Sales Issue,-19,SO-006525
MOV-005778,2025-04-21,PRD-0378,WH-002,Sales Issue,-24,SO-006527
MOV-005779,2026-07-18,PRD-0142,WH-001,Sales Issue,-17,SO-006528
MOV-005780,2026-04-28,PRD-0397,WH-004,Sales Issue,-7,SO-006529
MOV-005781,2024-10-15,PRD-0279,WH-001,Sales Issue,-11,SO-006530
MOV-005782,2025-06-08,PRD-0276,WH-001,Sales Issue,-6,SO-006531
MOV-005783,2025-07-17,PRD-0253,WH-001,Sales Issue,-26,SO-006532
MOV-005784,2026-06-04,PRD-0055,WH-001,Sales Issue,-19,SO-006533
MOV-005785,2025-04-18,PRD-0227,WH-003,Sales Issue,-15,SO-006534
MOV-005786,2025-02-20,PRD-0091,WH-004,Sales Issue,-9,SO-006535
MOV-005787,2025-12-15,PRD-0230,WH-005,Sales Issue,-27,SO-006536
MOV-005788,2025-02-07,PRD-0456,WH-001,Sales Issue,-21,SO-006537
MOV-005789,2026-06-26,PRD-0264,WH-004,Sales Issue,-11,SO-006539
MOV-005790,2026-07-16,PRD-0125,WH-005,Sales Issue,-25,SO-006540
MOV-005791,2026-07-18,PRD-0370,WH-004,Sales Issue,-4,SO-006543
MOV-005792,2025-05-08,PRD-0285,WH-004,Sales Issue,-5,SO-006545
MOV-005793,2025-03-10,PRD-0079,WH-001,Sales Issue,-8,SO-006546
MOV-005794,2025-03-23,PRD-0101,WH-003,Sales Issue,-21,SO-006547
MOV-005795,2025-06-11,PRD-0162,WH-001,Sales Issue,-20,SO-006548
MOV-005796,2026-03-10,PRD-0286,WH-002,Sales Issue,-2,SO-006549
MOV-005797,2025-01-22,PRD-0086,WH-002,Sales Issue,-5,SO-006553
MOV-005798,2025-02-10,PRD-0026,WH-004,Sales Issue,-20,SO-006554
MOV-005799,2026-09-12,PRD-0032,WH-004,Sales Issue,-24,SO-006555
MOV-005800,2026-06-14,PRD-0325,WH-005,Sales Issue,-14,SO-006556
MOV-005801,2025-02-15,PRD-0298,WH-002,Sales Issue,-24,SO-006557
MOV-005802,2024-12-05,PRD-0037,WH-002,Sales Issue,-5,SO-006559
MOV-005803,2026-05-24,PRD-0092,WH-004,Sales Issue,-22,SO-006560
MOV-005804,2025-04-05,PRD-0319,WH-005,Sales Issue,-6,SO-006562
MOV-005805,2025-05-23,PRD-0391,WH-002,Sales Issue,-25,SO-006563
MOV-005806,2024-11-03,PRD-0210,WH-005,Sales Issue,-11,SO-006564
MOV-005807,2026-05-01,PRD-0311,WH-005,Sales Issue,-22,SO-006565
MOV-005808,2025-08-30,PRD-0308,WH-004,Sales Issue,-22,SO-006566
MOV-005809,2024-11-12,PRD-0355,WH-002,Sales Issue,-21,SO-006567
MOV-005810,2025-05-27,PRD-0490,WH-005,Sales Issue,-5,SO-006568
MOV-005811,2026-04-19,PRD-0457,WH-004,Sales Issue,-22,SO-006569
MOV-005812,2025-01-12,PRD-0406,WH-005,Sales Issue,-8,SO-006570
MOV-005813,2026-03-21,PRD-0321,WH-001,Sales Issue,-22,SO-006571
MOV-005814,2024-12-29,PRD-0267,WH-005,Sales Issue,-6,SO-006572
MOV-005815,2026-07-11,PRD-0361,WH-003,Sales Issue,-28,SO-006573
MOV-005816,2026-04-09,PRD-0341,WH-004,Sales Issue,-3,SO-006575
MOV-005817,2026-01-11,PRD-0073,WH-003,Sales Issue,-23,SO-006576
MOV-005818,2025-10-12,PRD-0022,WH-002,Sales Issue,-2,SO-006577
MOV-005819,2025-05-12,PRD-0254,WH-004,Sales Issue,-8,SO-006578
MOV-005820,2024-11-06,PRD-0213,WH-004,Sales Issue,-24,SO-006579
MOV-005821,2025-03-08,PRD-0247,WH-003,Sales Issue,-7,SO-006580
MOV-005822,2026-04-11,PRD-0434,WH-003,Sales Issue,-1,SO-006581
MOV-005823,2026-08-20,PRD-0342,WH-001,Sales Issue,-23,SO-006582
MOV-005824,2026-05-15,PRD-0331,WH-004,Sales Issue,-5,SO-006583
MOV-005825,2025-02-22,PRD-0495,WH-002,Sales Issue,-5,SO-006585
MOV-005826,2026-02-15,PRD-0038,WH-005,Sales Issue,-11,SO-006586
MOV-005827,2025-03-07,PRD-0490,WH-005,Sales Issue,-18,SO-006587
MOV-005828,2025-12-29,PRD-0474,WH-004,Sales Issue,-28,SO-006588
MOV-005829,2026-05-30,PRD-0094,WH-003,Sales Issue,-30,SO-006589
MOV-005830,2025-12-23,PRD-0453,WH-001,Sales Issue,-2,SO-006590
MOV-005831,2025-02-16,PRD-0441,WH-005,Sales Issue,-1,SO-006591
MOV-005832,2026-02-03,PRD-0204,WH-002,Sales Issue,-22,SO-006592
MOV-005833,2026-01-03,PRD-0278,WH-003,Sales Issue,-19,SO-006593
MOV-005834,2026-09-14,PRD-0062,WH-004,Sales Issue,-27,SO-006594
MOV-005835,2025-02-22,PRD-0171,WH-005,Sales Issue,-26,SO-006595
MOV-005836,2026-09-28,PRD-0321,WH-001,Sales Issue,-8,SO-006598
MOV-005837,2026-06-07,PRD-0267,WH-005,Sales Issue,-2,SO-006599
MOV-005838,2024-12-05,PRD-0413,WH-004,Sales Issue,-4,SO-006600
MOV-005839,2025-10-27,PRD-0070,WH-003,Sales Issue,-1,SO-006601
MOV-005840,2024-12-26,PRD-0137,WH-002,Sales Issue,-23,SO-006602
MOV-005841,2025-05-14,PRD-0361,WH-003,Sales Issue,-18,SO-006603
MOV-005842,2025-01-08,PRD-0368,WH-004,Sales Issue,-20,SO-006604
MOV-005843,2026-04-24,PRD-0469,WH-001,Sales Issue,-11,SO-006605
MOV-005844,2025-09-30,PRD-0286,WH-002,Sales Issue,-22,SO-006606
MOV-005845,2026-01-28,PRD-0061,WH-003,Sales Issue,-29,SO-006607
MOV-005846,2025-06-01,PRD-0498,WH-003,Sales Issue,-11,SO-006608
MOV-005847,2026-01-30,PRD-0103,WH-003,Sales Issue,-2,SO-006609
MOV-005848,2026-05-01,PRD-0500,WH-003,Sales Issue,-30,SO-006610
MOV-005849,2026-05-02,PRD-0357,WH-004,Sales Issue,-16,SO-006611
MOV-005850,2025-07-21,PRD-0378,WH-002,Sales Issue,-30,SO-006612
MOV-005851,2024-11-11,PRD-0124,WH-002,Sales Issue,-1,SO-006613
MOV-005852,2025-11-02,PRD-0318,WH-005,Sales Issue,-2,SO-006614
MOV-005853,2025-07-16,PRD-0485,WH-005,Sales Issue,-1,SO-006615
MOV-005854,2026-08-21,PRD-0366,WH-001,Sales Issue,-15,SO-006616
MOV-005855,2025-08-01,PRD-0421,WH-004,Sales Issue,-3,SO-006617
MOV-005856,2025-12-31,PRD-0319,WH-005,Sales Issue,-18,SO-006618
MOV-005857,2025-03-31,PRD-0259,WH-001,Sales Issue,-17,SO-006620
MOV-005858,2026-04-05,PRD-0485,WH-005,Sales Issue,-5,SO-006621
MOV-005859,2025-09-03,PRD-0209,WH-005,Sales Issue,-14,SO-006622
MOV-005860,2026-03-25,PRD-0208,WH-005,Sales Issue,-4,SO-006623
MOV-005861,2025-10-12,PRD-0444,WH-002,Sales Issue,-3,SO-006625
MOV-005862,2025-11-13,PRD-0312,WH-002,Sales Issue,-16,SO-006626
MOV-005863,2025-01-08,PRD-0037,WH-002,Sales Issue,-24,SO-006628
MOV-005864,2025-07-14,PRD-0474,WH-004,Sales Issue,-3,SO-006629
MOV-005865,2026-04-18,PRD-0083,WH-004,Sales Issue,-10,SO-006630
MOV-005866,2025-11-16,PRD-0311,WH-005,Sales Issue,-23,SO-006631
MOV-005867,2026-01-15,PRD-0339,WH-002,Sales Issue,-16,SO-006632
MOV-005868,2024-12-04,PRD-0377,WH-002,Sales Issue,-2,SO-006633
MOV-005869,2026-02-23,PRD-0443,WH-001,Sales Issue,-16,SO-006635
MOV-005870,2026-07-21,PRD-0164,WH-002,Sales Issue,-20,SO-006636
MOV-005871,2026-03-23,PRD-0055,WH-001,Sales Issue,-11,SO-006637
MOV-005872,2026-09-07,PRD-0250,WH-004,Sales Issue,-2,SO-006638
MOV-005873,2024-11-10,PRD-0051,WH-003,Sales Issue,-30,SO-006639
MOV-005874,2025-12-10,PRD-0190,WH-003,Sales Issue,-11,SO-006640
MOV-005875,2026-07-08,PRD-0313,WH-004,Sales Issue,-4,SO-006641
MOV-005876,2025-11-18,PRD-0055,WH-001,Sales Issue,-13,SO-006642
MOV-005877,2026-01-16,PRD-0181,WH-003,Sales Issue,-7,SO-006643
MOV-005878,2025-06-04,PRD-0265,WH-004,Sales Issue,-19,SO-006644
MOV-005879,2026-07-02,PRD-0360,WH-002,Sales Issue,-21,SO-006645
MOV-005880,2025-07-01,PRD-0311,WH-005,Sales Issue,-7,SO-006646
MOV-005881,2026-01-02,PRD-0045,WH-001,Sales Issue,-29,SO-006647
MOV-005882,2025-12-26,PRD-0319,WH-005,Sales Issue,-19,SO-006648
MOV-005883,2025-08-03,PRD-0102,WH-005,Sales Issue,-5,SO-006650
MOV-005884,2026-02-05,PRD-0478,WH-002,Sales Issue,-17,SO-006651
MOV-005885,2026-04-09,PRD-0143,WH-003,Sales Issue,-7,SO-006652
MOV-005886,2025-09-20,PRD-0142,WH-001,Sales Issue,-14,SO-006653
MOV-005887,2025-04-29,PRD-0038,WH-005,Sales Issue,-25,SO-006654
MOV-005888,2025-05-03,PRD-0479,WH-004,Sales Issue,-1,SO-006655
MOV-005889,2026-03-29,PRD-0445,WH-001,Sales Issue,-6,SO-006656
MOV-005890,2025-06-30,PRD-0188,WH-005,Sales Issue,-1,SO-006657
MOV-005891,2025-03-27,PRD-0052,WH-002,Sales Issue,-29,SO-006658
MOV-005892,2025-11-29,PRD-0444,WH-002,Sales Issue,-27,SO-006659
MOV-005893,2024-11-07,PRD-0032,WH-004,Sales Issue,-5,SO-006660
MOV-005894,2026-05-23,PRD-0113,WH-005,Sales Issue,-4,SO-006661
MOV-005895,2026-07-23,PRD-0248,WH-001,Sales Issue,-12,SO-006662
MOV-005896,2024-11-16,PRD-0078,WH-001,Sales Issue,-5,SO-006663
MOV-005897,2025-07-14,PRD-0323,WH-005,Sales Issue,-17,SO-006665
MOV-005898,2026-01-02,PRD-0324,WH-002,Sales Issue,-13,SO-006666
MOV-005899,2025-08-06,PRD-0172,WH-004,Sales Issue,-16,SO-006667
MOV-005900,2025-07-27,PRD-0213,WH-004,Sales Issue,-2,SO-006669
MOV-005901,2025-10-22,PRD-0142,WH-001,Sales Issue,-26,SO-006670
MOV-005902,2026-01-11,PRD-0334,WH-004,Sales Issue,-6,SO-006671
MOV-005903,2024-11-03,PRD-0417,WH-003,Sales Issue,-16,SO-006672
MOV-005904,2026-05-09,PRD-0345,WH-003,Sales Issue,-28,SO-006673
MOV-005905,2025-09-22,PRD-0404,WH-005,Sales Issue,-14,SO-006674
MOV-005906,2026-03-20,PRD-0349,WH-004,Sales Issue,-23,SO-006675
MOV-005907,2026-03-12,PRD-0121,WH-005,Sales Issue,-1,SO-006676
MOV-005908,2026-03-29,PRD-0469,WH-001,Sales Issue,-4,SO-006677
MOV-005909,2025-02-06,PRD-0214,WH-003,Sales Issue,-24,SO-006679
MOV-005910,2025-07-25,PRD-0006,WH-004,Sales Issue,-18,SO-006681
MOV-005911,2024-10-21,PRD-0404,WH-005,Sales Issue,-6,SO-006682
MOV-005912,2026-02-16,PRD-0424,WH-001,Sales Issue,-29,SO-006683
MOV-005913,2025-08-09,PRD-0363,WH-001,Sales Issue,-17,SO-006684
MOV-005914,2025-04-20,PRD-0052,WH-002,Sales Issue,-23,SO-006685
MOV-005915,2026-04-04,PRD-0189,WH-003,Sales Issue,-14,SO-006686
MOV-005916,2026-09-11,PRD-0476,WH-001,Sales Issue,-14,SO-006687
MOV-005917,2025-03-04,PRD-0368,WH-004,Sales Issue,-23,SO-006688
MOV-005918,2026-09-19,PRD-0430,WH-002,Sales Issue,-5,SO-006689
MOV-005919,2025-03-28,PRD-0055,WH-001,Sales Issue,-21,SO-006691
MOV-005920,2026-03-04,PRD-0124,WH-002,Sales Issue,-1,SO-006692
MOV-005921,2025-06-08,PRD-0111,WH-003,Sales Issue,-4,SO-006693
MOV-005922,2026-05-15,PRD-0403,WH-003,Sales Issue,-27,SO-006694
MOV-005923,2025-03-25,PRD-0434,WH-003,Sales Issue,-18,SO-006695
MOV-005924,2026-03-03,PRD-0298,WH-002,Sales Issue,-5,SO-006696
MOV-005925,2025-11-14,PRD-0203,WH-005,Sales Issue,-30,SO-006697
MOV-005926,2025-01-15,PRD-0424,WH-001,Sales Issue,-7,SO-006698
MOV-005927,2025-06-21,PRD-0302,WH-003,Sales Issue,-6,SO-006699
MOV-005928,2025-09-13,PRD-0261,WH-001,Sales Issue,-2,SO-006701
MOV-005929,2025-06-16,PRD-0159,WH-005,Sales Issue,-8,SO-006702
MOV-005930,2026-03-11,PRD-0374,WH-003,Sales Issue,-29,SO-006703
MOV-005931,2026-02-16,PRD-0302,WH-003,Sales Issue,-10,SO-006704
MOV-005932,2026-04-29,PRD-0396,WH-005,Sales Issue,-15,SO-006705
MOV-005933,2024-12-10,PRD-0270,WH-003,Sales Issue,-16,SO-006706
MOV-005934,2024-11-26,PRD-0169,WH-003,Sales Issue,-6,SO-006708
MOV-005935,2025-09-19,PRD-0305,WH-002,Sales Issue,-17,SO-006709
MOV-005936,2025-12-11,PRD-0354,WH-005,Sales Issue,-23,SO-006710
MOV-005937,2025-09-03,PRD-0339,WH-002,Sales Issue,-2,SO-006711
MOV-005938,2025-03-13,PRD-0279,WH-001,Sales Issue,-24,SO-006712
MOV-005939,2025-01-29,PRD-0280,WH-005,Sales Issue,-24,SO-006714
MOV-005940,2026-07-22,PRD-0408,WH-002,Sales Issue,-8,SO-006715
MOV-005941,2025-01-26,PRD-0500,WH-003,Sales Issue,-19,SO-006716
MOV-005942,2026-02-25,PRD-0021,WH-005,Sales Issue,-4,SO-006717
MOV-005943,2025-07-24,PRD-0379,WH-002,Sales Issue,-8,SO-006718
MOV-005944,2025-12-12,PRD-0113,WH-005,Sales Issue,-30,SO-006719
MOV-005945,2026-07-25,PRD-0276,WH-001,Sales Issue,-22,SO-006720
MOV-005946,2025-01-12,PRD-0129,WH-003,Sales Issue,-27,SO-006721
MOV-005947,2026-03-06,PRD-0499,WH-004,Sales Issue,-15,SO-006722
MOV-005948,2026-06-15,PRD-0026,WH-004,Sales Issue,-27,SO-006723
MOV-005949,2026-07-27,PRD-0195,WH-004,Sales Issue,-27,SO-006724
MOV-005950,2026-09-29,PRD-0296,WH-002,Sales Issue,-3,SO-006725
MOV-005951,2025-10-11,PRD-0123,WH-005,Sales Issue,-23,SO-006726
MOV-005952,2025-05-24,PRD-0481,WH-003,Sales Issue,-26,SO-006727
MOV-005953,2026-07-26,PRD-0352,WH-001,Sales Issue,-14,SO-006728
MOV-005954,2025-01-01,PRD-0053,WH-003,Sales Issue,-23,SO-006729
MOV-005955,2026-05-30,PRD-0027,WH-001,Sales Issue,-5,SO-006730
MOV-005956,2026-08-02,PRD-0077,WH-002,Sales Issue,-9,SO-006731
MOV-005957,2025-05-11,PRD-0165,WH-001,Sales Issue,-16,SO-006732
MOV-005958,2025-09-10,PRD-0006,WH-004,Sales Issue,-28,SO-006733
MOV-005959,2025-05-30,PRD-0102,WH-005,Sales Issue,-6,SO-006734
MOV-005960,2024-12-10,PRD-0139,WH-005,Sales Issue,-30,SO-006735
MOV-005961,2026-07-11,PRD-0281,WH-003,Sales Issue,-28,SO-006736
MOV-005962,2026-05-03,PRD-0059,WH-004,Sales Issue,-20,SO-006738
MOV-005963,2025-08-29,PRD-0252,WH-001,Sales Issue,-25,SO-006739
MOV-005964,2025-03-17,PRD-0046,WH-002,Sales Issue,-8,SO-006740
MOV-005965,2026-07-05,PRD-0346,WH-002,Sales Issue,-7,SO-006741
MOV-005966,2025-05-11,PRD-0237,WH-005,Sales Issue,-6,SO-006743
MOV-005967,2025-06-09,PRD-0090,WH-001,Sales Issue,-17,SO-006744
MOV-005968,2025-01-18,PRD-0276,WH-001,Sales Issue,-14,SO-006745
MOV-005969,2026-02-24,PRD-0104,WH-002,Sales Issue,-24,SO-006746
MOV-005970,2025-07-24,PRD-0199,WH-004,Sales Issue,-5,SO-006747
MOV-005971,2026-04-05,PRD-0217,WH-001,Sales Issue,-30,SO-006748
MOV-005972,2026-09-06,PRD-0371,WH-002,Sales Issue,-11,SO-006749
MOV-005973,2026-05-27,PRD-0185,WH-004,Sales Issue,-4,SO-006750
MOV-005974,2025-03-20,PRD-0329,WH-005,Sales Issue,-12,SO-006752
MOV-005975,2026-03-31,PRD-0243,WH-003,Sales Issue,-27,SO-006754
MOV-005976,2026-01-07,PRD-0386,WH-005,Sales Issue,-16,SO-006755
MOV-005977,2025-05-14,PRD-0419,WH-005,Sales Issue,-15,SO-006756
MOV-005978,2026-03-05,PRD-0370,WH-004,Sales Issue,-24,SO-006757
MOV-005979,2026-06-12,PRD-0007,WH-004,Sales Issue,-16,SO-006759
MOV-005980,2026-07-15,PRD-0010,WH-003,Sales Issue,-1,SO-006760
MOV-005981,2026-05-04,PRD-0372,WH-002,Sales Issue,-4,SO-006761
MOV-005982,2025-11-25,PRD-0029,WH-005,Sales Issue,-29,SO-006762
MOV-005983,2025-07-29,PRD-0485,WH-005,Sales Issue,-27,SO-006763
MOV-005984,2025-11-14,PRD-0361,WH-003,Sales Issue,-24,SO-006764
MOV-005985,2026-02-07,PRD-0032,WH-004,Sales Issue,-12,SO-006765
MOV-005986,2026-06-25,PRD-0466,WH-005,Sales Issue,-14,SO-006766
MOV-005987,2026-08-22,PRD-0280,WH-005,Sales Issue,-3,SO-006767
MOV-005988,2026-04-13,PRD-0421,WH-004,Sales Issue,-25,SO-006768
MOV-005989,2026-02-25,PRD-0463,WH-003,Sales Issue,-15,SO-006769
MOV-005990,2025-05-11,PRD-0431,WH-002,Sales Issue,-16,SO-006770
MOV-005991,2026-04-30,PRD-0411,WH-001,Sales Issue,-11,SO-006771
MOV-005992,2026-09-28,PRD-0324,WH-002,Sales Issue,-30,SO-006772
MOV-005993,2025-10-05,PRD-0420,WH-004,Sales Issue,-29,SO-006773
MOV-005994,2025-06-06,PRD-0017,WH-004,Sales Issue,-5,SO-006774
MOV-005995,2026-08-08,PRD-0099,WH-002,Sales Issue,-19,SO-006775
MOV-005996,2025-04-01,PRD-0161,WH-002,Sales Issue,-20,SO-006776
MOV-005997,2025-11-03,PRD-0285,WH-004,Sales Issue,-7,SO-006777
MOV-005998,2026-03-04,PRD-0021,WH-005,Sales Issue,-16,SO-006778
MOV-005999,2025-12-12,PRD-0130,WH-003,Sales Issue,-23,SO-006779
MOV-006000,2024-12-11,PRD-0372,WH-002,Sales Issue,-11,SO-006780
MOV-006001,2025-10-03,PRD-0350,WH-001,Sales Issue,-15,SO-006781
MOV-006002,2026-06-04,PRD-0474,WH-004,Sales Issue,-16,SO-006783
MOV-006003,2026-01-10,PRD-0162,WH-001,Sales Issue,-28,SO-006784
MOV-006004,2024-12-17,PRD-0132,WH-003,Sales Issue,-1,SO-006785
MOV-006005,2025-03-25,PRD-0374,WH-003,Sales Issue,-23,SO-006786
MOV-006006,2026-05-07,PRD-0123,WH-005,Sales Issue,-28,SO-006788
MOV-006007,2026-02-14,PRD-0404,WH-005,Sales Issue,-10,SO-006789
MOV-006008,2025-11-24,PRD-0267,WH-005,Sales Issue,-8,SO-006790
MOV-006009,2024-10-16,PRD-0036,WH-001,Sales Issue,-3,SO-006791
MOV-006010,2025-03-27,PRD-0118,WH-001,Sales Issue,-18,SO-006792
MOV-006011,2026-08-17,PRD-0040,WH-003,Sales Issue,-20,SO-006793
MOV-006012,2024-12-04,PRD-0426,WH-001,Sales Issue,-10,SO-006794
MOV-006013,2026-05-10,PRD-0233,WH-005,Sales Issue,-27,SO-006795
MOV-006014,2025-09-13,PRD-0077,WH-002,Sales Issue,-20,SO-006796
MOV-006015,2025-01-17,PRD-0235,WH-004,Sales Issue,-25,SO-006797
MOV-006016,2025-01-08,PRD-0448,WH-003,Sales Issue,-9,SO-006798
MOV-006017,2025-09-18,PRD-0200,WH-001,Sales Issue,-21,SO-006799
MOV-006018,2026-05-23,PRD-0146,WH-004,Sales Issue,-13,SO-006800
MOV-006019,2025-07-21,PRD-0153,WH-004,Sales Issue,-4,SO-006801
MOV-006020,2025-08-17,PRD-0135,WH-005,Sales Issue,-9,SO-006802
MOV-006021,2026-07-25,PRD-0454,WH-005,Sales Issue,-9,SO-006803
MOV-006022,2026-08-06,PRD-0067,WH-003,Sales Issue,-20,SO-006806
MOV-006023,2025-11-13,PRD-0424,WH-001,Sales Issue,-12,SO-006807
MOV-006024,2026-04-27,PRD-0432,WH-005,Sales Issue,-12,SO-006808
MOV-006025,2026-07-22,PRD-0372,WH-002,Sales Issue,-9,SO-006809
MOV-006026,2025-01-21,PRD-0049,WH-005,Sales Issue,-10,SO-006810
MOV-006027,2026-05-06,PRD-0179,WH-003,Sales Issue,-18,SO-006811
MOV-006028,2026-03-23,PRD-0073,WH-003,Sales Issue,-11,SO-006812
MOV-006029,2026-08-27,PRD-0339,WH-002,Sales Issue,-24,SO-006813
MOV-006030,2024-12-06,PRD-0264,WH-004,Sales Issue,-26,SO-006814
MOV-006031,2024-11-28,PRD-0452,WH-005,Sales Issue,-9,SO-006815
MOV-006032,2025-04-06,PRD-0028,WH-003,Sales Issue,-17,SO-006816
MOV-006033,2025-06-05,PRD-0438,WH-002,Sales Issue,-10,SO-006817
MOV-006034,2024-11-09,PRD-0471,WH-005,Sales Issue,-2,SO-006818
MOV-006035,2025-05-08,PRD-0146,WH-004,Sales Issue,-14,SO-006820
MOV-006036,2025-06-26,PRD-0217,WH-001,Sales Issue,-13,SO-006822
MOV-006037,2026-07-02,PRD-0218,WH-003,Sales Issue,-11,SO-006823
MOV-006038,2025-02-02,PRD-0398,WH-003,Sales Issue,-11,SO-006824
MOV-006039,2025-07-05,PRD-0496,WH-003,Sales Issue,-21,SO-006825
MOV-006040,2026-09-27,PRD-0319,WH-005,Sales Issue,-21,SO-006827
MOV-006041,2025-11-21,PRD-0155,WH-005,Sales Issue,-7,SO-006828
MOV-006042,2025-04-25,PRD-0162,WH-001,Sales Issue,-30,SO-006829
MOV-006043,2026-02-17,PRD-0401,WH-001,Sales Issue,-28,SO-006830
MOV-006044,2026-07-09,PRD-0205,WH-002,Sales Issue,-12,SO-006831
MOV-006045,2025-07-07,PRD-0152,WH-004,Sales Issue,-14,SO-006832
MOV-006046,2026-07-04,PRD-0071,WH-001,Sales Issue,-17,SO-006833
MOV-006047,2026-08-10,PRD-0032,WH-004,Sales Issue,-27,SO-006834
MOV-006048,2026-01-21,PRD-0148,WH-004,Sales Issue,-20,SO-006835
MOV-006049,2026-07-03,PRD-0425,WH-002,Sales Issue,-3,SO-006836
MOV-006050,2026-04-22,PRD-0018,WH-001,Sales Issue,-22,SO-006837
MOV-006051,2026-05-05,PRD-0374,WH-003,Sales Issue,-5,SO-006838
MOV-006052,2025-03-02,PRD-0488,WH-005,Sales Issue,-17,SO-006839
MOV-006053,2025-10-23,PRD-0040,WH-003,Sales Issue,-26,SO-006840
MOV-006054,2025-10-31,PRD-0006,WH-004,Sales Issue,-1,SO-006841
MOV-006055,2026-07-12,PRD-0138,WH-002,Sales Issue,-2,SO-006842
MOV-006056,2025-09-21,PRD-0249,WH-005,Sales Issue,-13,SO-006843
MOV-006057,2025-07-26,PRD-0259,WH-001,Sales Issue,-26,SO-006847
MOV-006058,2025-10-11,PRD-0435,WH-004,Sales Issue,-29,SO-006848
MOV-006059,2026-04-05,PRD-0279,WH-001,Sales Issue,-13,SO-006851
MOV-006060,2026-05-16,PRD-0081,WH-004,Sales Issue,-20,SO-006852
MOV-006061,2026-02-05,PRD-0261,WH-001,Sales Issue,-14,SO-006853
MOV-006062,2025-02-09,PRD-0001,WH-003,Sales Issue,-18,SO-006854
MOV-006063,2025-03-23,PRD-0443,WH-001,Sales Issue,-5,SO-006855
MOV-006064,2026-08-29,PRD-0188,WH-005,Sales Issue,-16,SO-006856
MOV-006065,2025-11-12,PRD-0277,WH-004,Sales Issue,-9,SO-006857
MOV-006066,2025-02-24,PRD-0363,WH-001,Sales Issue,-29,SO-006858
MOV-006067,2026-04-12,PRD-0085,WH-001,Sales Issue,-8,SO-006860
MOV-006068,2026-02-14,PRD-0068,WH-004,Sales Issue,-8,SO-006861
MOV-006069,2024-10-23,PRD-0159,WH-005,Sales Issue,-13,SO-006862
MOV-006070,2026-08-05,PRD-0374,WH-003,Sales Issue,-8,SO-006863
MOV-006071,2025-12-01,PRD-0381,WH-001,Sales Issue,-28,SO-006864
MOV-006072,2025-01-23,PRD-0008,WH-005,Sales Issue,-11,SO-006865
MOV-006073,2025-05-25,PRD-0057,WH-004,Sales Issue,-19,SO-006866
MOV-006074,2026-06-23,PRD-0457,WH-004,Sales Issue,-7,SO-006867
MOV-006075,2026-08-12,PRD-0245,WH-003,Sales Issue,-24,SO-006868
MOV-006076,2025-09-14,PRD-0415,WH-003,Sales Issue,-27,SO-006869
MOV-006077,2026-02-08,PRD-0245,WH-003,Sales Issue,-21,SO-006870
MOV-006078,2026-02-26,PRD-0230,WH-005,Sales Issue,-21,SO-006872
MOV-006079,2025-09-18,PRD-0492,WH-001,Sales Issue,-27,SO-006873
MOV-006080,2026-07-13,PRD-0293,WH-004,Sales Issue,-17,SO-006874
MOV-006081,2026-01-24,PRD-0347,WH-004,Sales Issue,-26,SO-006875
MOV-006082,2025-06-16,PRD-0199,WH-004,Sales Issue,-1,SO-006877
MOV-006083,2026-03-04,PRD-0325,WH-005,Sales Issue,-26,SO-006878
MOV-006084,2025-11-23,PRD-0428,WH-005,Sales Issue,-17,SO-006879
MOV-006085,2025-11-12,PRD-0143,WH-003,Sales Issue,-2,SO-006880
MOV-006086,2025-02-17,PRD-0085,WH-001,Sales Issue,-11,SO-006881
MOV-006087,2025-06-08,PRD-0027,WH-001,Sales Issue,-26,SO-006882
MOV-006088,2026-02-10,PRD-0055,WH-001,Sales Issue,-17,SO-006885
MOV-006089,2025-05-06,PRD-0446,WH-001,Sales Issue,-16,SO-006886
MOV-006090,2025-05-30,PRD-0301,WH-003,Sales Issue,-24,SO-006887
MOV-006091,2026-02-05,PRD-0498,WH-003,Sales Issue,-9,SO-006888
MOV-006092,2025-02-05,PRD-0384,WH-004,Sales Issue,-13,SO-006889
MOV-006093,2025-05-27,PRD-0131,WH-003,Sales Issue,-20,SO-006890
MOV-006094,2026-04-29,PRD-0296,WH-002,Sales Issue,-25,SO-006891
MOV-006095,2024-10-14,PRD-0166,WH-004,Sales Issue,-28,SO-006892
MOV-006096,2025-04-08,PRD-0289,WH-002,Sales Issue,-17,SO-006893
MOV-006097,2026-06-04,PRD-0363,WH-001,Sales Issue,-1,SO-006895
MOV-006098,2025-09-04,PRD-0420,WH-004,Sales Issue,-22,SO-006896
MOV-006099,2025-08-01,PRD-0373,WH-002,Sales Issue,-23,SO-006898
MOV-006100,2025-10-31,PRD-0395,WH-004,Sales Issue,-16,SO-006899
MOV-006101,2024-10-07,PRD-0440,WH-005,Sales Issue,-21,SO-006900
MOV-006102,2026-07-23,PRD-0412,WH-002,Sales Issue,-18,SO-006901
MOV-006103,2025-08-22,PRD-0100,WH-001,Sales Issue,-14,SO-006902
MOV-006104,2025-04-15,PRD-0392,WH-003,Sales Issue,-28,SO-006903
MOV-006105,2026-04-16,PRD-0255,WH-004,Sales Issue,-20,SO-006904
MOV-006106,2026-06-12,PRD-0377,WH-002,Sales Issue,-29,SO-006905
MOV-006107,2026-02-17,PRD-0216,WH-005,Sales Issue,-11,SO-006906
MOV-006108,2025-01-02,PRD-0246,WH-003,Sales Issue,-4,SO-006908
MOV-006109,2026-02-20,PRD-0311,WH-005,Sales Issue,-15,SO-006909
MOV-006110,2025-09-13,PRD-0311,WH-005,Sales Issue,-13,SO-006911
MOV-006111,2026-07-24,PRD-0194,WH-002,Sales Issue,-22,SO-006914
MOV-006112,2024-12-09,PRD-0163,WH-004,Sales Issue,-5,SO-006915
MOV-006113,2025-08-16,PRD-0254,WH-004,Sales Issue,-29,SO-006917
MOV-006114,2025-03-15,PRD-0283,WH-005,Sales Issue,-18,SO-006918
MOV-006115,2025-10-09,PRD-0130,WH-003,Sales Issue,-11,SO-006919
MOV-006116,2026-01-27,PRD-0305,WH-002,Sales Issue,-2,SO-006920
MOV-006117,2026-01-01,PRD-0290,WH-003,Sales Issue,-27,SO-006921
MOV-006118,2026-08-28,PRD-0297,WH-004,Sales Issue,-1,SO-006923
MOV-006119,2026-06-25,PRD-0279,WH-001,Sales Issue,-10,SO-006924
MOV-006120,2025-10-25,PRD-0136,WH-001,Sales Issue,-10,SO-006925
MOV-006121,2025-06-19,PRD-0412,WH-002,Sales Issue,-17,SO-006926
MOV-006122,2026-08-10,PRD-0041,WH-003,Sales Issue,-2,SO-006927
MOV-006123,2025-08-21,PRD-0265,WH-004,Sales Issue,-8,SO-006928
MOV-006124,2025-08-22,PRD-0124,WH-002,Sales Issue,-8,SO-006929
MOV-006125,2026-06-25,PRD-0199,WH-004,Sales Issue,-4,SO-006930
MOV-006126,2026-01-21,PRD-0265,WH-004,Sales Issue,-28,SO-006932
MOV-006127,2026-07-11,PRD-0260,WH-002,Sales Issue,-11,SO-006933
MOV-006128,2025-08-13,PRD-0252,WH-001,Sales Issue,-11,SO-006934
MOV-006129,2025-04-27,PRD-0423,WH-003,Sales Issue,-14,SO-006935
MOV-006130,2026-03-02,PRD-0039,WH-002,Sales Issue,-3,SO-006936
MOV-006131,2024-11-17,PRD-0136,WH-001,Sales Issue,-2,SO-006937
MOV-006132,2026-04-17,PRD-0166,WH-004,Sales Issue,-10,SO-006938
MOV-006133,2025-07-02,PRD-0009,WH-001,Sales Issue,-2,SO-006939
MOV-006134,2024-11-16,PRD-0396,WH-005,Sales Issue,-24,SO-006941
MOV-006135,2025-01-27,PRD-0057,WH-004,Sales Issue,-5,SO-006942
MOV-006136,2025-06-20,PRD-0066,WH-001,Sales Issue,-10,SO-006944
MOV-006137,2025-06-17,PRD-0255,WH-004,Sales Issue,-10,SO-006945
MOV-006138,2024-10-21,PRD-0493,WH-003,Sales Issue,-11,SO-006946
MOV-006139,2024-10-02,PRD-0252,WH-001,Sales Issue,-22,SO-006947
MOV-006140,2024-12-06,PRD-0120,WH-004,Sales Issue,-7,SO-006948
MOV-006141,2025-01-29,PRD-0087,WH-003,Sales Issue,-23,SO-006949
MOV-006142,2025-06-24,PRD-0121,WH-005,Sales Issue,-22,SO-006950
MOV-006143,2025-03-13,PRD-0219,WH-005,Sales Issue,-16,SO-006951
MOV-006144,2025-02-13,PRD-0411,WH-001,Sales Issue,-24,SO-006952
MOV-006145,2024-11-20,PRD-0069,WH-002,Sales Issue,-7,SO-006953
MOV-006146,2025-07-22,PRD-0492,WH-001,Sales Issue,-24,SO-006954
MOV-006147,2024-10-24,PRD-0041,WH-003,Sales Issue,-19,SO-006955
MOV-006148,2025-03-29,PRD-0201,WH-001,Sales Issue,-7,SO-006956
MOV-006149,2025-12-20,PRD-0420,WH-004,Sales Issue,-7,SO-006957
MOV-006150,2025-08-17,PRD-0112,WH-005,Sales Issue,-8,SO-006958
MOV-006151,2025-02-06,PRD-0055,WH-001,Sales Issue,-27,SO-006959
MOV-006152,2025-05-10,PRD-0166,WH-004,Sales Issue,-24,SO-006961
MOV-006153,2025-04-11,PRD-0419,WH-005,Sales Issue,-28,SO-006964
MOV-006154,2025-02-03,PRD-0422,WH-002,Sales Issue,-26,SO-006965
MOV-006155,2026-03-07,PRD-0105,WH-003,Sales Issue,-28,SO-006967
MOV-006156,2025-03-28,PRD-0085,WH-001,Sales Issue,-16,SO-006968
MOV-006157,2026-07-11,PRD-0321,WH-001,Sales Issue,-28,SO-006969
MOV-006158,2025-05-21,PRD-0357,WH-004,Sales Issue,-3,SO-006970
MOV-006159,2026-09-01,PRD-0069,WH-002,Sales Issue,-28,SO-006971
MOV-006160,2025-12-01,PRD-0335,WH-001,Sales Issue,-26,SO-006972
MOV-006161,2025-02-23,PRD-0379,WH-002,Sales Issue,-15,SO-006973
MOV-006162,2025-12-31,PRD-0170,WH-002,Sales Issue,-17,SO-006974
MOV-006163,2025-03-05,PRD-0381,WH-001,Sales Issue,-6,SO-006975
MOV-006164,2026-05-15,PRD-0117,WH-004,Sales Issue,-22,SO-006976
MOV-006165,2026-04-20,PRD-0061,WH-003,Sales Issue,-26,SO-006978
MOV-006166,2025-02-15,PRD-0068,WH-004,Sales Issue,-6,SO-006979
MOV-006167,2025-08-24,PRD-0090,WH-001,Sales Issue,-27,SO-006980
MOV-006168,2025-05-10,PRD-0385,WH-003,Sales Issue,-6,SO-006981
MOV-006169,2025-05-07,PRD-0237,WH-005,Sales Issue,-30,SO-006982
MOV-006170,2025-01-19,PRD-0365,WH-002,Sales Issue,-5,SO-006984
MOV-006171,2026-01-28,PRD-0211,WH-005,Sales Issue,-27,SO-006985
MOV-006172,2025-01-27,PRD-0476,WH-001,Sales Issue,-19,SO-006986
MOV-006173,2026-07-27,PRD-0283,WH-005,Sales Issue,-16,SO-006989
MOV-006174,2024-11-13,PRD-0275,WH-004,Sales Issue,-24,SO-006990
MOV-006175,2024-10-28,PRD-0469,WH-001,Sales Issue,-30,SO-006991
MOV-006176,2025-06-19,PRD-0199,WH-004,Sales Issue,-7,SO-006993
MOV-006177,2025-07-22,PRD-0297,WH-004,Sales Issue,-7,SO-006995
MOV-006178,2026-04-14,PRD-0432,WH-005,Sales Issue,-19,SO-006997
MOV-006179,2024-12-31,PRD-0113,WH-005,Sales Issue,-17,SO-006998
MOV-006180,2025-09-06,PRD-0178,WH-001,Sales Issue,-23,SO-006999
MOV-006181,2026-03-05,PRD-0011,WH-002,Sales Issue,-17,SO-007000
MOV-006182,2024-12-14,PRD-0165,WH-001,Sales Issue,-20,SO-007002
MOV-006183,2025-08-11,PRD-0085,WH-001,Sales Issue,-18,SO-007003
MOV-006184,2026-05-05,PRD-0033,WH-001,Sales Issue,-11,SO-007004
MOV-006185,2025-08-06,PRD-0390,WH-005,Sales Issue,-12,SO-007005
MOV-006186,2026-03-19,PRD-0141,WH-001,Sales Issue,-5,SO-007006
MOV-006187,2025-01-28,PRD-0079,WH-001,Sales Issue,-15,SO-007007
MOV-006188,2025-08-06,PRD-0454,WH-005,Sales Issue,-28,SO-007009
MOV-006189,2026-04-10,PRD-0459,WH-005,Sales Issue,-16,SO-007010
MOV-006190,2025-10-14,PRD-0324,WH-002,Sales Issue,-11,SO-007011
MOV-006191,2026-09-10,PRD-0299,WH-003,Sales Issue,-23,SO-007012
MOV-006192,2025-10-05,PRD-0412,WH-002,Sales Issue,-29,SO-007013
MOV-006193,2025-02-28,PRD-0441,WH-005,Sales Issue,-6,SO-007015
MOV-006194,2025-12-17,PRD-0371,WH-002,Sales Issue,-4,SO-007017
MOV-006195,2026-03-13,PRD-0439,WH-004,Sales Issue,-24,SO-007018
MOV-006196,2026-06-27,PRD-0121,WH-005,Sales Issue,-21,SO-007019
MOV-006197,2026-01-28,PRD-0031,WH-005,Sales Issue,-13,SO-007020
MOV-006198,2026-09-16,PRD-0254,WH-004,Sales Issue,-13,SO-007021
MOV-006199,2026-07-16,PRD-0312,WH-002,Sales Issue,-24,SO-007022
MOV-006200,2025-02-04,PRD-0018,WH-001,Sales Issue,-28,SO-007023
MOV-006201,2026-08-01,PRD-0295,WH-004,Sales Issue,-4,SO-007024
MOV-006202,2025-06-29,PRD-0071,WH-001,Sales Issue,-1,SO-007025
MOV-006203,2025-07-31,PRD-0206,WH-005,Sales Issue,-13,SO-007026
MOV-006204,2025-07-01,PRD-0300,WH-002,Sales Issue,-1,SO-007027
MOV-006205,2026-03-10,PRD-0332,WH-004,Sales Issue,-29,SO-007028
MOV-006206,2026-03-13,PRD-0442,WH-001,Sales Issue,-21,SO-007029
MOV-006207,2025-06-13,PRD-0468,WH-001,Sales Issue,-28,SO-007030
MOV-006208,2024-12-04,PRD-0088,WH-003,Sales Issue,-13,SO-007031
MOV-006209,2025-03-16,PRD-0186,WH-001,Sales Issue,-13,SO-007032
MOV-006210,2026-09-01,PRD-0124,WH-002,Sales Issue,-3,SO-007033
MOV-006211,2025-11-14,PRD-0202,WH-003,Sales Issue,-9,SO-007034
MOV-006212,2025-01-18,PRD-0133,WH-005,Sales Issue,-23,SO-007035
MOV-006213,2025-05-31,PRD-0007,WH-004,Sales Issue,-6,SO-007036
MOV-006214,2025-12-24,PRD-0395,WH-004,Sales Issue,-7,SO-007037
MOV-006215,2026-02-18,PRD-0149,WH-004,Sales Issue,-11,SO-007038
MOV-006216,2026-08-23,PRD-0132,WH-003,Sales Issue,-2,SO-007043
MOV-006217,2026-06-05,PRD-0394,WH-005,Sales Issue,-17,SO-007044
MOV-006218,2025-06-24,PRD-0241,WH-003,Sales Issue,-5,SO-007045
MOV-006219,2026-09-14,PRD-0338,WH-003,Sales Issue,-4,SO-007046
MOV-006220,2025-02-03,PRD-0282,WH-004,Sales Issue,-20,SO-007047
MOV-006221,2025-12-14,PRD-0339,WH-002,Sales Issue,-13,SO-007048
MOV-006222,2025-10-12,PRD-0242,WH-003,Sales Issue,-7,SO-007049
MOV-006223,2025-11-14,PRD-0189,WH-003,Sales Issue,-22,SO-007050
MOV-006224,2026-06-30,PRD-0281,WH-003,Sales Issue,-9,SO-007051
MOV-006225,2025-08-07,PRD-0348,WH-004,Sales Issue,-28,SO-007053
MOV-006226,2026-07-09,PRD-0488,WH-005,Sales Issue,-1,SO-007054
MOV-006227,2024-10-30,PRD-0343,WH-001,Sales Issue,-7,SO-007055
MOV-006228,2025-03-15,PRD-0278,WH-003,Sales Issue,-8,SO-007056
MOV-006229,2026-03-07,PRD-0470,WH-004,Sales Issue,-4,SO-007057
MOV-006230,2025-07-19,PRD-0246,WH-003,Sales Issue,-2,SO-007059
MOV-006231,2024-11-09,PRD-0434,WH-003,Sales Issue,-10,SO-007060
MOV-006232,2026-07-14,PRD-0272,WH-001,Sales Issue,-3,SO-007062
MOV-006233,2026-03-25,PRD-0426,WH-001,Sales Issue,-21,SO-007063
MOV-006234,2024-12-17,PRD-0123,WH-005,Sales Issue,-7,SO-007064
MOV-006235,2025-04-10,PRD-0008,WH-005,Sales Issue,-18,SO-007065
MOV-006236,2025-06-05,PRD-0310,WH-003,Sales Issue,-25,SO-007066
MOV-006237,2025-04-30,PRD-0249,WH-005,Sales Issue,-24,SO-007067
MOV-006238,2024-11-25,PRD-0068,WH-004,Sales Issue,-1,SO-007068
MOV-006239,2026-02-27,PRD-0166,WH-004,Sales Issue,-16,SO-007069
MOV-006240,2025-01-22,PRD-0017,WH-004,Sales Issue,-23,SO-007071
MOV-006241,2025-06-07,PRD-0326,WH-002,Sales Issue,-12,SO-007072
MOV-006242,2025-09-03,PRD-0181,WH-003,Sales Issue,-24,SO-007073
MOV-006243,2025-08-25,PRD-0118,WH-001,Sales Issue,-17,SO-007074
MOV-006244,2026-06-04,PRD-0321,WH-001,Sales Issue,-5,SO-007075
MOV-006245,2026-09-10,PRD-0229,WH-002,Sales Issue,-1,SO-007076
MOV-006246,2024-12-06,PRD-0383,WH-004,Sales Issue,-30,SO-007077
MOV-006247,2026-08-09,PRD-0154,WH-002,Sales Issue,-20,SO-007078
MOV-006248,2025-11-16,PRD-0151,WH-001,Sales Issue,-20,SO-007079
MOV-006249,2025-02-01,PRD-0098,WH-001,Sales Issue,-20,SO-007080
MOV-006250,2024-12-24,PRD-0405,WH-001,Sales Issue,-17,SO-007081
MOV-006251,2025-02-10,PRD-0223,WH-002,Sales Issue,-10,SO-007082
MOV-006252,2026-09-02,PRD-0328,WH-001,Sales Issue,-6,SO-007083
MOV-006253,2025-11-22,PRD-0236,WH-002,Sales Issue,-30,SO-007084
MOV-006254,2025-10-15,PRD-0354,WH-005,Sales Issue,-14,SO-007085
MOV-006255,2025-05-12,PRD-0230,WH-005,Sales Issue,-1,SO-007086
MOV-006256,2026-09-06,PRD-0330,WH-001,Sales Issue,-9,SO-007088
MOV-006257,2026-09-08,PRD-0095,WH-002,Sales Issue,-10,SO-007089
MOV-006258,2025-04-03,PRD-0350,WH-001,Sales Issue,-8,SO-007090
MOV-006259,2025-02-07,PRD-0444,WH-002,Sales Issue,-6,SO-007091
MOV-006260,2025-11-27,PRD-0164,WH-002,Sales Issue,-5,SO-007092
MOV-006261,2025-07-21,PRD-0103,WH-003,Sales Issue,-14,SO-007093
MOV-006262,2026-01-12,PRD-0212,WH-005,Sales Issue,-25,SO-007094
MOV-006263,2025-12-29,PRD-0317,WH-002,Sales Issue,-21,SO-007095
MOV-006264,2024-10-18,PRD-0497,WH-003,Sales Issue,-24,SO-007097
MOV-006265,2026-03-21,PRD-0013,WH-004,Sales Issue,-6,SO-007098
MOV-006266,2024-11-23,PRD-0235,WH-004,Sales Issue,-14,SO-007099
MOV-006267,2025-06-29,PRD-0368,WH-004,Sales Issue,-27,SO-007100
MOV-006268,2025-04-17,PRD-0169,WH-003,Sales Issue,-10,SO-007101
MOV-006269,2025-05-17,PRD-0381,WH-001,Sales Issue,-14,SO-007102
MOV-006270,2026-02-14,PRD-0094,WH-003,Sales Issue,-30,SO-007103
MOV-006271,2026-07-30,PRD-0365,WH-002,Sales Issue,-14,SO-007104
MOV-006272,2025-08-18,PRD-0346,WH-002,Sales Issue,-29,SO-007105
MOV-006273,2025-06-06,PRD-0003,WH-001,Sales Issue,-29,SO-007106
MOV-006274,2026-04-04,PRD-0427,WH-005,Sales Issue,-15,SO-007107
MOV-006275,2025-02-15,PRD-0278,WH-003,Sales Issue,-22,SO-007108
MOV-006276,2025-10-10,PRD-0247,WH-003,Sales Issue,-12,SO-007109
MOV-006277,2025-01-27,PRD-0457,WH-004,Sales Issue,-4,SO-007110
MOV-006278,2026-05-13,PRD-0417,WH-003,Sales Issue,-30,SO-007111
MOV-006279,2025-06-14,PRD-0129,WH-003,Sales Issue,-3,SO-007112
MOV-006280,2025-11-14,PRD-0102,WH-005,Sales Issue,-27,SO-007113
MOV-006281,2026-06-15,PRD-0453,WH-001,Sales Issue,-13,SO-007114
MOV-006282,2025-01-24,PRD-0287,WH-003,Sales Issue,-13,SO-007115
MOV-006283,2025-03-10,PRD-0315,WH-004,Sales Issue,-11,SO-007116
MOV-006284,2025-10-03,PRD-0446,WH-001,Sales Issue,-29,SO-007118
MOV-006285,2026-07-15,PRD-0020,WH-001,Sales Issue,-20,SO-007119
MOV-006286,2025-12-24,PRD-0486,WH-004,Sales Issue,-10,SO-007120
MOV-006287,2025-08-06,PRD-0190,WH-003,Sales Issue,-6,SO-007121
MOV-006288,2024-11-14,PRD-0144,WH-005,Sales Issue,-26,SO-007122
MOV-006289,2025-07-08,PRD-0478,WH-002,Sales Issue,-21,SO-007123
MOV-006290,2025-07-12,PRD-0459,WH-005,Sales Issue,-13,SO-007124
MOV-006291,2026-01-30,PRD-0226,WH-001,Sales Issue,-8,SO-007125
MOV-006292,2026-03-12,PRD-0089,WH-002,Sales Issue,-14,SO-007126
MOV-006293,2026-05-02,PRD-0500,WH-003,Sales Issue,-18,SO-007127
MOV-006294,2025-08-19,PRD-0084,WH-003,Sales Issue,-24,SO-007128
MOV-006295,2026-05-11,PRD-0316,WH-004,Sales Issue,-14,SO-007129
MOV-006296,2026-09-08,PRD-0457,WH-004,Sales Issue,-21,SO-007130
MOV-006297,2026-01-27,PRD-0299,WH-003,Sales Issue,-13,SO-007131
MOV-006298,2026-05-11,PRD-0333,WH-005,Sales Issue,-21,SO-007133
MOV-006299,2025-10-22,PRD-0091,WH-004,Sales Issue,-18,SO-007134
MOV-006300,2024-11-27,PRD-0364,WH-004,Sales Issue,-7,SO-007135
MOV-006301,2025-10-04,PRD-0092,WH-004,Sales Issue,-7,SO-007136
MOV-006302,2025-04-04,PRD-0060,WH-003,Sales Issue,-19,SO-007137
MOV-006303,2025-10-30,PRD-0180,WH-005,Sales Issue,-20,SO-007138
MOV-006304,2025-01-11,PRD-0440,WH-005,Sales Issue,-21,SO-007139
MOV-006305,2026-09-14,PRD-0204,WH-002,Sales Issue,-24,SO-007140
MOV-006306,2025-01-03,PRD-0215,WH-001,Sales Issue,-28,SO-007141
MOV-006307,2025-06-10,PRD-0260,WH-002,Sales Issue,-29,SO-007143
MOV-006308,2025-11-28,PRD-0481,WH-003,Sales Issue,-1,SO-007144
MOV-006309,2024-10-31,PRD-0188,WH-005,Sales Issue,-17,SO-007145
MOV-006310,2025-03-11,PRD-0206,WH-005,Sales Issue,-14,SO-007147
MOV-006311,2026-07-01,PRD-0260,WH-002,Sales Issue,-26,SO-007148
MOV-006312,2026-03-13,PRD-0435,WH-004,Sales Issue,-24,SO-007149
MOV-006313,2025-03-17,PRD-0389,WH-004,Sales Issue,-19,SO-007150
MOV-006314,2025-01-20,PRD-0301,WH-003,Sales Issue,-30,SO-007151
MOV-006315,2025-11-05,PRD-0272,WH-001,Sales Issue,-26,SO-007152
MOV-006316,2026-07-20,PRD-0316,WH-004,Sales Issue,-26,SO-007153
MOV-006317,2025-12-03,PRD-0394,WH-005,Sales Issue,-13,SO-007154
MOV-006318,2025-05-18,PRD-0493,WH-003,Sales Issue,-26,SO-007155
MOV-006319,2026-01-14,PRD-0061,WH-003,Sales Issue,-1,SO-007157
MOV-006320,2024-12-12,PRD-0338,WH-003,Sales Issue,-2,SO-007158
MOV-006321,2025-05-31,PRD-0379,WH-002,Sales Issue,-26,SO-007159
MOV-006322,2026-09-05,PRD-0042,WH-004,Sales Issue,-24,SO-007160
MOV-006323,2025-03-12,PRD-0475,WH-003,Sales Issue,-22,SO-007161
MOV-006324,2024-12-05,PRD-0185,WH-004,Sales Issue,-25,SO-007162
MOV-006325,2026-07-11,PRD-0391,WH-002,Sales Issue,-23,SO-007163
MOV-006326,2024-11-16,PRD-0361,WH-003,Sales Issue,-7,SO-007164
MOV-006327,2026-06-10,PRD-0474,WH-004,Sales Issue,-30,SO-007165
MOV-006328,2025-06-13,PRD-0328,WH-001,Sales Issue,-26,SO-007166
MOV-006329,2026-01-28,PRD-0317,WH-002,Sales Issue,-1,SO-007167
MOV-006330,2026-05-11,PRD-0238,WH-005,Sales Issue,-16,SO-007168
MOV-006331,2026-08-17,PRD-0003,WH-001,Sales Issue,-14,SO-007169
MOV-006332,2026-02-05,PRD-0493,WH-003,Sales Issue,-25,SO-007170
MOV-006333,2025-03-08,PRD-0262,WH-002,Sales Issue,-8,SO-007171
MOV-006334,2026-09-10,PRD-0440,WH-005,Sales Issue,-11,SO-007172
MOV-006335,2025-02-21,PRD-0058,WH-003,Sales Issue,-29,SO-007173
MOV-006336,2025-02-15,PRD-0115,WH-004,Sales Issue,-6,SO-007174
MOV-006337,2025-05-11,PRD-0050,WH-005,Sales Issue,-29,SO-007175
MOV-006338,2025-12-30,PRD-0465,WH-004,Sales Issue,-26,SO-007177
MOV-006339,2025-09-02,PRD-0248,WH-001,Sales Issue,-29,SO-007178
MOV-006340,2025-03-07,PRD-0331,WH-004,Sales Issue,-27,SO-007179
MOV-006341,2024-12-16,PRD-0477,WH-001,Sales Issue,-20,SO-007180
MOV-006342,2025-10-31,PRD-0007,WH-004,Sales Issue,-14,SO-007181
MOV-006343,2024-11-07,PRD-0159,WH-005,Sales Issue,-9,SO-007182
MOV-006344,2025-12-23,PRD-0010,WH-003,Sales Issue,-12,SO-007187
MOV-006345,2025-12-23,PRD-0093,WH-001,Sales Issue,-22,SO-007189
MOV-006346,2025-01-07,PRD-0349,WH-004,Sales Issue,-30,SO-007190
MOV-006347,2025-01-26,PRD-0237,WH-005,Sales Issue,-12,SO-007193
MOV-006348,2026-07-26,PRD-0158,WH-002,Sales Issue,-9,SO-007195
MOV-006349,2025-08-10,PRD-0001,WH-003,Sales Issue,-6,SO-007197
MOV-006350,2025-01-22,PRD-0150,WH-004,Sales Issue,-12,SO-007198
MOV-006351,2026-04-17,PRD-0067,WH-003,Sales Issue,-2,SO-007199
MOV-006352,2025-09-13,PRD-0315,WH-004,Sales Issue,-8,SO-007200
MOV-006353,2024-10-09,PRD-0185,WH-004,Sales Issue,-23,SO-007201
MOV-006354,2025-05-10,PRD-0046,WH-002,Sales Issue,-4,SO-007202
MOV-006355,2026-09-12,PRD-0481,WH-003,Sales Issue,-22,SO-007203
MOV-006356,2026-08-28,PRD-0407,WH-002,Sales Issue,-11,SO-007204
MOV-006357,2026-09-13,PRD-0468,WH-001,Sales Issue,-13,SO-007205
MOV-006358,2026-07-27,PRD-0071,WH-001,Sales Issue,-20,SO-007206
MOV-006359,2026-08-07,PRD-0409,WH-003,Sales Issue,-28,SO-007207
MOV-006360,2026-05-04,PRD-0098,WH-001,Sales Issue,-21,SO-007208
MOV-006361,2025-11-29,PRD-0459,WH-005,Sales Issue,-3,SO-007209
MOV-006362,2026-06-24,PRD-0159,WH-005,Sales Issue,-17,SO-007210
MOV-006363,2025-12-04,PRD-0040,WH-003,Sales Issue,-7,SO-007211
MOV-006364,2025-02-22,PRD-0002,WH-001,Sales Issue,-15,SO-007212
MOV-006365,2025-11-06,PRD-0388,WH-002,Sales Issue,-23,SO-007213
MOV-006366,2026-01-08,PRD-0466,WH-005,Sales Issue,-30,SO-007214
MOV-006367,2026-08-28,PRD-0270,WH-003,Sales Issue,-23,SO-007215
MOV-006368,2024-12-14,PRD-0186,WH-001,Sales Issue,-16,SO-007216
MOV-006369,2026-09-18,PRD-0359,WH-004,Sales Issue,-4,SO-007217
MOV-006370,2025-06-09,PRD-0388,WH-002,Sales Issue,-3,SO-007218
MOV-006371,2025-11-22,PRD-0168,WH-003,Sales Issue,-5,SO-007220
MOV-006372,2025-02-03,PRD-0340,WH-001,Sales Issue,-30,SO-007221
MOV-006373,2025-11-29,PRD-0308,WH-004,Sales Issue,-15,SO-007222
MOV-006374,2025-02-10,PRD-0472,WH-001,Sales Issue,-14,SO-007223
MOV-006375,2026-04-18,PRD-0351,WH-002,Sales Issue,-23,SO-007224
MOV-006376,2026-05-24,PRD-0008,WH-005,Sales Issue,-14,SO-007225
MOV-006377,2025-05-09,PRD-0373,WH-002,Sales Issue,-19,SO-007226
MOV-006378,2025-04-29,PRD-0266,WH-002,Sales Issue,-10,SO-007227
MOV-006379,2025-04-02,PRD-0418,WH-003,Sales Issue,-23,SO-007228
MOV-006380,2025-09-06,PRD-0181,WH-003,Sales Issue,-15,SO-007229
MOV-006381,2026-06-25,PRD-0146,WH-004,Sales Issue,-7,SO-007230
MOV-006382,2026-02-17,PRD-0108,WH-002,Sales Issue,-3,SO-007231
MOV-006383,2026-09-01,PRD-0027,WH-001,Sales Issue,-13,SO-007232
MOV-006384,2025-05-28,PRD-0390,WH-005,Sales Issue,-14,SO-007235
MOV-006385,2025-07-24,PRD-0160,WH-001,Sales Issue,-27,SO-007237
MOV-006386,2025-12-28,PRD-0288,WH-004,Sales Issue,-17,SO-007238
MOV-006387,2026-04-20,PRD-0112,WH-005,Sales Issue,-15,SO-007239
MOV-006388,2024-10-05,PRD-0295,WH-004,Sales Issue,-26,SO-007240
MOV-006389,2024-12-31,PRD-0343,WH-001,Sales Issue,-17,SO-007241
MOV-006390,2026-03-07,PRD-0423,WH-003,Sales Issue,-28,SO-007242
MOV-006391,2025-01-07,PRD-0293,WH-004,Sales Issue,-8,SO-007244
MOV-006392,2025-11-11,PRD-0442,WH-001,Sales Issue,-24,SO-007247
MOV-006393,2025-10-27,PRD-0211,WH-005,Sales Issue,-27,SO-007248
MOV-006394,2026-02-12,PRD-0060,WH-003,Sales Issue,-18,SO-007250
MOV-006395,2025-02-23,PRD-0107,WH-002,Sales Issue,-19,SO-007251
MOV-006396,2025-02-17,PRD-0034,WH-003,Sales Issue,-22,SO-007252
MOV-006397,2025-10-06,PRD-0432,WH-005,Sales Issue,-22,SO-007253
MOV-006398,2025-10-09,PRD-0100,WH-001,Sales Issue,-5,SO-007254
MOV-006399,2026-02-25,PRD-0144,WH-005,Sales Issue,-25,SO-007257
MOV-006400,2025-06-11,PRD-0217,WH-001,Sales Issue,-16,SO-007258
MOV-006401,2025-03-20,PRD-0150,WH-004,Sales Issue,-2,SO-007259
MOV-006402,2026-01-18,PRD-0094,WH-003,Sales Issue,-10,SO-007261
MOV-006403,2025-12-10,PRD-0055,WH-001,Sales Issue,-4,SO-007262
MOV-006404,2024-10-18,PRD-0032,WH-004,Sales Issue,-10,SO-007263
MOV-006405,2025-02-23,PRD-0008,WH-005,Sales Issue,-20,SO-007264
MOV-006406,2025-08-26,PRD-0282,WH-004,Sales Issue,-8,SO-007265
MOV-006407,2026-03-05,PRD-0457,WH-004,Sales Issue,-16,SO-007267
MOV-006408,2026-03-27,PRD-0493,WH-003,Sales Issue,-4,SO-007268
MOV-006409,2026-04-09,PRD-0336,WH-004,Sales Issue,-21,SO-007269
MOV-006410,2026-04-20,PRD-0410,WH-002,Sales Issue,-27,SO-007270
MOV-006411,2025-10-12,PRD-0234,WH-004,Sales Issue,-7,SO-007271
MOV-006412,2026-08-19,PRD-0460,WH-002,Sales Issue,-26,SO-007273
MOV-006413,2026-04-23,PRD-0004,WH-002,Sales Issue,-28,SO-007274
MOV-006414,2026-03-27,PRD-0066,WH-001,Sales Issue,-20,SO-007275
MOV-006415,2025-01-28,PRD-0248,WH-001,Sales Issue,-29,SO-007276
MOV-006416,2026-05-12,PRD-0281,WH-003,Sales Issue,-16,SO-007277
MOV-006417,2026-02-06,PRD-0372,WH-002,Sales Issue,-10,SO-007278
MOV-006418,2025-01-31,PRD-0204,WH-002,Sales Issue,-23,SO-007281
MOV-006419,2025-09-10,PRD-0353,WH-005,Sales Issue,-16,SO-007282
MOV-006420,2025-11-21,PRD-0111,WH-003,Sales Issue,-3,SO-007283
MOV-006421,2025-10-12,PRD-0279,WH-001,Sales Issue,-25,SO-007284
MOV-006422,2025-12-19,PRD-0012,WH-005,Sales Issue,-6,SO-007285
MOV-006423,2026-09-15,PRD-0424,WH-001,Sales Issue,-8,SO-007286
MOV-006424,2026-03-13,PRD-0256,WH-002,Sales Issue,-24,SO-007288
MOV-006425,2025-04-15,PRD-0265,WH-004,Sales Issue,-19,SO-007289
MOV-006426,2026-04-16,PRD-0474,WH-004,Sales Issue,-28,SO-007290
MOV-006427,2025-10-18,PRD-0116,WH-005,Sales Issue,-1,SO-007291
MOV-006428,2025-09-15,PRD-0124,WH-002,Sales Issue,-30,SO-007293
MOV-006429,2026-04-24,PRD-0489,WH-005,Sales Issue,-16,SO-007294
MOV-006430,2026-06-26,PRD-0039,WH-002,Sales Issue,-16,SO-007296
MOV-006431,2025-09-12,PRD-0199,WH-004,Sales Issue,-24,SO-007297
MOV-006432,2025-04-13,PRD-0166,WH-004,Sales Issue,-27,SO-007298
MOV-006433,2025-12-11,PRD-0347,WH-004,Sales Issue,-9,SO-007299
MOV-006434,2025-11-21,PRD-0167,WH-002,Sales Issue,-20,SO-007300
MOV-006435,2025-09-02,PRD-0161,WH-002,Sales Issue,-2,SO-007301
MOV-006436,2025-10-12,PRD-0210,WH-005,Sales Issue,-19,SO-007302
MOV-006437,2025-09-04,PRD-0443,WH-001,Sales Issue,-24,SO-007303
MOV-006438,2026-07-26,PRD-0423,WH-003,Sales Issue,-18,SO-007307
MOV-006439,2026-09-17,PRD-0443,WH-001,Sales Issue,-14,SO-007308
MOV-006440,2024-11-27,PRD-0094,WH-003,Sales Issue,-30,SO-007309
MOV-006441,2025-05-25,PRD-0496,WH-003,Sales Issue,-30,SO-007310
MOV-006442,2025-06-22,PRD-0186,WH-001,Sales Issue,-1,SO-007311
MOV-006443,2026-01-06,PRD-0077,WH-002,Sales Issue,-13,SO-007312
MOV-006444,2025-06-19,PRD-0022,WH-002,Sales Issue,-6,SO-007313
MOV-006445,2026-01-18,PRD-0057,WH-004,Sales Issue,-18,SO-007314
MOV-006446,2025-01-22,PRD-0251,WH-002,Sales Issue,-6,SO-007317
MOV-006447,2026-05-06,PRD-0186,WH-001,Sales Issue,-14,SO-007318
MOV-006448,2025-05-23,PRD-0202,WH-003,Sales Issue,-6,SO-007319
MOV-006449,2025-10-23,PRD-0025,WH-002,Sales Issue,-2,SO-007320
MOV-006450,2025-11-26,PRD-0118,WH-001,Sales Issue,-9,SO-007321
MOV-006451,2026-07-28,PRD-0458,WH-001,Sales Issue,-15,SO-007322
MOV-006452,2025-11-30,PRD-0322,WH-001,Sales Issue,-24,SO-007323
MOV-006453,2025-07-27,PRD-0186,WH-001,Sales Issue,-3,SO-007324
MOV-006454,2025-07-04,PRD-0013,WH-004,Sales Issue,-3,SO-007327
MOV-006455,2025-05-13,PRD-0249,WH-005,Sales Issue,-20,SO-007328
MOV-006456,2025-11-09,PRD-0417,WH-003,Sales Issue,-15,SO-007329
MOV-006457,2024-12-01,PRD-0188,WH-005,Sales Issue,-3,SO-007330
MOV-006458,2026-03-23,PRD-0291,WH-005,Sales Issue,-12,SO-007331
MOV-006459,2025-11-06,PRD-0071,WH-001,Sales Issue,-24,SO-007332
MOV-006460,2025-12-29,PRD-0110,WH-005,Sales Issue,-28,SO-007333
MOV-006461,2025-06-07,PRD-0018,WH-001,Sales Issue,-22,SO-007334
MOV-006462,2025-12-09,PRD-0291,WH-005,Sales Issue,-2,SO-007335
MOV-006463,2026-01-21,PRD-0093,WH-001,Sales Issue,-28,SO-007336
MOV-006464,2025-08-10,PRD-0203,WH-005,Sales Issue,-2,SO-007337
MOV-006465,2026-08-12,PRD-0495,WH-002,Sales Issue,-19,SO-007338
MOV-006466,2026-07-15,PRD-0441,WH-005,Sales Issue,-24,SO-007339
MOV-006467,2024-11-01,PRD-0387,WH-004,Sales Issue,-6,SO-007340
MOV-006468,2024-12-23,PRD-0451,WH-001,Sales Issue,-24,SO-007342
MOV-006469,2026-05-26,PRD-0161,WH-002,Sales Issue,-26,SO-007343
MOV-006470,2026-04-16,PRD-0107,WH-002,Sales Issue,-27,SO-007344
MOV-006471,2025-03-27,PRD-0216,WH-005,Sales Issue,-13,SO-007345
MOV-006472,2025-04-17,PRD-0261,WH-001,Sales Issue,-15,SO-007346
MOV-006473,2025-11-26,PRD-0438,WH-002,Sales Issue,-7,SO-007347
MOV-006474,2026-08-24,PRD-0272,WH-001,Sales Issue,-26,SO-007348
MOV-006475,2026-08-17,PRD-0147,WH-003,Sales Issue,-17,SO-007350
MOV-006476,2026-01-31,PRD-0144,WH-005,Sales Issue,-23,SO-007351
MOV-006477,2026-07-14,PRD-0132,WH-003,Sales Issue,-14,SO-007352
MOV-006478,2025-02-15,PRD-0376,WH-005,Sales Issue,-26,SO-007353
MOV-006479,2024-11-15,PRD-0440,WH-005,Sales Issue,-7,SO-007354
MOV-006480,2024-10-23,PRD-0028,WH-003,Sales Issue,-24,SO-007355
MOV-006481,2026-06-09,PRD-0245,WH-003,Sales Issue,-30,SO-007356
MOV-006482,2026-03-27,PRD-0457,WH-004,Sales Issue,-30,SO-007357
MOV-006483,2025-04-29,PRD-0200,WH-001,Sales Issue,-9,SO-007359
MOV-006484,2026-09-29,PRD-0130,WH-003,Sales Issue,-21,SO-007360
MOV-006485,2025-07-27,PRD-0181,WH-003,Sales Issue,-29,SO-007361
MOV-006486,2026-01-26,PRD-0378,WH-002,Sales Issue,-17,SO-007362
MOV-006487,2025-11-09,PRD-0356,WH-001,Sales Issue,-26,SO-007363
MOV-006488,2025-05-28,PRD-0293,WH-004,Sales Issue,-13,SO-007364
MOV-006489,2026-02-22,PRD-0236,WH-002,Sales Issue,-10,SO-007365
MOV-006490,2025-05-29,PRD-0253,WH-001,Sales Issue,-12,SO-007366
MOV-006491,2025-09-18,PRD-0279,WH-001,Sales Issue,-27,SO-007367
MOV-006492,2025-11-03,PRD-0263,WH-001,Sales Issue,-26,SO-007368
MOV-006493,2025-10-26,PRD-0154,WH-002,Sales Issue,-4,SO-007369
MOV-006494,2026-09-30,PRD-0040,WH-003,Sales Issue,-15,SO-007370
MOV-006495,2025-04-23,PRD-0482,WH-005,Sales Issue,-2,SO-007371
MOV-006496,2026-07-18,PRD-0109,WH-001,Sales Issue,-9,SO-007372
MOV-006497,2025-02-28,PRD-0084,WH-003,Sales Issue,-13,SO-007373
MOV-006498,2025-02-14,PRD-0085,WH-001,Sales Issue,-10,SO-007374
MOV-006499,2026-04-06,PRD-0473,WH-002,Sales Issue,-22,SO-007377
MOV-006500,2025-07-05,PRD-0370,WH-004,Sales Issue,-10,SO-007378
MOV-006501,2026-08-06,PRD-0023,WH-004,Sales Issue,-17,SO-007379
MOV-006502,2026-05-31,PRD-0129,WH-003,Sales Issue,-2,SO-007380
MOV-006503,2025-09-02,PRD-0100,WH-001,Sales Issue,-16,SO-007381
MOV-006504,2026-06-06,PRD-0344,WH-004,Sales Issue,-20,SO-007382
MOV-006505,2026-07-31,PRD-0248,WH-001,Sales Issue,-9,SO-007383
MOV-006506,2025-12-21,PRD-0144,WH-005,Sales Issue,-23,SO-007385
MOV-006507,2024-12-26,PRD-0373,WH-002,Sales Issue,-20,SO-007386
MOV-006508,2026-04-27,PRD-0375,WH-005,Sales Issue,-8,SO-007387
MOV-006509,2026-09-17,PRD-0017,WH-004,Sales Issue,-26,SO-007388
MOV-006510,2025-03-26,PRD-0112,WH-005,Sales Issue,-22,SO-007390
MOV-006511,2026-04-03,PRD-0220,WH-001,Sales Issue,-19,SO-007391
MOV-006512,2024-12-06,PRD-0468,WH-001,Sales Issue,-30,SO-007393
MOV-006513,2025-03-26,PRD-0297,WH-004,Sales Issue,-13,SO-007394
MOV-006514,2026-05-07,PRD-0223,WH-002,Sales Issue,-15,SO-007395
MOV-006515,2025-06-23,PRD-0441,WH-005,Sales Issue,-10,SO-007396
MOV-006516,2025-11-03,PRD-0109,WH-001,Sales Issue,-1,SO-007397
MOV-006517,2024-12-04,PRD-0385,WH-003,Sales Issue,-6,SO-007398
MOV-006518,2024-10-11,PRD-0001,WH-003,Sales Issue,-9,SO-007399
MOV-006519,2026-01-06,PRD-0496,WH-003,Sales Issue,-23,SO-007400
MOV-006520,2026-06-06,PRD-0499,WH-004,Sales Issue,-13,SO-007402
MOV-006521,2025-10-13,PRD-0195,WH-004,Sales Issue,-1,SO-007403
MOV-006522,2025-12-01,PRD-0455,WH-005,Sales Issue,-26,SO-007404
MOV-006523,2026-07-22,PRD-0321,WH-001,Sales Issue,-20,SO-007405
MOV-006524,2026-07-30,PRD-0172,WH-004,Sales Issue,-27,SO-007406
MOV-006525,2025-09-01,PRD-0167,WH-002,Sales Issue,-24,SO-007407
MOV-006526,2025-08-16,PRD-0312,WH-002,Sales Issue,-30,SO-007408
MOV-006527,2026-07-05,PRD-0383,WH-004,Sales Issue,-25,SO-007410
MOV-006528,2026-07-13,PRD-0031,WH-005,Sales Issue,-4,SO-007412
MOV-006529,2025-07-02,PRD-0458,WH-001,Sales Issue,-27,SO-007413
MOV-006530,2026-06-14,PRD-0288,WH-004,Sales Issue,-15,SO-007414
MOV-006531,2025-04-19,PRD-0279,WH-001,Sales Issue,-8,SO-007415
MOV-006532,2026-08-23,PRD-0136,WH-001,Sales Issue,-24,SO-007416
MOV-006533,2025-08-25,PRD-0352,WH-001,Sales Issue,-19,SO-007417
MOV-006534,2025-08-02,PRD-0385,WH-003,Sales Issue,-22,SO-007418
MOV-006535,2026-04-27,PRD-0179,WH-003,Sales Issue,-22,SO-007420
MOV-006536,2025-06-10,PRD-0122,WH-002,Sales Issue,-7,SO-007421
MOV-006537,2025-07-18,PRD-0097,WH-001,Sales Issue,-21,SO-007422
MOV-006538,2025-08-09,PRD-0108,WH-002,Sales Issue,-29,SO-007423
MOV-006539,2025-02-10,PRD-0220,WH-001,Sales Issue,-6,SO-007425
MOV-006540,2024-10-03,PRD-0403,WH-003,Sales Issue,-29,SO-007426
MOV-006541,2025-02-21,PRD-0354,WH-005,Sales Issue,-22,SO-007427
MOV-006542,2026-09-22,PRD-0319,WH-005,Sales Issue,-15,SO-007428
MOV-006543,2025-12-24,PRD-0115,WH-004,Sales Issue,-27,SO-007429
MOV-006544,2025-08-15,PRD-0007,WH-004,Sales Issue,-26,SO-007430
MOV-006545,2025-01-01,PRD-0334,WH-004,Sales Issue,-17,SO-007431
MOV-006546,2025-02-28,PRD-0446,WH-001,Sales Issue,-11,SO-007432
MOV-006547,2025-02-21,PRD-0147,WH-003,Sales Issue,-17,SO-007434
MOV-006548,2026-01-05,PRD-0135,WH-005,Sales Issue,-9,SO-007435
MOV-006549,2026-02-14,PRD-0343,WH-001,Sales Issue,-13,SO-007436
MOV-006550,2026-05-11,PRD-0314,WH-004,Sales Issue,-7,SO-007437
MOV-006551,2025-07-22,PRD-0437,WH-003,Sales Issue,-13,SO-007439
MOV-006552,2025-12-10,PRD-0329,WH-005,Sales Issue,-25,SO-007440
MOV-006553,2026-04-30,PRD-0239,WH-003,Sales Issue,-3,SO-007441
MOV-006554,2026-06-08,PRD-0025,WH-002,Sales Issue,-25,SO-007442
MOV-006555,2025-10-20,PRD-0373,WH-002,Sales Issue,-25,SO-007443
MOV-006556,2025-01-07,PRD-0160,WH-001,Sales Issue,-29,SO-007446
MOV-006557,2026-02-21,PRD-0268,WH-004,Sales Issue,-24,SO-007447
MOV-006558,2026-03-01,PRD-0128,WH-002,Sales Issue,-24,SO-007449
MOV-006559,2026-01-16,PRD-0222,WH-005,Sales Issue,-21,SO-007451
MOV-006560,2026-06-23,PRD-0197,WH-003,Sales Issue,-27,SO-007453
MOV-006561,2025-07-02,PRD-0324,WH-002,Sales Issue,-3,SO-007454
MOV-006562,2026-08-09,PRD-0145,WH-005,Sales Issue,-1,SO-007455
MOV-006563,2025-12-18,PRD-0249,WH-005,Sales Issue,-6,SO-007456
MOV-006564,2025-12-08,PRD-0285,WH-004,Sales Issue,-19,SO-007457
MOV-006565,2025-12-13,PRD-0023,WH-004,Sales Issue,-26,SO-007458
MOV-006566,2026-07-02,PRD-0240,WH-002,Sales Issue,-10,SO-007459
MOV-006567,2025-02-05,PRD-0008,WH-005,Sales Issue,-11,SO-007460
MOV-006568,2025-03-03,PRD-0023,WH-004,Sales Issue,-17,SO-007461
MOV-006569,2025-09-08,PRD-0482,WH-005,Sales Issue,-19,SO-007462
MOV-006570,2025-12-16,PRD-0390,WH-005,Sales Issue,-29,SO-007463
MOV-006571,2025-01-30,PRD-0089,WH-002,Sales Issue,-22,SO-007465
MOV-006572,2025-11-09,PRD-0131,WH-003,Sales Issue,-1,SO-007466
MOV-006573,2025-02-11,PRD-0338,WH-003,Sales Issue,-8,SO-007467
MOV-006574,2025-11-20,PRD-0347,WH-004,Sales Issue,-15,SO-007468
MOV-006575,2025-04-27,PRD-0235,WH-004,Sales Issue,-1,SO-007469
MOV-006576,2025-05-28,PRD-0132,WH-003,Sales Issue,-18,SO-007470
MOV-006577,2025-04-29,PRD-0312,WH-002,Sales Issue,-11,SO-007471
MOV-006578,2025-02-24,PRD-0344,WH-004,Sales Issue,-3,SO-007472
MOV-006579,2025-06-12,PRD-0113,WH-005,Sales Issue,-12,SO-007473
MOV-006580,2026-03-22,PRD-0177,WH-005,Sales Issue,-9,SO-007474
MOV-006581,2025-01-27,PRD-0016,WH-001,Sales Issue,-4,SO-007476
MOV-006582,2024-11-09,PRD-0439,WH-004,Sales Issue,-22,SO-007477
MOV-006583,2024-12-24,PRD-0423,WH-003,Sales Issue,-10,SO-007478
MOV-006584,2025-09-05,PRD-0358,WH-004,Sales Issue,-27,SO-007479
MOV-006585,2025-02-04,PRD-0040,WH-003,Sales Issue,-5,SO-007480
MOV-006586,2025-08-13,PRD-0464,WH-001,Sales Issue,-22,SO-007481
MOV-006587,2025-05-14,PRD-0336,WH-004,Sales Issue,-4,SO-007483
MOV-006588,2026-08-07,PRD-0082,WH-001,Sales Issue,-20,SO-007484
MOV-006589,2025-01-30,PRD-0136,WH-001,Sales Issue,-9,SO-007485
MOV-006590,2025-05-12,PRD-0291,WH-005,Sales Issue,-25,SO-007486
MOV-006591,2025-10-11,PRD-0162,WH-001,Sales Issue,-24,SO-007487
MOV-006592,2026-08-02,PRD-0051,WH-003,Sales Issue,-23,SO-007488
MOV-006593,2026-06-24,PRD-0159,WH-005,Sales Issue,-24,SO-007489
MOV-006594,2026-02-11,PRD-0475,WH-003,Sales Issue,-5,SO-007491
MOV-006595,2026-07-28,PRD-0195,WH-004,Sales Issue,-19,SO-007492
MOV-006596,2025-09-26,PRD-0490,WH-005,Sales Issue,-20,SO-007493
MOV-006597,2026-05-03,PRD-0032,WH-004,Sales Issue,-29,SO-007494
MOV-006598,2025-06-11,PRD-0116,WH-005,Sales Issue,-13,SO-007495
MOV-006599,2025-05-01,PRD-0174,WH-001,Sales Issue,-11,SO-007496
MOV-006600,2026-07-10,PRD-0286,WH-002,Sales Issue,-9,SO-007497
MOV-006601,2024-11-08,PRD-0234,WH-004,Sales Issue,-9,SO-007498
MOV-006602,2025-01-25,PRD-0097,WH-001,Sales Issue,-26,SO-007501
MOV-006603,2025-12-22,PRD-0454,WH-005,Sales Issue,-12,SO-007503
MOV-006604,2025-04-12,PRD-0087,WH-003,Sales Issue,-12,SO-007504
MOV-006605,2025-05-10,PRD-0439,WH-004,Sales Issue,-2,SO-007506
MOV-006606,2026-04-19,PRD-0005,WH-001,Sales Issue,-2,SO-007507
MOV-006607,2025-12-05,PRD-0016,WH-001,Sales Issue,-12,SO-007508
MOV-006608,2025-09-30,PRD-0323,WH-005,Sales Issue,-10,SO-007509
MOV-006609,2026-02-15,PRD-0367,WH-005,Sales Issue,-4,SO-007511
MOV-006610,2025-06-11,PRD-0082,WH-001,Sales Issue,-4,SO-007512
MOV-006611,2024-12-17,PRD-0049,WH-005,Sales Issue,-23,SO-007513
MOV-006612,2026-02-18,PRD-0042,WH-004,Sales Issue,-27,SO-007515
MOV-006613,2026-07-03,PRD-0297,WH-004,Sales Issue,-12,SO-007517
MOV-006614,2025-06-08,PRD-0095,WH-002,Sales Issue,-1,SO-007518
MOV-006615,2024-11-13,PRD-0087,WH-003,Sales Issue,-12,SO-007519
MOV-006616,2025-08-24,PRD-0170,WH-002,Sales Issue,-13,SO-007521
MOV-006617,2026-03-06,PRD-0346,WH-002,Sales Issue,-17,SO-007522
MOV-006618,2026-04-16,PRD-0091,WH-004,Sales Issue,-20,SO-007523
MOV-006619,2024-11-17,PRD-0161,WH-002,Sales Issue,-29,SO-007524
MOV-006620,2025-09-06,PRD-0484,WH-001,Sales Issue,-23,SO-007525
MOV-006621,2026-04-14,PRD-0057,WH-004,Sales Issue,-29,SO-007526
MOV-006622,2026-05-18,PRD-0438,WH-002,Sales Issue,-26,SO-007528
MOV-006623,2025-12-02,PRD-0031,WH-005,Sales Issue,-14,SO-007529
MOV-006624,2025-05-18,PRD-0187,WH-001,Sales Issue,-17,SO-007530
MOV-006625,2025-12-30,PRD-0416,WH-004,Sales Issue,-6,SO-007531
MOV-006626,2024-12-31,PRD-0484,WH-001,Sales Issue,-15,SO-007532
MOV-006627,2026-05-04,PRD-0051,WH-003,Sales Issue,-4,SO-007534
MOV-006628,2024-10-07,PRD-0310,WH-003,Sales Issue,-1,SO-007535
MOV-006629,2025-09-02,PRD-0180,WH-005,Sales Issue,-16,SO-007536
MOV-006630,2025-05-26,PRD-0490,WH-005,Sales Issue,-7,SO-007537
MOV-006631,2025-04-13,PRD-0093,WH-001,Sales Issue,-3,SO-007538
MOV-006632,2026-06-14,PRD-0460,WH-002,Sales Issue,-28,SO-007539
MOV-006633,2026-03-08,PRD-0281,WH-003,Sales Issue,-16,SO-007540
MOV-006634,2025-03-05,PRD-0189,WH-003,Sales Issue,-20,SO-007541
MOV-006635,2025-12-28,PRD-0025,WH-002,Sales Issue,-6,SO-007542
MOV-006636,2025-03-04,PRD-0184,WH-003,Sales Issue,-22,SO-007543
MOV-006637,2025-05-10,PRD-0262,WH-002,Sales Issue,-27,SO-007544
MOV-006638,2026-01-11,PRD-0014,WH-003,Sales Issue,-16,SO-007545
MOV-006639,2026-04-26,PRD-0421,WH-004,Sales Issue,-28,SO-007546
MOV-006640,2026-02-09,PRD-0176,WH-002,Sales Issue,-20,SO-007547
MOV-006641,2025-11-07,PRD-0381,WH-001,Sales Issue,-5,SO-007548
MOV-006642,2026-04-30,PRD-0148,WH-004,Sales Issue,-18,SO-007549
MOV-006643,2025-05-16,PRD-0043,WH-002,Sales Issue,-28,SO-007550
MOV-006644,2026-01-18,PRD-0308,WH-004,Sales Issue,-12,SO-007551
MOV-006645,2025-08-23,PRD-0187,WH-001,Sales Issue,-10,SO-007552
MOV-006646,2024-12-17,PRD-0273,WH-002,Sales Issue,-22,SO-007553
MOV-006647,2026-01-16,PRD-0108,WH-002,Sales Issue,-21,SO-007555
MOV-006648,2025-05-27,PRD-0035,WH-001,Sales Issue,-27,SO-007556
MOV-006649,2024-12-08,PRD-0153,WH-004,Sales Issue,-27,SO-007557
MOV-006650,2025-04-26,PRD-0183,WH-004,Sales Issue,-19,SO-007558
MOV-006651,2026-09-23,PRD-0226,WH-001,Sales Issue,-18,SO-007559
MOV-006652,2024-12-29,PRD-0316,WH-004,Sales Issue,-7,SO-007560
MOV-006653,2026-09-11,PRD-0256,WH-002,Sales Issue,-14,SO-007561
MOV-006654,2024-12-09,PRD-0269,WH-004,Sales Issue,-18,SO-007562
MOV-006655,2025-08-27,PRD-0228,WH-002,Sales Issue,-4,SO-007563
MOV-006656,2024-11-18,PRD-0172,WH-004,Sales Issue,-4,SO-007564
MOV-006657,2025-12-15,PRD-0067,WH-003,Sales Issue,-15,SO-007565
MOV-006658,2025-03-22,PRD-0208,WH-005,Sales Issue,-21,SO-007566
MOV-006659,2024-10-30,PRD-0373,WH-002,Sales Issue,-2,SO-007567
MOV-006660,2025-04-22,PRD-0247,WH-003,Sales Issue,-25,SO-007568
MOV-006661,2024-12-10,PRD-0200,WH-001,Sales Issue,-20,SO-007571
MOV-006662,2025-03-04,PRD-0411,WH-001,Sales Issue,-17,SO-007572
MOV-006663,2025-01-14,PRD-0182,WH-001,Sales Issue,-13,SO-007573
MOV-006664,2026-04-04,PRD-0340,WH-001,Sales Issue,-19,SO-007574
MOV-006665,2026-03-30,PRD-0247,WH-003,Sales Issue,-15,SO-007575
MOV-006666,2026-08-04,PRD-0335,WH-001,Sales Issue,-2,SO-007577
MOV-006667,2025-01-31,PRD-0287,WH-003,Sales Issue,-26,SO-007578
MOV-006668,2026-07-17,PRD-0468,WH-001,Sales Issue,-17,SO-007579
MOV-006669,2025-08-27,PRD-0276,WH-001,Sales Issue,-6,SO-007580
MOV-006670,2025-02-16,PRD-0156,WH-003,Sales Issue,-21,SO-007581
MOV-006671,2025-05-14,PRD-0100,WH-001,Sales Issue,-22,SO-007583
MOV-006672,2025-01-15,PRD-0114,WH-001,Sales Issue,-14,SO-007584
MOV-006673,2024-12-12,PRD-0064,WH-005,Sales Issue,-8,SO-007585
MOV-006674,2025-04-05,PRD-0179,WH-003,Sales Issue,-9,SO-007586
MOV-006675,2026-07-25,PRD-0280,WH-005,Sales Issue,-30,SO-007587
MOV-006676,2026-03-06,PRD-0238,WH-005,Sales Issue,-12,SO-007588
MOV-006677,2026-07-25,PRD-0190,WH-003,Sales Issue,-7,SO-007589
MOV-006678,2025-01-24,PRD-0105,WH-003,Sales Issue,-25,SO-007590
MOV-006679,2025-10-12,PRD-0258,WH-003,Sales Issue,-13,SO-007591
MOV-006680,2025-12-27,PRD-0315,WH-004,Sales Issue,-4,SO-007592
MOV-006681,2026-08-16,PRD-0134,WH-002,Sales Issue,-13,SO-007593
MOV-006682,2025-08-29,PRD-0456,WH-001,Sales Issue,-2,SO-007594
MOV-006683,2025-10-30,PRD-0415,WH-003,Sales Issue,-23,SO-007595
MOV-006684,2025-02-03,PRD-0379,WH-002,Sales Issue,-4,SO-007596
MOV-006685,2025-09-28,PRD-0005,WH-001,Sales Issue,-22,SO-007597
MOV-006686,2026-07-10,PRD-0133,WH-005,Sales Issue,-11,SO-007599
MOV-006687,2025-10-30,PRD-0286,WH-002,Sales Issue,-12,SO-007600
MOV-006688,2026-05-27,PRD-0436,WH-004,Sales Issue,-13,SO-007601
MOV-006689,2026-06-20,PRD-0163,WH-004,Sales Issue,-15,SO-007602
MOV-006690,2025-05-07,PRD-0466,WH-005,Sales Issue,-7,SO-007603
MOV-006691,2025-01-21,PRD-0245,WH-003,Sales Issue,-10,SO-007604
MOV-006692,2025-05-20,PRD-0253,WH-001,Sales Issue,-20,SO-007605
MOV-006693,2025-12-30,PRD-0188,WH-005,Sales Issue,-9,SO-007606
MOV-006694,2026-09-12,PRD-0149,WH-004,Sales Issue,-23,SO-007607
MOV-006695,2024-10-01,PRD-0322,WH-001,Sales Issue,-4,SO-007608
MOV-006696,2025-05-31,PRD-0177,WH-005,Sales Issue,-23,SO-007609
MOV-006697,2026-08-06,PRD-0229,WH-002,Sales Issue,-9,SO-007610
MOV-006698,2025-05-04,PRD-0236,WH-002,Sales Issue,-20,SO-007611
MOV-006699,2025-12-18,PRD-0248,WH-001,Sales Issue,-8,SO-007612
MOV-006700,2025-08-29,PRD-0058,WH-003,Sales Issue,-11,SO-007613
MOV-006701,2025-06-30,PRD-0024,WH-005,Sales Issue,-19,SO-007614
MOV-006702,2026-05-10,PRD-0343,WH-001,Sales Issue,-27,SO-007615
MOV-006703,2024-11-02,PRD-0457,WH-004,Sales Issue,-6,SO-007616
MOV-006704,2026-01-14,PRD-0223,WH-002,Sales Issue,-9,SO-007617
MOV-006705,2024-10-25,PRD-0002,WH-001,Sales Issue,-26,SO-007619
MOV-006706,2025-10-05,PRD-0497,WH-003,Sales Issue,-24,SO-007620
MOV-006707,2026-02-04,PRD-0248,WH-001,Sales Issue,-16,SO-007621
MOV-006708,2026-05-18,PRD-0022,WH-002,Sales Issue,-19,SO-007622
MOV-006709,2025-03-12,PRD-0356,WH-001,Sales Issue,-20,SO-007623
MOV-006710,2025-06-28,PRD-0022,WH-002,Sales Issue,-1,SO-007624
MOV-006711,2025-05-13,PRD-0348,WH-004,Sales Issue,-21,SO-007625
MOV-006712,2025-07-10,PRD-0063,WH-004,Sales Issue,-2,SO-007626
MOV-006713,2024-10-21,PRD-0020,WH-001,Sales Issue,-19,SO-007627
MOV-006714,2026-09-30,PRD-0328,WH-001,Sales Issue,-23,SO-007628
MOV-006715,2025-12-13,PRD-0343,WH-001,Sales Issue,-7,SO-007629
MOV-006716,2025-10-23,PRD-0177,WH-005,Sales Issue,-24,SO-007630
MOV-006717,2024-12-25,PRD-0099,WH-002,Sales Issue,-23,SO-007631
MOV-006718,2025-12-27,PRD-0051,WH-003,Sales Issue,-17,SO-007632
MOV-006719,2026-05-26,PRD-0020,WH-001,Sales Issue,-25,SO-007633
MOV-006720,2025-11-03,PRD-0256,WH-002,Sales Issue,-12,SO-007634
MOV-006721,2026-08-29,PRD-0260,WH-002,Sales Issue,-9,SO-007635
MOV-006722,2026-05-29,PRD-0007,WH-004,Sales Issue,-23,SO-007637
MOV-006723,2026-05-25,PRD-0049,WH-005,Sales Issue,-30,SO-007638
MOV-006724,2024-11-27,PRD-0035,WH-001,Sales Issue,-19,SO-007640
MOV-006725,2025-05-23,PRD-0265,WH-004,Sales Issue,-28,SO-007642
MOV-006726,2026-09-27,PRD-0111,WH-003,Sales Issue,-19,SO-007643
MOV-006727,2026-05-25,PRD-0483,WH-002,Sales Issue,-21,SO-007644
MOV-006728,2026-05-30,PRD-0367,WH-005,Sales Issue,-6,SO-007645
MOV-006729,2024-11-30,PRD-0185,WH-004,Sales Issue,-5,SO-007649
MOV-006730,2024-10-24,PRD-0293,WH-004,Sales Issue,-3,SO-007650
MOV-006731,2025-01-17,PRD-0014,WH-003,Sales Issue,-12,SO-007651
MOV-006732,2025-04-27,PRD-0244,WH-002,Sales Issue,-25,SO-007653
MOV-006733,2025-06-30,PRD-0047,WH-002,Sales Issue,-12,SO-007654
MOV-006734,2026-09-10,PRD-0310,WH-003,Sales Issue,-29,SO-007655
MOV-006735,2026-06-11,PRD-0287,WH-003,Sales Issue,-11,SO-007657
MOV-006736,2025-08-20,PRD-0004,WH-002,Sales Issue,-7,SO-007658
MOV-006737,2025-10-04,PRD-0085,WH-001,Sales Issue,-7,SO-007660
MOV-006738,2025-11-23,PRD-0011,WH-002,Sales Issue,-16,SO-007661
MOV-006739,2025-01-20,PRD-0156,WH-003,Sales Issue,-20,SO-007662
MOV-006740,2026-05-17,PRD-0110,WH-005,Sales Issue,-6,SO-007664
MOV-006741,2026-07-05,PRD-0405,WH-001,Sales Issue,-15,SO-007665
MOV-006742,2025-08-03,PRD-0019,WH-004,Sales Issue,-27,SO-007668
MOV-006743,2025-10-16,PRD-0250,WH-004,Sales Issue,-11,SO-007669
MOV-006744,2026-07-23,PRD-0213,WH-004,Sales Issue,-10,SO-007670
MOV-006745,2025-02-02,PRD-0229,WH-002,Sales Issue,-14,SO-007671
MOV-006746,2026-08-21,PRD-0042,WH-004,Sales Issue,-29,SO-007672
MOV-006747,2025-02-21,PRD-0432,WH-005,Sales Issue,-22,SO-007674
MOV-006748,2026-06-06,PRD-0151,WH-001,Sales Issue,-3,SO-007675
MOV-006749,2025-08-14,PRD-0256,WH-002,Sales Issue,-24,SO-007676
MOV-006750,2025-03-13,PRD-0210,WH-005,Sales Issue,-14,SO-007677
MOV-006751,2024-12-09,PRD-0338,WH-003,Sales Issue,-29,SO-007678
MOV-006752,2025-07-15,PRD-0267,WH-005,Sales Issue,-22,SO-007679
MOV-006753,2025-06-04,PRD-0444,WH-002,Sales Issue,-15,SO-007680
MOV-006754,2025-01-31,PRD-0271,WH-003,Sales Issue,-18,SO-007681
MOV-006755,2025-06-30,PRD-0244,WH-002,Sales Issue,-27,SO-007682
MOV-006756,2026-05-09,PRD-0107,WH-002,Sales Issue,-12,SO-007683
MOV-006757,2024-12-16,PRD-0111,WH-003,Sales Issue,-25,SO-007685
MOV-006758,2026-07-30,PRD-0162,WH-001,Sales Issue,-5,SO-007686
MOV-006759,2026-07-14,PRD-0352,WH-001,Sales Issue,-2,SO-007688
MOV-006760,2025-07-08,PRD-0272,WH-001,Sales Issue,-19,SO-007690
MOV-006761,2026-09-01,PRD-0029,WH-005,Sales Issue,-2,SO-007691
MOV-006762,2024-11-01,PRD-0363,WH-001,Sales Issue,-16,SO-007692
MOV-006763,2026-08-17,PRD-0218,WH-003,Sales Issue,-8,SO-007693
MOV-006764,2026-08-06,PRD-0156,WH-003,Sales Issue,-3,SO-007694
MOV-006765,2026-06-21,PRD-0395,WH-004,Sales Issue,-19,SO-007695
MOV-006766,2025-01-01,PRD-0055,WH-001,Sales Issue,-27,SO-007696
MOV-006767,2026-01-28,PRD-0395,WH-004,Sales Issue,-30,SO-007698
MOV-006768,2025-04-30,PRD-0016,WH-001,Sales Issue,-15,SO-007699
MOV-006769,2025-01-13,PRD-0083,WH-004,Sales Issue,-22,SO-007700
MOV-006770,2026-01-10,PRD-0044,WH-001,Sales Issue,-23,SO-007701
MOV-006771,2026-07-20,PRD-0281,WH-003,Sales Issue,-13,SO-007702
MOV-006772,2026-06-19,PRD-0373,WH-002,Sales Issue,-21,SO-007703
MOV-006773,2025-11-20,PRD-0040,WH-003,Sales Issue,-16,SO-007704
MOV-006774,2026-04-05,PRD-0425,WH-002,Sales Issue,-12,SO-007705
MOV-006775,2025-06-16,PRD-0227,WH-003,Sales Issue,-21,SO-007706
MOV-006776,2025-08-04,PRD-0245,WH-003,Sales Issue,-15,SO-007709
MOV-006777,2025-02-20,PRD-0132,WH-003,Sales Issue,-6,SO-007710
MOV-006778,2026-09-13,PRD-0315,WH-004,Sales Issue,-20,SO-007713
MOV-006779,2025-09-10,PRD-0317,WH-002,Sales Issue,-16,SO-007714
MOV-006780,2025-05-24,PRD-0475,WH-003,Sales Issue,-9,SO-007715
MOV-006781,2025-04-22,PRD-0290,WH-003,Sales Issue,-18,SO-007717
MOV-006782,2025-01-17,PRD-0497,WH-003,Sales Issue,-7,SO-007719
MOV-006783,2025-08-22,PRD-0110,WH-005,Sales Issue,-14,SO-007720
MOV-006784,2025-11-17,PRD-0455,WH-005,Sales Issue,-29,SO-007721
MOV-006785,2025-07-30,PRD-0428,WH-005,Sales Issue,-13,SO-007722
MOV-006786,2024-10-31,PRD-0006,WH-004,Sales Issue,-9,SO-007723
MOV-006787,2025-06-11,PRD-0221,WH-004,Sales Issue,-24,SO-007724
MOV-006788,2025-07-27,PRD-0476,WH-001,Sales Issue,-21,SO-007725
MOV-006789,2024-10-18,PRD-0361,WH-003,Sales Issue,-19,SO-007726
MOV-006790,2025-11-30,PRD-0471,WH-005,Sales Issue,-13,SO-007727
MOV-006791,2025-04-02,PRD-0491,WH-004,Sales Issue,-25,SO-007729
MOV-006792,2025-09-01,PRD-0093,WH-001,Sales Issue,-8,SO-007730
MOV-006793,2026-03-11,PRD-0131,WH-003,Sales Issue,-11,SO-007731
MOV-006794,2026-04-17,PRD-0483,WH-002,Sales Issue,-3,SO-007732
MOV-006795,2026-09-28,PRD-0365,WH-002,Sales Issue,-27,SO-007733
MOV-006796,2026-04-06,PRD-0368,WH-004,Sales Issue,-11,SO-007734
MOV-006797,2025-11-23,PRD-0027,WH-001,Sales Issue,-18,SO-007735
MOV-006798,2024-10-22,PRD-0156,WH-003,Sales Issue,-29,SO-007736
MOV-006799,2025-09-03,PRD-0059,WH-004,Sales Issue,-27,SO-007737
MOV-006800,2025-04-21,PRD-0239,WH-003,Sales Issue,-8,SO-007739
MOV-006801,2026-06-02,PRD-0025,WH-002,Sales Issue,-30,SO-007740
MOV-006802,2025-11-18,PRD-0153,WH-004,Sales Issue,-25,SO-007741
MOV-006803,2026-06-16,PRD-0090,WH-001,Sales Issue,-10,SO-007743
MOV-006804,2024-12-23,PRD-0375,WH-005,Sales Issue,-9,SO-007744
MOV-006805,2026-02-08,PRD-0133,WH-005,Sales Issue,-10,SO-007745
MOV-006806,2025-09-15,PRD-0125,WH-005,Sales Issue,-23,SO-007746
MOV-006807,2026-05-15,PRD-0109,WH-001,Sales Issue,-10,SO-007748
MOV-006808,2026-05-25,PRD-0149,WH-004,Sales Issue,-9,SO-007749
MOV-006809,2024-12-17,PRD-0276,WH-001,Sales Issue,-11,SO-007750
MOV-006810,2025-03-20,PRD-0182,WH-001,Sales Issue,-23,SO-007751
MOV-006811,2025-09-25,PRD-0498,WH-003,Sales Issue,-25,SO-007752
MOV-006812,2024-12-19,PRD-0432,WH-005,Sales Issue,-24,SO-007754
MOV-006813,2026-04-19,PRD-0117,WH-004,Sales Issue,-14,SO-007755
MOV-006814,2026-05-17,PRD-0200,WH-001,Sales Issue,-16,SO-007756
MOV-006815,2026-07-03,PRD-0233,WH-005,Sales Issue,-16,SO-007757
MOV-006816,2026-07-11,PRD-0424,WH-001,Sales Issue,-1,SO-007759
MOV-006817,2025-07-31,PRD-0293,WH-004,Sales Issue,-24,SO-007760
MOV-006818,2025-04-03,PRD-0275,WH-004,Sales Issue,-9,SO-007761
MOV-006819,2024-12-31,PRD-0052,WH-002,Sales Issue,-3,SO-007762
MOV-006820,2026-05-27,PRD-0404,WH-005,Sales Issue,-25,SO-007763
MOV-006821,2026-07-25,PRD-0138,WH-002,Sales Issue,-14,SO-007764
MOV-006822,2026-01-10,PRD-0113,WH-005,Sales Issue,-8,SO-007765
MOV-006823,2025-09-24,PRD-0009,WH-001,Sales Issue,-19,SO-007767
MOV-006824,2025-08-12,PRD-0283,WH-005,Sales Issue,-8,SO-007768
MOV-006825,2025-04-29,PRD-0109,WH-001,Sales Issue,-7,SO-007769
MOV-006826,2025-07-03,PRD-0173,WH-004,Sales Issue,-6,SO-007771
MOV-006827,2024-12-14,PRD-0379,WH-002,Sales Issue,-9,SO-007772
MOV-006828,2024-12-13,PRD-0251,WH-002,Sales Issue,-29,SO-007773
MOV-006829,2026-03-19,PRD-0429,WH-003,Sales Issue,-9,SO-007774
MOV-006830,2025-05-25,PRD-0220,WH-001,Sales Issue,-21,SO-007775
MOV-006831,2024-12-29,PRD-0050,WH-005,Sales Issue,-6,SO-007776
MOV-006832,2026-08-06,PRD-0368,WH-004,Sales Issue,-16,SO-007777
MOV-006833,2025-05-28,PRD-0242,WH-003,Sales Issue,-4,SO-007778
MOV-006834,2025-03-05,PRD-0138,WH-002,Sales Issue,-30,SO-007779
MOV-006835,2025-04-05,PRD-0438,WH-002,Sales Issue,-20,SO-007780
MOV-006836,2025-05-03,PRD-0232,WH-005,Sales Issue,-14,SO-007781
MOV-006837,2024-10-15,PRD-0111,WH-003,Sales Issue,-26,SO-007782
MOV-006838,2025-12-19,PRD-0402,WH-002,Sales Issue,-21,SO-007783
MOV-006839,2025-08-18,PRD-0470,WH-004,Sales Issue,-28,SO-007784
MOV-006840,2025-03-25,PRD-0289,WH-002,Sales Issue,-12,SO-007785
MOV-006841,2026-06-11,PRD-0184,WH-003,Sales Issue,-11,SO-007786
MOV-006842,2026-07-13,PRD-0292,WH-002,Sales Issue,-4,SO-007787
MOV-006843,2025-01-09,PRD-0112,WH-005,Sales Issue,-4,SO-007788
MOV-006844,2025-12-02,PRD-0499,WH-004,Sales Issue,-1,SO-007789
MOV-006845,2026-09-12,PRD-0281,WH-003,Sales Issue,-28,SO-007790
MOV-006846,2025-04-30,PRD-0361,WH-003,Sales Issue,-23,SO-007791
MOV-006847,2025-02-22,PRD-0382,WH-005,Sales Issue,-28,SO-007792
MOV-006848,2026-02-12,PRD-0069,WH-002,Sales Issue,-18,SO-007793
MOV-006849,2026-01-18,PRD-0034,WH-003,Sales Issue,-19,SO-007794
MOV-006850,2025-03-13,PRD-0430,WH-002,Sales Issue,-21,SO-007795
MOV-006851,2025-07-23,PRD-0325,WH-005,Sales Issue,-1,SO-007796
MOV-006852,2024-12-20,PRD-0246,WH-003,Sales Issue,-14,SO-007797
MOV-006853,2026-04-19,PRD-0149,WH-004,Sales Issue,-11,SO-007798
MOV-006854,2026-03-23,PRD-0107,WH-002,Sales Issue,-24,SO-007799
MOV-006855,2025-11-28,PRD-0078,WH-001,Sales Issue,-11,SO-007800
MOV-006856,2025-10-26,PRD-0310,WH-003,Sales Issue,-13,SO-007802
MOV-006857,2026-06-20,PRD-0286,WH-002,Sales Issue,-15,SO-007803
MOV-006858,2026-07-13,PRD-0363,WH-001,Sales Issue,-9,SO-007804
MOV-006859,2026-05-15,PRD-0267,WH-005,Sales Issue,-4,SO-007805
MOV-006860,2026-01-23,PRD-0154,WH-002,Sales Issue,-27,SO-007806
MOV-006861,2025-10-24,PRD-0346,WH-002,Sales Issue,-7,SO-007807
MOV-006862,2025-03-24,PRD-0163,WH-004,Sales Issue,-23,SO-007809
MOV-006863,2026-02-04,PRD-0328,WH-001,Sales Issue,-6,SO-007810
MOV-006864,2026-05-21,PRD-0491,WH-004,Sales Issue,-19,SO-007811
MOV-006865,2025-09-26,PRD-0337,WH-001,Sales Issue,-15,SO-007812
MOV-006866,2024-11-04,PRD-0213,WH-004,Sales Issue,-8,SO-007813
MOV-006867,2026-07-11,PRD-0193,WH-003,Sales Issue,-26,SO-007814
MOV-006868,2025-08-03,PRD-0396,WH-005,Sales Issue,-23,SO-007815
MOV-006869,2025-09-25,PRD-0468,WH-001,Sales Issue,-9,SO-007816
MOV-006870,2026-01-22,PRD-0041,WH-003,Sales Issue,-23,SO-007817
MOV-006871,2025-05-21,PRD-0093,WH-001,Sales Issue,-12,SO-007818
MOV-006872,2025-12-01,PRD-0016,WH-001,Sales Issue,-25,SO-007819
MOV-006873,2026-04-10,PRD-0221,WH-004,Sales Issue,-18,SO-007820
MOV-006874,2026-03-24,PRD-0056,WH-004,Sales Issue,-5,SO-007821
MOV-006875,2026-04-05,PRD-0410,WH-002,Sales Issue,-3,SO-007822
MOV-006876,2025-04-24,PRD-0487,WH-003,Sales Issue,-8,SO-007823
MOV-006877,2025-11-11,PRD-0350,WH-001,Sales Issue,-15,SO-007824
MOV-006878,2025-02-02,PRD-0155,WH-005,Sales Issue,-9,SO-007825
MOV-006879,2026-07-02,PRD-0050,WH-005,Sales Issue,-14,SO-007826
MOV-006880,2025-11-27,PRD-0359,WH-004,Sales Issue,-21,SO-007827
MOV-006881,2026-06-15,PRD-0357,WH-004,Sales Issue,-12,SO-007828
MOV-006882,2025-08-08,PRD-0243,WH-003,Sales Issue,-10,SO-007830
MOV-006883,2024-12-31,PRD-0444,WH-002,Sales Issue,-20,SO-007831
MOV-006884,2025-04-29,PRD-0317,WH-002,Sales Issue,-8,SO-007832
MOV-006885,2025-04-06,PRD-0141,WH-001,Sales Issue,-23,SO-007833
MOV-006886,2025-03-20,PRD-0431,WH-002,Sales Issue,-8,SO-007835
MOV-006887,2026-06-18,PRD-0458,WH-001,Sales Issue,-30,SO-007836
MOV-006888,2026-08-07,PRD-0129,WH-003,Sales Issue,-23,SO-007837
MOV-006889,2024-11-30,PRD-0412,WH-002,Sales Issue,-4,SO-007838
MOV-006890,2025-02-10,PRD-0094,WH-003,Sales Issue,-14,SO-007840
MOV-006891,2025-07-04,PRD-0392,WH-003,Sales Issue,-9,SO-007841
MOV-006892,2025-05-15,PRD-0200,WH-001,Sales Issue,-30,SO-007842
MOV-006893,2026-05-03,PRD-0428,WH-005,Sales Issue,-18,SO-007843
MOV-006894,2026-01-14,PRD-0397,WH-004,Sales Issue,-22,SO-007844
MOV-006895,2026-09-29,PRD-0408,WH-002,Sales Issue,-8,SO-007845
MOV-006896,2025-01-20,PRD-0498,WH-003,Sales Issue,-9,SO-007846
MOV-006897,2025-09-01,PRD-0378,WH-002,Sales Issue,-11,SO-007847
MOV-006898,2026-09-27,PRD-0287,WH-003,Sales Issue,-29,SO-007848
MOV-006899,2025-12-18,PRD-0244,WH-002,Sales Issue,-13,SO-007849
MOV-006900,2026-07-20,PRD-0221,WH-004,Sales Issue,-26,SO-007850
MOV-006901,2025-02-12,PRD-0366,WH-001,Sales Issue,-30,SO-007851
MOV-006902,2026-09-01,PRD-0081,WH-004,Sales Issue,-29,SO-007853
MOV-006903,2025-06-25,PRD-0048,WH-003,Sales Issue,-20,SO-007855
MOV-006904,2025-03-13,PRD-0043,WH-002,Sales Issue,-28,SO-007856
MOV-006905,2026-01-21,PRD-0169,WH-003,Sales Issue,-25,SO-007857
MOV-006906,2026-07-11,PRD-0164,WH-002,Sales Issue,-2,SO-007858
MOV-006907,2026-06-20,PRD-0094,WH-003,Sales Issue,-20,SO-007859
MOV-006908,2026-03-27,PRD-0339,WH-002,Sales Issue,-28,SO-007860
MOV-006909,2026-03-31,PRD-0243,WH-003,Sales Issue,-28,SO-007862
MOV-006910,2025-03-01,PRD-0417,WH-003,Sales Issue,-19,SO-007863
MOV-006911,2026-09-06,PRD-0080,WH-003,Sales Issue,-9,SO-007864
MOV-006912,2026-08-24,PRD-0198,WH-002,Sales Issue,-19,SO-007865
MOV-006913,2026-04-17,PRD-0113,WH-005,Sales Issue,-14,SO-007866
MOV-006914,2024-12-17,PRD-0030,WH-005,Sales Issue,-22,SO-007867
MOV-006915,2024-11-04,PRD-0355,WH-002,Sales Issue,-12,SO-007868
MOV-006916,2024-10-10,PRD-0361,WH-003,Sales Issue,-23,SO-007869
MOV-006917,2025-10-10,PRD-0140,WH-005,Sales Issue,-26,SO-007871
MOV-006918,2025-05-26,PRD-0475,WH-003,Sales Issue,-14,SO-007872
MOV-006919,2025-03-28,PRD-0342,WH-001,Sales Issue,-16,SO-007873
MOV-006920,2026-04-20,PRD-0216,WH-005,Sales Issue,-7,SO-007874
MOV-006921,2025-10-06,PRD-0280,WH-005,Sales Issue,-9,SO-007875
MOV-006922,2025-04-04,PRD-0392,WH-003,Sales Issue,-9,SO-007876
MOV-006923,2025-10-21,PRD-0135,WH-005,Sales Issue,-2,SO-007877
MOV-006924,2025-05-25,PRD-0332,WH-004,Sales Issue,-18,SO-007878
MOV-006925,2025-01-31,PRD-0198,WH-002,Sales Issue,-24,SO-007879
MOV-006926,2025-11-03,PRD-0273,WH-002,Sales Issue,-24,SO-007880
MOV-006927,2025-02-16,PRD-0057,WH-004,Sales Issue,-18,SO-007881
MOV-006928,2025-08-31,PRD-0172,WH-004,Sales Issue,-10,SO-007882
MOV-006929,2025-12-21,PRD-0351,WH-002,Sales Issue,-27,SO-007883
MOV-006930,2026-06-11,PRD-0482,WH-005,Sales Issue,-26,SO-007884
MOV-006931,2026-01-04,PRD-0079,WH-001,Sales Issue,-12,SO-007885
MOV-006932,2024-12-07,PRD-0082,WH-001,Sales Issue,-4,SO-007887
MOV-006933,2026-03-25,PRD-0082,WH-001,Sales Issue,-9,SO-007888
MOV-006934,2025-10-25,PRD-0239,WH-003,Sales Issue,-1,SO-007890
MOV-006935,2025-02-16,PRD-0166,WH-004,Sales Issue,-3,SO-007891
MOV-006936,2024-11-15,PRD-0109,WH-001,Sales Issue,-26,SO-007892
MOV-006937,2025-02-10,PRD-0394,WH-005,Sales Issue,-8,SO-007893
MOV-006938,2025-05-06,PRD-0412,WH-002,Sales Issue,-16,SO-007894
MOV-006939,2025-11-29,PRD-0047,WH-002,Sales Issue,-19,SO-007895
MOV-006940,2025-12-04,PRD-0012,WH-005,Sales Issue,-12,SO-007898
MOV-006941,2025-05-29,PRD-0212,WH-005,Sales Issue,-12,SO-007899
MOV-006942,2025-07-23,PRD-0021,WH-005,Sales Issue,-24,SO-007900
MOV-006943,2026-07-11,PRD-0473,WH-002,Sales Issue,-21,SO-007903
MOV-006944,2024-11-21,PRD-0223,WH-002,Sales Issue,-8,SO-007906
MOV-006945,2026-02-19,PRD-0039,WH-002,Sales Issue,-1,SO-007907
MOV-006946,2024-12-17,PRD-0411,WH-001,Sales Issue,-26,SO-007908
MOV-006947,2025-12-03,PRD-0211,WH-005,Sales Issue,-16,SO-007909
MOV-006948,2025-10-20,PRD-0268,WH-004,Sales Issue,-1,SO-007910
MOV-006949,2025-05-18,PRD-0067,WH-003,Sales Issue,-29,SO-007911
MOV-006950,2025-02-22,PRD-0346,WH-002,Sales Issue,-27,SO-007912
MOV-006951,2024-10-15,PRD-0103,WH-003,Sales Issue,-29,SO-007913
MOV-006952,2025-06-01,PRD-0191,WH-004,Sales Issue,-6,SO-007914
MOV-006953,2026-05-24,PRD-0241,WH-003,Sales Issue,-8,SO-007915
MOV-006954,2025-04-08,PRD-0499,WH-004,Sales Issue,-1,SO-007916
MOV-006955,2025-05-16,PRD-0403,WH-003,Sales Issue,-10,SO-007917
MOV-006956,2026-09-21,PRD-0327,WH-005,Sales Issue,-16,SO-007918
MOV-006957,2026-04-13,PRD-0288,WH-004,Sales Issue,-18,SO-007919
MOV-006958,2024-11-03,PRD-0072,WH-005,Sales Issue,-30,SO-007920
MOV-006959,2025-05-06,PRD-0055,WH-001,Sales Issue,-12,SO-007921
MOV-006960,2025-12-07,PRD-0362,WH-003,Sales Issue,-11,SO-007922
MOV-006961,2026-03-30,PRD-0354,WH-005,Sales Issue,-16,SO-007923
MOV-006962,2025-07-13,PRD-0101,WH-003,Sales Issue,-2,SO-007924
MOV-006963,2025-05-26,PRD-0456,WH-001,Sales Issue,-20,SO-007925
MOV-006964,2025-03-29,PRD-0483,WH-002,Sales Issue,-13,SO-007926
MOV-006965,2025-01-09,PRD-0090,WH-001,Sales Issue,-24,SO-007928
MOV-006966,2026-02-02,PRD-0440,WH-005,Sales Issue,-9,SO-007930
MOV-006967,2025-02-10,PRD-0412,WH-002,Sales Issue,-24,SO-007931
MOV-006968,2026-08-27,PRD-0306,WH-001,Sales Issue,-24,SO-007933
MOV-006969,2026-04-19,PRD-0254,WH-004,Sales Issue,-1,SO-007934
MOV-006970,2024-10-28,PRD-0151,WH-001,Sales Issue,-14,SO-007935
MOV-006971,2026-07-27,PRD-0316,WH-004,Sales Issue,-17,SO-007936
MOV-006972,2024-10-28,PRD-0421,WH-004,Sales Issue,-23,SO-007937
MOV-006973,2025-10-22,PRD-0330,WH-001,Sales Issue,-24,SO-007939
MOV-006974,2025-08-03,PRD-0389,WH-004,Sales Issue,-1,SO-007940
MOV-006975,2025-08-05,PRD-0320,WH-005,Sales Issue,-28,SO-007941
MOV-006976,2026-06-02,PRD-0357,WH-004,Sales Issue,-30,SO-007942
MOV-006977,2026-01-19,PRD-0226,WH-001,Sales Issue,-24,SO-007943
MOV-006978,2025-07-09,PRD-0114,WH-001,Sales Issue,-28,SO-007944
MOV-006979,2024-12-09,PRD-0343,WH-001,Sales Issue,-9,SO-007945
MOV-006980,2025-07-25,PRD-0113,WH-005,Sales Issue,-28,SO-007946
MOV-006981,2025-09-25,PRD-0002,WH-001,Sales Issue,-26,SO-007947
MOV-006982,2025-10-02,PRD-0324,WH-002,Sales Issue,-30,SO-007949
MOV-006983,2025-06-13,PRD-0235,WH-004,Sales Issue,-8,SO-007950
MOV-006984,2026-04-29,PRD-0108,WH-002,Sales Issue,-29,SO-007951
MOV-006985,2025-01-26,PRD-0465,WH-004,Sales Issue,-11,SO-007952
MOV-006986,2026-09-23,PRD-0232,WH-005,Sales Issue,-19,SO-007953
MOV-006987,2026-07-18,PRD-0214,WH-003,Sales Issue,-5,SO-007954
MOV-006988,2025-02-09,PRD-0147,WH-003,Sales Issue,-18,SO-007956
MOV-006989,2025-04-13,PRD-0279,WH-001,Sales Issue,-6,SO-007957
MOV-006990,2025-08-07,PRD-0009,WH-001,Sales Issue,-13,SO-007958
MOV-006991,2026-07-14,PRD-0196,WH-003,Sales Issue,-1,SO-007959
MOV-006992,2026-09-30,PRD-0134,WH-002,Sales Issue,-16,SO-007960
MOV-006993,2025-07-14,PRD-0163,WH-004,Sales Issue,-5,SO-007961
MOV-006994,2026-02-06,PRD-0260,WH-002,Sales Issue,-26,SO-007965
MOV-006995,2025-10-29,PRD-0041,WH-003,Sales Issue,-13,SO-007966
MOV-006996,2026-01-20,PRD-0086,WH-002,Sales Issue,-17,SO-007967
MOV-006997,2025-01-26,PRD-0240,WH-002,Sales Issue,-30,SO-007968
MOV-006998,2026-03-04,PRD-0500,WH-003,Sales Issue,-14,SO-007969
MOV-006999,2025-12-19,PRD-0259,WH-001,Sales Issue,-29,SO-007971
MOV-007000,2025-09-17,PRD-0230,WH-005,Sales Issue,-18,SO-007972
MOV-007001,2026-07-09,PRD-0031,WH-005,Sales Issue,-9,SO-007973
MOV-007002,2024-11-29,PRD-0482,WH-005,Sales Issue,-19,SO-007974
MOV-007003,2024-12-04,PRD-0022,WH-002,Sales Issue,-16,SO-007975
MOV-007004,2024-11-29,PRD-0446,WH-001,Sales Issue,-17,SO-007976
MOV-007005,2026-08-17,PRD-0161,WH-002,Sales Issue,-1,SO-007977
MOV-007006,2026-04-26,PRD-0196,WH-003,Sales Issue,-22,SO-007978
MOV-007007,2025-01-24,PRD-0469,WH-001,Sales Issue,-10,SO-007979
MOV-007008,2025-03-15,PRD-0275,WH-004,Sales Issue,-4,SO-007980
MOV-007009,2025-02-20,PRD-0315,WH-004,Sales Issue,-17,SO-007981
MOV-007010,2024-12-21,PRD-0195,WH-004,Sales Issue,-27,SO-007983
MOV-007011,2024-11-26,PRD-0091,WH-004,Sales Issue,-14,SO-007984
MOV-007012,2025-01-05,PRD-0146,WH-004,Sales Issue,-13,SO-007985
MOV-007013,2025-08-28,PRD-0309,WH-003,Sales Issue,-5,SO-007986
MOV-007014,2024-12-24,PRD-0247,WH-003,Sales Issue,-26,SO-007987
MOV-007015,2026-04-15,PRD-0390,WH-005,Sales Issue,-22,SO-007988
MOV-007016,2025-10-08,PRD-0106,WH-002,Sales Issue,-24,SO-007989
MOV-007017,2025-11-29,PRD-0034,WH-003,Sales Issue,-13,SO-007990
MOV-007018,2025-09-29,PRD-0224,WH-001,Sales Issue,-11,SO-007991
MOV-007019,2026-04-03,PRD-0363,WH-001,Sales Issue,-6,SO-007992
MOV-007020,2026-08-05,PRD-0214,WH-003,Sales Issue,-2,SO-007993
MOV-007021,2024-11-02,PRD-0281,WH-003,Sales Issue,-17,SO-007994
MOV-007022,2026-07-20,PRD-0179,WH-003,Sales Issue,-17,SO-007996
MOV-007023,2026-02-23,PRD-0068,WH-004,Sales Issue,-14,SO-007997
MOV-007024,2025-11-12,PRD-0027,WH-001,Sales Issue,-20,SO-007998
MOV-007025,2025-07-05,PRD-0177,WH-005,Sales Issue,-13,SO-007999
MOV-007026,2024-10-12,PRD-0059,WH-004,Sales Issue,-5,SO-008002
MOV-007027,2025-11-26,PRD-0345,WH-003,Sales Issue,-8,SO-008003
MOV-007028,2026-07-25,PRD-0228,WH-002,Sales Issue,-13,SO-008004
MOV-007029,2025-12-17,PRD-0146,WH-004,Sales Issue,-17,SO-008005
MOV-007030,2026-09-29,PRD-0385,WH-003,Sales Issue,-20,SO-008006
MOV-007031,2026-06-23,PRD-0098,WH-001,Sales Issue,-5,SO-008007
MOV-007032,2025-08-07,PRD-0125,WH-005,Sales Issue,-9,SO-008008
MOV-007033,2025-06-05,PRD-0157,WH-003,Sales Issue,-29,SO-008010
MOV-007034,2026-02-01,PRD-0071,WH-001,Sales Issue,-12,SO-008011
MOV-007035,2026-08-19,PRD-0065,WH-003,Sales Issue,-6,SO-008012
MOV-007036,2026-04-29,PRD-0190,WH-003,Sales Issue,-28,SO-008013
MOV-007037,2026-08-06,PRD-0103,WH-003,Sales Issue,-26,SO-008014
MOV-007038,2025-08-29,PRD-0189,WH-003,Sales Issue,-2,SO-008015
MOV-007039,2024-11-15,PRD-0030,WH-005,Sales Issue,-22,SO-008016
MOV-007040,2025-10-31,PRD-0016,WH-001,Sales Issue,-17,SO-008018
MOV-007041,2024-11-04,PRD-0350,WH-001,Sales Issue,-12,SO-008019
MOV-007042,2025-02-09,PRD-0029,WH-005,Sales Issue,-19,SO-008020
MOV-007043,2026-02-18,PRD-0472,WH-001,Sales Issue,-7,SO-008021
MOV-007044,2026-07-13,PRD-0468,WH-001,Sales Issue,-6,SO-008022
MOV-007045,2024-11-21,PRD-0301,WH-003,Sales Issue,-16,SO-008023
MOV-007046,2025-08-05,PRD-0078,WH-001,Sales Issue,-15,SO-008024
MOV-007047,2026-04-06,PRD-0094,WH-003,Sales Issue,-14,SO-008026
MOV-007048,2025-04-07,PRD-0346,WH-002,Sales Issue,-5,SO-008027
MOV-007049,2026-02-03,PRD-0168,WH-003,Sales Issue,-6,SO-008028
MOV-007050,2024-12-11,PRD-0266,WH-002,Sales Issue,-23,SO-008029
MOV-007051,2026-01-08,PRD-0310,WH-003,Sales Issue,-2,SO-008030
MOV-007052,2026-04-22,PRD-0142,WH-001,Sales Issue,-5,SO-008032
MOV-007053,2025-05-17,PRD-0058,WH-003,Sales Issue,-11,SO-008033
MOV-007054,2024-12-07,PRD-0330,WH-001,Sales Issue,-25,SO-008034
MOV-007055,2026-05-31,PRD-0493,WH-003,Sales Issue,-7,SO-008035
MOV-007056,2024-10-08,PRD-0107,WH-002,Sales Issue,-27,SO-008036
MOV-007057,2025-05-05,PRD-0034,WH-003,Sales Issue,-6,SO-008037
MOV-007058,2025-09-22,PRD-0296,WH-002,Sales Issue,-30,SO-008038
MOV-007059,2026-04-13,PRD-0323,WH-005,Sales Issue,-27,SO-008040
MOV-007060,2025-09-13,PRD-0103,WH-003,Sales Issue,-12,SO-008041
MOV-007061,2026-04-08,PRD-0484,WH-001,Sales Issue,-26,SO-008042
MOV-007062,2025-01-08,PRD-0241,WH-003,Sales Issue,-10,SO-008043
MOV-007063,2026-02-08,PRD-0229,WH-002,Sales Issue,-30,SO-008044
MOV-007064,2026-09-18,PRD-0262,WH-002,Sales Issue,-23,SO-008045
MOV-007065,2026-05-01,PRD-0269,WH-004,Sales Issue,-18,SO-008046
MOV-007066,2026-08-20,PRD-0419,WH-005,Sales Issue,-7,SO-008048
MOV-007067,2026-03-31,PRD-0040,WH-003,Sales Issue,-18,SO-008049
MOV-007068,2026-04-01,PRD-0420,WH-004,Sales Issue,-15,SO-008050
MOV-007069,2025-06-19,PRD-0276,WH-001,Sales Issue,-22,SO-008051
MOV-007070,2024-10-28,PRD-0175,WH-005,Sales Issue,-19,SO-008052
MOV-007071,2025-09-09,PRD-0297,WH-004,Sales Issue,-14,SO-008053
MOV-007072,2026-02-24,PRD-0127,WH-002,Sales Issue,-4,SO-008054
MOV-007073,2025-12-22,PRD-0005,WH-001,Sales Issue,-26,SO-008055
MOV-007074,2026-07-18,PRD-0148,WH-004,Sales Issue,-29,SO-008057
MOV-007075,2025-11-26,PRD-0089,WH-002,Sales Issue,-11,SO-008058
MOV-007076,2024-12-06,PRD-0135,WH-005,Sales Issue,-7,SO-008059
MOV-007077,2026-07-13,PRD-0236,WH-002,Sales Issue,-30,SO-008060
MOV-007078,2024-11-09,PRD-0080,WH-003,Sales Issue,-27,SO-008061
MOV-007079,2025-10-17,PRD-0059,WH-004,Sales Issue,-21,SO-008062
MOV-007080,2026-02-10,PRD-0270,WH-003,Sales Issue,-27,SO-008063
MOV-007081,2026-08-28,PRD-0266,WH-002,Sales Issue,-23,SO-008064
MOV-007082,2025-05-26,PRD-0068,WH-004,Sales Issue,-6,SO-008065
MOV-007083,2025-11-15,PRD-0107,WH-002,Sales Issue,-30,SO-008066
MOV-007084,2026-08-20,PRD-0301,WH-003,Sales Issue,-11,SO-008068
MOV-007085,2026-05-07,PRD-0331,WH-004,Sales Issue,-4,SO-008069
MOV-007086,2025-02-17,PRD-0276,WH-001,Sales Issue,-28,SO-008070
MOV-007087,2026-06-14,PRD-0466,WH-005,Sales Issue,-24,SO-008071
MOV-007088,2024-11-15,PRD-0054,WH-003,Sales Issue,-13,SO-008072
MOV-007089,2025-01-28,PRD-0481,WH-003,Sales Issue,-27,SO-008073
MOV-007090,2025-01-31,PRD-0116,WH-005,Sales Issue,-27,SO-008074
MOV-007091,2026-09-14,PRD-0188,WH-005,Sales Issue,-22,SO-008075
MOV-007092,2025-12-12,PRD-0289,WH-002,Sales Issue,-1,SO-008076
MOV-007093,2025-09-08,PRD-0435,WH-004,Sales Issue,-13,SO-008078
MOV-007094,2025-12-21,PRD-0247,WH-003,Sales Issue,-28,SO-008079
MOV-007095,2024-12-30,PRD-0496,WH-003,Sales Issue,-23,SO-008080
MOV-007096,2025-02-10,PRD-0190,WH-003,Sales Issue,-29,SO-008081
MOV-007097,2025-03-07,PRD-0241,WH-003,Sales Issue,-13,SO-008082
MOV-007098,2025-01-04,PRD-0422,WH-002,Sales Issue,-4,SO-008084
MOV-007099,2024-10-24,PRD-0279,WH-001,Sales Issue,-2,SO-008086
MOV-007100,2026-05-05,PRD-0044,WH-001,Sales Issue,-5,SO-008087
MOV-007101,2026-02-14,PRD-0268,WH-004,Sales Issue,-24,SO-008088
MOV-007102,2026-04-30,PRD-0289,WH-002,Sales Issue,-4,SO-008089
MOV-007103,2025-05-03,PRD-0365,WH-002,Sales Issue,-17,SO-008090
MOV-007104,2025-09-01,PRD-0251,WH-002,Sales Issue,-14,SO-008091
MOV-007105,2025-06-23,PRD-0306,WH-001,Sales Issue,-2,SO-008092
MOV-007106,2026-06-14,PRD-0446,WH-001,Sales Issue,-30,SO-008094
MOV-007107,2026-03-08,PRD-0331,WH-004,Sales Issue,-15,SO-008096
MOV-007108,2025-01-03,PRD-0499,WH-004,Sales Issue,-22,SO-008097
MOV-007109,2025-07-07,PRD-0007,WH-004,Sales Issue,-6,SO-008098
MOV-007110,2026-07-23,PRD-0021,WH-005,Sales Issue,-5,SO-008099
MOV-007111,2026-03-21,PRD-0020,WH-001,Sales Issue,-8,SO-008101
MOV-007112,2025-09-02,PRD-0151,WH-001,Sales Issue,-3,SO-008102
MOV-007113,2025-03-07,PRD-0207,WH-002,Sales Issue,-5,SO-008103
MOV-007114,2024-11-16,PRD-0021,WH-005,Sales Issue,-15,SO-008104
MOV-007115,2026-06-13,PRD-0368,WH-004,Sales Issue,-14,SO-008105
MOV-007116,2026-02-11,PRD-0202,WH-003,Sales Issue,-25,SO-008106
MOV-007117,2024-12-19,PRD-0300,WH-002,Sales Issue,-11,SO-008107
MOV-007118,2025-06-09,PRD-0145,WH-005,Sales Issue,-13,SO-008108
MOV-007119,2026-01-08,PRD-0462,WH-003,Sales Issue,-8,SO-008109
MOV-007120,2026-05-04,PRD-0413,WH-004,Sales Issue,-27,SO-008110
MOV-007121,2025-10-20,PRD-0438,WH-002,Sales Issue,-1,SO-008111
MOV-007122,2026-06-27,PRD-0007,WH-004,Sales Issue,-29,SO-008112
MOV-007123,2025-12-27,PRD-0198,WH-002,Sales Issue,-3,SO-008113
MOV-007124,2024-12-31,PRD-0128,WH-002,Sales Issue,-14,SO-008115
MOV-007125,2025-05-12,PRD-0034,WH-003,Sales Issue,-22,SO-008116
MOV-007126,2025-02-21,PRD-0462,WH-003,Sales Issue,-12,SO-008118
MOV-007127,2024-12-03,PRD-0066,WH-001,Sales Issue,-17,SO-008121
MOV-007128,2025-02-15,PRD-0242,WH-003,Sales Issue,-23,SO-008122
MOV-007129,2025-11-22,PRD-0461,WH-005,Sales Issue,-3,SO-008123
MOV-007130,2026-09-16,PRD-0073,WH-003,Sales Issue,-6,SO-008125
MOV-007131,2025-03-08,PRD-0440,WH-005,Sales Issue,-7,SO-008126
MOV-007132,2026-01-14,PRD-0123,WH-005,Sales Issue,-21,SO-008128
MOV-007133,2025-07-21,PRD-0045,WH-001,Sales Issue,-5,SO-008129
MOV-007134,2025-05-10,PRD-0382,WH-005,Sales Issue,-18,SO-008130
MOV-007135,2026-04-04,PRD-0188,WH-005,Sales Issue,-8,SO-008131
MOV-007136,2025-08-02,PRD-0117,WH-004,Sales Issue,-25,SO-008132
MOV-007137,2026-01-25,PRD-0230,WH-005,Sales Issue,-28,SO-008133
MOV-007138,2025-12-11,PRD-0469,WH-001,Sales Issue,-29,SO-008136
MOV-007139,2025-08-12,PRD-0472,WH-001,Sales Issue,-9,SO-008137
MOV-007140,2026-07-08,PRD-0421,WH-004,Sales Issue,-2,SO-008138
MOV-007141,2026-05-10,PRD-0289,WH-002,Sales Issue,-2,SO-008139
MOV-007142,2025-10-14,PRD-0119,WH-003,Sales Issue,-5,SO-008140
MOV-007143,2025-08-28,PRD-0332,WH-004,Sales Issue,-13,SO-008142
MOV-007144,2025-05-08,PRD-0455,WH-005,Sales Issue,-27,SO-008143
MOV-007145,2024-12-10,PRD-0151,WH-001,Sales Issue,-28,SO-008145
MOV-007146,2024-12-22,PRD-0354,WH-005,Sales Issue,-20,SO-008146
MOV-007147,2025-10-02,PRD-0067,WH-003,Sales Issue,-14,SO-008147
MOV-007148,2025-09-01,PRD-0353,WH-005,Sales Issue,-24,SO-008148
MOV-007149,2026-05-23,PRD-0454,WH-005,Sales Issue,-29,SO-008149
MOV-007150,2025-08-28,PRD-0311,WH-005,Sales Issue,-13,SO-008150
MOV-007151,2026-03-27,PRD-0384,WH-004,Sales Issue,-16,SO-008151
MOV-007152,2026-09-16,PRD-0007,WH-004,Sales Issue,-19,SO-008153
MOV-007153,2024-11-24,PRD-0085,WH-001,Sales Issue,-20,SO-008154
MOV-007154,2025-09-07,PRD-0404,WH-005,Sales Issue,-24,SO-008156
MOV-007155,2025-03-26,PRD-0176,WH-002,Sales Issue,-11,SO-008157
MOV-007156,2025-11-29,PRD-0012,WH-005,Sales Issue,-21,SO-008158
MOV-007157,2025-04-17,PRD-0336,WH-004,Sales Issue,-24,SO-008159
MOV-007158,2025-12-12,PRD-0451,WH-001,Sales Issue,-8,SO-008160
MOV-007159,2025-07-07,PRD-0011,WH-002,Sales Issue,-10,SO-008161
MOV-007160,2026-07-02,PRD-0081,WH-004,Sales Issue,-3,SO-008162
MOV-007161,2025-09-19,PRD-0459,WH-005,Sales Issue,-26,SO-008163
MOV-007162,2026-08-11,PRD-0427,WH-005,Sales Issue,-6,SO-008164
MOV-007163,2024-10-24,PRD-0275,WH-004,Sales Issue,-18,SO-008165
MOV-007164,2026-01-05,PRD-0297,WH-004,Sales Issue,-17,SO-008166
MOV-007165,2026-09-10,PRD-0187,WH-001,Sales Issue,-7,SO-008167
MOV-007166,2026-06-20,PRD-0163,WH-004,Sales Issue,-27,SO-008168
MOV-007167,2026-03-31,PRD-0308,WH-004,Sales Issue,-24,SO-008169
MOV-007168,2025-09-13,PRD-0345,WH-003,Sales Issue,-9,SO-008170
MOV-007169,2025-01-26,PRD-0425,WH-002,Sales Issue,-4,SO-008171
MOV-007170,2026-02-17,PRD-0138,WH-002,Sales Issue,-26,SO-008172
MOV-007171,2024-10-02,PRD-0348,WH-004,Sales Issue,-11,SO-008173
MOV-007172,2025-08-07,PRD-0139,WH-005,Sales Issue,-16,SO-008174
MOV-007173,2025-01-07,PRD-0328,WH-001,Sales Issue,-1,SO-008175
MOV-007174,2026-06-23,PRD-0338,WH-003,Sales Issue,-17,SO-008176
MOV-007175,2025-12-31,PRD-0242,WH-003,Sales Issue,-29,SO-008178
MOV-007176,2025-04-19,PRD-0122,WH-002,Sales Issue,-22,SO-008179
MOV-007177,2026-09-29,PRD-0384,WH-004,Sales Issue,-11,SO-008180
MOV-007178,2026-07-24,PRD-0115,WH-004,Sales Issue,-2,SO-008181
MOV-007179,2025-12-11,PRD-0135,WH-005,Sales Issue,-9,SO-008182
MOV-007180,2024-10-20,PRD-0184,WH-003,Sales Issue,-29,SO-008183
MOV-007181,2026-01-07,PRD-0354,WH-005,Sales Issue,-9,SO-008184
MOV-007182,2024-12-30,PRD-0370,WH-004,Sales Issue,-23,SO-008185
MOV-007183,2025-03-28,PRD-0445,WH-001,Sales Issue,-19,SO-008186
MOV-007184,2024-12-30,PRD-0317,WH-002,Sales Issue,-16,SO-008187
MOV-007185,2024-10-26,PRD-0010,WH-003,Sales Issue,-9,SO-008188
MOV-007186,2026-05-11,PRD-0488,WH-005,Sales Issue,-3,SO-008189
MOV-007187,2025-02-26,PRD-0102,WH-005,Sales Issue,-15,SO-008190
MOV-007188,2025-06-27,PRD-0044,WH-001,Sales Issue,-22,SO-008191
MOV-007189,2025-08-27,PRD-0495,WH-002,Sales Issue,-6,SO-008192
MOV-007190,2025-03-28,PRD-0152,WH-004,Sales Issue,-1,SO-008193
MOV-007191,2024-11-20,PRD-0317,WH-002,Sales Issue,-26,SO-008194
MOV-007192,2025-12-15,PRD-0126,WH-001,Sales Issue,-2,SO-008196
MOV-007193,2026-08-12,PRD-0346,WH-002,Sales Issue,-20,SO-008197
MOV-007194,2026-02-27,PRD-0311,WH-005,Sales Issue,-19,SO-008198
MOV-007195,2026-02-25,PRD-0287,WH-003,Sales Issue,-19,SO-008199
MOV-007196,2025-07-13,PRD-0482,WH-005,Sales Issue,-5,SO-008200
MOV-007197,2025-11-10,PRD-0497,WH-003,Sales Issue,-20,SO-008202
MOV-007198,2024-11-01,PRD-0302,WH-003,Sales Issue,-12,SO-008203
MOV-007199,2025-12-27,PRD-0436,WH-004,Sales Issue,-30,SO-008204
MOV-007200,2024-10-19,PRD-0143,WH-003,Sales Issue,-17,SO-008207
MOV-007201,2026-05-02,PRD-0421,WH-004,Sales Issue,-22,SO-008208
MOV-007202,2025-09-18,PRD-0221,WH-004,Sales Issue,-5,SO-008209
MOV-007203,2026-08-31,PRD-0480,WH-001,Sales Issue,-4,SO-008210
MOV-007204,2025-12-10,PRD-0414,WH-005,Sales Issue,-29,SO-008211
MOV-007205,2026-05-21,PRD-0104,WH-002,Sales Issue,-13,SO-008212
MOV-007206,2025-11-20,PRD-0022,WH-002,Sales Issue,-27,SO-008213
MOV-007207,2025-05-04,PRD-0485,WH-005,Sales Issue,-12,SO-008214
MOV-007208,2026-07-13,PRD-0100,WH-001,Sales Issue,-9,SO-008216
MOV-007209,2026-05-14,PRD-0076,WH-002,Sales Issue,-6,SO-008217
MOV-007210,2025-05-23,PRD-0424,WH-001,Sales Issue,-1,SO-008218
MOV-007211,2025-01-21,PRD-0384,WH-004,Sales Issue,-1,SO-008219
MOV-007212,2026-05-30,PRD-0491,WH-004,Sales Issue,-7,SO-008220
MOV-007213,2026-05-04,PRD-0172,WH-004,Sales Issue,-20,SO-008221
MOV-007214,2026-07-06,PRD-0024,WH-005,Sales Issue,-29,SO-008222
MOV-007215,2024-10-13,PRD-0343,WH-001,Sales Issue,-7,SO-008223
MOV-007216,2026-07-26,PRD-0136,WH-001,Sales Issue,-6,SO-008224
MOV-007217,2024-10-25,PRD-0061,WH-003,Sales Issue,-5,SO-008226
MOV-007218,2025-11-02,PRD-0170,WH-002,Sales Issue,-4,SO-008227
MOV-007219,2025-06-19,PRD-0212,WH-005,Sales Issue,-5,SO-008228
MOV-007220,2024-12-31,PRD-0238,WH-005,Sales Issue,-17,SO-008229
MOV-007221,2025-04-18,PRD-0366,WH-001,Sales Issue,-1,SO-008230
MOV-007222,2026-01-23,PRD-0236,WH-002,Sales Issue,-12,SO-008231
MOV-007223,2025-07-09,PRD-0043,WH-002,Sales Issue,-19,SO-008232
MOV-007224,2025-12-15,PRD-0450,WH-004,Sales Issue,-13,SO-008233
MOV-007225,2025-04-03,PRD-0236,WH-002,Sales Issue,-9,SO-008234
MOV-007226,2025-01-16,PRD-0130,WH-003,Sales Issue,-27,SO-008235
MOV-007227,2025-09-17,PRD-0240,WH-002,Sales Issue,-29,SO-008236
MOV-007228,2025-12-04,PRD-0293,WH-004,Sales Issue,-1,SO-008237
MOV-007229,2026-04-04,PRD-0298,WH-002,Sales Issue,-20,SO-008238
MOV-007230,2026-07-29,PRD-0274,WH-001,Sales Issue,-3,SO-008239
MOV-007231,2025-07-14,PRD-0410,WH-002,Sales Issue,-5,SO-008240
MOV-007232,2025-06-30,PRD-0224,WH-001,Sales Issue,-24,SO-008241
MOV-007233,2024-10-09,PRD-0058,WH-003,Sales Issue,-24,SO-008242
MOV-007234,2026-01-09,PRD-0166,WH-004,Sales Issue,-16,SO-008243
MOV-007235,2025-10-18,PRD-0340,WH-001,Sales Issue,-26,SO-008244
MOV-007236,2026-02-20,PRD-0030,WH-005,Sales Issue,-9,SO-008245
MOV-007237,2025-10-15,PRD-0197,WH-003,Sales Issue,-11,SO-008246
MOV-007238,2024-12-27,PRD-0088,WH-003,Sales Issue,-24,SO-008247
MOV-007239,2024-12-04,PRD-0455,WH-005,Sales Issue,-11,SO-008248
MOV-007240,2026-02-28,PRD-0221,WH-004,Sales Issue,-20,SO-008249
MOV-007241,2025-12-30,PRD-0321,WH-001,Sales Issue,-12,SO-008250
MOV-007242,2025-07-11,PRD-0086,WH-002,Sales Issue,-12,SO-008251
MOV-007243,2026-02-05,PRD-0169,WH-003,Sales Issue,-12,SO-008252
MOV-007244,2025-10-14,PRD-0461,WH-005,Sales Issue,-3,SO-008253
MOV-007245,2025-05-12,PRD-0221,WH-004,Sales Issue,-29,SO-008254
MOV-007246,2025-12-04,PRD-0327,WH-005,Sales Issue,-19,SO-008255
MOV-007247,2025-03-03,PRD-0313,WH-004,Sales Issue,-2,SO-008256
MOV-007248,2026-05-28,PRD-0277,WH-004,Sales Issue,-18,SO-008257
MOV-007249,2026-05-13,PRD-0178,WH-001,Sales Issue,-6,SO-008258
MOV-007250,2026-03-21,PRD-0476,WH-001,Sales Issue,-30,SO-008259
MOV-007251,2025-12-26,PRD-0136,WH-001,Sales Issue,-8,SO-008260
MOV-007252,2026-05-13,PRD-0387,WH-004,Sales Issue,-18,SO-008261
MOV-007253,2025-04-22,PRD-0092,WH-004,Sales Issue,-11,SO-008262
MOV-007254,2025-05-12,PRD-0320,WH-005,Sales Issue,-9,SO-008263
MOV-007255,2026-09-08,PRD-0217,WH-001,Sales Issue,-1,SO-008265
MOV-007256,2024-12-06,PRD-0470,WH-004,Sales Issue,-6,SO-008266
MOV-007257,2025-01-02,PRD-0313,WH-004,Sales Issue,-1,SO-008268
MOV-007258,2024-12-26,PRD-0010,WH-003,Sales Issue,-17,SO-008270
MOV-007259,2026-05-21,PRD-0214,WH-003,Sales Issue,-28,SO-008271
MOV-007260,2025-06-06,PRD-0257,WH-003,Sales Issue,-10,SO-008272
MOV-007261,2025-06-12,PRD-0008,WH-005,Sales Issue,-27,SO-008274
MOV-007262,2026-03-23,PRD-0444,WH-002,Sales Issue,-11,SO-008275
MOV-007263,2025-07-18,PRD-0420,WH-004,Sales Issue,-11,SO-008276
MOV-007264,2025-03-10,PRD-0053,WH-003,Sales Issue,-30,SO-008277
MOV-007265,2025-11-02,PRD-0295,WH-004,Sales Issue,-4,SO-008278
MOV-007266,2025-03-22,PRD-0003,WH-001,Sales Issue,-24,SO-008280
MOV-007267,2025-03-04,PRD-0239,WH-003,Sales Issue,-26,SO-008281
MOV-007268,2025-08-12,PRD-0156,WH-003,Sales Issue,-16,SO-008282
MOV-007269,2024-11-19,PRD-0209,WH-005,Sales Issue,-15,SO-008283
MOV-007270,2026-06-26,PRD-0042,WH-004,Sales Issue,-26,SO-008286
MOV-007271,2025-07-11,PRD-0460,WH-002,Sales Issue,-13,SO-008287
MOV-007272,2024-10-12,PRD-0056,WH-004,Sales Issue,-6,SO-008289
MOV-007273,2024-10-11,PRD-0208,WH-005,Sales Issue,-24,SO-008291
MOV-007274,2026-01-30,PRD-0492,WH-001,Sales Issue,-1,SO-008292
MOV-007275,2025-10-18,PRD-0320,WH-005,Sales Issue,-12,SO-008293
MOV-007276,2025-12-11,PRD-0124,WH-002,Sales Issue,-30,SO-008294
MOV-007277,2025-10-27,PRD-0436,WH-004,Sales Issue,-25,SO-008295
MOV-007278,2026-01-16,PRD-0467,WH-002,Sales Issue,-8,SO-008296
MOV-007279,2026-03-10,PRD-0320,WH-005,Sales Issue,-9,SO-008297
MOV-007280,2025-04-24,PRD-0372,WH-002,Sales Issue,-20,SO-008298
MOV-007281,2025-06-03,PRD-0279,WH-001,Sales Issue,-15,SO-008299
MOV-007282,2025-10-07,PRD-0444,WH-002,Sales Issue,-30,SO-008301
MOV-007283,2025-04-13,PRD-0340,WH-001,Sales Issue,-10,SO-008302
MOV-007284,2025-09-14,PRD-0235,WH-004,Sales Issue,-23,SO-008303
MOV-007285,2026-08-15,PRD-0488,WH-005,Sales Issue,-8,SO-008304
MOV-007286,2026-03-31,PRD-0296,WH-002,Sales Issue,-23,SO-008305
MOV-007287,2025-02-21,PRD-0316,WH-004,Sales Issue,-18,SO-008306
MOV-007288,2025-07-05,PRD-0457,WH-004,Sales Issue,-1,SO-008308
MOV-007289,2026-09-08,PRD-0286,WH-002,Sales Issue,-13,SO-008309
MOV-007290,2025-08-05,PRD-0018,WH-001,Sales Issue,-15,SO-008310
MOV-007291,2025-03-21,PRD-0022,WH-002,Sales Issue,-1,SO-008311
MOV-007292,2024-11-10,PRD-0285,WH-004,Sales Issue,-22,SO-008312
MOV-007293,2025-10-30,PRD-0034,WH-003,Sales Issue,-27,SO-008313
MOV-007294,2025-08-29,PRD-0090,WH-001,Sales Issue,-5,SO-008314
MOV-007295,2026-07-29,PRD-0401,WH-001,Sales Issue,-8,SO-008315
MOV-007296,2025-08-13,PRD-0416,WH-004,Sales Issue,-11,SO-008316
MOV-007297,2026-01-01,PRD-0172,WH-004,Sales Issue,-13,SO-008317
MOV-007298,2025-01-17,PRD-0387,WH-004,Sales Issue,-23,SO-008318
MOV-007299,2024-11-22,PRD-0318,WH-005,Sales Issue,-23,SO-008319
MOV-007300,2025-02-13,PRD-0151,WH-001,Sales Issue,-20,SO-008320
MOV-007301,2025-11-04,PRD-0279,WH-001,Sales Issue,-18,SO-008321
MOV-007302,2026-08-04,PRD-0440,WH-005,Sales Issue,-3,SO-008322
MOV-007303,2025-08-08,PRD-0329,WH-005,Sales Issue,-16,SO-008323
MOV-007304,2026-03-23,PRD-0353,WH-005,Sales Issue,-24,SO-008324
MOV-007305,2026-09-30,PRD-0216,WH-005,Sales Issue,-20,SO-008326
MOV-007306,2026-01-11,PRD-0088,WH-003,Sales Issue,-11,SO-008327
MOV-007307,2025-06-16,PRD-0320,WH-005,Sales Issue,-10,SO-008329
MOV-007308,2025-10-19,PRD-0305,WH-002,Sales Issue,-8,SO-008330
MOV-007309,2026-07-29,PRD-0392,WH-003,Sales Issue,-21,SO-008332
MOV-007310,2026-06-22,PRD-0182,WH-001,Sales Issue,-17,SO-008333
MOV-007311,2025-09-27,PRD-0324,WH-002,Sales Issue,-8,SO-008335
MOV-007312,2025-12-17,PRD-0273,WH-002,Sales Issue,-10,SO-008336
MOV-007313,2026-04-20,PRD-0272,WH-001,Sales Issue,-29,SO-008337
MOV-007314,2026-08-26,PRD-0025,WH-002,Sales Issue,-17,SO-008338
MOV-007315,2025-04-11,PRD-0137,WH-002,Sales Issue,-5,SO-008339
MOV-007316,2026-03-10,PRD-0341,WH-004,Sales Issue,-1,SO-008340
MOV-007317,2026-08-31,PRD-0415,WH-003,Sales Issue,-9,SO-008342
MOV-007318,2025-07-12,PRD-0208,WH-005,Sales Issue,-2,SO-008345
MOV-007319,2026-07-28,PRD-0391,WH-002,Sales Issue,-17,SO-008346
MOV-007320,2024-12-03,PRD-0423,WH-003,Sales Issue,-13,SO-008347
MOV-007321,2025-05-26,PRD-0123,WH-005,Sales Issue,-3,SO-008348
MOV-007322,2025-07-03,PRD-0281,WH-003,Sales Issue,-15,SO-008349
MOV-007323,2026-03-29,PRD-0338,WH-003,Sales Issue,-22,SO-008350
MOV-007324,2025-07-04,PRD-0033,WH-001,Sales Issue,-15,SO-008351
MOV-007325,2026-04-23,PRD-0346,WH-002,Sales Issue,-2,SO-008352
MOV-007326,2024-11-28,PRD-0119,WH-003,Sales Issue,-11,SO-008353
MOV-007327,2026-07-15,PRD-0290,WH-003,Sales Issue,-20,SO-008354
MOV-007328,2024-10-14,PRD-0272,WH-001,Sales Issue,-12,SO-008356
MOV-007329,2025-10-07,PRD-0465,WH-004,Sales Issue,-5,SO-008357
MOV-007330,2026-02-27,PRD-0436,WH-004,Sales Issue,-28,SO-008358
MOV-007331,2025-06-01,PRD-0085,WH-001,Sales Issue,-10,SO-008360
MOV-007332,2026-05-09,PRD-0213,WH-004,Sales Issue,-3,SO-008361
MOV-007333,2026-06-06,PRD-0447,WH-005,Sales Issue,-8,SO-008362
MOV-007334,2025-10-02,PRD-0152,WH-004,Sales Issue,-9,SO-008363
MOV-007335,2024-10-13,PRD-0320,WH-005,Sales Issue,-28,SO-008364
MOV-007336,2025-02-27,PRD-0361,WH-003,Sales Issue,-17,SO-008365
MOV-007337,2025-04-08,PRD-0492,WH-001,Sales Issue,-28,SO-008367
MOV-007338,2025-10-02,PRD-0281,WH-003,Sales Issue,-28,SO-008368
MOV-007339,2025-04-29,PRD-0477,WH-001,Sales Issue,-5,SO-008369
MOV-007340,2026-02-24,PRD-0281,WH-003,Sales Issue,-13,SO-008371
MOV-007341,2025-10-28,PRD-0004,WH-002,Sales Issue,-10,SO-008372
MOV-007342,2026-09-14,PRD-0487,WH-003,Sales Issue,-23,SO-008373
MOV-007343,2026-03-16,PRD-0161,WH-002,Sales Issue,-25,SO-008374
MOV-007344,2025-05-10,PRD-0383,WH-004,Sales Issue,-28,SO-008375
MOV-007345,2025-06-23,PRD-0208,WH-005,Sales Issue,-2,SO-008377
MOV-007346,2026-09-23,PRD-0419,WH-005,Sales Issue,-28,SO-008378
MOV-007347,2025-05-13,PRD-0166,WH-004,Sales Issue,-15,SO-008379
MOV-007348,2024-10-31,PRD-0154,WH-002,Sales Issue,-14,SO-008380
MOV-007349,2025-11-01,PRD-0401,WH-001,Sales Issue,-4,SO-008381
MOV-007350,2026-07-03,PRD-0403,WH-003,Sales Issue,-14,SO-008382
MOV-007351,2025-05-24,PRD-0483,WH-002,Sales Issue,-10,SO-008383
MOV-007352,2025-03-01,PRD-0369,WH-002,Sales Issue,-3,SO-008384
MOV-007353,2025-01-25,PRD-0015,WH-003,Sales Issue,-21,SO-008385
MOV-007354,2024-10-24,PRD-0034,WH-003,Sales Issue,-4,SO-008386
MOV-007355,2025-05-30,PRD-0158,WH-002,Sales Issue,-22,SO-008387
MOV-007356,2025-03-23,PRD-0455,WH-005,Sales Issue,-22,SO-008388
MOV-007357,2025-03-06,PRD-0082,WH-001,Sales Issue,-9,SO-008389
MOV-007358,2025-11-09,PRD-0010,WH-003,Sales Issue,-15,SO-008391
MOV-007359,2026-07-20,PRD-0251,WH-002,Sales Issue,-27,SO-008392
MOV-007360,2025-05-01,PRD-0484,WH-001,Sales Issue,-30,SO-008393
MOV-007361,2026-09-08,PRD-0207,WH-002,Sales Issue,-3,SO-008394
MOV-007362,2025-01-14,PRD-0099,WH-002,Sales Issue,-29,SO-008395
MOV-007363,2024-10-20,PRD-0069,WH-002,Sales Issue,-25,SO-008396
MOV-007364,2024-10-27,PRD-0045,WH-001,Sales Issue,-28,SO-008397
MOV-007365,2026-08-07,PRD-0068,WH-004,Sales Issue,-12,SO-008398
MOV-007366,2026-08-09,PRD-0154,WH-002,Sales Issue,-26,SO-008399
MOV-007367,2025-04-13,PRD-0274,WH-001,Sales Issue,-7,SO-008400
MOV-007368,2025-06-04,PRD-0286,WH-002,Sales Issue,-25,SO-008401
MOV-007369,2025-08-30,PRD-0316,WH-004,Sales Issue,-27,SO-008402
MOV-007370,2026-01-12,PRD-0429,WH-003,Sales Issue,-17,SO-008403
MOV-007371,2026-08-12,PRD-0155,WH-005,Sales Issue,-13,SO-008404
MOV-007372,2025-12-16,PRD-0296,WH-002,Sales Issue,-11,SO-008406
MOV-007373,2026-02-23,PRD-0302,WH-003,Sales Issue,-3,SO-008407
MOV-007374,2026-01-26,PRD-0168,WH-003,Sales Issue,-17,SO-008408
MOV-007375,2026-02-13,PRD-0279,WH-001,Sales Issue,-17,SO-008409
MOV-007376,2026-08-26,PRD-0255,WH-004,Sales Issue,-17,SO-008410
MOV-007377,2026-04-30,PRD-0480,WH-001,Sales Issue,-17,SO-008411
MOV-007378,2025-03-12,PRD-0219,WH-005,Sales Issue,-14,SO-008412
MOV-007379,2025-05-12,PRD-0401,WH-001,Sales Issue,-9,SO-008413
MOV-007380,2026-09-14,PRD-0005,WH-001,Sales Issue,-11,SO-008414
MOV-007381,2025-11-23,PRD-0220,WH-001,Sales Issue,-6,SO-008415
MOV-007382,2024-11-26,PRD-0311,WH-005,Sales Issue,-1,SO-008416
MOV-007383,2025-12-13,PRD-0166,WH-004,Sales Issue,-7,SO-008417
MOV-007384,2026-06-16,PRD-0464,WH-001,Sales Issue,-22,SO-008419
MOV-007385,2024-12-07,PRD-0438,WH-002,Sales Issue,-23,SO-008420
MOV-007386,2025-11-22,PRD-0469,WH-001,Sales Issue,-15,SO-008421
MOV-007387,2024-12-28,PRD-0429,WH-003,Sales Issue,-3,SO-008422
MOV-007388,2025-09-25,PRD-0074,WH-001,Sales Issue,-1,SO-008423
MOV-007389,2026-02-26,PRD-0135,WH-005,Sales Issue,-7,SO-008424
MOV-007390,2025-08-25,PRD-0241,WH-003,Sales Issue,-4,SO-008425
MOV-007391,2025-08-30,PRD-0291,WH-005,Sales Issue,-14,SO-008426
MOV-007392,2025-10-26,PRD-0165,WH-001,Sales Issue,-26,SO-008427
MOV-007393,2025-03-21,PRD-0026,WH-004,Sales Issue,-21,SO-008428
MOV-007394,2026-06-30,PRD-0215,WH-001,Sales Issue,-25,SO-008430
MOV-007395,2025-12-09,PRD-0350,WH-001,Sales Issue,-24,SO-008431
MOV-007396,2025-01-26,PRD-0271,WH-003,Sales Issue,-21,SO-008433
MOV-007397,2025-08-03,PRD-0231,WH-001,Sales Issue,-11,SO-008434
MOV-007398,2024-10-02,PRD-0248,WH-001,Sales Issue,-17,SO-008435
MOV-007399,2025-09-11,PRD-0327,WH-005,Sales Issue,-1,SO-008436
MOV-007400,2024-11-24,PRD-0220,WH-001,Sales Issue,-13,SO-008437
MOV-007401,2026-06-21,PRD-0338,WH-003,Sales Issue,-23,SO-008438
MOV-007402,2026-05-24,PRD-0447,WH-005,Sales Issue,-26,SO-008439
MOV-007403,2025-11-01,PRD-0022,WH-002,Sales Issue,-25,SO-008440
MOV-007404,2026-05-20,PRD-0159,WH-005,Sales Issue,-3,SO-008442
MOV-007405,2026-04-09,PRD-0450,WH-004,Sales Issue,-20,SO-008443
MOV-007406,2026-07-24,PRD-0031,WH-005,Sales Issue,-9,SO-008444
MOV-007407,2024-10-28,PRD-0016,WH-001,Sales Issue,-28,SO-008445
MOV-007408,2025-08-23,PRD-0103,WH-003,Sales Issue,-1,SO-008446
MOV-007409,2025-03-27,PRD-0140,WH-005,Sales Issue,-20,SO-008447
MOV-007410,2026-06-25,PRD-0428,WH-005,Sales Issue,-25,SO-008448
MOV-007411,2025-06-08,PRD-0123,WH-005,Sales Issue,-29,SO-008449
MOV-007412,2024-10-01,PRD-0498,WH-003,Sales Issue,-16,SO-008451
MOV-007413,2026-07-27,PRD-0019,WH-004,Sales Issue,-26,SO-008452
MOV-007414,2026-02-04,PRD-0327,WH-005,Sales Issue,-3,SO-008453
MOV-007415,2026-08-18,PRD-0343,WH-001,Sales Issue,-28,SO-008454
MOV-007416,2025-01-19,PRD-0437,WH-003,Sales Issue,-16,SO-008455
MOV-007417,2026-09-21,PRD-0228,WH-002,Sales Issue,-3,SO-008457
MOV-007418,2025-08-13,PRD-0089,WH-002,Sales Issue,-21,SO-008458
MOV-007419,2025-08-25,PRD-0035,WH-001,Sales Issue,-25,SO-008459
MOV-007420,2025-09-04,PRD-0071,WH-001,Sales Issue,-15,SO-008460
MOV-007421,2025-04-22,PRD-0184,WH-003,Sales Issue,-28,SO-008461
MOV-007422,2025-03-13,PRD-0391,WH-002,Sales Issue,-12,SO-008463
MOV-007423,2025-11-13,PRD-0080,WH-003,Sales Issue,-2,SO-008464
MOV-007424,2025-07-04,PRD-0146,WH-004,Sales Issue,-3,SO-008465
MOV-007425,2025-11-18,PRD-0500,WH-003,Sales Issue,-28,SO-008466
MOV-007426,2025-12-01,PRD-0388,WH-002,Sales Issue,-1,SO-008467
MOV-007427,2025-06-15,PRD-0308,WH-004,Sales Issue,-5,SO-008470
MOV-007428,2024-10-07,PRD-0402,WH-002,Sales Issue,-9,SO-008471
MOV-007429,2025-02-19,PRD-0162,WH-001,Sales Issue,-18,SO-008472
MOV-007430,2026-08-03,PRD-0323,WH-005,Sales Issue,-29,SO-008473
MOV-007431,2026-05-15,PRD-0016,WH-001,Sales Issue,-30,SO-008474
MOV-007432,2025-04-28,PRD-0131,WH-003,Sales Issue,-16,SO-008475
MOV-007433,2026-01-12,PRD-0050,WH-005,Sales Issue,-7,SO-008477
MOV-007434,2025-03-06,PRD-0066,WH-001,Sales Issue,-28,SO-008478
MOV-007435,2026-08-24,PRD-0261,WH-001,Sales Issue,-1,SO-008479
MOV-007436,2026-05-10,PRD-0078,WH-001,Sales Issue,-16,SO-008480
MOV-007437,2024-11-06,PRD-0110,WH-005,Sales Issue,-11,SO-008481
MOV-007438,2025-09-10,PRD-0043,WH-002,Sales Issue,-16,SO-008482
MOV-007439,2025-10-22,PRD-0462,WH-003,Sales Issue,-12,SO-008483
MOV-007440,2025-02-13,PRD-0319,WH-005,Sales Issue,-20,SO-008484
MOV-007441,2025-08-03,PRD-0069,WH-002,Sales Issue,-2,SO-008485
MOV-007442,2026-09-23,PRD-0266,WH-002,Sales Issue,-3,SO-008486
MOV-007443,2026-05-17,PRD-0010,WH-003,Sales Issue,-6,SO-008487
MOV-007444,2025-09-27,PRD-0240,WH-002,Sales Issue,-29,SO-008488
MOV-007445,2025-06-23,PRD-0275,WH-004,Sales Issue,-16,SO-008489
MOV-007446,2025-07-15,PRD-0202,WH-003,Sales Issue,-25,SO-008490
MOV-007447,2026-02-19,PRD-0352,WH-001,Sales Issue,-20,SO-008491
MOV-007448,2024-10-23,PRD-0082,WH-001,Sales Issue,-17,SO-008492
MOV-007449,2025-04-25,PRD-0180,WH-005,Sales Issue,-23,SO-008493
MOV-007450,2025-04-23,PRD-0216,WH-005,Sales Issue,-30,SO-008494
MOV-007451,2025-10-08,PRD-0068,WH-004,Sales Issue,-22,SO-008495
MOV-007452,2026-02-28,PRD-0315,WH-004,Sales Issue,-29,SO-008496
MOV-007453,2025-05-23,PRD-0285,WH-004,Sales Issue,-26,SO-008498
MOV-007454,2025-08-07,PRD-0143,WH-003,Sales Issue,-28,SO-008499
MOV-007455,2026-07-26,PRD-0118,WH-001,Sales Issue,-7,SO-008500
MOV-007456,2026-05-31,PRD-0483,WH-002,Sales Issue,-10,SO-008501
MOV-007457,2026-04-24,PRD-0425,WH-002,Sales Issue,-26,SO-008502
MOV-007458,2026-05-06,PRD-0433,WH-004,Sales Issue,-3,SO-008503
MOV-007459,2025-05-08,PRD-0029,WH-005,Sales Issue,-28,SO-008504
MOV-007460,2026-04-07,PRD-0424,WH-001,Sales Issue,-18,SO-008505
MOV-007461,2024-12-22,PRD-0163,WH-004,Sales Issue,-1,SO-008506
MOV-007462,2025-05-04,PRD-0114,WH-001,Sales Issue,-3,SO-008507
MOV-007463,2026-09-17,PRD-0498,WH-003,Sales Issue,-12,SO-008508
MOV-007464,2024-11-11,PRD-0329,WH-005,Sales Issue,-13,SO-008509
MOV-007465,2026-09-19,PRD-0378,WH-002,Sales Issue,-15,SO-008510
MOV-007466,2026-04-21,PRD-0364,WH-004,Sales Issue,-20,SO-008512
MOV-007467,2025-02-11,PRD-0439,WH-004,Sales Issue,-24,SO-008513
MOV-007468,2025-06-27,PRD-0323,WH-005,Sales Issue,-14,SO-008514
MOV-007469,2026-09-21,PRD-0272,WH-001,Sales Issue,-23,SO-008515
MOV-007470,2025-10-23,PRD-0050,WH-005,Sales Issue,-13,SO-008516
MOV-007471,2026-06-03,PRD-0090,WH-001,Sales Issue,-21,SO-008518
MOV-007472,2025-06-27,PRD-0183,WH-004,Sales Issue,-17,SO-008519
MOV-007473,2025-06-23,PRD-0346,WH-002,Sales Issue,-23,SO-008520
MOV-007474,2025-06-30,PRD-0191,WH-004,Sales Issue,-21,SO-008522
MOV-007475,2025-10-19,PRD-0079,WH-001,Sales Issue,-11,SO-008523
MOV-007476,2026-03-24,PRD-0428,WH-005,Sales Issue,-30,SO-008524
MOV-007477,2026-02-26,PRD-0260,WH-002,Sales Issue,-11,SO-008525
MOV-007478,2025-05-09,PRD-0010,WH-003,Sales Issue,-12,SO-008526
MOV-007479,2026-01-09,PRD-0371,WH-002,Sales Issue,-16,SO-008527
MOV-007480,2026-05-29,PRD-0409,WH-003,Sales Issue,-6,SO-008528
MOV-007481,2026-06-08,PRD-0216,WH-005,Sales Issue,-16,SO-008530
MOV-007482,2026-01-07,PRD-0249,WH-005,Sales Issue,-19,SO-008531
MOV-007483,2025-01-15,PRD-0175,WH-005,Sales Issue,-8,SO-008532
MOV-007484,2024-11-02,PRD-0297,WH-004,Sales Issue,-8,SO-008533
MOV-007485,2025-05-13,PRD-0133,WH-005,Sales Issue,-2,SO-008535
MOV-007486,2026-05-29,PRD-0474,WH-004,Sales Issue,-5,SO-008536
MOV-007487,2025-02-16,PRD-0297,WH-004,Sales Issue,-25,SO-008537
MOV-007488,2026-08-04,PRD-0117,WH-004,Sales Issue,-11,SO-008538
MOV-007489,2025-02-13,PRD-0224,WH-001,Sales Issue,-15,SO-008539
MOV-007490,2025-12-29,PRD-0032,WH-004,Sales Issue,-9,SO-008542
MOV-007491,2025-09-06,PRD-0290,WH-003,Sales Issue,-26,SO-008543
MOV-007492,2026-08-14,PRD-0056,WH-004,Sales Issue,-20,SO-008545
MOV-007493,2025-12-23,PRD-0207,WH-002,Sales Issue,-27,SO-008546
MOV-007494,2026-04-14,PRD-0069,WH-002,Sales Issue,-24,SO-008547
MOV-007495,2025-08-07,PRD-0128,WH-002,Sales Issue,-22,SO-008553
MOV-007496,2026-08-24,PRD-0063,WH-004,Sales Issue,-13,SO-008555
MOV-007497,2024-11-05,PRD-0051,WH-003,Sales Issue,-17,SO-008556
MOV-007498,2025-11-03,PRD-0366,WH-001,Sales Issue,-22,SO-008557
MOV-007499,2024-10-22,PRD-0270,WH-003,Sales Issue,-22,SO-008558
MOV-007500,2026-07-09,PRD-0184,WH-003,Sales Issue,-9,SO-008559
MOV-007501,2025-01-04,PRD-0341,WH-004,Sales Issue,-12,SO-008561
MOV-007502,2025-09-25,PRD-0365,WH-002,Sales Issue,-3,SO-008562
MOV-007503,2026-07-30,PRD-0126,WH-001,Sales Issue,-15,SO-008563
MOV-007504,2025-08-21,PRD-0408,WH-002,Sales Issue,-27,SO-008564
MOV-007505,2026-09-01,PRD-0267,WH-005,Sales Issue,-17,SO-008567
MOV-007506,2025-03-03,PRD-0036,WH-001,Sales Issue,-29,SO-008568
MOV-007507,2025-10-25,PRD-0332,WH-004,Sales Issue,-14,SO-008569
MOV-007508,2025-03-17,PRD-0419,WH-005,Sales Issue,-12,SO-008570
MOV-007509,2025-05-27,PRD-0099,WH-002,Sales Issue,-12,SO-008571
MOV-007510,2025-11-16,PRD-0457,WH-004,Sales Issue,-23,SO-008572
MOV-007511,2026-05-26,PRD-0015,WH-003,Sales Issue,-2,SO-008573
MOV-007512,2026-04-04,PRD-0062,WH-004,Sales Issue,-28,SO-008574
MOV-007513,2025-10-25,PRD-0363,WH-001,Sales Issue,-23,SO-008575
MOV-007514,2025-02-27,PRD-0487,WH-003,Sales Issue,-19,SO-008576
MOV-007515,2026-03-09,PRD-0315,WH-004,Sales Issue,-13,SO-008577
MOV-007516,2026-09-26,PRD-0120,WH-004,Sales Issue,-17,SO-008578
MOV-007517,2025-05-18,PRD-0499,WH-004,Sales Issue,-1,SO-008580
MOV-007518,2025-12-23,PRD-0032,WH-004,Sales Issue,-14,SO-008581
MOV-007519,2025-04-07,PRD-0012,WH-005,Sales Issue,-20,SO-008582
MOV-007520,2026-02-20,PRD-0186,WH-001,Sales Issue,-19,SO-008583
MOV-007521,2024-10-14,PRD-0423,WH-003,Sales Issue,-22,SO-008584
MOV-007522,2024-11-25,PRD-0416,WH-004,Sales Issue,-10,SO-008585
MOV-007523,2024-11-20,PRD-0486,WH-004,Sales Issue,-4,SO-008586
MOV-007524,2026-02-23,PRD-0316,WH-004,Sales Issue,-9,SO-008587
MOV-007525,2025-05-16,PRD-0178,WH-001,Sales Issue,-18,SO-008588
MOV-007526,2025-03-18,PRD-0113,WH-005,Sales Issue,-9,SO-008589
MOV-007527,2025-04-30,PRD-0390,WH-005,Sales Issue,-10,SO-008590
MOV-007528,2025-09-15,PRD-0321,WH-001,Sales Issue,-6,SO-008592
MOV-007529,2025-09-28,PRD-0375,WH-005,Sales Issue,-14,SO-008593
MOV-007530,2025-12-12,PRD-0154,WH-002,Sales Issue,-30,SO-008594
MOV-007531,2025-01-31,PRD-0317,WH-002,Sales Issue,-28,SO-008595
MOV-007532,2025-07-04,PRD-0044,WH-001,Sales Issue,-5,SO-008596
MOV-007533,2026-01-15,PRD-0149,WH-004,Sales Issue,-4,SO-008597
MOV-007534,2026-03-27,PRD-0215,WH-001,Sales Issue,-4,SO-008598
MOV-007535,2025-07-05,PRD-0332,WH-004,Sales Issue,-21,SO-008599
MOV-007536,2026-05-20,PRD-0175,WH-005,Sales Issue,-12,SO-008602
MOV-007537,2026-07-12,PRD-0082,WH-001,Sales Issue,-2,SO-008603
MOV-007538,2026-07-06,PRD-0100,WH-001,Sales Issue,-29,SO-008604
MOV-007539,2025-08-26,PRD-0317,WH-002,Sales Issue,-3,SO-008605
MOV-007540,2026-01-16,PRD-0213,WH-004,Sales Issue,-21,SO-008606
MOV-007541,2025-05-03,PRD-0141,WH-001,Sales Issue,-1,SO-008607
MOV-007542,2025-12-16,PRD-0465,WH-004,Sales Issue,-6,SO-008609
MOV-007543,2024-11-07,PRD-0451,WH-001,Sales Issue,-25,SO-008610
MOV-007544,2026-07-21,PRD-0070,WH-003,Sales Issue,-16,SO-008611
MOV-007545,2026-07-26,PRD-0143,WH-003,Sales Issue,-4,SO-008612
MOV-007546,2025-03-25,PRD-0190,WH-003,Sales Issue,-18,SO-008614
MOV-007547,2025-02-06,PRD-0331,WH-004,Sales Issue,-4,SO-008615
MOV-007548,2026-05-24,PRD-0016,WH-001,Sales Issue,-23,SO-008617
MOV-007549,2025-01-04,PRD-0433,WH-004,Sales Issue,-16,SO-008618
MOV-007550,2025-01-09,PRD-0132,WH-003,Sales Issue,-18,SO-008619
MOV-007551,2026-01-06,PRD-0041,WH-003,Sales Issue,-12,SO-008620
MOV-007552,2024-11-16,PRD-0344,WH-004,Sales Issue,-19,SO-008621
MOV-007553,2026-05-22,PRD-0357,WH-004,Sales Issue,-12,SO-008622
MOV-007554,2024-12-24,PRD-0057,WH-004,Sales Issue,-28,SO-008623
MOV-007555,2025-04-19,PRD-0171,WH-005,Sales Issue,-6,SO-008624
MOV-007556,2025-03-13,PRD-0352,WH-001,Sales Issue,-14,SO-008625
MOV-007557,2024-11-18,PRD-0081,WH-004,Sales Issue,-25,SO-008626
MOV-007558,2026-07-14,PRD-0084,WH-003,Sales Issue,-22,SO-008627
MOV-007559,2025-04-02,PRD-0027,WH-001,Sales Issue,-20,SO-008628
MOV-007560,2024-11-02,PRD-0432,WH-005,Sales Issue,-29,SO-008630
MOV-007561,2025-02-10,PRD-0418,WH-003,Sales Issue,-27,SO-008631
MOV-007562,2024-10-11,PRD-0224,WH-001,Sales Issue,-6,SO-008632
MOV-007563,2024-10-24,PRD-0332,WH-004,Sales Issue,-18,SO-008633
MOV-007564,2025-10-25,PRD-0343,WH-001,Sales Issue,-17,SO-008634
MOV-007565,2025-02-08,PRD-0302,WH-003,Sales Issue,-23,SO-008635
MOV-007566,2025-04-01,PRD-0480,WH-001,Sales Issue,-28,SO-008636
MOV-007567,2025-12-12,PRD-0125,WH-005,Sales Issue,-25,SO-008637
MOV-007568,2025-02-26,PRD-0285,WH-004,Sales Issue,-25,SO-008638
MOV-007569,2024-11-28,PRD-0109,WH-001,Sales Issue,-2,SO-008641
MOV-007570,2026-07-05,PRD-0043,WH-002,Sales Issue,-19,SO-008642
MOV-007571,2025-05-06,PRD-0437,WH-003,Sales Issue,-29,SO-008643
MOV-007572,2026-04-08,PRD-0467,WH-002,Sales Issue,-4,SO-008644
MOV-007573,2025-06-16,PRD-0097,WH-001,Sales Issue,-30,SO-008645
MOV-007574,2024-12-08,PRD-0065,WH-003,Sales Issue,-6,SO-008647
MOV-007575,2026-03-10,PRD-0355,WH-002,Sales Issue,-12,SO-008648
MOV-007576,2026-04-08,PRD-0383,WH-004,Sales Issue,-29,SO-008649
MOV-007577,2025-02-27,PRD-0335,WH-001,Sales Issue,-16,SO-008651
MOV-007578,2025-06-04,PRD-0231,WH-001,Sales Issue,-11,SO-008652
MOV-007579,2025-06-10,PRD-0378,WH-002,Sales Issue,-24,SO-008653
MOV-007580,2025-06-06,PRD-0171,WH-005,Sales Issue,-17,SO-008654
MOV-007581,2025-06-23,PRD-0408,WH-002,Sales Issue,-18,SO-008655
MOV-007582,2025-07-01,PRD-0116,WH-005,Sales Issue,-22,SO-008658
MOV-007583,2025-02-06,PRD-0130,WH-003,Sales Issue,-25,SO-008659
MOV-007584,2025-04-20,PRD-0112,WH-005,Sales Issue,-17,SO-008663
MOV-007585,2025-03-29,PRD-0010,WH-003,Sales Issue,-11,SO-008664
MOV-007586,2025-03-29,PRD-0294,WH-003,Sales Issue,-7,SO-008665
MOV-007587,2025-12-15,PRD-0141,WH-001,Sales Issue,-11,SO-008666
MOV-007588,2025-03-05,PRD-0067,WH-003,Sales Issue,-4,SO-008667
MOV-007589,2026-07-17,PRD-0476,WH-001,Sales Issue,-2,SO-008668
MOV-007590,2026-01-15,PRD-0436,WH-004,Sales Issue,-20,SO-008669
MOV-007591,2024-12-02,PRD-0419,WH-005,Sales Issue,-17,SO-008670
MOV-007592,2024-11-22,PRD-0035,WH-001,Sales Issue,-9,SO-008671
MOV-007593,2025-11-03,PRD-0109,WH-001,Sales Issue,-1,SO-008674
MOV-007594,2024-11-10,PRD-0321,WH-001,Sales Issue,-1,SO-008675
MOV-007595,2025-05-26,PRD-0070,WH-003,Sales Issue,-14,SO-008676
MOV-007596,2025-06-29,PRD-0212,WH-005,Sales Issue,-7,SO-008677
MOV-007597,2024-11-22,PRD-0204,WH-002,Sales Issue,-27,SO-008678
MOV-007598,2025-02-19,PRD-0016,WH-001,Sales Issue,-25,SO-008680
MOV-007599,2025-06-21,PRD-0434,WH-003,Sales Issue,-30,SO-008681
MOV-007600,2025-08-03,PRD-0234,WH-004,Sales Issue,-10,SO-008682
MOV-007601,2024-12-18,PRD-0418,WH-003,Sales Issue,-12,SO-008683
MOV-007602,2026-07-24,PRD-0341,WH-004,Sales Issue,-13,SO-008684
MOV-007603,2025-11-12,PRD-0067,WH-003,Sales Issue,-28,SO-008685
MOV-007604,2025-04-15,PRD-0371,WH-002,Sales Issue,-12,SO-008686
MOV-007605,2025-08-04,PRD-0146,WH-004,Sales Issue,-19,SO-008687
MOV-007606,2026-01-26,PRD-0069,WH-002,Sales Issue,-4,SO-008688
MOV-007607,2025-09-27,PRD-0246,WH-003,Sales Issue,-30,SO-008689
MOV-007608,2024-12-31,PRD-0440,WH-005,Sales Issue,-6,SO-008690
MOV-007609,2025-05-19,PRD-0223,WH-002,Sales Issue,-27,SO-008691
MOV-007610,2026-08-19,PRD-0379,WH-002,Sales Issue,-21,SO-008693
MOV-007611,2024-10-18,PRD-0312,WH-002,Sales Issue,-17,SO-008694
MOV-007612,2025-11-17,PRD-0106,WH-002,Sales Issue,-11,SO-008695
MOV-007613,2026-08-18,PRD-0139,WH-005,Sales Issue,-3,SO-008696
MOV-007614,2026-06-26,PRD-0163,WH-004,Sales Issue,-5,SO-008697
MOV-007615,2026-03-10,PRD-0269,WH-004,Sales Issue,-17,SO-008698
MOV-007616,2025-05-16,PRD-0227,WH-003,Sales Issue,-5,SO-008699
MOV-007617,2026-02-02,PRD-0017,WH-004,Sales Issue,-13,SO-008700
MOV-007618,2025-05-08,PRD-0146,WH-004,Sales Issue,-19,SO-008701
MOV-007619,2025-12-26,PRD-0384,WH-004,Sales Issue,-29,SO-008702
MOV-007620,2026-08-18,PRD-0166,WH-004,Sales Issue,-14,SO-008703
MOV-007621,2025-02-23,PRD-0151,WH-001,Sales Issue,-8,SO-008704
MOV-007622,2025-01-19,PRD-0420,WH-004,Sales Issue,-14,SO-008705
MOV-007623,2025-05-04,PRD-0381,WH-001,Sales Issue,-14,SO-008706
MOV-007624,2026-05-26,PRD-0389,WH-004,Sales Issue,-16,SO-008708
MOV-007625,2025-01-23,PRD-0210,WH-005,Sales Issue,-29,SO-008709
MOV-007626,2024-12-09,PRD-0226,WH-001,Sales Issue,-20,SO-008710
MOV-007627,2025-05-29,PRD-0136,WH-001,Sales Issue,-12,SO-008711
MOV-007628,2025-05-23,PRD-0126,WH-001,Sales Issue,-24,SO-008712
MOV-007629,2026-07-07,PRD-0354,WH-005,Sales Issue,-18,SO-008713
MOV-007630,2025-10-10,PRD-0420,WH-004,Sales Issue,-27,SO-008714
MOV-007631,2025-09-26,PRD-0126,WH-001,Sales Issue,-10,SO-008715
MOV-007632,2025-12-21,PRD-0425,WH-002,Sales Issue,-28,SO-008716
MOV-007633,2026-08-18,PRD-0385,WH-003,Sales Issue,-27,SO-008717
MOV-007634,2025-12-26,PRD-0459,WH-005,Sales Issue,-19,SO-008718
MOV-007635,2026-03-31,PRD-0350,WH-001,Sales Issue,-3,SO-008719
MOV-007636,2025-09-16,PRD-0106,WH-002,Sales Issue,-13,SO-008720
MOV-007637,2024-12-19,PRD-0035,WH-001,Sales Issue,-28,SO-008721
MOV-007638,2025-09-22,PRD-0353,WH-005,Sales Issue,-4,SO-008722
MOV-007639,2024-11-08,PRD-0347,WH-004,Sales Issue,-26,SO-008724
MOV-007640,2025-07-06,PRD-0307,WH-003,Sales Issue,-9,SO-008725
MOV-007641,2024-12-09,PRD-0075,WH-003,Sales Issue,-8,SO-008726
MOV-007642,2026-01-12,PRD-0406,WH-005,Sales Issue,-14,SO-008727
MOV-007643,2026-02-10,PRD-0147,WH-003,Sales Issue,-1,SO-008728
MOV-007644,2025-08-21,PRD-0364,WH-004,Sales Issue,-20,SO-008729
MOV-007645,2025-06-09,PRD-0113,WH-005,Sales Issue,-17,SO-008730
MOV-007646,2025-09-21,PRD-0319,WH-005,Sales Issue,-4,SO-008732
MOV-007647,2024-11-16,PRD-0453,WH-001,Sales Issue,-21,SO-008733
MOV-007648,2025-10-15,PRD-0272,WH-001,Sales Issue,-9,SO-008734
MOV-007649,2024-10-03,PRD-0444,WH-002,Sales Issue,-9,SO-008735
MOV-007650,2026-09-09,PRD-0441,WH-005,Sales Issue,-23,SO-008736
MOV-007651,2026-05-29,PRD-0080,WH-003,Sales Issue,-7,SO-008737
MOV-007652,2025-06-12,PRD-0365,WH-002,Sales Issue,-16,SO-008739
MOV-007653,2025-11-06,PRD-0499,WH-004,Sales Issue,-9,SO-008741
MOV-007654,2025-09-12,PRD-0346,WH-002,Sales Issue,-26,SO-008742
MOV-007655,2026-02-18,PRD-0004,WH-002,Sales Issue,-19,SO-008744
MOV-007656,2026-01-20,PRD-0196,WH-003,Sales Issue,-18,SO-008745
MOV-007657,2024-10-27,PRD-0163,WH-004,Sales Issue,-1,SO-008746
MOV-007658,2026-05-01,PRD-0055,WH-001,Sales Issue,-27,SO-008747
MOV-007659,2025-01-16,PRD-0343,WH-001,Sales Issue,-16,SO-008748
MOV-007660,2026-03-03,PRD-0460,WH-002,Sales Issue,-22,SO-008749
MOV-007661,2025-01-16,PRD-0480,WH-001,Sales Issue,-6,SO-008750
MOV-007662,2026-08-25,PRD-0001,WH-003,Sales Issue,-14,SO-008751
MOV-007663,2025-12-05,PRD-0067,WH-003,Sales Issue,-8,SO-008752
MOV-007664,2026-06-09,PRD-0358,WH-004,Sales Issue,-22,SO-008753
MOV-007665,2025-02-13,PRD-0068,WH-004,Sales Issue,-15,SO-008755
MOV-007666,2026-06-01,PRD-0124,WH-002,Sales Issue,-18,SO-008756
MOV-007667,2026-02-18,PRD-0199,WH-004,Sales Issue,-7,SO-008757
MOV-007668,2025-11-27,PRD-0067,WH-003,Sales Issue,-29,SO-008758
MOV-007669,2026-06-13,PRD-0061,WH-003,Sales Issue,-8,SO-008759
MOV-007670,2026-08-07,PRD-0253,WH-001,Sales Issue,-22,SO-008760
MOV-007671,2026-03-27,PRD-0460,WH-002,Sales Issue,-15,SO-008762
MOV-007672,2026-07-08,PRD-0380,WH-003,Sales Issue,-13,SO-008764
MOV-007673,2025-09-24,PRD-0448,WH-003,Sales Issue,-3,SO-008765
MOV-007674,2025-11-22,PRD-0237,WH-005,Sales Issue,-5,SO-008766
MOV-007675,2025-04-13,PRD-0432,WH-005,Sales Issue,-27,SO-008767
MOV-007676,2025-02-07,PRD-0076,WH-002,Sales Issue,-24,SO-008769
MOV-007677,2025-06-07,PRD-0408,WH-002,Sales Issue,-25,SO-008770
MOV-007678,2025-02-15,PRD-0458,WH-001,Sales Issue,-17,SO-008772
MOV-007679,2025-09-04,PRD-0447,WH-005,Sales Issue,-28,SO-008773
MOV-007680,2025-10-20,PRD-0102,WH-005,Sales Issue,-3,SO-008774
MOV-007681,2025-12-06,PRD-0020,WH-001,Sales Issue,-9,SO-008775
MOV-007682,2026-09-17,PRD-0251,WH-002,Sales Issue,-9,SO-008776
MOV-007683,2025-01-03,PRD-0120,WH-004,Sales Issue,-25,SO-008778
MOV-007684,2024-11-04,PRD-0209,WH-005,Sales Issue,-22,SO-008779
MOV-007685,2026-01-08,PRD-0296,WH-002,Sales Issue,-13,SO-008780
MOV-007686,2025-02-19,PRD-0004,WH-002,Sales Issue,-8,SO-008781
MOV-007687,2026-06-24,PRD-0406,WH-005,Sales Issue,-1,SO-008782
MOV-007688,2024-11-12,PRD-0045,WH-001,Sales Issue,-14,SO-008783
MOV-007689,2026-05-20,PRD-0391,WH-002,Sales Issue,-29,SO-008784
MOV-007690,2026-05-22,PRD-0305,WH-002,Sales Issue,-24,SO-008785
MOV-007691,2026-05-18,PRD-0217,WH-001,Sales Issue,-29,SO-008786
MOV-007692,2025-07-05,PRD-0143,WH-003,Sales Issue,-17,SO-008787
MOV-007693,2026-05-15,PRD-0073,WH-003,Sales Issue,-24,SO-008788
MOV-007694,2025-09-15,PRD-0052,WH-002,Sales Issue,-26,SO-008789
MOV-007695,2026-01-31,PRD-0287,WH-003,Sales Issue,-8,SO-008790
MOV-007696,2025-06-26,PRD-0312,WH-002,Sales Issue,-26,SO-008791
MOV-007697,2024-12-17,PRD-0399,WH-003,Sales Issue,-10,SO-008792
MOV-007698,2024-12-13,PRD-0058,WH-003,Sales Issue,-2,SO-008794
MOV-007699,2025-10-12,PRD-0363,WH-001,Sales Issue,-25,SO-008795
MOV-007700,2026-07-23,PRD-0192,WH-004,Sales Issue,-7,SO-008796
MOV-007701,2025-12-06,PRD-0045,WH-001,Sales Issue,-20,SO-008797
MOV-007702,2025-09-13,PRD-0047,WH-002,Sales Issue,-2,SO-008798
MOV-007703,2025-03-18,PRD-0335,WH-001,Sales Issue,-9,SO-008799
MOV-007704,2026-05-19,PRD-0029,WH-005,Sales Issue,-1,SO-008800
MOV-007705,2025-02-19,PRD-0212,WH-005,Sales Issue,-6,SO-008801
MOV-007706,2026-04-20,PRD-0439,WH-004,Sales Issue,-7,SO-008802
MOV-007707,2026-04-20,PRD-0267,WH-005,Sales Issue,-16,SO-008803
MOV-007708,2025-03-20,PRD-0237,WH-005,Sales Issue,-4,SO-008804
MOV-007709,2025-01-06,PRD-0058,WH-003,Sales Issue,-5,SO-008805
MOV-007710,2026-06-03,PRD-0073,WH-003,Sales Issue,-9,SO-008806
MOV-007711,2025-12-26,PRD-0248,WH-001,Sales Issue,-11,SO-008807
MOV-007712,2025-07-04,PRD-0250,WH-004,Sales Issue,-22,SO-008808
MOV-007713,2025-05-23,PRD-0044,WH-001,Sales Issue,-28,SO-008809
MOV-007714,2025-06-30,PRD-0441,WH-005,Sales Issue,-14,SO-008810
MOV-007715,2024-10-05,PRD-0197,WH-003,Sales Issue,-5,SO-008811
MOV-007716,2026-03-03,PRD-0172,WH-004,Sales Issue,-1,SO-008812
MOV-007717,2025-03-16,PRD-0075,WH-003,Sales Issue,-9,SO-008813
MOV-007718,2025-06-07,PRD-0194,WH-002,Sales Issue,-4,SO-008814
MOV-007719,2026-05-17,PRD-0240,WH-002,Sales Issue,-30,SO-008815
MOV-007720,2024-12-08,PRD-0152,WH-004,Sales Issue,-23,SO-008816
MOV-007721,2025-04-12,PRD-0275,WH-004,Sales Issue,-24,SO-008817
MOV-007722,2025-10-13,PRD-0183,WH-004,Sales Issue,-14,SO-008818
MOV-007723,2024-12-06,PRD-0383,WH-004,Sales Issue,-1,SO-008820
MOV-007724,2025-05-09,PRD-0407,WH-002,Sales Issue,-2,SO-008821
MOV-007725,2025-05-02,PRD-0250,WH-004,Sales Issue,-2,SO-008822
MOV-007726,2024-11-22,PRD-0312,WH-002,Sales Issue,-23,SO-008823
MOV-007727,2026-04-10,PRD-0401,WH-001,Sales Issue,-29,SO-008824
MOV-007728,2026-05-08,PRD-0306,WH-001,Sales Issue,-13,SO-008825
MOV-007729,2025-10-17,PRD-0418,WH-003,Sales Issue,-14,SO-008826
MOV-007730,2025-01-28,PRD-0391,WH-002,Sales Issue,-25,SO-008827
MOV-007731,2025-02-26,PRD-0410,WH-002,Sales Issue,-3,SO-008828
MOV-007732,2025-11-13,PRD-0480,WH-001,Sales Issue,-6,SO-008829
MOV-007733,2025-12-15,PRD-0064,WH-005,Sales Issue,-14,SO-008830
MOV-007734,2025-03-09,PRD-0307,WH-003,Sales Issue,-13,SO-008831
MOV-007735,2026-03-07,PRD-0476,WH-001,Sales Issue,-22,SO-008833
MOV-007736,2025-08-29,PRD-0130,WH-003,Sales Issue,-15,SO-008834
MOV-007737,2025-03-07,PRD-0021,WH-005,Sales Issue,-4,SO-008835
MOV-007738,2024-10-17,PRD-0286,WH-002,Sales Issue,-6,SO-008839
MOV-007739,2026-05-02,PRD-0313,WH-004,Sales Issue,-14,SO-008840
MOV-007740,2025-11-13,PRD-0459,WH-005,Sales Issue,-18,SO-008841
MOV-007741,2026-01-13,PRD-0271,WH-003,Sales Issue,-13,SO-008842
MOV-007742,2025-10-21,PRD-0332,WH-004,Sales Issue,-18,SO-008843
MOV-007743,2025-05-29,PRD-0083,WH-004,Sales Issue,-6,SO-008844
MOV-007744,2025-12-28,PRD-0315,WH-004,Sales Issue,-12,SO-008846
MOV-007745,2025-09-27,PRD-0313,WH-004,Sales Issue,-24,SO-008847
MOV-007746,2026-09-18,PRD-0053,WH-003,Sales Issue,-13,SO-008848
MOV-007747,2025-10-26,PRD-0460,WH-002,Sales Issue,-5,SO-008849
MOV-007748,2025-06-08,PRD-0040,WH-003,Sales Issue,-1,SO-008850
MOV-007749,2024-11-13,PRD-0004,WH-002,Sales Issue,-3,SO-008851
MOV-007750,2025-11-08,PRD-0151,WH-001,Sales Issue,-17,SO-008852
MOV-007751,2026-03-24,PRD-0213,WH-004,Sales Issue,-23,SO-008853
MOV-007752,2024-10-11,PRD-0357,WH-004,Sales Issue,-28,SO-008854
MOV-007753,2024-12-23,PRD-0204,WH-002,Sales Issue,-30,SO-008855
MOV-007754,2025-10-10,PRD-0253,WH-001,Sales Issue,-16,SO-008856
MOV-007755,2026-03-11,PRD-0271,WH-003,Sales Issue,-15,SO-008857
MOV-007756,2025-01-25,PRD-0331,WH-004,Sales Issue,-3,SO-008858
MOV-007757,2025-03-17,PRD-0234,WH-004,Sales Issue,-25,SO-008860
MOV-007758,2025-07-03,PRD-0497,WH-003,Sales Issue,-10,SO-008861
MOV-007759,2024-10-28,PRD-0110,WH-005,Sales Issue,-2,SO-008863
MOV-007760,2026-03-12,PRD-0361,WH-003,Sales Issue,-14,SO-008864
MOV-007761,2025-01-10,PRD-0350,WH-001,Sales Issue,-25,SO-008865
MOV-007762,2025-07-07,PRD-0051,WH-003,Sales Issue,-12,SO-008866
MOV-007763,2026-08-25,PRD-0332,WH-004,Sales Issue,-6,SO-008867
MOV-007764,2025-09-15,PRD-0345,WH-003,Sales Issue,-10,SO-008869
MOV-007765,2025-02-03,PRD-0327,WH-005,Sales Issue,-16,SO-008870
MOV-007766,2025-01-14,PRD-0292,WH-002,Sales Issue,-30,SO-008871
MOV-007767,2024-11-01,PRD-0252,WH-001,Sales Issue,-20,SO-008872
MOV-007768,2025-12-22,PRD-0009,WH-001,Sales Issue,-15,SO-008873
MOV-007769,2025-04-01,PRD-0253,WH-001,Sales Issue,-15,SO-008874
MOV-007770,2026-02-14,PRD-0053,WH-003,Sales Issue,-25,SO-008875
MOV-007771,2026-03-16,PRD-0320,WH-005,Sales Issue,-26,SO-008876
MOV-007772,2025-07-27,PRD-0359,WH-004,Sales Issue,-14,SO-008877
MOV-007773,2026-09-21,PRD-0355,WH-002,Sales Issue,-28,SO-008878
MOV-007774,2025-03-23,PRD-0265,WH-004,Sales Issue,-28,SO-008879
MOV-007775,2026-04-14,PRD-0154,WH-002,Sales Issue,-12,SO-008880
MOV-007776,2026-08-16,PRD-0031,WH-005,Sales Issue,-28,SO-008881
MOV-007777,2026-02-26,PRD-0484,WH-001,Sales Issue,-9,SO-008882
MOV-007778,2026-05-27,PRD-0270,WH-003,Sales Issue,-2,SO-008883
MOV-007779,2026-01-24,PRD-0497,WH-003,Sales Issue,-23,SO-008884
MOV-007780,2026-09-18,PRD-0418,WH-003,Sales Issue,-9,SO-008887
MOV-007781,2026-04-21,PRD-0110,WH-005,Sales Issue,-23,SO-008888
MOV-007782,2026-02-26,PRD-0441,WH-005,Sales Issue,-7,SO-008889
MOV-007783,2025-07-22,PRD-0177,WH-005,Sales Issue,-20,SO-008890
MOV-007784,2026-09-07,PRD-0464,WH-001,Sales Issue,-7,SO-008892
MOV-007785,2025-12-14,PRD-0078,WH-001,Sales Issue,-7,SO-008893
MOV-007786,2025-03-11,PRD-0109,WH-001,Sales Issue,-27,SO-008894
MOV-007787,2025-05-30,PRD-0217,WH-001,Sales Issue,-29,SO-008895
MOV-007788,2025-11-03,PRD-0146,WH-004,Sales Issue,-27,SO-008896
MOV-007789,2025-10-05,PRD-0426,WH-001,Sales Issue,-14,SO-008900
MOV-007790,2026-07-16,PRD-0287,WH-003,Sales Issue,-14,SO-008901
MOV-007791,2026-02-02,PRD-0071,WH-001,Sales Issue,-2,SO-008902
MOV-007792,2025-12-22,PRD-0068,WH-004,Sales Issue,-15,SO-008903
MOV-007793,2024-11-20,PRD-0016,WH-001,Sales Issue,-11,SO-008904
MOV-007794,2025-12-17,PRD-0378,WH-002,Sales Issue,-3,SO-008906
MOV-007795,2026-03-17,PRD-0361,WH-003,Sales Issue,-3,SO-008907
MOV-007796,2026-09-11,PRD-0078,WH-001,Sales Issue,-29,SO-008908
MOV-007797,2025-01-14,PRD-0370,WH-004,Sales Issue,-29,SO-008909
MOV-007798,2025-07-05,PRD-0111,WH-003,Sales Issue,-16,SO-008910
MOV-007799,2025-06-11,PRD-0070,WH-003,Sales Issue,-10,SO-008913
MOV-007800,2026-09-19,PRD-0441,WH-005,Sales Issue,-20,SO-008914
MOV-007801,2025-10-24,PRD-0079,WH-001,Sales Issue,-30,SO-008915
MOV-007802,2026-04-13,PRD-0299,WH-003,Sales Issue,-18,SO-008917
MOV-007803,2026-04-29,PRD-0016,WH-001,Sales Issue,-10,SO-008918
MOV-007804,2025-05-08,PRD-0327,WH-005,Sales Issue,-30,SO-008920
MOV-007805,2026-05-30,PRD-0079,WH-001,Sales Issue,-9,SO-008921
MOV-007806,2026-08-25,PRD-0243,WH-003,Sales Issue,-24,SO-008922
MOV-007807,2026-01-05,PRD-0183,WH-004,Sales Issue,-20,SO-008923
MOV-007808,2025-03-24,PRD-0493,WH-003,Sales Issue,-20,SO-008924
MOV-007809,2025-01-27,PRD-0436,WH-004,Sales Issue,-13,SO-008925
MOV-007810,2025-06-23,PRD-0225,WH-001,Sales Issue,-10,SO-008926
MOV-007811,2025-05-22,PRD-0166,WH-004,Sales Issue,-24,SO-008927
MOV-007812,2026-07-10,PRD-0358,WH-004,Sales Issue,-11,SO-008928
MOV-007813,2025-12-06,PRD-0344,WH-004,Sales Issue,-25,SO-008929
MOV-007814,2024-12-15,PRD-0090,WH-001,Sales Issue,-27,SO-008930
MOV-007815,2026-01-20,PRD-0303,WH-005,Sales Issue,-14,SO-008931
MOV-007816,2025-01-02,PRD-0410,WH-002,Sales Issue,-5,SO-008932
MOV-007817,2025-09-23,PRD-0108,WH-002,Sales Issue,-18,SO-008933
MOV-007818,2026-01-08,PRD-0485,WH-005,Sales Issue,-30,SO-008934
MOV-007819,2025-08-31,PRD-0240,WH-002,Sales Issue,-2,SO-008935
MOV-007820,2025-03-28,PRD-0404,WH-005,Sales Issue,-20,SO-008936
MOV-007821,2024-10-14,PRD-0479,WH-004,Sales Issue,-8,SO-008937
MOV-007822,2025-06-12,PRD-0005,WH-001,Sales Issue,-14,SO-008939
MOV-007823,2026-04-29,PRD-0285,WH-004,Sales Issue,-26,SO-008940
MOV-007824,2025-05-16,PRD-0208,WH-005,Sales Issue,-10,SO-008941
MOV-007825,2025-10-29,PRD-0112,WH-005,Sales Issue,-23,SO-008942
MOV-007826,2025-02-16,PRD-0231,WH-001,Sales Issue,-29,SO-008943
MOV-007827,2025-03-29,PRD-0455,WH-005,Sales Issue,-5,SO-008944
MOV-007828,2024-10-13,PRD-0342,WH-001,Sales Issue,-16,SO-008945
MOV-007829,2025-09-05,PRD-0114,WH-001,Sales Issue,-8,SO-008946
MOV-007830,2026-08-24,PRD-0018,WH-001,Sales Issue,-28,SO-008947
MOV-007831,2025-07-20,PRD-0177,WH-005,Sales Issue,-3,SO-008948
MOV-007832,2025-09-05,PRD-0448,WH-003,Sales Issue,-9,SO-008949
MOV-007833,2025-04-05,PRD-0498,WH-003,Sales Issue,-8,SO-008950
MOV-007834,2026-09-05,PRD-0194,WH-002,Sales Issue,-24,SO-008953
MOV-007835,2025-02-16,PRD-0280,WH-005,Sales Issue,-11,SO-008954
MOV-007836,2025-11-30,PRD-0013,WH-004,Sales Issue,-14,SO-008957
MOV-007837,2025-04-01,PRD-0106,WH-002,Sales Issue,-23,SO-008959
MOV-007838,2025-12-12,PRD-0448,WH-003,Sales Issue,-29,SO-008961
MOV-007839,2025-07-06,PRD-0114,WH-001,Sales Issue,-16,SO-008962
MOV-007840,2025-11-18,PRD-0402,WH-002,Sales Issue,-27,SO-008963
MOV-007841,2026-06-29,PRD-0158,WH-002,Sales Issue,-19,SO-008964
MOV-007842,2026-08-28,PRD-0261,WH-001,Sales Issue,-29,SO-008966
MOV-007843,2026-05-26,PRD-0269,WH-004,Sales Issue,-17,SO-008967
MOV-007844,2025-12-23,PRD-0081,WH-004,Sales Issue,-22,SO-008968
MOV-007845,2025-12-08,PRD-0145,WH-005,Sales Issue,-27,SO-008969
MOV-007846,2026-09-14,PRD-0136,WH-001,Sales Issue,-22,SO-008970
MOV-007847,2024-12-24,PRD-0134,WH-002,Sales Issue,-1,SO-008972
MOV-007848,2025-05-14,PRD-0191,WH-004,Sales Issue,-14,SO-008973
MOV-007849,2026-05-03,PRD-0376,WH-005,Sales Issue,-17,SO-008974
MOV-007850,2025-03-11,PRD-0333,WH-005,Sales Issue,-22,SO-008976
MOV-007851,2025-10-08,PRD-0111,WH-003,Sales Issue,-17,SO-008977
MOV-007852,2025-07-05,PRD-0472,WH-001,Sales Issue,-1,SO-008978
MOV-007853,2026-04-01,PRD-0465,WH-004,Sales Issue,-30,SO-008979
MOV-007854,2026-06-19,PRD-0403,WH-003,Sales Issue,-9,SO-008980
MOV-007855,2024-10-09,PRD-0102,WH-005,Sales Issue,-22,SO-008981
MOV-007856,2026-01-16,PRD-0318,WH-005,Sales Issue,-23,SO-008982
MOV-007857,2025-03-05,PRD-0022,WH-002,Sales Issue,-25,SO-008983
MOV-007858,2025-04-08,PRD-0050,WH-005,Sales Issue,-12,SO-008984
MOV-007859,2025-02-22,PRD-0112,WH-005,Sales Issue,-16,SO-008986
MOV-007860,2026-06-02,PRD-0329,WH-005,Sales Issue,-4,SO-008987
MOV-007861,2025-12-04,PRD-0010,WH-003,Sales Issue,-23,SO-008988
MOV-007862,2026-09-22,PRD-0125,WH-005,Sales Issue,-11,SO-008989
MOV-007863,2024-12-19,PRD-0467,WH-002,Sales Issue,-22,SO-008990
MOV-007864,2025-05-21,PRD-0128,WH-002,Sales Issue,-12,SO-008992
MOV-007865,2025-11-02,PRD-0202,WH-003,Sales Issue,-20,SO-008993
MOV-007866,2026-09-28,PRD-0456,WH-001,Sales Issue,-8,SO-008994
MOV-007867,2025-01-06,PRD-0055,WH-001,Sales Issue,-27,SO-008996
MOV-007868,2025-05-04,PRD-0417,WH-003,Sales Issue,-10,SO-008998
MOV-007869,2026-03-21,PRD-0426,WH-001,Sales Issue,-7,SO-008999
MOV-007870,2025-04-11,PRD-0249,WH-005,Sales Issue,-24,SO-009000
MOV-007871,2026-06-01,PRD-0337,WH-001,Sales Issue,-15,SO-009002
MOV-007872,2025-05-18,PRD-0138,WH-002,Sales Issue,-26,SO-009003
MOV-007873,2024-12-03,PRD-0366,WH-001,Sales Issue,-24,SO-009004
MOV-007874,2025-10-14,PRD-0036,WH-001,Sales Issue,-20,SO-009005
MOV-007875,2026-04-06,PRD-0259,WH-001,Sales Issue,-30,SO-009006
MOV-007876,2025-06-15,PRD-0120,WH-004,Sales Issue,-21,SO-009008
MOV-007877,2024-12-22,PRD-0037,WH-002,Sales Issue,-22,SO-009009
MOV-007878,2025-08-25,PRD-0426,WH-001,Sales Issue,-3,SO-009010
MOV-007879,2025-10-10,PRD-0164,WH-002,Sales Issue,-19,SO-009011
MOV-007880,2026-04-03,PRD-0410,WH-002,Sales Issue,-13,SO-009012
MOV-007881,2026-08-17,PRD-0301,WH-003,Sales Issue,-21,SO-009013
MOV-007882,2025-07-31,PRD-0230,WH-005,Sales Issue,-16,SO-009015
MOV-007883,2025-05-12,PRD-0325,WH-005,Sales Issue,-12,SO-009016
MOV-007884,2026-07-09,PRD-0080,WH-003,Sales Issue,-30,SO-009017
MOV-007885,2026-02-28,PRD-0481,WH-003,Sales Issue,-29,SO-009018
MOV-007886,2025-04-22,PRD-0228,WH-002,Sales Issue,-5,SO-009019
MOV-007887,2025-09-23,PRD-0139,WH-005,Sales Issue,-14,SO-009020
MOV-007888,2024-12-01,PRD-0347,WH-004,Sales Issue,-6,SO-009021
MOV-007889,2025-12-22,PRD-0360,WH-002,Sales Issue,-14,SO-009022
MOV-007890,2025-12-12,PRD-0278,WH-003,Sales Issue,-10,SO-009023
MOV-007891,2024-11-06,PRD-0407,WH-002,Sales Issue,-7,SO-009024
MOV-007892,2025-01-04,PRD-0481,WH-003,Sales Issue,-24,SO-009025
MOV-007893,2025-10-11,PRD-0324,WH-002,Sales Issue,-10,SO-009026
MOV-007894,2024-11-10,PRD-0246,WH-003,Sales Issue,-23,SO-009027
MOV-007895,2026-07-27,PRD-0181,WH-003,Sales Issue,-2,SO-009028
MOV-007896,2024-12-03,PRD-0075,WH-003,Sales Issue,-30,SO-009029
MOV-007897,2025-09-19,PRD-0172,WH-004,Sales Issue,-25,SO-009030
MOV-007898,2024-10-05,PRD-0066,WH-001,Sales Issue,-13,SO-009031
MOV-007899,2025-02-26,PRD-0375,WH-005,Sales Issue,-20,SO-009032
MOV-007900,2024-11-11,PRD-0099,WH-002,Sales Issue,-23,SO-009033
MOV-007901,2025-09-28,PRD-0003,WH-001,Sales Issue,-12,SO-009034
MOV-007902,2026-04-11,PRD-0121,WH-005,Sales Issue,-17,SO-009036
MOV-007903,2026-01-19,PRD-0160,WH-001,Sales Issue,-13,SO-009037
MOV-007904,2025-03-22,PRD-0156,WH-003,Sales Issue,-29,SO-009038
MOV-007905,2025-05-19,PRD-0366,WH-001,Sales Issue,-11,SO-009039
MOV-007906,2025-06-07,PRD-0126,WH-001,Sales Issue,-10,SO-009040
MOV-007907,2026-02-23,PRD-0211,WH-005,Sales Issue,-21,SO-009041
MOV-007908,2026-05-02,PRD-0271,WH-003,Sales Issue,-6,SO-009042
MOV-007909,2026-09-23,PRD-0293,WH-004,Sales Issue,-28,SO-009043
MOV-007910,2026-04-02,PRD-0451,WH-001,Sales Issue,-17,SO-009044
MOV-007911,2026-06-02,PRD-0269,WH-004,Sales Issue,-18,SO-009045
MOV-007912,2026-03-26,PRD-0333,WH-005,Sales Issue,-7,SO-009046
MOV-007913,2025-09-05,PRD-0496,WH-003,Sales Issue,-28,SO-009047
MOV-007914,2025-04-23,PRD-0075,WH-003,Sales Issue,-13,SO-009048
MOV-007915,2026-01-13,PRD-0048,WH-003,Sales Issue,-9,SO-009049
MOV-007916,2026-05-26,PRD-0028,WH-003,Sales Issue,-24,SO-009050
MOV-007917,2026-07-28,PRD-0244,WH-002,Sales Issue,-16,SO-009051
MOV-007918,2026-09-22,PRD-0469,WH-001,Sales Issue,-29,SO-009052
MOV-007919,2025-12-26,PRD-0192,WH-004,Sales Issue,-13,SO-009054
MOV-007920,2026-06-30,PRD-0309,WH-003,Sales Issue,-9,SO-009055
MOV-007921,2026-05-20,PRD-0078,WH-001,Sales Issue,-19,SO-009057
MOV-007922,2024-12-20,PRD-0255,WH-004,Sales Issue,-26,SO-009058
MOV-007923,2025-06-02,PRD-0132,WH-003,Sales Issue,-25,SO-009059
MOV-007924,2025-11-11,PRD-0415,WH-003,Sales Issue,-6,SO-009060
MOV-007925,2025-09-30,PRD-0115,WH-004,Sales Issue,-25,SO-009061
MOV-007926,2026-03-04,PRD-0365,WH-002,Sales Issue,-10,SO-009063
MOV-007927,2025-07-02,PRD-0383,WH-004,Sales Issue,-16,SO-009064
MOV-007928,2026-01-16,PRD-0355,WH-002,Sales Issue,-2,SO-009066
MOV-007929,2025-04-13,PRD-0014,WH-003,Sales Issue,-4,SO-009067
MOV-007930,2024-12-07,PRD-0087,WH-003,Sales Issue,-25,SO-009068
MOV-007931,2025-02-16,PRD-0355,WH-002,Sales Issue,-21,SO-009069
MOV-007932,2025-11-16,PRD-0093,WH-001,Sales Issue,-18,SO-009070
MOV-007933,2024-11-22,PRD-0434,WH-003,Sales Issue,-26,SO-009073
MOV-007934,2024-10-25,PRD-0159,WH-005,Sales Issue,-15,SO-009075
MOV-007935,2026-07-05,PRD-0478,WH-002,Sales Issue,-22,SO-009076
MOV-007936,2025-05-08,PRD-0413,WH-004,Sales Issue,-12,SO-009077
MOV-007937,2025-07-27,PRD-0488,WH-005,Sales Issue,-12,SO-009078
MOV-007938,2025-08-17,PRD-0024,WH-005,Sales Issue,-25,SO-009079
MOV-007939,2024-11-17,PRD-0014,WH-003,Sales Issue,-9,SO-009080
MOV-007940,2026-04-09,PRD-0072,WH-005,Sales Issue,-7,SO-009081
MOV-007941,2025-09-18,PRD-0222,WH-005,Sales Issue,-14,SO-009082
MOV-007942,2025-11-03,PRD-0111,WH-003,Sales Issue,-30,SO-009083
MOV-007943,2025-09-18,PRD-0223,WH-002,Sales Issue,-29,SO-009084
MOV-007944,2026-04-19,PRD-0399,WH-003,Sales Issue,-17,SO-009085
MOV-007945,2025-12-30,PRD-0164,WH-002,Sales Issue,-26,SO-009087
MOV-007946,2026-02-09,PRD-0044,WH-001,Sales Issue,-3,SO-009088
MOV-007947,2025-05-23,PRD-0047,WH-002,Sales Issue,-28,SO-009089
MOV-007948,2025-12-04,PRD-0135,WH-005,Sales Issue,-4,SO-009090
MOV-007949,2025-10-31,PRD-0238,WH-005,Sales Issue,-19,SO-009092
MOV-007950,2026-05-19,PRD-0030,WH-005,Sales Issue,-24,SO-009093
MOV-007951,2026-07-05,PRD-0044,WH-001,Sales Issue,-2,SO-009094
MOV-007952,2025-05-08,PRD-0120,WH-004,Sales Issue,-9,SO-009095
MOV-007953,2025-09-26,PRD-0320,WH-005,Sales Issue,-29,SO-009096
MOV-007954,2026-08-12,PRD-0279,WH-001,Sales Issue,-19,SO-009098
MOV-007955,2025-05-20,PRD-0155,WH-005,Sales Issue,-8,SO-009099
MOV-007956,2024-10-10,PRD-0126,WH-001,Sales Issue,-10,SO-009100
MOV-007957,2026-09-29,PRD-0453,WH-001,Sales Issue,-10,SO-009101
MOV-007958,2026-08-09,PRD-0485,WH-005,Sales Issue,-18,SO-009103
MOV-007959,2025-07-02,PRD-0097,WH-001,Sales Issue,-7,SO-009104
MOV-007960,2026-03-22,PRD-0476,WH-001,Sales Issue,-21,SO-009105
MOV-007961,2025-11-09,PRD-0073,WH-003,Sales Issue,-6,SO-009108
MOV-007962,2026-01-06,PRD-0005,WH-001,Sales Issue,-27,SO-009109
MOV-007963,2024-10-31,PRD-0313,WH-004,Sales Issue,-17,SO-009110
MOV-007964,2024-10-12,PRD-0217,WH-001,Sales Issue,-28,SO-009111
MOV-007965,2025-07-06,PRD-0315,WH-004,Sales Issue,-30,SO-009112
MOV-007966,2025-06-20,PRD-0238,WH-005,Sales Issue,-10,SO-009113
MOV-007967,2025-03-28,PRD-0354,WH-005,Sales Issue,-18,SO-009116
MOV-007968,2026-06-07,PRD-0203,WH-005,Sales Issue,-15,SO-009117
MOV-007969,2026-08-08,PRD-0258,WH-003,Sales Issue,-20,SO-009118
MOV-007970,2025-09-12,PRD-0147,WH-003,Sales Issue,-12,SO-009121
MOV-007971,2025-03-08,PRD-0076,WH-002,Sales Issue,-21,SO-009123
MOV-007972,2025-07-30,PRD-0009,WH-001,Sales Issue,-27,SO-009124
MOV-007973,2024-12-13,PRD-0227,WH-003,Sales Issue,-25,SO-009125
MOV-007974,2025-06-28,PRD-0331,WH-004,Sales Issue,-23,SO-009126
MOV-007975,2026-07-13,PRD-0055,WH-001,Sales Issue,-15,SO-009128
MOV-007976,2025-04-14,PRD-0429,WH-003,Sales Issue,-27,SO-009130
MOV-007977,2025-09-19,PRD-0358,WH-004,Sales Issue,-13,SO-009131
MOV-007978,2025-05-25,PRD-0479,WH-004,Sales Issue,-20,SO-009132
MOV-007979,2025-06-30,PRD-0461,WH-005,Sales Issue,-14,SO-009133
MOV-007980,2024-11-11,PRD-0310,WH-003,Sales Issue,-28,SO-009134
MOV-007981,2024-10-08,PRD-0299,WH-003,Sales Issue,-25,SO-009135
MOV-007982,2025-12-12,PRD-0003,WH-001,Sales Issue,-12,SO-009137
MOV-007983,2026-04-26,PRD-0425,WH-002,Sales Issue,-4,SO-009138
MOV-007984,2026-06-27,PRD-0208,WH-005,Sales Issue,-14,SO-009139
MOV-007985,2026-08-18,PRD-0385,WH-003,Sales Issue,-20,SO-009140
MOV-007986,2026-03-01,PRD-0443,WH-001,Sales Issue,-28,SO-009141
MOV-007987,2025-10-23,PRD-0304,WH-003,Sales Issue,-9,SO-009143
MOV-007988,2024-11-29,PRD-0385,WH-003,Sales Issue,-12,SO-009144
MOV-007989,2024-12-14,PRD-0424,WH-001,Sales Issue,-21,SO-009145
MOV-007990,2025-06-16,PRD-0074,WH-001,Sales Issue,-5,SO-009146
MOV-007991,2026-06-06,PRD-0300,WH-002,Sales Issue,-29,SO-009148
MOV-007992,2025-08-07,PRD-0397,WH-004,Sales Issue,-14,SO-009150
MOV-007993,2026-05-04,PRD-0162,WH-001,Sales Issue,-29,SO-009151
MOV-007994,2025-03-02,PRD-0085,WH-001,Sales Issue,-23,SO-009153
MOV-007995,2026-01-08,PRD-0433,WH-004,Sales Issue,-6,SO-009154
MOV-007996,2025-01-25,PRD-0204,WH-002,Sales Issue,-9,SO-009155
MOV-007997,2026-06-06,PRD-0171,WH-005,Sales Issue,-15,SO-009156
MOV-007998,2026-04-28,PRD-0044,WH-001,Sales Issue,-25,SO-009157
MOV-007999,2025-07-22,PRD-0123,WH-005,Sales Issue,-11,SO-009158
MOV-008000,2024-12-27,PRD-0132,WH-003,Sales Issue,-16,SO-009159
MOV-008001,2025-09-20,PRD-0051,WH-003,Sales Issue,-13,SO-009160
MOV-008002,2025-08-01,PRD-0002,WH-001,Sales Issue,-21,SO-009161
MOV-008003,2026-08-25,PRD-0226,WH-001,Sales Issue,-8,SO-009162
MOV-008004,2026-02-24,PRD-0157,WH-003,Sales Issue,-18,SO-009163
MOV-008005,2025-02-22,PRD-0500,WH-003,Sales Issue,-8,SO-009164
MOV-008006,2026-07-13,PRD-0102,WH-005,Sales Issue,-4,SO-009165
MOV-008007,2026-01-13,PRD-0455,WH-005,Sales Issue,-26,SO-009166
MOV-008008,2025-11-09,PRD-0064,WH-005,Sales Issue,-21,SO-009168
MOV-008009,2025-02-28,PRD-0183,WH-004,Sales Issue,-19,SO-009169
MOV-008010,2024-11-01,PRD-0277,WH-004,Sales Issue,-9,SO-009170
MOV-008011,2025-03-14,PRD-0001,WH-003,Sales Issue,-4,SO-009171
MOV-008012,2025-08-19,PRD-0146,WH-004,Sales Issue,-7,SO-009172
MOV-008013,2025-10-26,PRD-0456,WH-001,Sales Issue,-29,SO-009173
MOV-008014,2025-11-09,PRD-0015,WH-003,Sales Issue,-19,SO-009174
MOV-008015,2024-11-19,PRD-0260,WH-002,Sales Issue,-7,SO-009175
MOV-008016,2025-11-26,PRD-0487,WH-003,Sales Issue,-18,SO-009176
MOV-008017,2026-01-01,PRD-0369,WH-002,Sales Issue,-3,SO-009177
MOV-008018,2025-02-17,PRD-0421,WH-004,Sales Issue,-4,SO-009178
MOV-008019,2026-02-09,PRD-0040,WH-003,Sales Issue,-17,SO-009179
MOV-008020,2025-10-07,PRD-0383,WH-004,Sales Issue,-4,SO-009180
MOV-008021,2025-06-23,PRD-0050,WH-005,Sales Issue,-22,SO-009181
MOV-008022,2026-06-10,PRD-0144,WH-005,Sales Issue,-17,SO-009182
MOV-008023,2025-10-26,PRD-0414,WH-005,Sales Issue,-19,SO-009183
MOV-008024,2026-04-04,PRD-0053,WH-003,Sales Issue,-25,SO-009184
MOV-008025,2025-02-06,PRD-0309,WH-003,Sales Issue,-26,SO-009185
MOV-008026,2026-07-10,PRD-0255,WH-004,Sales Issue,-12,SO-009186
MOV-008027,2025-08-26,PRD-0307,WH-003,Sales Issue,-7,SO-009187
MOV-008028,2025-03-18,PRD-0389,WH-004,Sales Issue,-20,SO-009188
MOV-008029,2026-01-25,PRD-0356,WH-001,Sales Issue,-17,SO-009189
MOV-008030,2024-10-12,PRD-0016,WH-001,Sales Issue,-22,SO-009192
MOV-008031,2025-05-31,PRD-0112,WH-005,Sales Issue,-10,SO-009193
MOV-008032,2026-09-21,PRD-0158,WH-002,Sales Issue,-12,SO-009194
MOV-008033,2024-12-18,PRD-0154,WH-002,Sales Issue,-17,SO-009195
MOV-008034,2026-07-04,PRD-0476,WH-001,Sales Issue,-13,SO-009196
MOV-008035,2026-07-10,PRD-0155,WH-005,Sales Issue,-1,SO-009197
MOV-008036,2026-07-01,PRD-0346,WH-002,Sales Issue,-19,SO-009198
MOV-008037,2026-08-11,PRD-0346,WH-002,Sales Issue,-16,SO-009199
MOV-008038,2026-02-22,PRD-0250,WH-004,Sales Issue,-1,SO-009200
MOV-008039,2026-01-16,PRD-0430,WH-002,Sales Issue,-3,SO-009201
MOV-008040,2024-10-26,PRD-0359,WH-004,Sales Issue,-18,SO-009202
MOV-008041,2025-04-25,PRD-0177,WH-005,Sales Issue,-13,SO-009203
MOV-008042,2025-04-26,PRD-0380,WH-003,Sales Issue,-2,SO-009204
MOV-008043,2026-07-29,PRD-0284,WH-002,Sales Issue,-3,SO-009205
MOV-008044,2025-04-01,PRD-0253,WH-001,Sales Issue,-10,SO-009206
MOV-008045,2025-10-05,PRD-0425,WH-002,Sales Issue,-12,SO-009207
MOV-008046,2026-07-10,PRD-0355,WH-002,Sales Issue,-20,SO-009208
MOV-008047,2025-05-05,PRD-0167,WH-002,Sales Issue,-3,SO-009209
MOV-008048,2025-10-10,PRD-0054,WH-003,Sales Issue,-11,SO-009210
MOV-008049,2026-07-10,PRD-0248,WH-001,Sales Issue,-9,SO-009211
MOV-008050,2025-02-18,PRD-0226,WH-001,Sales Issue,-13,SO-009213
MOV-008051,2025-05-15,PRD-0104,WH-002,Sales Issue,-16,SO-009214
MOV-008052,2025-04-06,PRD-0119,WH-003,Sales Issue,-4,SO-009215
MOV-008053,2025-06-23,PRD-0304,WH-003,Sales Issue,-23,SO-009216
MOV-008054,2026-02-11,PRD-0409,WH-003,Sales Issue,-1,SO-009218
MOV-008055,2025-01-14,PRD-0134,WH-002,Sales Issue,-18,SO-009219
MOV-008056,2026-07-09,PRD-0096,WH-004,Sales Issue,-3,SO-009220
MOV-008057,2026-04-11,PRD-0112,WH-005,Sales Issue,-6,SO-009222
MOV-008058,2026-07-19,PRD-0460,WH-002,Sales Issue,-30,SO-009223
MOV-008059,2024-12-13,PRD-0126,WH-001,Sales Issue,-6,SO-009224
MOV-008060,2025-08-06,PRD-0065,WH-003,Sales Issue,-23,SO-009225
MOV-008061,2026-07-15,PRD-0014,WH-003,Sales Issue,-10,SO-009226
MOV-008062,2025-06-15,PRD-0222,WH-005,Sales Issue,-29,SO-009227
MOV-008063,2025-06-04,PRD-0019,WH-004,Sales Issue,-20,SO-009229
MOV-008064,2026-08-18,PRD-0465,WH-004,Sales Issue,-8,SO-009230
MOV-008065,2026-05-11,PRD-0442,WH-001,Sales Issue,-4,SO-009231
MOV-008066,2025-07-18,PRD-0496,WH-003,Sales Issue,-17,SO-009232
MOV-008067,2026-08-03,PRD-0335,WH-001,Sales Issue,-13,SO-009235
MOV-008068,2026-09-09,PRD-0253,WH-001,Sales Issue,-21,SO-009237
MOV-008069,2024-12-17,PRD-0152,WH-004,Sales Issue,-22,SO-009238
MOV-008070,2025-11-17,PRD-0445,WH-001,Sales Issue,-10,SO-009241
MOV-008071,2025-02-06,PRD-0420,WH-004,Sales Issue,-9,SO-009243
MOV-008072,2026-05-16,PRD-0071,WH-001,Sales Issue,-13,SO-009244
MOV-008073,2025-05-06,PRD-0148,WH-004,Sales Issue,-30,SO-009245
MOV-008074,2025-01-22,PRD-0180,WH-005,Sales Issue,-18,SO-009247
MOV-008075,2025-01-12,PRD-0063,WH-004,Sales Issue,-20,SO-009248
MOV-008076,2026-03-24,PRD-0348,WH-004,Sales Issue,-1,SO-009249
MOV-008077,2024-12-26,PRD-0182,WH-001,Sales Issue,-13,SO-009250
MOV-008078,2026-05-10,PRD-0007,WH-004,Sales Issue,-16,SO-009251
MOV-008079,2025-11-04,PRD-0239,WH-003,Sales Issue,-28,SO-009252
MOV-008080,2026-06-22,PRD-0199,WH-004,Sales Issue,-27,SO-009253
MOV-008081,2026-03-21,PRD-0372,WH-002,Sales Issue,-27,SO-009255
MOV-008082,2026-04-03,PRD-0217,WH-001,Sales Issue,-15,SO-009256
MOV-008083,2026-05-01,PRD-0431,WH-002,Sales Issue,-14,SO-009257
MOV-008084,2026-05-16,PRD-0354,WH-005,Sales Issue,-14,SO-009258
MOV-008085,2025-07-02,PRD-0110,WH-005,Sales Issue,-4,SO-009259
MOV-008086,2024-11-08,PRD-0417,WH-003,Sales Issue,-20,SO-009260
MOV-008087,2025-02-20,PRD-0232,WH-005,Sales Issue,-19,SO-009261
MOV-008088,2024-11-11,PRD-0243,WH-003,Sales Issue,-9,SO-009262
MOV-008089,2026-02-06,PRD-0005,WH-001,Sales Issue,-11,SO-009263
MOV-008090,2025-07-19,PRD-0373,WH-002,Sales Issue,-19,SO-009264
MOV-008091,2024-12-04,PRD-0175,WH-005,Sales Issue,-10,SO-009265
MOV-008092,2024-10-27,PRD-0273,WH-002,Sales Issue,-12,SO-009266
MOV-008093,2026-01-27,PRD-0131,WH-003,Sales Issue,-18,SO-009268
MOV-008094,2025-02-19,PRD-0125,WH-005,Sales Issue,-28,SO-009270
MOV-008095,2025-05-16,PRD-0324,WH-002,Sales Issue,-1,SO-009272
MOV-008096,2025-03-06,PRD-0117,WH-004,Sales Issue,-26,SO-009273
MOV-008097,2026-02-17,PRD-0109,WH-001,Sales Issue,-16,SO-009274
MOV-008098,2026-08-02,PRD-0245,WH-003,Sales Issue,-26,SO-009275
MOV-008099,2025-05-22,PRD-0338,WH-003,Sales Issue,-23,SO-009276
MOV-008100,2024-11-24,PRD-0047,WH-002,Sales Issue,-19,SO-009277
MOV-008101,2025-09-08,PRD-0247,WH-003,Sales Issue,-14,SO-009278
MOV-008102,2025-11-07,PRD-0270,WH-003,Sales Issue,-23,SO-009279
MOV-008103,2026-08-25,PRD-0181,WH-003,Sales Issue,-30,SO-009280
MOV-008104,2024-12-20,PRD-0010,WH-003,Sales Issue,-7,SO-009281
MOV-008105,2026-01-30,PRD-0253,WH-001,Sales Issue,-27,SO-009283
MOV-008106,2026-05-08,PRD-0136,WH-001,Sales Issue,-3,SO-009284
MOV-008107,2025-02-24,PRD-0266,WH-002,Sales Issue,-30,SO-009285
MOV-008108,2025-02-11,PRD-0454,WH-005,Sales Issue,-16,SO-009286
MOV-008109,2026-06-19,PRD-0488,WH-005,Sales Issue,-26,SO-009287
MOV-008110,2025-05-02,PRD-0219,WH-005,Sales Issue,-11,SO-009288
MOV-008111,2024-10-15,PRD-0278,WH-003,Sales Issue,-23,SO-009289
MOV-008112,2025-03-19,PRD-0461,WH-005,Sales Issue,-5,SO-009290
MOV-008113,2026-05-08,PRD-0406,WH-005,Sales Issue,-9,SO-009292
MOV-008114,2025-10-12,PRD-0300,WH-002,Sales Issue,-21,SO-009293
MOV-008115,2025-07-27,PRD-0015,WH-003,Sales Issue,-20,SO-009295
MOV-008116,2026-09-01,PRD-0277,WH-004,Sales Issue,-27,SO-009297
MOV-008117,2025-10-09,PRD-0380,WH-003,Sales Issue,-30,SO-009298
MOV-008118,2024-12-17,PRD-0432,WH-005,Sales Issue,-3,SO-009300
MOV-008119,2026-04-10,PRD-0035,WH-001,Sales Issue,-19,SO-009301
MOV-008120,2024-10-16,PRD-0204,WH-002,Sales Issue,-29,SO-009303
MOV-008121,2026-05-24,PRD-0417,WH-003,Sales Issue,-18,SO-009304
MOV-008122,2025-09-08,PRD-0194,WH-002,Sales Issue,-9,SO-009305
MOV-008123,2025-04-20,PRD-0482,WH-005,Sales Issue,-8,SO-009306
MOV-008124,2025-08-25,PRD-0168,WH-003,Sales Issue,-10,SO-009307
MOV-008125,2026-08-19,PRD-0243,WH-003,Sales Issue,-3,SO-009308
MOV-008126,2025-06-20,PRD-0110,WH-005,Sales Issue,-13,SO-009309
MOV-008127,2024-11-19,PRD-0238,WH-005,Sales Issue,-6,SO-009311
MOV-008128,2025-04-23,PRD-0376,WH-005,Sales Issue,-27,SO-009313
MOV-008129,2025-03-31,PRD-0458,WH-001,Sales Issue,-3,SO-009314
MOV-008130,2024-11-29,PRD-0072,WH-005,Sales Issue,-2,SO-009315
MOV-008131,2025-11-16,PRD-0070,WH-003,Sales Issue,-29,SO-009316
MOV-008132,2026-03-16,PRD-0218,WH-003,Sales Issue,-5,SO-009317
MOV-008133,2025-05-12,PRD-0258,WH-003,Sales Issue,-14,SO-009318
MOV-008134,2026-04-03,PRD-0466,WH-005,Sales Issue,-14,SO-009319
MOV-008135,2025-11-15,PRD-0300,WH-002,Sales Issue,-1,SO-009320
MOV-008136,2026-04-29,PRD-0436,WH-004,Sales Issue,-30,SO-009321
MOV-008137,2026-06-09,PRD-0057,WH-004,Sales Issue,-4,SO-009322
MOV-008138,2026-03-22,PRD-0036,WH-001,Sales Issue,-27,SO-009323
MOV-008139,2025-10-07,PRD-0498,WH-003,Sales Issue,-8,SO-009326
MOV-008140,2025-05-04,PRD-0333,WH-005,Sales Issue,-5,SO-009327
MOV-008141,2025-08-05,PRD-0493,WH-003,Sales Issue,-8,SO-009328
MOV-008142,2025-06-29,PRD-0380,WH-003,Sales Issue,-20,SO-009329
MOV-008143,2026-07-22,PRD-0048,WH-003,Sales Issue,-26,SO-009330
MOV-008144,2026-08-22,PRD-0019,WH-004,Sales Issue,-27,SO-009332
MOV-008145,2025-07-11,PRD-0428,WH-005,Sales Issue,-10,SO-009333
MOV-008146,2025-01-15,PRD-0320,WH-005,Sales Issue,-7,SO-009335
MOV-008147,2024-11-23,PRD-0083,WH-004,Sales Issue,-18,SO-009336
MOV-008148,2026-09-09,PRD-0126,WH-001,Sales Issue,-12,SO-009337
MOV-008149,2026-08-30,PRD-0350,WH-001,Sales Issue,-29,SO-009338
MOV-008150,2025-09-19,PRD-0060,WH-003,Sales Issue,-14,SO-009339
MOV-008151,2025-10-27,PRD-0196,WH-003,Sales Issue,-28,SO-009340
MOV-008152,2026-06-09,PRD-0341,WH-004,Sales Issue,-6,SO-009341
MOV-008153,2025-06-27,PRD-0135,WH-005,Sales Issue,-17,SO-009342
MOV-008154,2025-07-30,PRD-0138,WH-002,Sales Issue,-5,SO-009343
MOV-008155,2025-05-22,PRD-0042,WH-004,Sales Issue,-14,SO-009344
MOV-008156,2026-08-28,PRD-0293,WH-004,Sales Issue,-10,SO-009345
MOV-008157,2026-04-10,PRD-0112,WH-005,Sales Issue,-6,SO-009346
MOV-008158,2025-10-07,PRD-0299,WH-003,Sales Issue,-24,SO-009347
MOV-008159,2026-05-06,PRD-0076,WH-002,Sales Issue,-1,SO-009348
MOV-008160,2025-03-07,PRD-0033,WH-001,Sales Issue,-22,SO-009349
MOV-008161,2024-12-06,PRD-0194,WH-002,Sales Issue,-2,SO-009350
MOV-008162,2025-06-06,PRD-0341,WH-004,Sales Issue,-19,SO-009353
MOV-008163,2025-09-14,PRD-0436,WH-004,Sales Issue,-14,SO-009354
MOV-008164,2025-04-25,PRD-0388,WH-002,Sales Issue,-1,SO-009355
MOV-008165,2026-08-05,PRD-0015,WH-003,Sales Issue,-13,SO-009356
MOV-008166,2025-07-23,PRD-0042,WH-004,Sales Issue,-24,SO-009358
MOV-008167,2025-10-02,PRD-0423,WH-003,Sales Issue,-30,SO-009359
MOV-008168,2025-07-11,PRD-0253,WH-001,Sales Issue,-15,SO-009361
MOV-008169,2026-02-08,PRD-0243,WH-003,Sales Issue,-6,SO-009362
MOV-008170,2026-01-21,PRD-0055,WH-001,Sales Issue,-5,SO-009364
MOV-008171,2024-11-01,PRD-0029,WH-005,Sales Issue,-13,SO-009365
MOV-008172,2025-09-24,PRD-0276,WH-001,Sales Issue,-7,SO-009367
MOV-008173,2025-08-15,PRD-0446,WH-001,Sales Issue,-26,SO-009368
MOV-008174,2026-01-11,PRD-0397,WH-004,Sales Issue,-8,SO-009369
MOV-008175,2025-09-25,PRD-0494,WH-001,Sales Issue,-17,SO-009370
MOV-008176,2025-10-15,PRD-0065,WH-003,Sales Issue,-23,SO-009371
MOV-008177,2026-08-25,PRD-0383,WH-004,Sales Issue,-11,SO-009372
MOV-008178,2026-02-08,PRD-0219,WH-005,Sales Issue,-28,SO-009373
MOV-008179,2025-06-10,PRD-0040,WH-003,Sales Issue,-27,SO-009374
MOV-008180,2024-10-11,PRD-0162,WH-001,Sales Issue,-29,SO-009375
MOV-008181,2024-11-28,PRD-0055,WH-001,Sales Issue,-23,SO-009376
MOV-008182,2025-03-08,PRD-0207,WH-002,Sales Issue,-7,SO-009377
MOV-008183,2024-11-26,PRD-0022,WH-002,Sales Issue,-27,SO-009379
MOV-008184,2025-11-25,PRD-0014,WH-003,Sales Issue,-30,SO-009382
MOV-008185,2026-08-11,PRD-0121,WH-005,Sales Issue,-17,SO-009383
MOV-008186,2025-12-16,PRD-0382,WH-005,Sales Issue,-10,SO-009384
MOV-008187,2026-02-06,PRD-0491,WH-004,Sales Issue,-28,SO-009385
MOV-008188,2025-07-22,PRD-0241,WH-003,Sales Issue,-13,SO-009386
MOV-008189,2026-06-03,PRD-0041,WH-003,Sales Issue,-11,SO-009387
MOV-008190,2025-04-23,PRD-0342,WH-001,Sales Issue,-12,SO-009388
MOV-008191,2025-08-19,PRD-0396,WH-005,Sales Issue,-27,SO-009389
MOV-008192,2026-07-16,PRD-0412,WH-002,Sales Issue,-10,SO-009390
MOV-008193,2025-01-01,PRD-0312,WH-002,Sales Issue,-28,SO-009394
MOV-008194,2026-05-23,PRD-0066,WH-001,Sales Issue,-3,SO-009395
MOV-008195,2025-04-22,PRD-0256,WH-002,Sales Issue,-19,SO-009396
MOV-008196,2026-01-11,PRD-0418,WH-003,Sales Issue,-10,SO-009397
MOV-008197,2025-10-20,PRD-0245,WH-003,Sales Issue,-8,SO-009398
MOV-008198,2025-08-05,PRD-0317,WH-002,Sales Issue,-27,SO-009400
MOV-008199,2025-06-18,PRD-0055,WH-001,Sales Issue,-29,SO-009401
MOV-008200,2025-03-22,PRD-0018,WH-001,Sales Issue,-25,SO-009402
MOV-008201,2025-04-19,PRD-0155,WH-005,Sales Issue,-21,SO-009403
MOV-008202,2025-02-12,PRD-0141,WH-001,Sales Issue,-25,SO-009405
MOV-008203,2026-08-17,PRD-0143,WH-003,Sales Issue,-27,SO-009406
MOV-008204,2025-03-20,PRD-0323,WH-005,Sales Issue,-5,SO-009407
MOV-008205,2024-12-14,PRD-0198,WH-002,Sales Issue,-27,SO-009410
MOV-008206,2026-08-27,PRD-0105,WH-003,Sales Issue,-23,SO-009411
MOV-008207,2024-12-24,PRD-0496,WH-003,Sales Issue,-28,SO-009412
MOV-008208,2025-02-14,PRD-0216,WH-005,Sales Issue,-17,SO-009413
MOV-008209,2025-03-07,PRD-0279,WH-001,Sales Issue,-29,SO-009415
MOV-008210,2025-03-07,PRD-0307,WH-003,Sales Issue,-5,SO-009416
MOV-008211,2025-04-04,PRD-0182,WH-001,Sales Issue,-26,SO-009417
MOV-008212,2025-05-13,PRD-0458,WH-001,Sales Issue,-23,SO-009418
MOV-008213,2026-03-04,PRD-0482,WH-005,Sales Issue,-20,SO-009419
MOV-008214,2024-10-31,PRD-0380,WH-003,Sales Issue,-11,SO-009420
MOV-008215,2026-09-10,PRD-0224,WH-001,Sales Issue,-6,SO-009421
MOV-008216,2024-11-22,PRD-0326,WH-002,Sales Issue,-11,SO-009422
MOV-008217,2026-08-10,PRD-0470,WH-004,Sales Issue,-12,SO-009423
MOV-008218,2025-08-10,PRD-0276,WH-001,Sales Issue,-14,SO-009424
MOV-008219,2025-01-06,PRD-0290,WH-003,Sales Issue,-13,SO-009425
MOV-008220,2025-07-10,PRD-0492,WH-001,Sales Issue,-3,SO-009427
MOV-008221,2026-06-16,PRD-0083,WH-004,Sales Issue,-8,SO-009428
MOV-008222,2025-08-06,PRD-0374,WH-003,Sales Issue,-11,SO-009429
MOV-008223,2026-07-19,PRD-0096,WH-004,Sales Issue,-4,SO-009430
MOV-008224,2025-06-08,PRD-0097,WH-001,Sales Issue,-27,SO-009431
MOV-008225,2026-04-06,PRD-0236,WH-002,Sales Issue,-26,SO-009432
MOV-008226,2026-09-11,PRD-0306,WH-001,Sales Issue,-18,SO-009433
MOV-008227,2025-08-07,PRD-0311,WH-005,Sales Issue,-26,SO-009434
MOV-008228,2026-08-25,PRD-0030,WH-005,Sales Issue,-26,SO-009435
MOV-008229,2025-02-22,PRD-0337,WH-001,Sales Issue,-15,SO-009436
MOV-008230,2026-02-20,PRD-0301,WH-003,Sales Issue,-10,SO-009437
MOV-008231,2025-09-18,PRD-0263,WH-001,Sales Issue,-21,SO-009440
MOV-008232,2025-08-18,PRD-0115,WH-004,Sales Issue,-25,SO-009442
MOV-008233,2024-12-20,PRD-0333,WH-005,Sales Issue,-4,SO-009444
MOV-008234,2025-05-27,PRD-0274,WH-001,Sales Issue,-14,SO-009445
MOV-008235,2026-07-08,PRD-0498,WH-003,Sales Issue,-14,SO-009447
MOV-008236,2025-03-15,PRD-0281,WH-003,Sales Issue,-13,SO-009448
MOV-008237,2025-07-05,PRD-0446,WH-001,Sales Issue,-14,SO-009449
MOV-008238,2025-06-26,PRD-0275,WH-004,Sales Issue,-18,SO-009450
MOV-008239,2025-01-14,PRD-0475,WH-003,Sales Issue,-19,SO-009451
MOV-008240,2025-09-18,PRD-0002,WH-001,Sales Issue,-22,SO-009452
MOV-008241,2026-07-07,PRD-0043,WH-002,Sales Issue,-26,SO-009453
MOV-008242,2025-08-02,PRD-0323,WH-005,Sales Issue,-22,SO-009454
MOV-008243,2025-05-01,PRD-0330,WH-001,Sales Issue,-16,SO-009455
MOV-008244,2024-12-24,PRD-0287,WH-003,Sales Issue,-8,SO-009457
MOV-008245,2024-12-10,PRD-0317,WH-002,Sales Issue,-24,SO-009458
MOV-008246,2025-01-03,PRD-0023,WH-004,Sales Issue,-28,SO-009459
MOV-008247,2025-04-16,PRD-0182,WH-001,Sales Issue,-6,SO-009460
MOV-008248,2025-10-08,PRD-0309,WH-003,Sales Issue,-4,SO-009462
MOV-008249,2024-11-28,PRD-0238,WH-005,Sales Issue,-8,SO-009463
MOV-008250,2025-08-15,PRD-0326,WH-002,Sales Issue,-4,SO-009464
MOV-008251,2026-09-03,PRD-0269,WH-004,Sales Issue,-28,SO-009465
MOV-008252,2024-11-23,PRD-0165,WH-001,Sales Issue,-3,SO-009466
MOV-008253,2025-03-23,PRD-0181,WH-003,Sales Issue,-28,SO-009467
MOV-008254,2026-08-01,PRD-0449,WH-005,Sales Issue,-15,SO-009469
MOV-008255,2025-06-25,PRD-0128,WH-002,Sales Issue,-9,SO-009470
MOV-008256,2024-10-05,PRD-0114,WH-001,Sales Issue,-22,SO-009471
MOV-008257,2025-05-14,PRD-0211,WH-005,Sales Issue,-3,SO-009472
MOV-008258,2025-11-07,PRD-0199,WH-004,Sales Issue,-30,SO-009473
MOV-008259,2024-12-20,PRD-0356,WH-001,Sales Issue,-30,SO-009475
MOV-008260,2025-06-01,PRD-0110,WH-005,Sales Issue,-3,SO-009476
MOV-008261,2026-01-01,PRD-0391,WH-002,Sales Issue,-11,SO-009477
MOV-008262,2026-09-06,PRD-0402,WH-002,Sales Issue,-9,SO-009478
MOV-008263,2026-06-30,PRD-0331,WH-004,Sales Issue,-11,SO-009479
MOV-008264,2026-04-16,PRD-0236,WH-002,Sales Issue,-29,SO-009480
MOV-008265,2025-04-11,PRD-0185,WH-004,Sales Issue,-20,SO-009481
MOV-008266,2024-12-24,PRD-0240,WH-002,Sales Issue,-25,SO-009482
MOV-008267,2025-10-20,PRD-0037,WH-002,Sales Issue,-11,SO-009483
MOV-008268,2025-02-24,PRD-0260,WH-002,Sales Issue,-5,SO-009484
MOV-008269,2026-07-29,PRD-0155,WH-005,Sales Issue,-30,SO-009485
MOV-008270,2025-05-15,PRD-0065,WH-003,Sales Issue,-13,SO-009486
MOV-008271,2025-03-16,PRD-0151,WH-001,Sales Issue,-6,SO-009487
MOV-008272,2024-12-05,PRD-0113,WH-005,Sales Issue,-14,SO-009490
MOV-008273,2025-08-14,PRD-0117,WH-004,Sales Issue,-30,SO-009491
MOV-008274,2025-08-08,PRD-0461,WH-005,Sales Issue,-20,SO-009492
MOV-008275,2025-07-02,PRD-0004,WH-002,Sales Issue,-16,SO-009493
MOV-008276,2025-01-25,PRD-0260,WH-002,Sales Issue,-11,SO-009494
MOV-008277,2025-06-28,PRD-0044,WH-001,Sales Issue,-14,SO-009496
MOV-008278,2025-06-24,PRD-0449,WH-005,Sales Issue,-27,SO-009497
MOV-008279,2024-10-20,PRD-0304,WH-003,Sales Issue,-16,SO-009500
MOV-008280,2025-10-04,PRD-0274,WH-001,Sales Issue,-27,SO-009502
MOV-008281,2025-11-28,PRD-0300,WH-002,Sales Issue,-23,SO-009503
MOV-008282,2025-05-23,PRD-0158,WH-002,Sales Issue,-11,SO-009504
MOV-008283,2025-08-13,PRD-0043,WH-002,Sales Issue,-1,SO-009505
MOV-008284,2025-07-29,PRD-0232,WH-005,Sales Issue,-30,SO-009508
MOV-008285,2026-06-28,PRD-0076,WH-002,Sales Issue,-12,SO-009509
MOV-008286,2025-04-21,PRD-0418,WH-003,Sales Issue,-13,SO-009510
MOV-008287,2025-09-16,PRD-0135,WH-005,Sales Issue,-23,SO-009511
MOV-008288,2025-10-05,PRD-0224,WH-001,Sales Issue,-14,SO-009512
MOV-008289,2024-11-13,PRD-0479,WH-004,Sales Issue,-2,SO-009514
MOV-008290,2026-09-09,PRD-0466,WH-005,Sales Issue,-20,SO-009515
MOV-008291,2024-12-06,PRD-0038,WH-005,Sales Issue,-28,SO-009517
MOV-008292,2026-01-24,PRD-0204,WH-002,Sales Issue,-5,SO-009518
MOV-008293,2025-07-03,PRD-0300,WH-002,Sales Issue,-9,SO-009519
MOV-008294,2024-12-14,PRD-0359,WH-004,Sales Issue,-24,SO-009520
MOV-008295,2026-01-21,PRD-0397,WH-004,Sales Issue,-25,SO-009521
MOV-008296,2026-08-24,PRD-0328,WH-001,Sales Issue,-6,SO-009522
MOV-008297,2026-01-09,PRD-0300,WH-002,Sales Issue,-11,SO-009523
MOV-008298,2024-10-14,PRD-0276,WH-001,Sales Issue,-16,SO-009524
MOV-008299,2026-03-10,PRD-0366,WH-001,Sales Issue,-17,SO-009526
MOV-008300,2025-12-10,PRD-0237,WH-005,Sales Issue,-27,SO-009527
MOV-008301,2025-10-06,PRD-0393,WH-004,Sales Issue,-24,SO-009528
MOV-008302,2025-12-14,PRD-0314,WH-004,Sales Issue,-1,SO-009529
MOV-008303,2026-07-30,PRD-0092,WH-004,Sales Issue,-24,SO-009530
MOV-008304,2026-01-22,PRD-0364,WH-004,Sales Issue,-13,SO-009531
MOV-008305,2025-09-19,PRD-0121,WH-005,Sales Issue,-23,SO-009532
MOV-008306,2025-04-24,PRD-0283,WH-005,Sales Issue,-26,SO-009533
MOV-008307,2026-04-09,PRD-0146,WH-004,Sales Issue,-19,SO-009534
MOV-008308,2025-12-17,PRD-0440,WH-005,Sales Issue,-30,SO-009535
MOV-008309,2025-06-03,PRD-0205,WH-002,Sales Issue,-5,SO-009536
MOV-008310,2026-09-20,PRD-0073,WH-003,Sales Issue,-18,SO-009537
MOV-008311,2025-10-02,PRD-0269,WH-004,Sales Issue,-8,SO-009538
MOV-008312,2025-12-18,PRD-0065,WH-003,Sales Issue,-5,SO-009539
MOV-008313,2026-08-12,PRD-0058,WH-003,Sales Issue,-14,SO-009540
MOV-008314,2025-12-22,PRD-0461,WH-005,Sales Issue,-8,SO-009541
MOV-008315,2025-05-13,PRD-0194,WH-002,Sales Issue,-5,SO-009542
MOV-008316,2026-02-05,PRD-0488,WH-005,Sales Issue,-3,SO-009543
MOV-008317,2025-12-30,PRD-0229,WH-002,Sales Issue,-11,SO-009544
MOV-008318,2026-09-14,PRD-0416,WH-004,Sales Issue,-3,SO-009546
MOV-008319,2025-10-07,PRD-0214,WH-003,Sales Issue,-25,SO-009547
MOV-008320,2026-08-06,PRD-0149,WH-004,Sales Issue,-6,SO-009549
MOV-008321,2025-04-24,PRD-0151,WH-001,Sales Issue,-20,SO-009550
MOV-008322,2025-03-28,PRD-0376,WH-005,Sales Issue,-15,SO-009551
MOV-008323,2025-07-08,PRD-0464,WH-001,Sales Issue,-10,SO-009552
MOV-008324,2026-03-15,PRD-0284,WH-002,Sales Issue,-9,SO-009553
MOV-008325,2024-11-30,PRD-0054,WH-003,Sales Issue,-17,SO-009554
MOV-008326,2026-05-12,PRD-0173,WH-004,Sales Issue,-21,SO-009555
MOV-008327,2026-05-26,PRD-0213,WH-004,Sales Issue,-2,SO-009556
MOV-008328,2024-12-13,PRD-0193,WH-003,Sales Issue,-10,SO-009557
MOV-008329,2025-12-09,PRD-0387,WH-004,Sales Issue,-20,SO-009558
MOV-008330,2026-04-27,PRD-0207,WH-002,Sales Issue,-21,SO-009559
MOV-008331,2026-03-22,PRD-0437,WH-003,Sales Issue,-6,SO-009560
MOV-008332,2026-01-19,PRD-0165,WH-001,Sales Issue,-13,SO-009561
MOV-008333,2026-07-30,PRD-0459,WH-005,Sales Issue,-16,SO-009562
MOV-008334,2025-10-29,PRD-0010,WH-003,Sales Issue,-14,SO-009563
MOV-008335,2024-12-31,PRD-0290,WH-003,Sales Issue,-16,SO-009564
MOV-008336,2025-02-26,PRD-0239,WH-003,Sales Issue,-16,SO-009565
MOV-008337,2025-01-17,PRD-0490,WH-005,Sales Issue,-12,SO-009566
MOV-008338,2025-03-02,PRD-0422,WH-002,Sales Issue,-17,SO-009567
MOV-008339,2025-02-13,PRD-0048,WH-003,Sales Issue,-2,SO-009569
MOV-008340,2026-08-18,PRD-0091,WH-004,Sales Issue,-1,SO-009570
MOV-008341,2025-07-05,PRD-0250,WH-004,Sales Issue,-25,SO-009571
MOV-008342,2025-07-24,PRD-0306,WH-001,Sales Issue,-14,SO-009572
MOV-008343,2025-06-23,PRD-0343,WH-001,Sales Issue,-3,SO-009573
MOV-008344,2025-11-21,PRD-0029,WH-005,Sales Issue,-22,SO-009574
MOV-008345,2025-01-25,PRD-0029,WH-005,Sales Issue,-17,SO-009575
MOV-008346,2024-12-02,PRD-0488,WH-005,Sales Issue,-26,SO-009576
MOV-008347,2025-07-15,PRD-0219,WH-005,Sales Issue,-26,SO-009578
MOV-008348,2025-07-19,PRD-0276,WH-001,Sales Issue,-15,SO-009579
MOV-008349,2025-05-11,PRD-0421,WH-004,Sales Issue,-27,SO-009580
MOV-008350,2026-08-07,PRD-0136,WH-001,Sales Issue,-25,SO-009582
MOV-008351,2025-10-05,PRD-0465,WH-004,Sales Issue,-5,SO-009583
MOV-008352,2025-05-14,PRD-0122,WH-002,Sales Issue,-11,SO-009584
MOV-008353,2025-01-05,PRD-0043,WH-002,Sales Issue,-11,SO-009585
MOV-008354,2025-03-07,PRD-0128,WH-002,Sales Issue,-29,SO-009586
MOV-008355,2025-02-22,PRD-0320,WH-005,Sales Issue,-12,SO-009587
MOV-008356,2025-05-20,PRD-0120,WH-004,Sales Issue,-28,SO-009588
MOV-008357,2024-11-05,PRD-0054,WH-003,Sales Issue,-5,SO-009591
MOV-008358,2024-12-25,PRD-0299,WH-003,Sales Issue,-3,SO-009592
MOV-008359,2025-05-26,PRD-0093,WH-001,Sales Issue,-9,SO-009593
MOV-008360,2025-11-29,PRD-0435,WH-004,Sales Issue,-25,SO-009594
MOV-008361,2026-02-20,PRD-0037,WH-002,Sales Issue,-23,SO-009595
MOV-008362,2024-10-22,PRD-0086,WH-002,Sales Issue,-19,SO-009598
MOV-008363,2024-12-09,PRD-0116,WH-005,Sales Issue,-23,SO-009599
MOV-008364,2026-08-06,PRD-0451,WH-001,Sales Issue,-15,SO-009600
MOV-008365,2025-12-09,PRD-0110,WH-005,Sales Issue,-11,SO-009601
MOV-008366,2026-07-16,PRD-0148,WH-004,Sales Issue,-18,SO-009602
MOV-008367,2026-02-20,PRD-0176,WH-002,Sales Issue,-24,SO-009603
MOV-008368,2025-03-27,PRD-0444,WH-002,Sales Issue,-12,SO-009604
MOV-008369,2026-08-25,PRD-0196,WH-003,Sales Issue,-8,SO-009605
MOV-008370,2026-05-01,PRD-0398,WH-003,Sales Issue,-10,SO-009606
MOV-008371,2024-12-18,PRD-0298,WH-002,Sales Issue,-23,SO-009607
MOV-008372,2024-11-10,PRD-0184,WH-003,Sales Issue,-3,SO-009608
MOV-008373,2026-01-08,PRD-0275,WH-004,Sales Issue,-3,SO-009609
MOV-008374,2024-12-12,PRD-0419,WH-005,Sales Issue,-10,SO-009610
MOV-008375,2025-11-07,PRD-0254,WH-004,Sales Issue,-17,SO-009612
MOV-008376,2025-03-10,PRD-0399,WH-003,Sales Issue,-30,SO-009613
MOV-008377,2025-06-06,PRD-0201,WH-001,Sales Issue,-4,SO-009614
MOV-008378,2026-08-20,PRD-0078,WH-001,Sales Issue,-4,SO-009615
MOV-008379,2024-12-09,PRD-0148,WH-004,Sales Issue,-21,SO-009616
MOV-008380,2025-10-21,PRD-0278,WH-003,Sales Issue,-25,SO-009617
MOV-008381,2026-02-24,PRD-0269,WH-004,Sales Issue,-25,SO-009618
MOV-008382,2025-12-10,PRD-0108,WH-002,Sales Issue,-18,SO-009619
MOV-008383,2024-12-22,PRD-0088,WH-003,Sales Issue,-28,SO-009620
MOV-008384,2025-10-12,PRD-0253,WH-001,Sales Issue,-2,SO-009621
MOV-008385,2025-04-25,PRD-0052,WH-002,Sales Issue,-9,SO-009622
MOV-008386,2026-01-31,PRD-0435,WH-004,Sales Issue,-15,SO-009623
MOV-008387,2026-09-16,PRD-0424,WH-001,Sales Issue,-2,SO-009624
MOV-008388,2025-11-27,PRD-0337,WH-001,Sales Issue,-8,SO-009625
MOV-008389,2025-09-09,PRD-0464,WH-001,Sales Issue,-27,SO-009626
MOV-008390,2025-08-24,PRD-0318,WH-005,Sales Issue,-9,SO-009627
MOV-008391,2026-07-01,PRD-0390,WH-005,Sales Issue,-24,SO-009628
MOV-008392,2024-12-10,PRD-0098,WH-001,Sales Issue,-14,SO-009629
MOV-008393,2025-09-17,PRD-0040,WH-003,Sales Issue,-9,SO-009630
MOV-008394,2025-02-19,PRD-0172,WH-004,Sales Issue,-7,SO-009631
MOV-008395,2025-02-16,PRD-0376,WH-005,Sales Issue,-11,SO-009633
MOV-008396,2026-05-21,PRD-0462,WH-003,Sales Issue,-15,SO-009635
MOV-008397,2025-04-09,PRD-0385,WH-003,Sales Issue,-24,SO-009636
MOV-008398,2026-08-07,PRD-0282,WH-004,Sales Issue,-2,SO-009638
MOV-008399,2025-08-10,PRD-0405,WH-001,Sales Issue,-22,SO-009639
MOV-008400,2025-09-14,PRD-0116,WH-005,Sales Issue,-3,SO-009640
MOV-008401,2025-03-06,PRD-0339,WH-002,Sales Issue,-7,SO-009641
MOV-008402,2026-02-01,PRD-0266,WH-002,Sales Issue,-25,SO-009642
MOV-008403,2025-12-20,PRD-0410,WH-002,Sales Issue,-5,SO-009646
MOV-008404,2024-11-05,PRD-0448,WH-003,Sales Issue,-22,SO-009647
MOV-008405,2025-08-09,PRD-0478,WH-002,Sales Issue,-2,SO-009648
MOV-008406,2024-11-17,PRD-0083,WH-004,Sales Issue,-28,SO-009649
MOV-008407,2025-04-27,PRD-0023,WH-004,Sales Issue,-7,SO-009650
MOV-008408,2025-10-31,PRD-0094,WH-003,Sales Issue,-23,SO-009651
MOV-008409,2025-09-28,PRD-0151,WH-001,Sales Issue,-8,SO-009652
MOV-008410,2026-03-10,PRD-0106,WH-002,Sales Issue,-13,SO-009653
MOV-008411,2026-03-14,PRD-0159,WH-005,Sales Issue,-29,SO-009654
MOV-008412,2026-07-10,PRD-0118,WH-001,Sales Issue,-8,SO-009655
MOV-008413,2026-08-05,PRD-0022,WH-002,Sales Issue,-27,SO-009656
MOV-008414,2025-11-15,PRD-0446,WH-001,Sales Issue,-26,SO-009657
MOV-008415,2026-07-28,PRD-0498,WH-003,Sales Issue,-13,SO-009658
MOV-008416,2024-10-07,PRD-0335,WH-001,Sales Issue,-18,SO-009659
MOV-008417,2025-10-20,PRD-0461,WH-005,Sales Issue,-11,SO-009660
MOV-008418,2026-08-29,PRD-0448,WH-003,Sales Issue,-1,SO-009661
MOV-008419,2025-01-29,PRD-0158,WH-002,Sales Issue,-24,SO-009662
MOV-008420,2026-05-09,PRD-0063,WH-004,Sales Issue,-27,SO-009663
MOV-008421,2025-01-20,PRD-0434,WH-003,Sales Issue,-7,SO-009664
MOV-008422,2025-08-23,PRD-0317,WH-002,Sales Issue,-13,SO-009665
MOV-008423,2024-12-05,PRD-0282,WH-004,Sales Issue,-12,SO-009666
MOV-008424,2026-05-10,PRD-0375,WH-005,Sales Issue,-5,SO-009667
MOV-008425,2025-12-09,PRD-0427,WH-005,Sales Issue,-27,SO-009668
MOV-008426,2025-05-02,PRD-0378,WH-002,Sales Issue,-25,SO-009669
MOV-008427,2025-12-08,PRD-0103,WH-003,Sales Issue,-28,SO-009670
MOV-008428,2024-12-03,PRD-0157,WH-003,Sales Issue,-11,SO-009671
MOV-008429,2025-12-16,PRD-0334,WH-004,Sales Issue,-5,SO-009672
MOV-008430,2025-12-07,PRD-0423,WH-003,Sales Issue,-25,SO-009674
MOV-008431,2026-04-13,PRD-0448,WH-003,Sales Issue,-12,SO-009675
MOV-008432,2025-09-23,PRD-0482,WH-005,Sales Issue,-18,SO-009677
MOV-008433,2024-10-05,PRD-0021,WH-005,Sales Issue,-14,SO-009678
MOV-008434,2026-01-21,PRD-0083,WH-004,Sales Issue,-3,SO-009679
MOV-008435,2025-11-24,PRD-0098,WH-001,Sales Issue,-23,SO-009680
MOV-008436,2025-01-01,PRD-0300,WH-002,Sales Issue,-28,SO-009681
MOV-008437,2026-07-10,PRD-0084,WH-003,Sales Issue,-22,SO-009683
MOV-008438,2026-05-18,PRD-0347,WH-004,Sales Issue,-18,SO-009684
MOV-008439,2025-08-29,PRD-0060,WH-003,Sales Issue,-1,SO-009686
MOV-008440,2025-11-07,PRD-0074,WH-001,Sales Issue,-2,SO-009687
MOV-008441,2025-10-08,PRD-0191,WH-004,Sales Issue,-25,SO-009688
MOV-008442,2024-12-13,PRD-0399,WH-003,Sales Issue,-8,SO-009689
MOV-008443,2025-01-01,PRD-0204,WH-002,Sales Issue,-30,SO-009690
MOV-008444,2026-01-20,PRD-0016,WH-001,Sales Issue,-22,SO-009691
MOV-008445,2025-03-03,PRD-0296,WH-002,Sales Issue,-3,SO-009692
MOV-008446,2025-03-27,PRD-0214,WH-003,Sales Issue,-28,SO-009693
MOV-008447,2026-03-18,PRD-0475,WH-003,Sales Issue,-3,SO-009694
MOV-008448,2025-09-11,PRD-0032,WH-004,Sales Issue,-14,SO-009695
MOV-008449,2024-10-19,PRD-0066,WH-001,Sales Issue,-29,SO-009696
MOV-008450,2026-06-18,PRD-0007,WH-004,Sales Issue,-20,SO-009697
MOV-008451,2025-01-29,PRD-0336,WH-004,Sales Issue,-17,SO-009698
MOV-008452,2025-06-17,PRD-0418,WH-003,Sales Issue,-29,SO-009699
MOV-008453,2026-06-25,PRD-0500,WH-003,Sales Issue,-3,SO-009700
MOV-008454,2026-07-30,PRD-0268,WH-004,Sales Issue,-13,SO-009701
MOV-008455,2025-02-08,PRD-0458,WH-001,Sales Issue,-9,SO-009702
MOV-008456,2025-06-07,PRD-0175,WH-005,Sales Issue,-21,SO-009703
MOV-008457,2026-01-06,PRD-0008,WH-005,Sales Issue,-6,SO-009704
MOV-008458,2026-08-24,PRD-0210,WH-005,Sales Issue,-22,SO-009705
MOV-008459,2026-05-21,PRD-0071,WH-001,Sales Issue,-17,SO-009707
MOV-008460,2026-06-04,PRD-0259,WH-001,Sales Issue,-26,SO-009708
MOV-008461,2026-09-09,PRD-0344,WH-004,Sales Issue,-22,SO-009710
MOV-008462,2026-04-04,PRD-0350,WH-001,Sales Issue,-27,SO-009711
MOV-008463,2026-08-29,PRD-0050,WH-005,Sales Issue,-15,SO-009712
MOV-008464,2026-07-01,PRD-0132,WH-003,Sales Issue,-20,SO-009714
MOV-008465,2026-02-25,PRD-0276,WH-001,Sales Issue,-18,SO-009715
MOV-008466,2026-07-18,PRD-0343,WH-001,Sales Issue,-7,SO-009716
MOV-008467,2025-10-08,PRD-0373,WH-002,Sales Issue,-29,SO-009717
MOV-008468,2025-05-14,PRD-0270,WH-003,Sales Issue,-13,SO-009720
MOV-008469,2025-05-14,PRD-0432,WH-005,Sales Issue,-13,SO-009721
MOV-008470,2026-03-03,PRD-0309,WH-003,Sales Issue,-26,SO-009722
MOV-008471,2025-03-29,PRD-0193,WH-003,Sales Issue,-13,SO-009723
MOV-008472,2025-02-02,PRD-0037,WH-002,Sales Issue,-19,SO-009724
MOV-008473,2024-12-06,PRD-0247,WH-003,Sales Issue,-8,SO-009725
MOV-008474,2026-08-09,PRD-0254,WH-004,Sales Issue,-1,SO-009726
MOV-008475,2026-07-08,PRD-0118,WH-001,Sales Issue,-26,SO-009727
MOV-008476,2025-05-11,PRD-0034,WH-003,Sales Issue,-29,SO-009729
MOV-008477,2025-02-05,PRD-0137,WH-002,Sales Issue,-15,SO-009731
MOV-008478,2026-07-08,PRD-0094,WH-003,Sales Issue,-4,SO-009732
MOV-008479,2026-01-10,PRD-0379,WH-002,Sales Issue,-6,SO-009733
MOV-008480,2025-09-20,PRD-0050,WH-005,Sales Issue,-12,SO-009734
MOV-008481,2025-05-13,PRD-0210,WH-005,Sales Issue,-26,SO-009735
MOV-008482,2025-10-04,PRD-0241,WH-003,Sales Issue,-12,SO-009736
MOV-008483,2024-11-30,PRD-0020,WH-001,Sales Issue,-4,SO-009738
MOV-008484,2026-08-20,PRD-0150,WH-004,Sales Issue,-14,SO-009739
MOV-008485,2025-06-11,PRD-0108,WH-002,Sales Issue,-30,SO-009740
MOV-008486,2026-05-15,PRD-0306,WH-001,Sales Issue,-18,SO-009741
MOV-008487,2026-09-12,PRD-0114,WH-001,Sales Issue,-21,SO-009742
MOV-008488,2026-03-31,PRD-0260,WH-002,Sales Issue,-7,SO-009743
MOV-008489,2026-03-21,PRD-0002,WH-001,Sales Issue,-20,SO-009744
MOV-008490,2026-03-26,PRD-0078,WH-001,Sales Issue,-26,SO-009745
MOV-008491,2025-07-25,PRD-0198,WH-002,Sales Issue,-8,SO-009746
MOV-008492,2025-02-23,PRD-0017,WH-004,Sales Issue,-16,SO-009747
MOV-008493,2025-12-06,PRD-0218,WH-003,Sales Issue,-29,SO-009748
MOV-008494,2025-08-26,PRD-0252,WH-001,Sales Issue,-10,SO-009749
MOV-008495,2026-07-21,PRD-0496,WH-003,Sales Issue,-13,SO-009750
MOV-008496,2025-01-08,PRD-0141,WH-001,Sales Issue,-25,SO-009751
MOV-008497,2025-02-22,PRD-0390,WH-005,Sales Issue,-1,SO-009753
MOV-008498,2025-06-17,PRD-0110,WH-005,Sales Issue,-17,SO-009754
MOV-008499,2025-08-26,PRD-0319,WH-005,Sales Issue,-9,SO-009755
MOV-008500,2026-01-02,PRD-0381,WH-001,Sales Issue,-12,SO-009757
MOV-008501,2026-05-12,PRD-0207,WH-002,Sales Issue,-12,SO-009758
MOV-008502,2025-01-19,PRD-0041,WH-003,Sales Issue,-15,SO-009759
MOV-008503,2026-01-08,PRD-0272,WH-001,Sales Issue,-30,SO-009760
MOV-008504,2026-06-03,PRD-0213,WH-004,Sales Issue,-6,SO-009761
MOV-008505,2025-09-21,PRD-0285,WH-004,Sales Issue,-28,SO-009762
MOV-008506,2026-09-16,PRD-0286,WH-002,Sales Issue,-15,SO-009764
MOV-008507,2025-06-03,PRD-0328,WH-001,Sales Issue,-19,SO-009765
MOV-008508,2026-06-17,PRD-0366,WH-001,Sales Issue,-17,SO-009767
MOV-008509,2026-05-18,PRD-0471,WH-005,Sales Issue,-26,SO-009768
MOV-008510,2026-07-14,PRD-0238,WH-005,Sales Issue,-15,SO-009769
MOV-008511,2026-03-18,PRD-0333,WH-005,Sales Issue,-16,SO-009771
MOV-008512,2026-07-13,PRD-0359,WH-004,Sales Issue,-22,SO-009772
MOV-008513,2025-09-14,PRD-0050,WH-005,Sales Issue,-7,SO-009773
MOV-008514,2025-02-21,PRD-0048,WH-003,Sales Issue,-2,SO-009775
MOV-008515,2025-11-27,PRD-0262,WH-002,Sales Issue,-28,SO-009776
MOV-008516,2026-09-26,PRD-0347,WH-004,Sales Issue,-20,SO-009777
MOV-008517,2026-09-03,PRD-0061,WH-003,Sales Issue,-13,SO-009778
MOV-008518,2026-09-16,PRD-0062,WH-004,Sales Issue,-23,SO-009779
MOV-008519,2025-11-09,PRD-0174,WH-001,Sales Issue,-18,SO-009780
MOV-008520,2025-08-18,PRD-0381,WH-001,Sales Issue,-27,SO-009781
MOV-008521,2025-10-12,PRD-0027,WH-001,Sales Issue,-23,SO-009782
MOV-008522,2025-11-29,PRD-0190,WH-003,Sales Issue,-30,SO-009783
MOV-008523,2026-01-22,PRD-0354,WH-005,Sales Issue,-23,SO-009784
MOV-008524,2026-05-13,PRD-0485,WH-005,Sales Issue,-7,SO-009785
MOV-008525,2025-12-29,PRD-0204,WH-002,Sales Issue,-18,SO-009787
MOV-008526,2026-06-28,PRD-0355,WH-002,Sales Issue,-16,SO-009788
MOV-008527,2025-08-30,PRD-0389,WH-004,Sales Issue,-11,SO-009789
MOV-008528,2026-05-03,PRD-0298,WH-002,Sales Issue,-30,SO-009790
MOV-008529,2024-12-24,PRD-0195,WH-004,Sales Issue,-23,SO-009791
MOV-008530,2026-08-17,PRD-0056,WH-004,Sales Issue,-19,SO-009792
MOV-008531,2025-06-18,PRD-0341,WH-004,Sales Issue,-27,SO-009793
MOV-008532,2025-04-06,PRD-0225,WH-001,Sales Issue,-18,SO-009794
MOV-008533,2026-06-19,PRD-0155,WH-005,Sales Issue,-21,SO-009796
MOV-008534,2025-06-27,PRD-0012,WH-005,Sales Issue,-8,SO-009797
MOV-008535,2026-03-22,PRD-0440,WH-005,Sales Issue,-3,SO-009800
MOV-008536,2025-04-24,PRD-0151,WH-001,Sales Issue,-1,SO-009801
MOV-008537,2026-09-01,PRD-0276,WH-001,Sales Issue,-21,SO-009802
MOV-008538,2024-10-03,PRD-0034,WH-003,Sales Issue,-8,SO-009803
MOV-008539,2026-02-24,PRD-0423,WH-003,Sales Issue,-26,SO-009804
MOV-008540,2026-03-10,PRD-0165,WH-001,Sales Issue,-13,SO-009805
MOV-008541,2026-01-07,PRD-0198,WH-002,Sales Issue,-22,SO-009806
MOV-008542,2025-10-09,PRD-0215,WH-001,Sales Issue,-24,SO-009807
MOV-008543,2025-04-07,PRD-0454,WH-005,Sales Issue,-16,SO-009809
MOV-008544,2026-07-09,PRD-0255,WH-004,Sales Issue,-7,SO-009810
MOV-008545,2025-09-16,PRD-0148,WH-004,Sales Issue,-30,SO-009811
MOV-008546,2025-08-10,PRD-0487,WH-003,Sales Issue,-30,SO-009812
MOV-008547,2025-06-28,PRD-0410,WH-002,Sales Issue,-1,SO-009813
MOV-008548,2026-04-22,PRD-0088,WH-003,Sales Issue,-16,SO-009814
MOV-008549,2025-05-06,PRD-0219,WH-005,Sales Issue,-19,SO-009816
MOV-008550,2026-05-01,PRD-0187,WH-001,Sales Issue,-5,SO-009817
MOV-008551,2026-01-09,PRD-0192,WH-004,Sales Issue,-7,SO-009818
MOV-008552,2025-10-13,PRD-0145,WH-005,Sales Issue,-11,SO-009819
MOV-008553,2026-01-29,PRD-0007,WH-004,Sales Issue,-4,SO-009820
MOV-008554,2025-05-23,PRD-0032,WH-004,Sales Issue,-27,SO-009821
MOV-008555,2025-05-28,PRD-0071,WH-001,Sales Issue,-6,SO-009822
MOV-008556,2026-03-10,PRD-0178,WH-001,Sales Issue,-1,SO-009823
MOV-008557,2026-06-06,PRD-0455,WH-005,Sales Issue,-26,SO-009824
MOV-008558,2026-05-15,PRD-0052,WH-002,Sales Issue,-8,SO-009826
MOV-008559,2025-01-13,PRD-0223,WH-002,Sales Issue,-2,SO-009827
MOV-008560,2026-09-24,PRD-0355,WH-002,Sales Issue,-1,SO-009828
MOV-008561,2026-03-03,PRD-0261,WH-001,Sales Issue,-16,SO-009829
MOV-008562,2026-09-21,PRD-0248,WH-001,Sales Issue,-24,SO-009830
MOV-008563,2025-09-04,PRD-0116,WH-005,Sales Issue,-12,SO-009833
MOV-008564,2026-05-22,PRD-0087,WH-003,Sales Issue,-12,SO-009835
MOV-008565,2025-10-22,PRD-0283,WH-005,Sales Issue,-24,SO-009836
MOV-008566,2025-12-01,PRD-0492,WH-001,Sales Issue,-3,SO-009838
MOV-008567,2024-11-19,PRD-0296,WH-002,Sales Issue,-29,SO-009839
MOV-008568,2025-01-07,PRD-0253,WH-001,Sales Issue,-14,SO-009840
MOV-008569,2025-04-11,PRD-0420,WH-004,Sales Issue,-10,SO-009841
MOV-008570,2026-04-10,PRD-0319,WH-005,Sales Issue,-6,SO-009842
MOV-008571,2025-08-04,PRD-0086,WH-002,Sales Issue,-23,SO-009843
MOV-008572,2025-04-12,PRD-0288,WH-004,Sales Issue,-6,SO-009844
MOV-008573,2026-06-14,PRD-0420,WH-004,Sales Issue,-14,SO-009845
MOV-008574,2026-09-10,PRD-0394,WH-005,Sales Issue,-6,SO-009846
MOV-008575,2026-06-26,PRD-0035,WH-001,Sales Issue,-4,SO-009847
MOV-008576,2025-11-07,PRD-0429,WH-003,Sales Issue,-2,SO-009848
MOV-008577,2026-02-17,PRD-0201,WH-001,Sales Issue,-22,SO-009849
MOV-008578,2025-07-01,PRD-0077,WH-002,Sales Issue,-25,SO-009850
MOV-008579,2026-09-29,PRD-0057,WH-004,Sales Issue,-6,SO-009851
MOV-008580,2026-06-18,PRD-0206,WH-005,Sales Issue,-27,SO-009853
MOV-008581,2026-06-23,PRD-0149,WH-004,Sales Issue,-23,SO-009854
MOV-008582,2025-05-07,PRD-0068,WH-004,Sales Issue,-19,SO-009855
MOV-008583,2025-07-20,PRD-0095,WH-002,Sales Issue,-26,SO-009856
MOV-008584,2025-03-26,PRD-0103,WH-003,Sales Issue,-7,SO-009857
MOV-008585,2024-11-01,PRD-0142,WH-001,Sales Issue,-26,SO-009858
MOV-008586,2025-04-30,PRD-0312,WH-002,Sales Issue,-1,SO-009859
MOV-008587,2026-09-03,PRD-0278,WH-003,Sales Issue,-29,SO-009860
MOV-008588,2026-05-20,PRD-0036,WH-001,Sales Issue,-26,SO-009861
MOV-008589,2025-11-19,PRD-0412,WH-002,Sales Issue,-20,SO-009862
MOV-008590,2024-10-15,PRD-0340,WH-001,Sales Issue,-8,SO-009863
MOV-008591,2024-10-18,PRD-0163,WH-004,Sales Issue,-1,SO-009864
MOV-008592,2025-11-04,PRD-0024,WH-005,Sales Issue,-23,SO-009865
MOV-008593,2026-01-31,PRD-0279,WH-001,Sales Issue,-9,SO-009866
MOV-008594,2026-08-17,PRD-0011,WH-002,Sales Issue,-10,SO-009867
MOV-008595,2025-05-17,PRD-0040,WH-003,Sales Issue,-13,SO-009868
MOV-008596,2026-06-19,PRD-0250,WH-004,Sales Issue,-8,SO-009869
MOV-008597,2025-07-04,PRD-0169,WH-003,Sales Issue,-3,SO-009870
MOV-008598,2025-08-22,PRD-0253,WH-001,Sales Issue,-2,SO-009871
MOV-008599,2025-06-02,PRD-0226,WH-001,Sales Issue,-2,SO-009872
MOV-008600,2024-11-26,PRD-0500,WH-003,Sales Issue,-23,SO-009873
MOV-008601,2025-09-03,PRD-0304,WH-003,Sales Issue,-14,SO-009874
MOV-008602,2026-09-21,PRD-0487,WH-003,Sales Issue,-2,SO-009875
MOV-008603,2025-12-13,PRD-0228,WH-002,Sales Issue,-11,SO-009876
MOV-008604,2024-12-29,PRD-0083,WH-004,Sales Issue,-24,SO-009877
MOV-008605,2025-04-07,PRD-0048,WH-003,Sales Issue,-30,SO-009878
MOV-008606,2026-04-24,PRD-0250,WH-004,Sales Issue,-7,SO-009879
MOV-008607,2025-09-15,PRD-0322,WH-001,Sales Issue,-7,SO-009880
MOV-008608,2025-07-14,PRD-0454,WH-005,Sales Issue,-1,SO-009881
MOV-008609,2026-04-02,PRD-0303,WH-005,Sales Issue,-24,SO-009882
MOV-008610,2025-03-22,PRD-0203,WH-005,Sales Issue,-7,SO-009883
MOV-008611,2026-07-05,PRD-0345,WH-003,Sales Issue,-30,SO-009884
MOV-008612,2025-10-22,PRD-0331,WH-004,Sales Issue,-23,SO-009885
MOV-008613,2024-10-16,PRD-0442,WH-001,Sales Issue,-4,SO-009886
MOV-008614,2025-06-25,PRD-0045,WH-001,Sales Issue,-9,SO-009887
MOV-008615,2025-10-09,PRD-0144,WH-005,Sales Issue,-26,SO-009888
MOV-008616,2026-02-22,PRD-0493,WH-003,Sales Issue,-26,SO-009889
MOV-008617,2025-06-26,PRD-0058,WH-003,Sales Issue,-26,SO-009890
MOV-008618,2026-09-28,PRD-0325,WH-005,Sales Issue,-19,SO-009891
MOV-008619,2026-04-10,PRD-0354,WH-005,Sales Issue,-21,SO-009892
MOV-008620,2025-01-20,PRD-0200,WH-001,Sales Issue,-21,SO-009893
MOV-008621,2025-01-16,PRD-0427,WH-005,Sales Issue,-13,SO-009894
MOV-008622,2025-06-26,PRD-0137,WH-002,Sales Issue,-25,SO-009895
MOV-008623,2024-11-03,PRD-0175,WH-005,Sales Issue,-9,SO-009896
MOV-008624,2025-05-29,PRD-0167,WH-002,Sales Issue,-30,SO-009897
MOV-008625,2025-07-30,PRD-0101,WH-003,Sales Issue,-17,SO-009898
MOV-008626,2026-09-06,PRD-0432,WH-005,Sales Issue,-22,SO-009899
MOV-008627,2026-07-11,PRD-0270,WH-003,Sales Issue,-29,SO-009900
MOV-008628,2025-10-06,PRD-0175,WH-005,Sales Issue,-3,SO-009901
MOV-008629,2026-09-30,PRD-0152,WH-004,Sales Issue,-9,SO-009902
MOV-008630,2024-11-17,PRD-0060,WH-003,Sales Issue,-11,SO-009903
MOV-008631,2025-06-08,PRD-0035,WH-001,Sales Issue,-28,SO-009904
MOV-008632,2026-02-15,PRD-0386,WH-005,Sales Issue,-29,SO-009905
MOV-008633,2025-06-24,PRD-0279,WH-001,Sales Issue,-5,SO-009906
MOV-008634,2025-07-03,PRD-0253,WH-001,Sales Issue,-15,SO-009907
MOV-008635,2025-03-27,PRD-0012,WH-005,Sales Issue,-8,SO-009908
MOV-008636,2026-07-27,PRD-0287,WH-003,Sales Issue,-10,SO-009909
MOV-008637,2025-07-09,PRD-0438,WH-002,Sales Issue,-2,SO-009910
MOV-008638,2026-06-30,PRD-0163,WH-004,Sales Issue,-20,SO-009911
MOV-008639,2026-05-01,PRD-0289,WH-002,Sales Issue,-28,SO-009912
MOV-008640,2025-05-15,PRD-0154,WH-002,Sales Issue,-16,SO-009913
MOV-008641,2025-04-25,PRD-0127,WH-002,Sales Issue,-30,SO-009914
MOV-008642,2025-09-19,PRD-0353,WH-005,Sales Issue,-28,SO-009915
MOV-008643,2026-01-26,PRD-0352,WH-001,Sales Issue,-26,SO-009916
MOV-008644,2025-07-31,PRD-0451,WH-001,Sales Issue,-30,SO-009918
MOV-008645,2025-02-01,PRD-0263,WH-001,Sales Issue,-16,SO-009919
MOV-008646,2025-10-13,PRD-0146,WH-004,Sales Issue,-7,SO-009920
MOV-008647,2026-04-22,PRD-0228,WH-002,Sales Issue,-6,SO-009921
MOV-008648,2025-10-02,PRD-0307,WH-003,Sales Issue,-23,SO-009922
MOV-008649,2026-06-23,PRD-0005,WH-001,Sales Issue,-12,SO-009923
MOV-008650,2025-11-01,PRD-0434,WH-003,Sales Issue,-30,SO-009924
MOV-008651,2025-11-25,PRD-0332,WH-004,Sales Issue,-9,SO-009925
MOV-008652,2025-11-20,PRD-0117,WH-004,Sales Issue,-23,SO-009926
MOV-008653,2025-11-18,PRD-0447,WH-005,Sales Issue,-26,SO-009927
MOV-008654,2026-09-09,PRD-0194,WH-002,Sales Issue,-26,SO-009928
MOV-008655,2025-03-20,PRD-0041,WH-003,Sales Issue,-2,SO-009930
MOV-008656,2025-03-07,PRD-0362,WH-003,Sales Issue,-22,SO-009931
MOV-008657,2025-11-21,PRD-0201,WH-001,Sales Issue,-8,SO-009932
MOV-008658,2026-09-23,PRD-0093,WH-001,Sales Issue,-11,SO-009933
MOV-008659,2026-09-16,PRD-0168,WH-003,Sales Issue,-14,SO-009934
MOV-008660,2026-03-21,PRD-0035,WH-001,Sales Issue,-18,SO-009935
MOV-008661,2024-11-23,PRD-0500,WH-003,Sales Issue,-2,SO-009936
MOV-008662,2025-04-15,PRD-0054,WH-003,Sales Issue,-8,SO-009937
MOV-008663,2026-07-06,PRD-0121,WH-005,Sales Issue,-12,SO-009938
MOV-008664,2026-03-08,PRD-0362,WH-003,Sales Issue,-20,SO-009939
MOV-008665,2025-05-28,PRD-0116,WH-005,Sales Issue,-23,SO-009940
MOV-008666,2026-06-09,PRD-0443,WH-001,Sales Issue,-21,SO-009941
MOV-008667,2025-02-01,PRD-0179,WH-003,Sales Issue,-25,SO-009942
MOV-008668,2025-06-12,PRD-0098,WH-001,Sales Issue,-18,SO-009943
MOV-008669,2026-07-19,PRD-0481,WH-003,Sales Issue,-8,SO-009944
MOV-008670,2026-07-31,PRD-0483,WH-002,Sales Issue,-12,SO-009945
MOV-008671,2025-01-14,PRD-0394,WH-005,Sales Issue,-1,SO-009946
MOV-008672,2025-04-27,PRD-0165,WH-001,Sales Issue,-23,SO-009947
MOV-008673,2026-01-18,PRD-0237,WH-005,Sales Issue,-22,SO-009948
MOV-008674,2025-03-14,PRD-0131,WH-003,Sales Issue,-29,SO-009949
MOV-008675,2024-12-26,PRD-0108,WH-002,Sales Issue,-27,SO-009950
MOV-008676,2025-05-02,PRD-0488,WH-005,Sales Issue,-20,SO-009953
MOV-008677,2026-08-23,PRD-0111,WH-003,Sales Issue,-22,SO-009954
MOV-008678,2026-09-20,PRD-0176,WH-002,Sales Issue,-12,SO-009955
MOV-008679,2024-10-14,PRD-0209,WH-005,Sales Issue,-25,SO-009956
MOV-008680,2026-08-17,PRD-0037,WH-002,Sales Issue,-5,SO-009958
MOV-008681,2024-12-03,PRD-0115,WH-004,Sales Issue,-26,SO-009959
MOV-008682,2025-12-01,PRD-0133,WH-005,Sales Issue,-25,SO-009960
MOV-008683,2025-11-01,PRD-0297,WH-004,Sales Issue,-11,SO-009961
MOV-008684,2026-07-07,PRD-0311,WH-005,Sales Issue,-10,SO-009962
MOV-008685,2024-10-05,PRD-0217,WH-001,Sales Issue,-4,SO-009963
MOV-008686,2025-12-17,PRD-0360,WH-002,Sales Issue,-15,SO-009965
MOV-008687,2025-01-21,PRD-0007,WH-004,Sales Issue,-4,SO-009966
MOV-008688,2025-03-13,PRD-0403,WH-003,Sales Issue,-16,SO-009967
MOV-008689,2025-06-05,PRD-0393,WH-004,Sales Issue,-18,SO-009968
MOV-008690,2026-06-05,PRD-0311,WH-005,Sales Issue,-28,SO-009970
MOV-008691,2024-10-20,PRD-0092,WH-004,Sales Issue,-8,SO-009971
MOV-008692,2025-11-24,PRD-0458,WH-001,Sales Issue,-6,SO-009972
MOV-008693,2025-12-07,PRD-0186,WH-001,Sales Issue,-30,SO-009973
MOV-008694,2026-04-17,PRD-0378,WH-002,Sales Issue,-7,SO-009975
MOV-008695,2026-05-17,PRD-0460,WH-002,Sales Issue,-27,SO-009977
MOV-008696,2025-08-01,PRD-0495,WH-002,Sales Issue,-5,SO-009978
MOV-008697,2026-05-06,PRD-0484,WH-001,Sales Issue,-30,SO-009979
MOV-008698,2025-09-04,PRD-0202,WH-003,Sales Issue,-15,SO-009980
MOV-008699,2025-01-16,PRD-0304,WH-003,Sales Issue,-2,SO-009981
MOV-008700,2026-01-19,PRD-0487,WH-003,Sales Issue,-9,SO-009982
MOV-008701,2024-12-29,PRD-0483,WH-002,Sales Issue,-27,SO-009983
MOV-008702,2024-11-21,PRD-0383,WH-004,Sales Issue,-5,SO-009984
MOV-008703,2026-08-02,PRD-0313,WH-004,Sales Issue,-19,SO-009985
MOV-008704,2025-03-28,PRD-0018,WH-001,Sales Issue,-25,SO-009986
MOV-008705,2026-02-27,PRD-0105,WH-003,Sales Issue,-14,SO-009987
MOV-008706,2026-01-09,PRD-0260,WH-002,Sales Issue,-21,SO-009988
MOV-008707,2025-01-09,PRD-0293,WH-004,Sales Issue,-5,SO-009989
MOV-008708,2026-06-23,PRD-0107,WH-002,Sales Issue,-25,SO-009990
MOV-008709,2025-03-13,PRD-0364,WH-004,Sales Issue,-5,SO-009991
MOV-008710,2025-06-04,PRD-0241,WH-003,Sales Issue,-19,SO-009992
MOV-008711,2025-10-02,PRD-0313,WH-004,Sales Issue,-10,SO-009993
MOV-008712,2025-07-05,PRD-0091,WH-004,Sales Issue,-10,SO-009994
MOV-008713,2024-10-23,PRD-0493,WH-003,Sales Issue,-11,SO-009995
MOV-008714,2025-05-01,PRD-0292,WH-002,Sales Issue,-7,SO-009996
MOV-008715,2025-02-10,PRD-0186,WH-001,Sales Issue,-9,SO-009997
MOV-008716,2026-07-19,PRD-0048,WH-003,Sales Issue,-2,SO-009998
MOV-008717,2026-01-25,PRD-0205,WH-002,Sales Issue,-3,SO-009999
MOV-008718,2024-11-17,PRD-0185,WH-004,Sales Issue,-18,SO-010000
MOV-008719,2026-09-30,PRD-0205,WH-002,Stock Adjustment,-1,ADJ-008719
MOV-008720,2026-09-30,PRD-0482,WH-005,Stock Adjustment,8,ADJ-008720
MOV-008721,2026-09-30,PRD-0297,WH-004,Stock Adjustment,0,ADJ-008721
MOV-008722,2026-09-30,PRD-0039,WH-002,Stock Adjustment,4,ADJ-008722
MOV-008723,2026-09-30,PRD-0299,WH-003,Stock Adjustment,-3,ADJ-008723
MOV-008724,2026-09-30,PRD-0062,WH-004,Stock Adjustment,0,ADJ-008724
MOV-008725,2026-09-30,PRD-0372,WH-002,Stock Adjustment,6,ADJ-008725
MOV-008726,2026-09-30,PRD-0361,WH-003,Stock Adjustment,-3,ADJ-008726
MOV-008727,2026-09-30,PRD-0414,WH-005,Stock Adjustment,2,ADJ-008727
MOV-008728,2026-09-30,PRD-0065,WH-003,Stock Adjustment,10,ADJ-008728
MOV-008729,2026-09-30,PRD-0282,WH-004,Stock Adjustment,2,ADJ-008729
MOV-008730,2026-09-30,PRD-0203,WH-005,Stock Adjustment,-2,ADJ-008730
MOV-008731,2026-09-30,PRD-0103,WH-003,Stock Adjustment,-1,ADJ-008731
MOV-008732,2026-09-30,PRD-0213,WH-004,Stock Adjustment,5,ADJ-008732
MOV-008733,2026-09-30,PRD-0207,WH-002,Stock Adjustment,-4,ADJ-008733
MOV-008734,2026-09-30,PRD-0272,WH-001,Stock Adjustment,5,ADJ-008734
MOV-008735,2026-09-30,PRD-0452,WH-005,Stock Adjustment,-4,ADJ-008735
MOV-008736,2026-09-30,PRD-0454,WH-005,Stock Adjustment,9,ADJ-008736
MOV-008737,2026-09-30,PRD-0051,WH-003,Stock Adjustment,-3,ADJ-008737
MOV-008738,2026-09-30,PRD-0100,WH-001,Stock Adjustment,7,ADJ-008738
MOV-008739,2026-09-30,PRD-0333,WH-005,Stock Adjustment,8,ADJ-008739
MOV-008740,2026-09-30,PRD-0149,WH-004,Stock Adjustment,3,ADJ-008740
MOV-008741,2026-09-30,PRD-0483,WH-002,Stock Adjustment,2,ADJ-008741
MOV-008742,2026-09-30,PRD-0373,WH-002,Stock Adjustment,10,ADJ-008742
MOV-008743,2026-09-30,PRD-0264,WH-004,Stock Adjustment,-1,ADJ-008743
MOV-008744,2026-09-30,PRD-0162,WH-001,Stock Adjustment,-1,ADJ-008744
MOV-008745,2026-09-30,PRD-0476,WH-001,Stock Adjustment,-3,ADJ-008745
MOV-008746,2026-09-30,PRD-0005,WH-001,Stock Adjustment,9,ADJ-008746
MOV-008747,2026-09-30,PRD-0174,WH-001,Stock Adjustment,0,ADJ-008747
MOV-008748,2026-09-30,PRD-0388,WH-002,Stock Adjustment,2,ADJ-008748
MOV-008749,2026-09-30,PRD-0423,WH-003,Stock Adjustment,10,ADJ-008749
MOV-008750,2026-09-30,PRD-0049,WH-005,Stock Adjustment,-2,ADJ-008750
MOV-008751,2026-09-30,PRD-0126,WH-001,Stock Adjustment,-4,ADJ-008751
MOV-008752,2026-09-30,PRD-0287,WH-003,Stock Adjustment,1,ADJ-008752
MOV-008753,2026-09-30,PRD-0407,WH-002,Stock Adjustment,-5,ADJ-008753
MOV-008754,2026-09-30,PRD-0432,WH-005,Stock Adjustment,4,ADJ-008754
MOV-008755,2026-09-30,PRD-0226,WH-001,Stock Adjustment,4,ADJ-008755
MOV-008756,2026-09-30,PRD-0342,WH-001,Stock Adjustment,9,ADJ-008756
MOV-008757,2026-09-30,PRD-0227,WH-003,Stock Adjustment,6,ADJ-008757
MOV-008758,2026-09-30,PRD-0235,WH-004,Stock Adjustment,10,ADJ-008758
MOV-008759,2026-09-30,PRD-0040,WH-003,Stock Adjustment,4,ADJ-008759
MOV-008760,2026-09-30,PRD-0386,WH-005,Stock Adjustment,0,ADJ-008760
MOV-008761,2026-09-30,PRD-0209,WH-005,Stock Adjustment,9,ADJ-008761
MOV-008762,2026-09-30,PRD-0102,WH-005,Stock Adjustment,2,ADJ-008762
MOV-008763,2026-09-30,PRD-0238,WH-005,Stock Adjustment,2,ADJ-008763
MOV-008764,2026-09-30,PRD-0353,WH-005,Stock Adjustment,3,ADJ-008764
MOV-008765,2026-09-30,PRD-0359,WH-004,Stock Adjustment,-4,ADJ-008765
MOV-008766,2026-09-30,PRD-0259,WH-001,Stock Adjustment,2,ADJ-008766
MOV-008767,2026-09-30,PRD-0300,WH-002,Stock Adjustment,7,ADJ-008767
MOV-008768,2026-09-30,PRD-0019,WH-004,Stock Adjustment,7,ADJ-008768
MOV-008769,2026-09-30,PRD-0302,WH-003,Stock Adjustment,6,ADJ-008769
MOV-008770,2026-09-30,PRD-0189,WH-003,Stock Adjustment,-4,ADJ-008770
MOV-008771,2026-09-30,PRD-0362,WH-003,Stock Adjustment,4,ADJ-008771
MOV-008772,2026-09-30,PRD-0298,WH-002,Stock Adjustment,-4,ADJ-008772
MOV-008773,2026-09-30,PRD-0133,WH-005,Stock Adjustment,-4,ADJ-008773
MOV-008774,2026-09-30,PRD-0077,WH-002,Stock Adjustment,10,ADJ-008774
MOV-008775,2026-09-30,PRD-0201,WH-001,Stock Adjustment,9,ADJ-008775
MOV-008776,2026-09-30,PRD-0258,WH-003,Stock Adjustment,9,ADJ-008776
MOV-008777,2026-09-30,PRD-0228,WH-002,Stock Adjustment,6,ADJ-008777
MOV-008778,2026-09-30,PRD-0143,WH-003,Stock Adjustment,-2,ADJ-008778
MOV-008779,2026-09-30,PRD-0350,WH-001,Stock Adjustment,-3,ADJ-008779
MOV-008780,2026-09-30,PRD-0417,WH-003,Stock Adjustment,10,ADJ-008780
MOV-008781,2026-09-30,PRD-0260,WH-002,Stock Adjustment,10,ADJ-008781
MOV-008782,2026-09-30,PRD-0267,WH-005,Stock Adjustment,9,ADJ-008782
MOV-008783,2026-09-30,PRD-0185,WH-004,Stock Adjustment,2,ADJ-008783
MOV-008784,2026-09-30,PRD-0367,WH-005,Stock Adjustment,0,ADJ-008784
MOV-008785,2026-09-30,PRD-0398,WH-003,Stock Adjustment,-1,ADJ-008785
MOV-008786,2026-09-30,PRD-0356,WH-001,Stock Adjustment,8,ADJ-008786
MOV-008787,2026-09-30,PRD-0015,WH-003,Stock Adjustment,-4,ADJ-008787
MOV-008788,2026-09-30,PRD-0422,WH-002,Stock Adjustment,3,ADJ-008788
MOV-008789,2026-09-30,PRD-0403,WH-003,Stock Adjustment,3,ADJ-008789
MOV-008790,2026-09-30,PRD-0085,WH-001,Stock Adjustment,2,ADJ-008790
MOV-008791,2026-09-30,PRD-0425,WH-002,Stock Adjustment,-2,ADJ-008791
MOV-008792,2026-09-30,PRD-0406,WH-005,Stock Adjustment,-1,ADJ-008792
MOV-008793,2026-09-30,PRD-0053,WH-003,Stock Adjustment,5,ADJ-008793
MOV-008794,2026-09-30,PRD-0330,WH-001,Stock Adjustment,4,ADJ-008794
MOV-008795,2026-09-30,PRD-0395,WH-004,Stock Adjustment,8,ADJ-008795
MOV-008796,2026-09-30,PRD-0191,WH-004,Stock Adjustment,5,ADJ-008796
MOV-008797,2026-09-30,PRD-0134,WH-002,Stock Adjustment,-1,ADJ-008797
MOV-008798,2026-09-30,PRD-0135,WH-005,Stock Adjustment,10,ADJ-008798
MOV-008799,2026-09-30,PRD-0469,WH-001,Stock Adjustment,2,ADJ-008799
MOV-008800,2026-09-30,PRD-0404,WH-005,Stock Adjustment,8,ADJ-008800
MOV-008801,2026-09-30,PRD-0138,WH-002,Stock Adjustment,0,ADJ-008801
MOV-008802,2026-09-30,PRD-0092,WH-004,Stock Adjustment,0,ADJ-008802
MOV-008803,2026-09-30,PRD-0109,WH-001,Stock Adjustment,-4,ADJ-008803
MOV-008804,2026-09-30,PRD-0036,WH-001,Stock Adjustment,9,ADJ-008804
MOV-008805,2026-09-30,PRD-0026,WH-004,Stock Adjustment,10,ADJ-008805
MOV-008806,2026-09-30,PRD-0408,WH-002,Stock Adjustment,3,ADJ-008806
MOV-008807,2026-09-30,PRD-0383,WH-004,Stock Adjustment,8,ADJ-008807
MOV-008808,2026-09-30,PRD-0338,WH-003,Stock Adjustment,-1,ADJ-008808
MOV-008809,2026-09-30,PRD-0129,WH-003,Stock Adjustment,-2,ADJ-008809
MOV-008810,2026-09-30,PRD-0449,WH-005,Stock Adjustment,7,ADJ-008810
MOV-008811,2026-09-30,PRD-0293,WH-004,Stock Adjustment,9,ADJ-008811
MOV-008812,2026-09-30,PRD-0280,WH-005,Stock Adjustment,5,ADJ-008812
MOV-008813,2026-09-30,PRD-0225,WH-001,Stock Adjustment,8,ADJ-008813
MOV-008814,2026-09-30,PRD-0080,WH-003,Stock Adjustment,-3,ADJ-008814
MOV-008815,2026-09-30,PRD-0477,WH-001,Stock Adjustment,1,ADJ-008815
MOV-008816,2026-09-30,PRD-0070,WH-003,Stock Adjustment,2,ADJ-008816
MOV-008817,2026-09-30,PRD-0074,WH-001,Stock Adjustment,3,ADJ-008817
MOV-008818,2026-09-30,PRD-0139,WH-005,Stock Adjustment,9,ADJ-008818
MOV-008819,2026-09-30,PRD-0485,WH-005,Stock Adjustment,1,ADJ-008819
MOV-008820,2026-09-30,PRD-0167,WH-002,Stock Adjustment,4,ADJ-008820
MOV-008821,2026-09-30,PRD-0456,WH-001,Stock Adjustment,-5,ADJ-008821
MOV-008822,2026-09-30,PRD-0064,WH-005,Stock Adjustment,2,ADJ-008822
MOV-008823,2026-09-30,PRD-0181,WH-003,Stock Adjustment,1,ADJ-008823
MOV-008824,2026-09-30,PRD-0369,WH-002,Stock Adjustment,2,ADJ-008824
MOV-008825,2026-09-30,PRD-0023,WH-004,Stock Adjustment,1,ADJ-008825
MOV-008826,2026-09-30,PRD-0480,WH-001,Stock Adjustment,2,ADJ-008826
MOV-008827,2026-09-30,PRD-0229,WH-002,Stock Adjustment,3,ADJ-008827
MOV-008828,2026-09-30,PRD-0286,WH-002,Stock Adjustment,-4,ADJ-008828
MOV-008829,2026-09-30,PRD-0192,WH-004,Stock Adjustment,10,ADJ-008829
MOV-008830,2026-09-30,PRD-0198,WH-002,Stock Adjustment,0,ADJ-008830
MOV-008831,2026-09-30,PRD-0173,WH-004,Stock Adjustment,-1,ADJ-008831
MOV-008832,2026-09-30,PRD-0157,WH-003,Stock Adjustment,-1,ADJ-008832
MOV-008833,2026-09-30,PRD-0021,WH-005,Stock Adjustment,7,ADJ-008833
MOV-008834,2026-09-30,PRD-0450,WH-004,Stock Adjustment,7,ADJ-008834
MOV-008835,2026-09-30,PRD-0223,WH-002,Stock Adjustment,9,ADJ-008835
MOV-008836,2026-09-30,PRD-0045,WH-001,Stock Adjustment,0,ADJ-008836
MOV-008837,2026-09-30,PRD-0474,WH-004,Stock Adjustment,2,ADJ-008837
MOV-008838,2026-09-30,PRD-0241,WH-003,Stock Adjustment,3,ADJ-008838
MOV-008839,2026-09-30,PRD-0306,WH-001,Stock Adjustment,-2,ADJ-008839
MOV-008840,2026-09-30,PRD-0486,WH-004,Stock Adjustment,-4,ADJ-008840
MOV-008841,2026-09-30,PRD-0346,WH-002,Stock Adjustment,-4,ADJ-008841
MOV-008842,2026-09-30,PRD-0274,WH-001,Stock Adjustment,-1,ADJ-008842
MOV-008843,2026-09-30,PRD-0337,WH-001,Stock Adjustment,-1,ADJ-008843
MOV-008844,2026-09-30,PRD-0387,WH-004,Stock Adjustment,5,ADJ-008844
MOV-008845,2026-09-30,PRD-0391,WH-002,Stock Adjustment,5,ADJ-008845
MOV-008846,2026-09-30,PRD-0439,WH-004,Stock Adjustment,3,ADJ-008846
MOV-008847,2026-09-30,PRD-0335,WH-001,Stock Adjustment,5,ADJ-008847
MOV-008848,2026-09-30,PRD-0014,WH-003,Stock Adjustment,7,ADJ-008848
MOV-008849,2026-09-30,PRD-0498,WH-003,Stock Adjustment,-5,ADJ-008849
MOV-008850,2026-09-30,PRD-0307,WH-003,Stock Adjustment,9,ADJ-008850
MOV-008851,2026-09-30,PRD-0123,WH-005,Stock Adjustment,8,ADJ-008851
MOV-008852,2026-09-30,PRD-0011,WH-002,Stock Adjustment,5,ADJ-008852
MOV-008853,2026-09-30,PRD-0478,WH-002,Stock Adjustment,7,ADJ-008853
MOV-008854,2026-09-30,PRD-0340,WH-001,Stock Adjustment,10,ADJ-008854
MOV-008855,2026-09-30,PRD-0172,WH-004,Stock Adjustment,9,ADJ-008855
MOV-008856,2026-09-30,PRD-0150,WH-004,Stock Adjustment,3,ADJ-008856
MOV-008857,2026-09-30,PRD-0447,WH-005,Stock Adjustment,3,ADJ-008857
MOV-008858,2026-09-30,PRD-0430,WH-002,Stock Adjustment,6,ADJ-008858
MOV-008859,2026-09-30,PRD-0334,WH-004,Stock Adjustment,-3,ADJ-008859
MOV-008860,2026-09-30,PRD-0029,WH-005,Stock Adjustment,0,ADJ-008860
MOV-008861,2026-09-30,PRD-0034,WH-003,Stock Adjustment,0,ADJ-008861
MOV-008862,2026-09-30,PRD-0364,WH-004,Stock Adjustment,9,ADJ-008862
MOV-008863,2026-09-30,PRD-0331,WH-004,Stock Adjustment,5,ADJ-008863
MOV-008864,2026-09-30,PRD-0130,WH-003,Stock Adjustment,-1,ADJ-008864
MOV-008865,2026-09-30,PRD-0479,WH-004,Stock Adjustment,9,ADJ-008865
MOV-008866,2026-09-30,PRD-0046,WH-002,Stock Adjustment,-4,ADJ-008866
MOV-008867,2026-09-30,PRD-0492,WH-001,Stock Adjustment,6,ADJ-008867
MOV-008868,2026-09-30,PRD-0468,WH-001,Stock Adjustment,1,ADJ-008868
MOV-008869,2026-09-30,PRD-0500,WH-003,Stock Adjustment,6,ADJ-008869
MOV-008870,2026-09-30,PRD-0004,WH-002,Stock Adjustment,9,ADJ-008870
MOV-008871,2026-09-30,PRD-0349,WH-004,Stock Adjustment,2,ADJ-008871
MOV-008872,2026-09-30,PRD-0437,WH-003,Stock Adjustment,8,ADJ-008872
MOV-008873,2026-09-30,PRD-0147,WH-003,Stock Adjustment,8,ADJ-008873
MOV-008874,2026-09-30,PRD-0385,WH-003,Stock Adjustment,-1,ADJ-008874
MOV-008875,2026-09-30,PRD-0336,WH-004,Stock Adjustment,0,ADJ-008875
MOV-008876,2026-09-30,PRD-0472,WH-001,Stock Adjustment,3,ADJ-008876
MOV-008877,2026-09-30,PRD-0073,WH-003,Stock Adjustment,8,ADJ-008877
MOV-008878,2026-09-30,PRD-0345,WH-003,Stock Adjustment,5,ADJ-008878
MOV-008879,2026-09-30,PRD-0105,WH-003,Stock Adjustment,8,ADJ-008879
MOV-008880,2026-09-30,PRD-0169,WH-003,Stock Adjustment,5,ADJ-008880
MOV-008881,2026-09-30,PRD-0343,WH-001,Stock Adjustment,0,ADJ-008881
MOV-008882,2026-09-30,PRD-0119,WH-003,Stock Adjustment,0,ADJ-008882
MOV-008883,2026-09-30,PRD-0113,WH-005,Stock Adjustment,2,ADJ-008883
MOV-008884,2026-09-30,PRD-0281,WH-003,Stock Adjustment,4,ADJ-008884
MOV-008885,2026-09-30,PRD-0097,WH-001,Stock Adjustment,-3,ADJ-008885
MOV-008886,2026-09-30,PRD-0170,WH-002,Stock Adjustment,3,ADJ-008886
MOV-008887,2026-09-30,PRD-0488,WH-005,Stock Adjustment,6,ADJ-008887
MOV-008888,2026-09-30,PRD-0160,WH-001,Stock Adjustment,2,ADJ-008888
MOV-008889,2026-09-30,PRD-0218,WH-003,Stock Adjustment,3,ADJ-008889
MOV-008890,2026-09-30,PRD-0489,WH-005,Stock Adjustment,0,ADJ-008890
MOV-008891,2026-09-30,PRD-0351,WH-002,Stock Adjustment,-4,ADJ-008891
MOV-008892,2026-09-30,PRD-0290,WH-003,Stock Adjustment,2,ADJ-008892
MOV-008893,2026-09-30,PRD-0224,WH-001,Stock Adjustment,-4,ADJ-008893
MOV-008894,2026-09-30,PRD-0301,WH-003,Stock Adjustment,-2,ADJ-008894
MOV-008895,2026-09-30,PRD-0047,WH-002,Stock Adjustment,-3,ADJ-008895
MOV-008896,2026-09-30,PRD-0152,WH-004,Stock Adjustment,3,ADJ-008896
MOV-008897,2026-09-30,PRD-0022,WH-002,Stock Adjustment,-4,ADJ-008897
MOV-008898,2026-09-30,PRD-0244,WH-002,Stock Adjustment,9,ADJ-008898
MOV-008899,2026-09-30,PRD-0068,WH-004,Stock Adjustment,0,ADJ-008899
MOV-008900,2026-09-30,PRD-0215,WH-001,Stock Adjustment,1,ADJ-008900
MOV-008901,2026-09-30,PRD-0041,WH-003,Stock Adjustment,9,ADJ-008901
MOV-008902,2026-09-30,PRD-0352,WH-001,Stock Adjustment,9,ADJ-008902
MOV-008903,2026-09-30,PRD-0499,WH-004,Stock Adjustment,4,ADJ-008903
MOV-008904,2026-09-30,PRD-0263,WH-001,Stock Adjustment,-5,ADJ-008904
MOV-008905,2026-09-30,PRD-0009,WH-001,Stock Adjustment,8,ADJ-008905
MOV-008906,2026-09-30,PRD-0377,WH-002,Stock Adjustment,9,ADJ-008906
MOV-008907,2026-09-30,PRD-0270,WH-003,Stock Adjustment,-1,ADJ-008907
MOV-008908,2026-09-30,PRD-0295,WH-004,Stock Adjustment,10,ADJ-008908
MOV-008909,2026-09-30,PRD-0211,WH-005,Stock Adjustment,1,ADJ-008909
MOV-008910,2026-09-30,PRD-0048,WH-003,Stock Adjustment,7,ADJ-008910
MOV-008911,2026-09-30,PRD-0392,WH-003,Stock Adjustment,5,ADJ-008911
MOV-008912,2026-09-30,PRD-0001,WH-003,Stock Adjustment,3,ADJ-008912
MOV-008913,2026-09-30,PRD-0314,WH-004,Stock Adjustment,3,ADJ-008913
MOV-008914,2026-09-30,PRD-0217,WH-001,Stock Adjustment,10,ADJ-008914
MOV-008915,2026-09-30,PRD-0117,WH-004,Stock Adjustment,-3,ADJ-008915
MOV-008916,2026-09-30,PRD-0220,WH-001,Stock Adjustment,7,ADJ-008916
MOV-008917,2026-09-30,PRD-0319,WH-005,Stock Adjustment,6,ADJ-008917
MOV-008918,2026-09-30,PRD-0318,WH-005,Stock Adjustment,2,ADJ-008918
