order_id,order_date,customer_id,product_id,quantity,unit_price,revenue,region,sales_channel,status
SO-000001,2025-07-20,CUS-0983,PRD-0020,23,1900.69,43715.87,West,Retail,Shipped
SO-000002,2026-09-16,CUS-0614,PRD-0344,26,5870.71,152638.46,West,Distributor,Delivered
SO-000003,2026-03-11,CUS-0640,PRD-0010,14,4577.14,64079.96,Central,Retail,Delivered
SO-000004,2025-03-30,CUS-0840,PRD-0202,2,4934.46,9868.92,North,Retail,Processing
SO-000005,2025-01-07,CUS-0508,PRD-0079,6,6302.5,37815.0,South,Retail,Delivered
SO-000006,2026-03-03,CUS-0386,PRD-0306,9,4623.48,41611.32,North,Online,Delivered
SO-000007,2024-12-02,CUS-0860,PRD-0297,6,4936.62,29619.72,South,Retail,Processing
SO-000008,2024-12-18,CUS-0877,PRD-0141,17,3100.44,52707.48,Central,Distributor,Delivered
SO-000009,2026-07-28,CUS-0866,PRD-0478,22,2188.84,48154.48,Central,Retail,Delivered
SO-000010,2026-07-25,CUS-0339,PRD-0403,29,853.94,24764.26,Central,Distributor,Delivered
SO-000011,2025-12-24,CUS-0083,PRD-0359,6,2945.0,17670.0,East,Online,Delivered
SO-000012,2026-05-29,CUS-0191,PRD-0449,9,4938.99,44450.91,Central,Online,Delivered
SO-000013,2026-04-19,CUS-0507,PRD-0497,22,2230.12,49062.64,East,Distributor,Delivered
SO-000014,2024-11-12,CUS-0617,PRD-0223,16,2619.7,41915.2,North,Retail,Cancelled
SO-000015,2026-07-23,CUS-0749,PRD-0066,3,581.36,1744.08,South,Distributor,Processing
SO-000016,2025-08-11,CUS-0435,PRD-0414,4,4666.41,18665.64,West,Distributor,Delivered
SO-000017,2025-02-28,CUS-0811,PRD-0020,1,1900.69,1900.69,North,Online,Delivered
SO-000018,2024-10-18,CUS-0907,PRD-0377,25,5118.78,127969.5,East,Online,Processing
SO-000019,2026-03-30,CUS-0773,PRD-0368,16,6291.51,100664.16,West,Retail,Delivered
SO-000020,2025-10-30,CUS-0096,PRD-0439,3,4484.95,13454.85,South,Distributor,Delivered
SO-000021,2025-04-17,CUS-0414,PRD-0208,22,6275.27,138055.94,East,Distributor,Processing
SO-000022,2025-11-23,CUS-0408,PRD-0301,30,5581.58,167447.4,East,Online,Shipped
SO-000023,2026-04-04,CUS-0193,PRD-0096,6,3460.13,20760.78,North,Distributor,Shipped
SO-000024,2025-08-04,CUS-0796,PRD-0120,8,396.45,3171.6,South,Retail,Delivered
SO-000025,2025-11-03,CUS-0514,PRD-0422,8,7445.26,59562.08,North,Online,Delivered
SO-000026,2024-10-25,CUS-0868,PRD-0014,18,6325.69,113862.42,Central,Distributor,Processing
SO-000027,2026-03-02,CUS-0270,PRD-0441,4,4882.73,19530.92,South,Online,Delivered
SO-000028,2025-11-05,CUS-0112,PRD-0230,5,4404.47,22022.35,South,Online,Delivered
SO-000029,2026-06-30,CUS-0436,PRD-0290,14,2230.85,31231.9,North,Online,Delivered
SO-000030,2025-10-21,CUS-0268,PRD-0096,4,4152.16,16608.64,Central,Online,Delivered
SO-000031,2026-05-13,CUS-0205,PRD-0277,5,2927.41,14637.05,South,Online,Delivered
SO-000032,2025-07-02,CUS-0280,PRD-0047,16,4009.13,64146.08,North,Retail,Delivered
SO-000033,2025-09-13,CUS-0011,PRD-0361,5,1248.83,6244.15,South,Retail,Delivered
SO-000034,2026-07-18,CUS-0685,PRD-0497,5,2230.12,11150.6,West,Retail,Delivered
SO-000035,2026-02-05,CUS-0987,PRD-0371,15,2477.89,37168.35,Central,Retail,Delivered
SO-000036,2026-04-16,CUS-0445,PRD-0433,20,1570.63,31412.6,Central,Distributor,Delivered
SO-000037,2025-05-07,CUS-0655,PRD-0037,20,1149.08,22981.6,South,Distributor,Processing
SO-000038,2024-10-26,CUS-0903,PRD-0382,21,3359.81,70556.01,North,Distributor,Delivered
SO-000039,2025-04-11,CUS-0748,PRD-0119,7,3649.58,25547.06,Central,Online,Delivered
SO-000040,2025-03-23,CUS-0430,PRD-0132,16,280.75,4492.0,East,Online,Cancelled
SO-000041,2026-01-13,CUS-0511,PRD-0176,15,623.57,9353.55,South,Online,Delivered
SO-000042,2025-08-26,CUS-0104,PRD-0412,12,4004.86,48058.32,West,Distributor,Delivered
SO-000043,2025-08-31,CUS-0216,PRD-0230,10,3670.39,36703.9,South,Retail,Shipped
SO-000044,2025-10-19,CUS-0246,PRD-0094,10,4581.25,45812.5,Central,Retail,Cancelled
SO-000045,2026-07-15,CUS-0311,PRD-0270,2,4608.03,9216.06,South,Online,Processing
SO-000046,2025-02-21,CUS-0658,PRD-0110,6,1471.72,8830.32,Central,Distributor,Delivered
SO-000047,2026-09-29,CUS-0928,PRD-0367,30,4933.94,148018.2,West,Retail,Delivered
SO-000048,2026-03-28,CUS-0854,PRD-0468,6,630.98,3785.88,North,Distributor,Cancelled
SO-000049,2025-10-07,CUS-0447,PRD-0264,5,7399.38,36996.9,East,Distributor,Delivered
SO-000050,2025-06-18,CUS-0710,PRD-0388,4,5873.8,23495.2,Central,Retail,Delivered
SO-000051,2025-10-21,CUS-0471,PRD-0027,19,6437.86,122319.34,Central,Retail,Delivered
SO-000052,2026-07-26,CUS-0735,PRD-0278,4,4587.31,18349.24,West,Retail,Delivered
SO-000053,2024-12-18,CUS-0741,PRD-0419,10,2746.79,27467.9,South,Retail,Delivered
SO-000054,2024-12-29,CUS-0437,PRD-0358,22,6184.14,136051.08,West,Online,Delivered
SO-000055,2025-04-09,CUS-0272,PRD-0487,12,5920.64,71047.68,East,Online,Delivered
SO-000056,2026-04-23,CUS-0024,PRD-0046,27,5675.2,153230.4,East,Online,Delivered
SO-000057,2025-02-03,CUS-0012,PRD-0167,14,3037.66,42527.24,North,Online,Delivered
SO-000058,2025-01-15,CUS-0217,PRD-0458,30,3689.08,110672.4,South,Online,Delivered
SO-000059,2025-11-11,CUS-0102,PRD-0397,2,2275.5,4551.0,East,Online,Processing
SO-000060,2026-06-23,CUS-0873,PRD-0037,28,1149.08,32174.24,South,Retail,Delivered
SO-000061,2025-11-12,CUS-0173,PRD-0143,20,4130.27,82605.4,East,Retail,Delivered
SO-000062,2026-05-11,CUS-0723,PRD-0410,14,4500.44,63006.16,West,Distributor,Processing
SO-000063,2026-01-14,CUS-0209,PRD-0169,12,6181.75,74181.0,West,Retail,Delivered
SO-000064,2026-02-09,CUS-0835,PRD-0326,27,606.66,16379.82,South,Retail,Delivered
SO-000065,2026-05-16,CUS-0116,PRD-0017,6,3807.74,22846.44,North,Retail,Shipped
SO-000066,2026-01-16,CUS-0645,PRD-0040,4,6315.76,25263.04,East,Distributor,Delivered
SO-000067,2026-02-27,CUS-0237,PRD-0336,27,2413.41,65162.07,West,Online,Delivered
SO-000068,2025-08-17,CUS-0089,PRD-0124,12,4904.17,58850.04,South,Online,Delivered
SO-000069,2026-03-20,CUS-0117,PRD-0468,20,630.98,12619.6,West,Online,Delivered
SO-000070,2024-12-05,CUS-0106,PRD-0349,7,1969.2,13784.4,Central,Distributor,Delivered
SO-000071,2025-12-15,CUS-0023,PRD-0474,26,1482.23,38537.98,East,Distributor,Delivered
SO-000072,2026-05-16,CUS-0683,PRD-0454,11,5018.01,55198.11,West,Distributor,Delivered
SO-000073,2025-12-23,CUS-0030,PRD-0012,24,864.95,20758.8,Central,Online,Delivered
SO-000074,2024-10-21,CUS-0865,PRD-0031,14,1248.11,17473.54,Central,Retail,Delivered
SO-000075,2025-09-30,CUS-0128,PRD-0014,15,5271.41,79071.15,West,Retail,Delivered
SO-000076,2025-07-05,CUS-0362,PRD-0401,25,2192.42,54810.5,North,Distributor,Delivered
SO-000077,2026-04-09,CUS-0369,PRD-0111,4,4509.36,18037.44,Central,Retail,Delivered
SO-000078,2025-01-21,CUS-0984,PRD-0145,16,4099.5,65592.0,South,Online,Delivered
SO-000079,2025-12-09,CUS-0228,PRD-0228,14,3882.83,54359.62,Central,Distributor,Delivered
SO-000080,2025-06-22,CUS-0105,PRD-0137,16,1267.47,20279.52,East,Retail,Delivered
SO-000081,2025-01-19,CUS-0521,PRD-0148,26,940.82,24461.32,Central,Distributor,Cancelled
SO-000082,2026-04-19,CUS-0264,PRD-0225,29,4910.53,142405.37,West,Retail,Delivered
SO-000083,2024-11-06,CUS-0015,PRD-0440,1,1240.5,1240.5,South,Retail,Delivered
SO-000084,2025-09-24,CUS-0328,PRD-0098,28,1821.96,51014.88,South,Distributor,Delivered
SO-000085,2026-03-09,CUS-0594,PRD-0307,15,6374.16,95612.4,North,Retail,Processing
SO-000086,2026-07-11,CUS-0311,PRD-0464,8,1224.83,9798.64,Central,Distributor,Delivered
SO-000087,2024-10-10,CUS-0895,PRD-0364,19,2120.28,40285.32,South,Online,Cancelled
SO-000088,2026-09-29,CUS-0123,PRD-0158,28,1560.96,43706.88,West,Distributor,Delivered
SO-000089,2025-06-19,CUS-0030,PRD-0173,5,1781.05,8905.25,North,Retail,Delivered
SO-000090,2025-03-26,CUS-0514,PRD-0135,19,4458.53,84712.07,North,Online,Delivered
SO-000091,2025-10-26,CUS-0717,PRD-0048,10,5984.63,59846.3,Central,Online,Delivered
SO-000092,2026-07-18,CUS-0071,PRD-0270,12,4608.03,55296.36,East,Distributor,Shipped
SO-000093,2026-08-22,CUS-0686,PRD-0230,12,3670.39,44044.68,West,Distributor,Shipped
SO-000094,2025-01-21,CUS-0426,PRD-0035,5,3375.68,16878.4,East,Retail,Delivered
SO-000095,2024-12-02,CUS-0469,PRD-0140,13,4789.86,62268.18,Central,Distributor,Delivered
SO-000096,2026-05-28,CUS-0975,PRD-0354,30,3997.01,119910.3,Central,Retail,Shipped
SO-000097,2026-09-15,CUS-0840,PRD-0162,19,4705.86,89411.34,South,Online,Delivered
SO-000098,2026-07-26,CUS-0560,PRD-0459,11,2659.35,29252.85,West,Distributor,Delivered
SO-000099,2024-10-14,CUS-0304,PRD-0327,13,4920.19,63962.47,Central,Online,Delivered
SO-000100,2025-04-22,CUS-0533,PRD-0124,14,4904.17,68658.38,West,Retail,Delivered
SO-000101,2026-07-07,CUS-0500,PRD-0118,8,359.5,2876.0,North,Retail,Delivered
SO-000102,2025-01-25,CUS-0336,PRD-0164,29,5816.24,168670.96,North,Retail,Delivered
SO-000103,2024-11-01,CUS-0217,PRD-0021,10,2985.67,29856.7,East,Online,Cancelled
SO-000104,2026-05-22,CUS-0586,PRD-0200,28,4901.29,137236.12,East,Online,Delivered
SO-000105,2026-01-29,CUS-0244,PRD-0017,13,3807.74,49500.62,South,Online,Shipped
SO-000106,2026-09-13,CUS-0438,PRD-0475,24,1258.43,30202.32,East,Online,Shipped
SO-000107,2025-06-12,CUS-0828,PRD-0270,4,4608.03,18432.12,North,Retail,Shipped
SO-000108,2025-05-21,CUS-0806,PRD-0050,11,3242.42,35666.62,West,Distributor,Delivered
SO-000109,2026-04-20,CUS-0846,PRD-0216,22,569.26,12523.72,East,Distributor,Delivered
SO-000110,2025-01-03,CUS-0247,PRD-0192,14,3532.37,49453.18,East,Distributor,Cancelled
SO-000111,2026-01-24,CUS-0775,PRD-0215,19,2341.69,44492.11,Central,Online,Processing
SO-000112,2025-01-05,CUS-0441,PRD-0107,13,6065.28,78848.64,West,Online,Delivered
SO-000113,2026-06-02,CUS-0917,PRD-0380,17,1625.68,27636.56,East,Distributor,Shipped
SO-000114,2024-10-27,CUS-0018,PRD-0085,15,1339.26,20088.9,Central,Retail,Delivered
SO-000115,2025-08-29,CUS-0181,PRD-0208,6,6275.27,37651.62,West,Distributor,Delivered
SO-000116,2025-01-29,CUS-0856,PRD-0028,15,1835.51,27532.65,North,Retail,Shipped
SO-000117,2026-09-27,CUS-0770,PRD-0004,22,3891.43,85611.46,West,Retail,Delivered
SO-000118,2025-09-04,CUS-0927,PRD-0072,8,5632.64,45061.12,West,Distributor,Delivered
SO-000119,2026-06-24,CUS-0544,PRD-0282,19,1588.25,30176.75,Central,Retail,Delivered
SO-000120,2025-09-11,CUS-0930,PRD-0052,29,498.98,14470.42,East,Distributor,Delivered
SO-000121,2025-10-17,CUS-0975,PRD-0067,18,5269.67,94854.06,West,Distributor,Shipped
SO-000122,2024-10-15,CUS-0029,PRD-0309,19,7202.76,136852.44,Central,Retail,Delivered
SO-000123,2024-10-26,CUS-0113,PRD-0001,19,5043.78,95831.82,South,Distributor,Delivered
SO-000124,2025-10-21,CUS-0467,PRD-0017,29,4569.29,132509.41,Central,Online,Delivered
SO-000125,2026-06-27,CUS-0094,PRD-0078,15,452.24,6783.6,South,Online,Delivered
SO-000126,2025-06-23,CUS-0181,PRD-0286,3,1286.09,3858.27,East,Retail,Cancelled
SO-000127,2026-02-13,CUS-0465,PRD-0344,10,5870.71,58707.1,East,Online,Delivered
SO-000128,2024-12-13,CUS-0834,PRD-0180,27,646.97,17468.19,East,Distributor,Delivered
SO-000129,2026-09-08,CUS-0597,PRD-0044,19,150.67,2862.73,North,Distributor,Delivered
SO-000130,2025-07-13,CUS-0815,PRD-0447,24,4346.55,104317.2,South,Online,Delivered
SO-000131,2025-05-10,CUS-0626,PRD-0063,11,3878.37,42662.07,West,Online,Shipped
SO-000132,2025-06-28,CUS-0287,PRD-0267,27,1127.11,30431.97,North,Retail,Delivered
SO-000133,2024-10-23,CUS-0626,PRD-0360,8,7109.2,56873.6,South,Retail,Shipped
SO-000134,2025-10-20,CUS-0426,PRD-0204,24,1979.44,47506.56,North,Retail,Delivered
SO-000135,2026-01-05,CUS-0662,PRD-0486,9,3826.69,34440.21,Central,Online,Delivered
SO-000136,2026-01-19,CUS-0954,PRD-0032,14,4875.59,68258.26,South,Retail,Delivered
SO-000137,2025-02-01,CUS-0791,PRD-0221,19,5278.23,100286.37,Central,Distributor,Delivered
SO-000138,2025-10-12,CUS-0026,PRD-0298,13,2197.38,28565.94,South,Online,Delivered
SO-000139,2025-01-28,CUS-0049,PRD-0418,13,2869.54,37304.02,Central,Online,Shipped
SO-000140,2025-10-14,CUS-0754,PRD-0235,29,1849.88,53646.52,South,Retail,Delivered
SO-000141,2025-10-22,CUS-0389,PRD-0063,2,4654.04,9308.08,East,Online,Delivered
SO-000142,2026-07-29,CUS-0281,PRD-0366,5,3113.27,15566.35,South,Retail,Cancelled
SO-000143,2024-10-12,CUS-0012,PRD-0024,9,1405.04,12645.36,East,Online,Delivered
SO-000144,2026-08-16,CUS-0323,PRD-0299,7,2920.8,20445.6,Central,Distributor,Processing
SO-000145,2026-02-26,CUS-0289,PRD-0082,28,2544.06,71233.68,Central,Online,Delivered
SO-000146,2025-10-25,CUS-0623,PRD-0261,23,7100.6,163313.8,North,Distributor,Delivered
SO-000147,2025-02-14,CUS-0372,PRD-0153,8,4300.48,34403.84,West,Retail,Processing
SO-000148,2026-06-14,CUS-0011,PRD-0060,1,5860.54,5860.54,South,Retail,Delivered
SO-000149,2025-06-23,CUS-0361,PRD-0225,17,4910.53,83479.01,West,Retail,Processing
SO-000150,2025-11-26,CUS-0499,PRD-0328,10,6666.89,66668.9,North,Distributor,Delivered
SO-000151,2025-12-03,CUS-0605,PRD-0371,19,2973.47,56495.93,North,Online,Shipped
SO-000152,2025-03-26,CUS-0915,PRD-0001,10,4203.15,42031.5,East,Distributor,Delivered
SO-000153,2025-05-14,CUS-0898,PRD-0284,7,386.28,2703.96,East,Retail,Delivered
SO-000154,2024-12-23,CUS-0075,PRD-0450,22,3442.26,75729.72,North,Online,Delivered
SO-000155,2025-09-21,CUS-0987,PRD-0249,13,1990.91,25881.83,Central,Distributor,Delivered
SO-000156,2026-08-31,CUS-0024,PRD-0088,27,449.41,12134.07,North,Online,Delivered
SO-000157,2025-02-23,CUS-0539,PRD-0050,23,3242.42,74575.66,North,Online,Delivered
SO-000158,2025-07-14,CUS-0531,PRD-0477,20,4468.82,89376.4,South,Distributor,Delivered
SO-000159,2026-09-13,CUS-0888,PRD-0429,4,2369.99,9479.96,Central,Distributor,Shipped
SO-000160,2026-05-07,CUS-0298,PRD-0219,7,4635.55,32448.85,North,Retail,Cancelled
SO-000161,2025-07-07,CUS-0433,PRD-0352,17,181.58,3086.86,West,Online,Delivered
SO-000162,2024-10-18,CUS-0123,PRD-0004,19,4669.72,88724.68,West,Online,Processing
SO-000163,2026-05-26,CUS-0470,PRD-0063,3,3878.37,11635.11,North,Distributor,Delivered
SO-000164,2025-01-23,CUS-0485,PRD-0123,1,5761.94,5761.94,South,Online,Delivered
SO-000165,2026-07-24,CUS-0561,PRD-0148,6,940.82,5644.92,East,Online,Delivered
SO-000166,2025-11-30,CUS-0879,PRD-0044,26,180.8,4700.8,Central,Retail,Delivered
SO-000167,2026-04-02,CUS-0828,PRD-0454,21,5018.01,105378.21,Central,Online,Delivered
SO-000168,2025-10-21,CUS-0353,PRD-0196,4,2658.29,10633.16,East,Retail,Cancelled
SO-000169,2026-05-31,CUS-0938,PRD-0500,8,5969.68,47757.44,West,Distributor,Delivered
SO-000170,2025-07-12,CUS-0132,PRD-0205,10,3722.48,37224.8,West,Retail,Delivered
SO-000171,2025-01-21,CUS-0353,PRD-0024,15,1170.87,17563.05,North,Retail,Delivered
SO-000172,2024-11-02,CUS-0377,PRD-0301,18,5581.58,100468.44,North,Retail,Delivered
SO-000173,2025-09-15,CUS-0161,PRD-0279,7,3569.68,24987.76,Central,Retail,Shipped
SO-000174,2026-08-02,CUS-0335,PRD-0291,29,4350.66,126169.14,East,Distributor,Delivered
SO-000175,2026-05-21,CUS-0599,PRD-0150,1,3755.21,3755.21,South,Online,Processing
SO-000176,2025-12-12,CUS-0673,PRD-0295,11,3687.34,40560.74,North,Retail,Delivered
SO-000177,2025-05-08,CUS-0622,PRD-0046,1,5675.2,5675.2,North,Online,Shipped
SO-000178,2026-09-18,CUS-0455,PRD-0394,18,567.05,10206.9,North,Retail,Processing
SO-000179,2025-04-15,CUS-0854,PRD-0215,1,2341.69,2341.69,North,Retail,Delivered
SO-000180,2024-12-20,CUS-0451,PRD-0162,22,5647.03,124234.66,East,Distributor,Delivered
SO-000181,2025-07-21,CUS-0087,PRD-0032,22,4875.59,107262.98,West,Retail,Delivered
SO-000182,2025-09-20,CUS-0703,PRD-0165,14,1524.02,21336.28,West,Retail,Shipped
SO-000183,2025-06-14,CUS-0865,PRD-0297,11,4113.85,45252.35,Central,Distributor,Delivered
SO-000184,2025-02-11,CUS-0277,PRD-0138,11,820.52,9025.72,East,Online,Delivered
SO-000185,2025-06-03,CUS-0704,PRD-0220,8,4804.28,38434.24,Central,Online,Processing
SO-000186,2025-03-17,CUS-0502,PRD-0391,29,4351.84,126203.36,Central,Retail,Delivered
SO-000187,2025-11-26,CUS-0310,PRD-0051,2,6872.95,13745.9,West,Online,Delivered
SO-000188,2025-02-05,CUS-0424,PRD-0135,24,4458.53,107004.72,North,Retail,Delivered
SO-000189,2025-10-18,CUS-0451,PRD-0375,22,7152.22,157348.84,West,Distributor,Delivered
SO-000190,2025-09-20,CUS-0680,PRD-0069,26,3140.92,81663.92,South,Retail,Processing
SO-000191,2026-06-06,CUS-0539,PRD-0404,13,2985.52,38811.76,Central,Distributor,Delivered
SO-000192,2025-11-23,CUS-0334,PRD-0254,20,6440.26,128805.2,North,Retail,Delivered
SO-000193,2026-08-31,CUS-0914,PRD-0258,18,3684.93,66328.74,North,Online,Delivered
SO-000194,2025-08-12,CUS-0237,PRD-0500,11,5969.68,65666.48,North,Distributor,Cancelled
SO-000195,2025-01-09,CUS-0823,PRD-0227,29,3278.73,95083.17,West,Retail,Delivered
SO-000196,2025-02-04,CUS-0219,PRD-0382,22,2799.84,61596.48,West,Retail,Delivered
SO-000197,2026-02-20,CUS-0765,PRD-0486,11,3826.69,42093.59,West,Online,Delivered
SO-000198,2026-02-09,CUS-0875,PRD-0042,22,5025.97,110571.34,Central,Retail,Delivered
SO-000199,2025-09-30,CUS-0787,PRD-0158,8,1560.96,12487.68,North,Online,Delivered
SO-000200,2025-02-23,CUS-0984,PRD-0046,18,5675.2,102153.6,West,Distributor,Delivered
SO-000201,2025-11-04,CUS-0674,PRD-0450,2,3442.26,6884.52,North,Retail,Shipped
SO-000202,2026-09-11,CUS-0150,PRD-0042,9,5025.97,45233.73,East,Online,Processing
SO-000203,2025-07-19,CUS-0231,PRD-0156,28,1937.71,54255.88,East,Retail,Delivered
SO-000204,2025-10-29,CUS-0980,PRD-0348,21,7795.21,163699.41,Central,Online,Shipped
SO-000205,2026-08-29,CUS-0997,PRD-0076,18,1904.33,34277.94,South,Distributor,Delivered
SO-000206,2025-11-23,CUS-0033,PRD-0161,11,3323.99,36563.89,North,Online,Shipped
SO-000207,2026-01-08,CUS-0204,PRD-0465,11,5430.01,59730.11,North,Online,Shipped
SO-000208,2025-06-01,CUS-0204,PRD-0365,30,4885.58,146567.4,West,Distributor,Delivered
SO-000209,2026-06-19,CUS-0159,PRD-0159,25,285.58,7139.5,West,Distributor,Delivered
SO-000210,2026-08-28,CUS-0327,PRD-0237,20,3655.63,73112.6,East,Retail,Delivered
SO-000211,2026-03-02,CUS-0466,PRD-0300,2,313.9,627.8,West,Distributor,Delivered
SO-000212,2026-04-11,CUS-0432,PRD-0359,17,2454.17,41720.89,West,Distributor,Delivered
SO-000213,2025-08-23,CUS-0356,PRD-0414,29,4666.41,135325.89,West,Online,Shipped
SO-000214,2026-07-24,CUS-0803,PRD-0371,4,2477.89,9911.56,West,Online,Delivered
SO-000215,2025-10-23,CUS-0259,PRD-0359,25,2945.0,73625.0,East,Online,Delivered
SO-000216,2025-10-06,CUS-0186,PRD-0211,24,7352.6,176462.4,South,Online,Shipped
SO-000217,2026-05-02,CUS-0398,PRD-0145,27,4099.5,110686.5,South,Retail,Delivered
SO-000218,2025-11-02,CUS-0399,PRD-0434,19,7605.43,144503.17,North,Online,Delivered
SO-000219,2025-02-03,CUS-0511,PRD-0452,6,1534.7,9208.2,South,Online,Delivered
SO-000220,2024-12-24,CUS-0991,PRD-0106,21,5261.15,110484.15,East,Retail,Delivered
SO-000221,2025-07-06,CUS-0587,PRD-0260,13,5071.17,65925.21,South,Retail,Delivered
SO-000222,2026-04-24,CUS-0773,PRD-0478,9,2188.84,19699.56,Central,Distributor,Delivered
SO-000223,2026-01-18,CUS-0887,PRD-0296,22,3432.45,75513.9,Central,Distributor,Delivered
SO-000224,2025-08-19,CUS-0592,PRD-0497,24,2230.12,53522.88,East,Online,Delivered
SO-000225,2025-02-22,CUS-0688,PRD-0414,12,4666.41,55996.92,Central,Retail,Delivered
SO-000226,2025-04-29,CUS-0545,PRD-0370,17,1814.61,30848.37,East,Online,Processing
SO-000227,2026-05-28,CUS-0219,PRD-0194,22,4224.31,92934.82,West,Online,Delivered
SO-000228,2025-08-19,CUS-0553,PRD-0100,21,3049.28,64034.88,North,Distributor,Delivered
SO-000229,2025-04-07,CUS-0699,PRD-0180,10,539.14,5391.4,East,Online,Delivered
SO-000230,2025-04-28,CUS-0302,PRD-0452,13,1534.7,19951.1,North,Distributor,Delivered
SO-000231,2026-05-21,CUS-0776,PRD-0193,7,3725.18,26076.26,Central,Distributor,Delivered
SO-000232,2026-02-28,CUS-0469,PRD-0060,24,5860.54,140652.96,South,Distributor,Delivered
SO-000233,2025-02-20,CUS-0062,PRD-0067,27,4391.39,118567.53,South,Online,Delivered
SO-000234,2025-12-28,CUS-0896,PRD-0214,4,6313.46,25253.84,West,Distributor,Delivered
SO-000235,2025-10-26,CUS-0603,PRD-0010,28,5492.57,153791.96,East,Distributor,Shipped
SO-000236,2025-09-29,CUS-0913,PRD-0255,26,601.9,15649.4,Central,Online,Shipped
SO-000237,2024-11-18,CUS-0508,PRD-0073,20,619.32,12386.4,South,Distributor,Processing
SO-000238,2026-01-08,CUS-0538,PRD-0051,5,5727.46,28637.3,East,Distributor,Delivered
SO-000239,2026-07-10,CUS-0966,PRD-0061,18,1709.16,30764.88,South,Online,Delivered
SO-000240,2026-06-27,CUS-0946,PRD-0057,2,2825.39,5650.78,West,Online,Delivered
SO-000241,2025-05-27,CUS-0514,PRD-0085,21,1116.05,23437.05,North,Online,Delivered
SO-000242,2025-03-30,CUS-0491,PRD-0118,6,359.5,2157.0,West,Retail,Delivered
SO-000243,2026-02-21,CUS-0856,PRD-0178,24,643.28,15438.72,North,Distributor,Delivered
SO-000244,2025-04-17,CUS-0149,PRD-0308,14,3641.56,50981.84,North,Distributor,Processing
SO-000245,2026-01-04,CUS-0256,PRD-0111,18,4509.36,81168.48,West,Distributor,Delivered
SO-000246,2025-03-18,CUS-0874,PRD-0270,13,4608.03,59904.39,East,Retail,Delivered
SO-000247,2024-10-09,CUS-0558,PRD-0227,23,3934.48,90493.04,Central,Distributor,Cancelled
SO-000248,2026-08-16,CUS-0648,PRD-0010,30,4577.14,137314.2,West,Distributor,Processing
SO-000249,2025-05-20,CUS-0764,PRD-0317,13,6072.27,78939.51,Central,Retail,Delivered
SO-000250,2025-05-29,CUS-0520,PRD-0164,23,5816.24,133773.52,West,Retail,Delivered
SO-000251,2025-11-21,CUS-0671,PRD-0035,16,4050.82,64813.12,North,Retail,Delivered
SO-000252,2026-05-23,CUS-0608,PRD-0436,20,4009.3,80186.0,Central,Distributor,Delivered
SO-000253,2026-01-14,CUS-0902,PRD-0493,9,3468.32,31214.88,East,Retail,Shipped
SO-000254,2025-01-30,CUS-0350,PRD-0153,9,4300.48,38704.32,Central,Online,Delivered
SO-000255,2025-08-05,CUS-0848,PRD-0160,3,4023.81,12071.43,North,Online,Delivered
SO-000256,2026-07-10,CUS-0167,PRD-0332,7,4886.91,34208.37,West,Distributor,Delivered
SO-000257,2025-10-09,CUS-0343,PRD-0075,26,3585.2,93215.2,South,Retail,Shipped
SO-000258,2025-01-08,CUS-0271,PRD-0189,10,1868.59,18685.9,West,Retail,Delivered
SO-000259,2026-05-01,CUS-0137,PRD-0135,13,4458.53,57960.89,East,Retail,Shipped
SO-000260,2025-01-02,CUS-0409,PRD-0232,8,3666.47,29331.76,East,Retail,Cancelled
SO-000261,2025-07-20,CUS-0302,PRD-0408,7,3047.73,21334.11,Central,Distributor,Delivered
SO-000262,2025-04-10,CUS-0874,PRD-0359,5,2454.17,12270.85,Central,Retail,Delivered
SO-000263,2025-09-28,CUS-0405,PRD-0426,4,3707.93,14831.72,Central,Retail,Delivered
SO-000264,2025-01-28,CUS-0355,PRD-0340,19,4077.55,77473.45,West,Retail,Delivered
SO-000265,2026-01-13,CUS-0286,PRD-0268,13,4521.3,58776.9,Central,Retail,Delivered
SO-000266,2025-03-14,CUS-0682,PRD-0414,28,4666.41,130659.48,West,Online,Delivered
SO-000267,2025-02-27,CUS-0482,PRD-0241,20,4724.58,94491.6,East,Retail,Delivered
SO-000268,2026-05-03,CUS-0346,PRD-0358,12,5153.45,61841.4,East,Retail,Shipped
SO-000269,2026-05-06,CUS-0222,PRD-0101,3,596.67,1790.01,North,Online,Delivered
SO-000270,2025-09-24,CUS-0208,PRD-0063,26,3878.37,100837.62,West,Retail,Delivered
SO-000271,2026-02-07,CUS-0653,PRD-0118,2,359.5,719.0,West,Retail,Delivered
SO-000272,2025-05-16,CUS-0101,PRD-0237,17,3655.63,62145.71,North,Distributor,Delivered
SO-000273,2025-11-10,CUS-0309,PRD-0414,7,5599.69,39197.83,North,Online,Processing
SO-000274,2024-12-29,CUS-0090,PRD-0093,25,1072.4,26810.0,East,Retail,Delivered
SO-000275,2025-11-03,CUS-0943,PRD-0420,9,3335.83,30022.47,West,Distributor,Delivered
SO-000276,2026-03-17,CUS-0019,PRD-0106,21,4384.29,92070.09,North,Retail,Shipped
SO-000277,2026-04-11,CUS-0807,PRD-0469,20,1541.41,30828.2,East,Retail,Delivered
SO-000278,2025-08-19,CUS-0765,PRD-0389,20,2666.14,53322.8,Central,Online,Cancelled
SO-000279,2026-05-29,CUS-0171,PRD-0157,30,724.88,21746.4,South,Retail,Delivered
SO-000280,2026-05-03,CUS-0286,PRD-0487,26,5920.64,153936.64,East,Distributor,Delivered
SO-000281,2024-10-03,CUS-0375,PRD-0228,22,3882.83,85422.26,West,Distributor,Processing
SO-000282,2024-11-04,CUS-0542,PRD-0195,5,1545.13,7725.65,North,Distributor,Delivered
SO-000283,2025-10-30,CUS-0423,PRD-0152,22,1762.64,38778.08,South,Distributor,Delivered
SO-000284,2026-05-30,CUS-0317,PRD-0474,23,1235.19,28409.37,East,Distributor,Delivered
SO-000285,2024-12-15,CUS-0338,PRD-0470,15,4058.14,60872.1,South,Retail,Delivered
SO-000286,2026-08-21,CUS-0445,PRD-0357,29,748.93,21718.97,South,Retail,Delivered
SO-000287,2024-11-06,CUS-0070,PRD-0355,27,5022.31,135602.37,Central,Online,Delivered
SO-000288,2026-06-14,CUS-0410,PRD-0404,28,2985.52,83594.56,East,Distributor,Delivered
SO-000289,2026-03-03,CUS-0992,PRD-0470,2,3381.78,6763.56,Central,Online,Shipped
SO-000290,2025-10-23,CUS-0591,PRD-0113,19,5004.47,95084.93,West,Online,Processing
SO-000291,2026-04-10,CUS-0852,PRD-0322,22,6279.3,138144.6,South,Distributor,Delivered
SO-000292,2025-11-16,CUS-0362,PRD-0173,23,2137.26,49156.98,Central,Online,Processing
SO-000293,2025-04-03,CUS-0146,PRD-0345,11,600.5,6605.5,North,Online,Shipped
SO-000294,2025-04-24,CUS-0024,PRD-0211,11,6127.17,67398.87,North,Distributor,Delivered
SO-000295,2026-09-10,CUS-0027,PRD-0061,8,1709.16,13673.28,South,Retail,Delivered
SO-000296,2025-05-10,CUS-0196,PRD-0388,25,5873.8,146845.0,East,Online,Delivered
SO-000297,2026-08-15,CUS-0723,PRD-0338,8,4473.07,35784.56,South,Online,Delivered
SO-000298,2025-03-20,CUS-0196,PRD-0443,22,2487.24,54719.28,West,Online,Delivered
SO-000299,2026-03-26,CUS-0169,PRD-0216,2,569.26,1138.52,East,Distributor,Processing
SO-000300,2026-01-15,CUS-0978,PRD-0245,18,1932.7,34788.6,Central,Retail,Delivered
SO-000301,2026-05-26,CUS-0426,PRD-0204,18,1649.53,29691.54,West,Retail,Delivered
SO-000302,2026-03-13,CUS-0575,PRD-0500,8,5969.68,47757.44,West,Distributor,Delivered
SO-000303,2026-09-27,CUS-0648,PRD-0356,30,4447.37,133421.1,East,Distributor,Delivered
SO-000304,2024-10-29,CUS-0483,PRD-0199,24,6538.06,156913.44,South,Distributor,Delivered
SO-000305,2025-06-13,CUS-0584,PRD-0460,5,249.38,1246.9,West,Online,Delivered
SO-000306,2025-06-12,CUS-0531,PRD-0010,14,4577.14,64079.96,West,Distributor,Delivered
SO-000307,2025-04-18,CUS-0118,PRD-0253,30,6124.57,183737.1,East,Distributor,Delivered
SO-000308,2024-11-06,CUS-0042,PRD-0381,27,3126.8,84423.6,Central,Retail,Delivered
SO-000309,2025-03-17,CUS-0275,PRD-0272,9,3886.96,34982.64,South,Distributor,Processing
SO-000310,2025-03-25,CUS-0304,PRD-0169,2,6181.75,12363.5,West,Retail,Delivered
SO-000311,2025-04-01,CUS-0976,PRD-0213,7,4571.12,31997.84,South,Distributor,Cancelled
SO-000312,2026-03-20,CUS-0864,PRD-0262,14,6436.49,90110.86,West,Online,Delivered
SO-000313,2026-05-22,CUS-0368,PRD-0318,11,3772.35,41495.85,Central,Online,Delivered
SO-000314,2025-03-18,CUS-0426,PRD-0424,25,2881.05,72026.25,North,Retail,Delivered
SO-000315,2024-12-29,CUS-0239,PRD-0081,13,6765.4,87950.2,West,Distributor,Delivered
SO-000316,2025-10-08,CUS-0947,PRD-0195,6,1545.13,9270.78,North,Retail,Cancelled
SO-000317,2026-03-18,CUS-0182,PRD-0185,7,3168.36,22178.52,Central,Retail,Delivered
SO-000318,2025-08-24,CUS-0585,PRD-0465,27,5430.01,146610.27,South,Online,Cancelled
SO-000319,2025-02-01,CUS-0893,PRD-0201,19,1558.3,29607.7,Central,Distributor,Shipped
SO-000320,2025-07-01,CUS-0588,PRD-0107,24,6065.28,145566.72,East,Distributor,Delivered
SO-000321,2025-08-01,CUS-0240,PRD-0287,20,4173.59,83471.8,East,Distributor,Delivered
SO-000322,2025-05-25,CUS-0279,PRD-0019,22,5578.38,122724.36,North,Distributor,Delivered
SO-000323,2024-11-11,CUS-0923,PRD-0296,20,4118.94,82378.8,East,Online,Delivered
SO-000324,2026-03-04,CUS-0076,PRD-0339,9,1245.19,11206.71,West,Online,Delivered
SO-000325,2025-07-02,CUS-0653,PRD-0048,4,4987.19,19948.76,West,Distributor,Delivered
SO-000326,2026-05-18,CUS-0938,PRD-0301,15,4651.32,69769.8,East,Retail,Delivered
SO-000327,2024-11-27,CUS-0865,PRD-0164,29,6979.49,202405.21,North,Distributor,Delivered
SO-000328,2026-07-29,CUS-0551,PRD-0324,3,3480.31,10440.93,Central,Online,Delivered
SO-000329,2026-09-30,CUS-0622,PRD-0035,14,3375.68,47259.52,South,Retail,Shipped
SO-000330,2025-01-11,CUS-0413,PRD-0088,10,449.41,4494.1,Central,Retail,Delivered
SO-000331,2026-05-22,CUS-0267,PRD-0476,13,4935.81,64165.53,Central,Distributor,Delivered
SO-000332,2026-07-31,CUS-0038,PRD-0418,27,2869.54,77477.58,Central,Distributor,Delivered
SO-000333,2025-12-28,CUS-0161,PRD-0313,1,6557.66,6557.66,West,Distributor,Delivered
SO-000334,2024-11-17,CUS-0182,PRD-0180,19,646.97,12292.43,North,Online,Delivered
SO-000335,2025-03-09,CUS-0777,PRD-0154,11,2946.55,32412.05,South,Retail,Delivered
SO-000336,2026-08-11,CUS-0002,PRD-0149,19,4444.52,84445.88,South,Retail,Processing
SO-000337,2026-05-02,CUS-0509,PRD-0015,23,925.14,21278.22,Central,Distributor,Delivered
SO-000338,2025-01-09,CUS-0710,PRD-0209,5,293.57,1467.85,Central,Retail,Delivered
SO-000339,2024-12-04,CUS-0086,PRD-0208,11,7530.32,82833.52,South,Distributor,Delivered
SO-000340,2026-02-06,CUS-0327,PRD-0085,29,1116.05,32365.45,Central,Distributor,Delivered
SO-000341,2025-07-24,CUS-0600,PRD-0220,25,4804.28,120107.0,Central,Online,Delivered
SO-000342,2026-03-03,CUS-0735,PRD-0434,11,6337.86,69716.46,East,Retail,Delivered
SO-000343,2025-07-07,CUS-0063,PRD-0432,10,2471.37,24713.7,East,Online,Delivered
SO-000344,2025-07-16,CUS-0389,PRD-0378,22,418.86,9214.92,North,Online,Delivered
SO-000345,2026-06-22,CUS-0111,PRD-0025,1,6433.26,6433.26,South,Distributor,Delivered
SO-000346,2026-06-08,CUS-0625,PRD-0061,21,1709.16,35892.36,Central,Online,Delivered
SO-000347,2026-02-09,CUS-0684,PRD-0080,27,2718.86,73409.22,East,Online,Delivered
SO-000348,2025-02-14,CUS-0287,PRD-0432,7,2471.37,17299.59,West,Distributor,Delivered
SO-000349,2025-10-06,CUS-0957,PRD-0028,26,2202.61,57267.86,Central,Distributor,Cancelled
SO-000350,2024-11-09,CUS-0368,PRD-0155,11,3773.03,41503.33,East,Online,Delivered
SO-000351,2026-09-23,CUS-0983,PRD-0173,5,1781.05,8905.25,South,Retail,Processing
SO-000352,2024-11-25,CUS-0221,PRD-0266,9,1989.53,17905.77,West,Distributor,Delivered
SO-000353,2025-04-30,CUS-0195,PRD-0329,18,6207.86,111741.48,North,Online,Processing
SO-000354,2026-02-27,CUS-0883,PRD-0138,7,820.52,5743.64,West,Online,Delivered
SO-000355,2025-12-18,CUS-0416,PRD-0323,4,6838.31,27353.24,West,Retail,Delivered
SO-000356,2025-11-12,CUS-0589,PRD-0465,12,6516.01,78192.12,East,Retail,Delivered
SO-000357,2026-05-23,CUS-0154,PRD-0224,13,1906.78,24788.14,South,Retail,Delivered
SO-000358,2024-10-19,CUS-0473,PRD-0322,9,7535.16,67816.44,Central,Distributor,Shipped
SO-000359,2026-07-17,CUS-0430,PRD-0058,9,4941.04,44469.36,East,Retail,Shipped
SO-000360,2025-05-03,CUS-0125,PRD-0301,14,4651.32,65118.48,East,Retail,Delivered
SO-000361,2025-07-20,CUS-0032,PRD-0313,14,5464.72,76506.08,East,Distributor,Shipped
SO-000362,2025-10-09,CUS-0259,PRD-0351,23,7631.41,175522.43,West,Retail,Delivered
SO-000363,2025-08-14,CUS-0528,PRD-0433,10,1570.63,15706.3,East,Distributor,Delivered
SO-000364,2025-08-30,CUS-0081,PRD-0225,13,4910.53,63836.89,South,Distributor,Shipped
SO-000365,2024-11-24,CUS-0307,PRD-0466,27,3494.23,94344.21,East,Retail,Delivered
SO-000366,2026-01-06,CUS-0114,PRD-0029,26,5712.46,148523.96,South,Retail,Delivered
SO-000367,2026-08-15,CUS-0296,PRD-0368,26,6291.51,163579.26,North,Online,Delivered
SO-000368,2025-01-14,CUS-0112,PRD-0177,17,1860.82,31633.94,Central,Retail,Shipped
SO-000369,2025-02-13,CUS-0758,PRD-0189,17,1868.59,31766.03,East,Distributor,Delivered
SO-000370,2024-11-28,CUS-0954,PRD-0470,15,4058.14,60872.1,South,Online,Delivered
SO-000371,2025-05-21,CUS-0299,PRD-0257,11,672.61,7398.71,North,Retail,Delivered
SO-000372,2025-02-13,CUS-0163,PRD-0069,19,3140.92,59677.48,North,Online,Delivered
SO-000373,2026-07-17,CUS-0127,PRD-0090,12,492.32,5907.84,Central,Online,Delivered
SO-000374,2025-02-04,CUS-0015,PRD-0283,22,6186.51,136103.22,Central,Distributor,Delivered
SO-000375,2026-04-05,CUS-0075,PRD-0392,15,452.18,6782.7,East,Retail,Delivered
SO-000376,2025-06-20,CUS-0832,PRD-0136,17,6112.94,103919.98,West,Distributor,Delivered
SO-000377,2025-04-16,CUS-0770,PRD-0041,10,4472.49,44724.9,West,Retail,Delivered
SO-000378,2025-12-21,CUS-0747,PRD-0042,4,6031.16,24124.64,North,Retail,Delivered
SO-000379,2026-09-18,CUS-0524,PRD-0097,16,4396.16,70338.56,East,Distributor,Delivered
SO-000380,2025-10-27,CUS-0051,PRD-0279,18,4283.62,77105.16,East,Retail,Delivered
SO-000381,2024-11-16,CUS-0645,PRD-0254,13,6440.26,83723.38,North,Distributor,Shipped
SO-000382,2024-11-10,CUS-0295,PRD-0413,6,2258.22,13549.32,South,Retail,Cancelled
SO-000383,2025-11-02,CUS-0924,PRD-0018,14,5210.7,72949.8,North,Distributor,Delivered
SO-000384,2025-08-29,CUS-0131,PRD-0466,9,2911.86,26206.74,South,Retail,Delivered
SO-000385,2025-10-22,CUS-0371,PRD-0077,15,3543.29,53149.35,East,Retail,Delivered
SO-000386,2026-07-03,CUS-0004,PRD-0068,5,972.83,4864.15,North,Online,Processing
SO-000387,2025-08-14,CUS-0351,PRD-0214,4,5261.22,21044.88,West,Retail,Delivered
SO-000388,2026-09-08,CUS-0131,PRD-0102,14,1819.32,25470.48,North,Distributor,Delivered
SO-000389,2026-07-26,CUS-0262,PRD-0061,20,1709.16,34183.2,South,Distributor,Delivered
SO-000390,2025-10-09,CUS-0250,PRD-0068,16,1167.4,18678.4,East,Distributor,Delivered
SO-000391,2025-06-17,CUS-0964,PRD-0007,22,4691.05,103203.1,North,Online,Delivered
SO-000392,2026-07-23,CUS-0739,PRD-0085,7,1116.05,7812.35,South,Retail,Delivered
SO-000393,2026-01-09,CUS-0833,PRD-0237,20,3655.63,73112.6,West,Online,Processing
SO-000394,2026-03-02,CUS-0485,PRD-0123,11,5761.94,63381.34,North,Retail,Delivered
SO-000395,2025-12-14,CUS-0052,PRD-0097,29,5275.39,152986.31,West,Online,Delivered
SO-000396,2025-03-31,CUS-0440,PRD-0259,19,3927.33,74619.27,North,Retail,Delivered
SO-000397,2025-06-04,CUS-0699,PRD-0027,22,5364.88,118027.36,East,Online,Delivered
SO-000398,2025-03-27,CUS-0933,PRD-0255,26,601.9,15649.4,North,Retail,Shipped
SO-000399,2026-06-15,CUS-0524,PRD-0490,6,789.31,4735.86,South,Distributor,Delivered
SO-000400,2025-11-13,CUS-0329,PRD-0143,4,4130.27,16521.08,East,Distributor,Delivered
SO-000401,2025-04-14,CUS-0059,PRD-0131,27,2074.07,55999.89,South,Online,Processing
SO-000402,2025-11-22,CUS-0643,PRD-0130,21,1681.54,35312.34,North,Online,Delivered
SO-000403,2026-05-11,CUS-0845,PRD-0038,15,534.68,8020.2,East,Retail,Delivered
SO-000404,2026-06-08,CUS-0016,PRD-0352,10,181.58,1815.8,South,Distributor,Delivered
SO-000405,2026-05-26,CUS-0052,PRD-0242,4,4862.16,19448.64,East,Retail,Processing
SO-000406,2026-05-17,CUS-0142,PRD-0440,10,1033.75,10337.5,West,Retail,Delivered
SO-000407,2026-03-03,CUS-0375,PRD-0322,15,6279.3,94189.5,West,Distributor,Delivered
SO-000408,2026-04-11,CUS-0653,PRD-0390,19,6175.19,117328.61,Central,Retail,Delivered
SO-000409,2026-06-04,CUS-0129,PRD-0163,6,2675.79,16054.74,South,Distributor,Delivered
SO-000410,2026-03-06,CUS-0947,PRD-0141,7,2583.7,18085.9,Central,Distributor,Delivered
SO-000411,2026-07-22,CUS-0656,PRD-0014,24,5271.41,126513.84,North,Distributor,Delivered
SO-000412,2025-08-23,CUS-0151,PRD-0482,30,2107.3,63219.0,South,Online,Delivered
SO-000413,2026-03-12,CUS-0458,PRD-0340,24,4077.55,97861.2,South,Retail,Cancelled
SO-000414,2026-09-30,CUS-0291,PRD-0166,21,449.89,9447.69,West,Retail,Delivered
SO-000415,2025-10-23,CUS-0729,PRD-0327,18,4920.19,88563.42,Central,Online,Delivered
SO-000416,2025-02-22,CUS-0337,PRD-0269,6,337.92,2027.52,East,Distributor,Delivered
SO-000417,2024-11-28,CUS-0038,PRD-0447,23,5215.86,119964.78,Central,Distributor,Delivered
SO-000418,2026-02-02,CUS-0731,PRD-0378,5,418.86,2094.3,North,Online,Delivered
SO-000419,2026-02-08,CUS-0418,PRD-0248,20,1877.37,37547.4,West,Online,Shipped
SO-000420,2025-11-29,CUS-0357,PRD-0288,26,3748.76,97467.76,East,Online,Delivered
SO-000421,2024-11-25,CUS-0436,PRD-0029,26,6854.95,178228.7,South,Distributor,Delivered
SO-000422,2025-03-23,CUS-0567,PRD-0122,13,4378.36,56918.68,West,Distributor,Delivered
SO-000423,2025-09-11,CUS-0607,PRD-0407,18,4762.54,85725.72,East,Retail,Processing
SO-000424,2026-07-02,CUS-0975,PRD-0463,12,863.66,10363.92,Central,Distributor,Delivered
SO-000425,2026-05-01,CUS-0338,PRD-0251,22,1941.24,42707.28,East,Retail,Delivered
SO-000426,2024-10-16,CUS-0043,PRD-0353,10,5852.09,58520.9,East,Distributor,Cancelled
SO-000427,2025-06-11,CUS-0330,PRD-0408,12,3047.73,36572.76,West,Retail,Delivered
SO-000428,2025-08-23,CUS-0291,PRD-0240,28,2083.18,58329.04,South,Distributor,Shipped
SO-000429,2025-11-04,CUS-0585,PRD-0414,9,5599.69,50397.21,North,Online,Delivered
SO-000430,2025-05-19,CUS-0560,PRD-0394,30,567.05,17011.5,West,Online,Delivered
SO-000431,2025-08-04,CUS-0985,PRD-0262,13,6436.49,83674.37,Central,Online,Processing
SO-000432,2024-11-28,CUS-0266,PRD-0326,20,727.99,14559.8,Central,Online,Delivered
SO-000433,2025-08-04,CUS-0414,PRD-0327,8,4100.16,32801.28,West,Online,Delivered
SO-000434,2025-07-08,CUS-0370,PRD-0106,26,4384.29,113991.54,South,Retail,Delivered
SO-000435,2025-07-08,CUS-0700,PRD-0049,17,5980.81,101673.77,Central,Distributor,Delivered
SO-000436,2025-12-15,CUS-0147,PRD-0237,12,4386.76,52641.12,North,Retail,Processing
SO-000437,2025-03-20,CUS-0195,PRD-0420,17,2779.86,47257.62,South,Distributor,Delivered
SO-000438,2024-12-12,CUS-0810,PRD-0486,5,4592.03,22960.15,West,Retail,Delivered
SO-000439,2025-11-21,CUS-0998,PRD-0482,12,2528.76,30345.12,West,Retail,Delivered
SO-000440,2025-02-06,CUS-0203,PRD-0275,8,509.9,4079.2,South,Distributor,Processing
SO-000441,2025-09-15,CUS-0270,PRD-0428,17,6298.69,107077.73,South,Retail,Delivered
SO-000442,2026-02-28,CUS-0292,PRD-0023,25,4174.81,104370.25,South,Distributor,Delivered
SO-000443,2026-01-02,CUS-0937,PRD-0284,9,386.28,3476.52,South,Retail,Delivered
SO-000444,2024-12-11,CUS-0115,PRD-0194,24,5069.17,121660.08,Central,Online,Shipped
SO-000445,2024-12-09,CUS-0525,PRD-0067,9,5269.67,47427.03,East,Online,Delivered
SO-000446,2026-09-05,CUS-0746,PRD-0282,8,1588.25,12706.0,East,Retail,Delivered
SO-000447,2025-12-13,CUS-0991,PRD-0393,20,7714.55,154291.0,North,Online,Delivered
SO-000448,2026-06-27,CUS-0733,PRD-0283,29,6186.51,179408.79,East,Online,Delivered
SO-000449,2026-06-03,CUS-0232,PRD-0413,2,1881.85,3763.7,East,Retail,Delivered
SO-000450,2025-03-18,CUS-0160,PRD-0130,8,1401.28,11210.24,West,Retail,Delivered
SO-000451,2025-05-14,CUS-0361,PRD-0179,7,2569.93,17989.51,Central,Distributor,Shipped
SO-000452,2025-01-21,CUS-0259,PRD-0488,13,2178.12,28315.56,South,Online,Shipped
SO-000453,2025-01-07,CUS-0598,PRD-0455,20,2220.14,44402.8,Central,Retail,Delivered
SO-000454,2026-06-23,CUS-0416,PRD-0302,30,217.1,6513.0,South,Distributor,Shipped
SO-000455,2026-08-15,CUS-0342,PRD-0031,10,1040.09,10400.9,North,Retail,Delivered
SO-000456,2024-11-19,CUS-0658,PRD-0208,6,7530.32,45181.92,West,Online,Shipped
SO-000457,2025-11-15,CUS-0558,PRD-0044,23,180.8,4158.4,East,Distributor,Delivered
SO-000458,2026-07-09,CUS-0049,PRD-0032,1,4875.59,4875.59,South,Online,Delivered
SO-000459,2025-03-08,CUS-0781,PRD-0094,21,3817.71,80171.91,East,Online,Delivered
SO-000460,2026-06-19,CUS-0013,PRD-0433,6,1570.63,9423.78,South,Distributor,Delivered
SO-000461,2026-03-01,CUS-0831,PRD-0263,25,4085.94,102148.5,South,Retail,Cancelled
SO-000462,2026-05-05,CUS-0346,PRD-0390,24,6175.19,148204.56,East,Distributor,Delivered
SO-000463,2025-12-26,CUS-0488,PRD-0178,3,771.94,2315.82,North,Online,Delivered
SO-000464,2025-11-23,CUS-0074,PRD-0376,25,5013.02,125325.5,West,Online,Delivered
SO-000465,2025-03-09,CUS-0080,PRD-0129,27,5685.71,153514.17,East,Online,Processing
SO-000466,2026-06-28,CUS-0371,PRD-0332,25,4886.91,122172.75,Central,Retail,Delivered
SO-000467,2024-10-17,CUS-0073,PRD-0230,10,4404.47,44044.7,South,Distributor,Delivered
SO-000468,2026-04-21,CUS-0671,PRD-0387,18,762.89,13732.02,North,Online,Delivered
SO-000469,2026-05-09,CUS-0718,PRD-0340,27,4077.55,110093.85,East,Online,Delivered
SO-000470,2025-02-16,CUS-0223,PRD-0487,7,5920.64,41444.48,South,Retail,Delivered
SO-000471,2026-04-19,CUS-0627,PRD-0495,20,2733.86,54677.2,West,Distributor,Delivered
SO-000472,2026-09-03,CUS-0223,PRD-0458,27,3689.08,99605.16,East,Online,Shipped
SO-000473,2026-05-07,CUS-0513,PRD-0351,20,6359.51,127190.2,West,Online,Delivered
SO-000474,2026-09-30,CUS-0604,PRD-0360,9,5924.33,53318.97,Central,Retail,Processing
SO-000475,2025-10-19,CUS-0962,PRD-0485,16,4697.15,75154.4,South,Retail,Delivered
SO-000476,2025-07-19,CUS-0829,PRD-0262,14,6436.49,90110.86,West,Retail,Delivered
SO-000477,2025-04-26,CUS-0718,PRD-0475,25,1258.43,31460.75,East,Online,Delivered
SO-000478,2026-09-19,CUS-0112,PRD-0252,2,2300.3,4600.6,South,Distributor,Delivered
SO-000479,2025-01-29,CUS-0809,PRD-0068,20,972.83,19456.6,West,Online,Delivered
SO-000480,2026-04-06,CUS-0338,PRD-0299,27,2920.8,78861.6,Central,Distributor,Delivered
SO-000481,2026-06-04,CUS-0685,PRD-0394,3,567.05,1701.15,South,Retail,Delivered
SO-000482,2024-10-15,CUS-0509,PRD-0085,3,1339.26,4017.78,North,Retail,Shipped
SO-000483,2025-08-24,CUS-0621,PRD-0335,16,422.97,6767.52,Central,Retail,Shipped
SO-000484,2026-05-31,CUS-0028,PRD-0397,21,1896.25,39821.25,East,Retail,Processing
SO-000485,2026-05-13,CUS-0337,PRD-0051,16,5727.46,91639.36,South,Distributor,Delivered
SO-000486,2024-10-23,CUS-0115,PRD-0244,8,5694.73,45557.84,North,Retail,Delivered
SO-000487,2025-10-15,CUS-0075,PRD-0057,13,3390.47,44076.11,East,Online,Delivered
SO-000488,2026-05-12,CUS-0349,PRD-0350,9,3791.55,34123.95,North,Online,Delivered
SO-000489,2026-02-28,CUS-0289,PRD-0420,1,2779.86,2779.86,Central,Retail,Shipped
SO-000490,2025-10-04,CUS-0662,PRD-0198,26,5904.37,153513.62,Central,Online,Delivered
SO-000491,2025-03-18,CUS-0378,PRD-0290,23,2230.85,51309.55,East,Retail,Cancelled
SO-000492,2024-12-25,CUS-0189,PRD-0285,13,4122.96,53598.48,East,Distributor,Delivered
SO-000493,2025-09-20,CUS-0940,PRD-0359,10,2454.17,24541.7,West,Retail,Delivered
SO-000494,2026-03-16,CUS-0988,PRD-0260,25,5071.17,126779.25,South,Distributor,Delivered
SO-000495,2026-04-17,CUS-0145,PRD-0007,1,4691.05,4691.05,Central,Retail,Delivered
SO-000496,2025-12-15,CUS-0115,PRD-0357,30,898.72,26961.6,West,Online,Delivered
SO-000497,2025-12-13,CUS-0769,PRD-0472,26,5716.09,148618.34,Central,Distributor,Delivered
SO-000498,2025-01-19,CUS-0276,PRD-0122,7,4378.36,30648.52,East,Distributor,Processing
SO-000499,2026-03-18,CUS-0060,PRD-0203,9,5475.89,49283.01,South,Distributor,Processing
SO-000500,2026-02-15,CUS-0676,PRD-0352,9,181.58,1634.22,East,Online,Delivered
SO-000501,2024-11-20,CUS-0913,PRD-0448,11,3535.0,38885.0,Central,Retail,Shipped
SO-000502,2025-04-04,CUS-0682,PRD-0121,23,5856.15,134691.45,West,Online,Delivered
SO-000503,2025-12-03,CUS-0068,PRD-0478,28,2626.61,73545.08,East,Distributor,Delivered
SO-000504,2026-06-25,CUS-0160,PRD-0474,29,1235.19,35820.51,Central,Distributor,Delivered
SO-000505,2025-01-24,CUS-0836,PRD-0218,17,2891.54,49156.18,North,Retail,Delivered
SO-000506,2026-01-03,CUS-0626,PRD-0239,25,2371.03,59275.75,West,Online,Delivered
SO-000507,2025-12-16,CUS-0669,PRD-0191,5,6580.82,32904.1,Central,Retail,Delivered
SO-000508,2025-06-01,CUS-0586,PRD-0131,27,2074.07,55999.89,Central,Online,Delivered
SO-000509,2025-04-18,CUS-0632,PRD-0099,26,3042.52,79105.52,East,Distributor,Delivered
SO-000510,2026-07-29,CUS-0268,PRD-0178,2,643.28,1286.56,North,Retail,Delivered
SO-000511,2025-08-09,CUS-0266,PRD-0296,2,3432.45,6864.9,West,Online,Delivered
SO-000512,2024-11-14,CUS-0481,PRD-0297,24,4936.62,118478.88,South,Distributor,Processing
SO-000513,2025-11-28,CUS-0755,PRD-0398,22,4285.42,94279.24,East,Retail,Processing
SO-000514,2025-11-13,CUS-0541,PRD-0099,1,3651.02,3651.02,North,Distributor,Delivered
SO-000515,2025-12-24,CUS-0469,PRD-0391,17,5222.21,88777.57,Central,Online,Cancelled
SO-000516,2025-03-17,CUS-0314,PRD-0038,17,534.68,9089.56,North,Online,Cancelled
SO-000517,2025-10-01,CUS-0188,PRD-0248,25,2252.84,56321.0,East,Online,Delivered
SO-000518,2026-06-27,CUS-0049,PRD-0278,29,4587.31,133031.99,Central,Retail,Delivered
SO-000519,2025-01-31,CUS-0308,PRD-0354,1,3997.01,3997.01,East,Retail,Delivered
SO-000520,2025-05-23,CUS-0714,PRD-0001,18,4203.15,75656.7,South,Online,Delivered
SO-000521,2026-01-16,CUS-0452,PRD-0491,17,3343.98,56847.66,South,Retail,Delivered
SO-000522,2025-11-01,CUS-0640,PRD-0246,6,2420.51,14523.06,North,Retail,Delivered
SO-000523,2026-01-21,CUS-0008,PRD-0432,19,2471.37,46956.03,West,Online,Processing
SO-000524,2026-03-18,CUS-0984,PRD-0204,11,1649.53,18144.83,North,Distributor,Delivered
SO-000525,2025-06-06,CUS-0097,PRD-0032,9,4875.59,43880.31,South,Distributor,Delivered
SO-000526,2026-04-17,CUS-0399,PRD-0259,18,3927.33,70691.94,North,Online,Delivered
SO-000527,2024-12-28,CUS-0703,PRD-0062,9,316.79,2851.11,Central,Online,Delivered
SO-000528,2026-08-12,CUS-0210,PRD-0244,30,4745.61,142368.3,West,Online,Delivered
SO-000529,2026-05-28,CUS-0767,PRD-0296,9,3432.45,30892.05,North,Distributor,Delivered
SO-000530,2024-10-10,CUS-0276,PRD-0157,11,869.86,9568.46,North,Retail,Processing
SO-000531,2024-10-25,CUS-0911,PRD-0139,10,5725.0,57250.0,East,Online,Delivered
SO-000532,2026-09-08,CUS-0202,PRD-0398,18,3571.18,64281.24,East,Retail,Delivered
SO-000533,2025-10-24,CUS-0683,PRD-0055,18,1137.43,20473.74,West,Retail,Shipped
SO-000534,2026-07-05,CUS-0062,PRD-0446,23,4423.18,101733.14,North,Retail,Processing
SO-000535,2025-08-13,CUS-0927,PRD-0181,27,3586.43,96833.61,North,Retail,Delivered
SO-000536,2026-09-24,CUS-0370,PRD-0179,15,2569.93,38548.95,Central,Online,Delivered
SO-000537,2026-02-19,CUS-0342,PRD-0182,3,1447.54,4342.62,South,Online,Delivered
SO-000538,2025-12-22,CUS-0022,PRD-0230,17,4404.47,74875.99,West,Retail,Delivered
SO-000539,2024-10-25,CUS-0380,PRD-0446,5,5307.82,26539.1,Central,Distributor,Delivered
SO-000540,2025-07-14,CUS-0726,PRD-0347,11,3040.05,33440.55,East,Retail,Cancelled
SO-000541,2026-08-21,CUS-0630,PRD-0028,24,1835.51,44052.24,North,Retail,Delivered
SO-000542,2025-03-21,CUS-0914,PRD-0312,23,5356.9,123208.7,Central,Retail,Delivered
SO-000543,2024-12-30,CUS-0425,PRD-0233,16,5093.28,81492.48,East,Online,Delivered
SO-000544,2025-02-16,CUS-0544,PRD-0374,29,4076.51,118218.79,Central,Distributor,Delivered
SO-000545,2025-04-10,CUS-0809,PRD-0198,5,4920.31,24601.55,South,Online,Delivered
SO-000546,2026-08-21,CUS-0651,PRD-0139,23,4770.83,109729.09,West,Retail,Delivered
SO-000547,2025-04-27,CUS-0593,PRD-0415,28,3509.65,98270.2,West,Online,Delivered
SO-000548,2026-05-12,CUS-0569,PRD-0240,20,2083.18,41663.6,South,Distributor,Processing
SO-000549,2025-05-25,CUS-0268,PRD-0360,21,5924.33,124410.93,South,Online,Delivered
SO-000550,2025-10-05,CUS-0396,PRD-0164,27,6979.49,188446.23,Central,Retail,Delivered
SO-000551,2026-01-08,CUS-0909,PRD-0224,25,1906.78,47669.5,East,Distributor,Delivered
SO-000552,2025-06-18,CUS-0847,PRD-0403,18,853.94,15370.92,West,Distributor,Delivered
SO-000553,2024-10-24,CUS-0793,PRD-0250,15,940.18,14102.7,South,Online,Delivered
SO-000554,2025-09-30,CUS-0404,PRD-0339,9,1245.19,11206.71,South,Online,Delivered
SO-000555,2026-07-25,CUS-0158,PRD-0283,28,6186.51,173222.28,South,Retail,Delivered
SO-000556,2025-06-11,CUS-0910,PRD-0344,8,5870.71,46965.68,South,Online,Delivered
SO-000557,2026-02-22,CUS-0951,PRD-0161,7,2769.99,19389.93,West,Online,Shipped
SO-000558,2026-04-08,CUS-0791,PRD-0494,15,2448.03,36720.45,East,Online,Processing
SO-000559,2024-12-20,CUS-0740,PRD-0062,9,316.79,2851.11,North,Distributor,Delivered
SO-000560,2025-11-18,CUS-0393,PRD-0443,24,2984.69,71632.56,North,Retail,Delivered
SO-000561,2026-02-25,CUS-0099,PRD-0002,5,1689.96,8449.8,East,Distributor,Processing
SO-000562,2025-08-05,CUS-0205,PRD-0427,17,2382.42,40501.14,East,Distributor,Delivered
SO-000563,2025-01-09,CUS-0691,PRD-0253,9,6124.57,55121.13,North,Retail,Delivered
SO-000564,2025-01-17,CUS-0216,PRD-0207,9,3989.53,35905.77,East,Distributor,Delivered
SO-000565,2026-04-22,CUS-0684,PRD-0492,18,1708.12,30746.16,East,Distributor,Delivered
SO-000566,2025-12-29,CUS-0955,PRD-0405,3,4693.98,14081.94,South,Retail,Shipped
SO-000567,2025-01-01,CUS-0130,PRD-0061,5,1709.16,8545.8,South,Retail,Processing
SO-000568,2026-07-22,CUS-0079,PRD-0018,8,4342.25,34738.0,South,Online,Delivered
SO-000569,2026-07-22,CUS-0835,PRD-0470,24,3381.78,81162.72,South,Online,Shipped
SO-000570,2026-06-06,CUS-0999,PRD-0208,18,6275.27,112954.86,West,Online,Processing
SO-000571,2025-11-30,CUS-0927,PRD-0465,14,6516.01,91224.14,Central,Distributor,Delivered
SO-000572,2026-04-24,CUS-0548,PRD-0047,28,4009.13,112255.64,Central,Retail,Delivered
SO-000573,2026-09-13,CUS-0035,PRD-0079,23,6302.5,144957.5,Central,Online,Delivered
SO-000574,2025-08-09,CUS-0756,PRD-0310,6,5633.85,33803.1,West,Distributor,Delivered
SO-000575,2025-04-29,CUS-0292,PRD-0075,7,2987.67,20913.69,South,Online,Delivered
SO-000576,2026-01-01,CUS-0961,PRD-0333,1,4973.55,4973.55,South,Retail,Delivered
SO-000577,2025-06-21,CUS-0767,PRD-0126,8,287.88,2303.04,South,Retail,Shipped
SO-000578,2026-03-13,CUS-0539,PRD-0387,6,762.89,4577.34,South,Retail,Processing
SO-000579,2026-05-23,CUS-0782,PRD-0015,23,925.14,21278.22,East,Online,Cancelled
SO-000580,2026-04-21,CUS-0930,PRD-0233,2,4244.4,8488.8,West,Distributor,Delivered
SO-000581,2025-08-20,CUS-0607,PRD-0135,19,4458.53,84712.07,Central,Retail,Delivered
SO-000582,2024-10-27,CUS-0276,PRD-0082,27,3052.87,82427.49,East,Online,Delivered
SO-000583,2024-12-18,CUS-0020,PRD-0377,10,5118.78,51187.8,East,Retail,Delivered
SO-000584,2025-12-25,CUS-0995,PRD-0039,4,7770.35,31081.4,East,Online,Delivered
SO-000585,2025-04-11,CUS-0383,PRD-0157,24,724.88,17397.12,Central,Retail,Delivered
SO-000586,2025-10-12,CUS-0271,PRD-0276,6,5881.03,35286.18,North,Distributor,Cancelled
SO-000587,2026-08-26,CUS-0702,PRD-0159,5,285.58,1427.9,Central,Online,Delivered
SO-000588,2025-04-14,CUS-0741,PRD-0204,12,1649.53,19794.36,East,Online,Shipped
SO-000589,2025-03-24,CUS-0280,PRD-0273,6,861.12,5166.72,East,Retail,Delivered
SO-000590,2026-05-11,CUS-0305,PRD-0119,12,3649.58,43794.96,Central,Distributor,Delivered
SO-000591,2024-11-17,CUS-0488,PRD-0403,22,1024.73,22544.06,Central,Online,Delivered
SO-000592,2026-05-29,CUS-0562,PRD-0151,14,5440.82,76171.48,Central,Retail,Delivered
SO-000593,2026-02-19,CUS-0708,PRD-0160,17,4023.81,68404.77,East,Distributor,Delivered
SO-000594,2026-04-18,CUS-0024,PRD-0426,30,3707.93,111237.9,North,Distributor,Delivered
SO-000595,2026-06-17,CUS-0711,PRD-0456,18,4888.48,87992.64,Central,Online,Delivered
SO-000596,2026-08-05,CUS-0930,PRD-0397,2,1896.25,3792.5,South,Retail,Delivered
SO-000597,2024-11-15,CUS-0140,PRD-0068,4,1167.4,4669.6,North,Distributor,Delivered
SO-000598,2026-09-18,CUS-0676,PRD-0462,11,4649.5,51144.5,North,Retail,Delivered
SO-000599,2025-12-14,CUS-0708,PRD-0308,18,4369.87,78657.66,Central,Distributor,Cancelled
SO-000600,2025-04-06,CUS-0930,PRD-0104,30,1134.85,34045.5,North,Online,Delivered
SO-000601,2026-09-03,CUS-0913,PRD-0247,23,2055.44,47275.12,North,Retail,Delivered
SO-000602,2026-06-03,CUS-0320,PRD-0410,24,4500.44,108010.56,North,Retail,Delivered
SO-000603,2025-01-27,CUS-0606,PRD-0265,17,1474.23,25061.91,South,Online,Delivered
SO-000604,2026-08-27,CUS-0743,PRD-0457,11,2551.93,28071.23,North,Distributor,Delivered
SO-000605,2025-03-14,CUS-0819,PRD-0331,3,4150.5,12451.5,East,Distributor,Delivered
SO-000606,2026-08-17,CUS-0944,PRD-0089,5,5986.5,29932.5,North,Distributor,Delivered
SO-000607,2025-04-25,CUS-0862,PRD-0390,17,6175.19,104978.23,West,Online,Delivered
SO-000608,2025-10-10,CUS-0241,PRD-0244,22,5694.73,125284.06,East,Distributor,Delivered
SO-000609,2026-07-21,CUS-0675,PRD-0300,27,313.9,8475.3,East,Retail,Delivered
SO-000610,2026-04-14,CUS-0571,PRD-0066,21,581.36,12208.56,South,Distributor,Delivered
SO-000611,2026-02-19,CUS-0349,PRD-0415,1,3509.65,3509.65,Central,Distributor,Delivered
SO-000612,2026-08-20,CUS-0159,PRD-0135,17,4458.53,75795.01,East,Retail,Delivered
SO-000613,2025-02-15,CUS-0373,PRD-0143,11,3441.89,37860.79,Central,Distributor,Delivered
SO-000614,2026-05-24,CUS-0196,PRD-0232,3,3666.47,10999.41,Central,Distributor,Delivered
SO-000615,2026-02-12,CUS-0762,PRD-0131,12,2074.07,24888.84,South,Distributor,Processing
SO-000616,2025-04-28,CUS-0548,PRD-0448,12,2945.83,35349.96,East,Online,Delivered
SO-000617,2025-05-24,CUS-0404,PRD-0331,8,4150.5,33204.0,East,Retail,Cancelled
SO-000618,2025-08-07,CUS-0009,PRD-0398,2,3571.18,7142.36,North,Distributor,Delivered
SO-000619,2024-11-07,CUS-0741,PRD-0252,20,2760.36,55207.2,North,Online,Delivered
SO-000620,2026-05-15,CUS-0419,PRD-0047,28,4009.13,112255.64,West,Online,Shipped
SO-000621,2025-05-23,CUS-0486,PRD-0074,27,1713.95,46276.65,South,Distributor,Delivered
SO-000622,2025-07-13,CUS-0423,PRD-0170,17,5321.59,90467.03,South,Retail,Delivered
SO-000623,2025-06-04,CUS-0940,PRD-0437,20,1279.25,25585.0,West,Online,Delivered
SO-000624,2026-03-14,CUS-0026,PRD-0040,27,6315.76,170525.52,West,Retail,Delivered
SO-000625,2025-04-30,CUS-0090,PRD-0141,20,2583.7,51674.0,East,Distributor,Delivered
SO-000626,2025-11-14,CUS-0165,PRD-0054,9,7631.71,68685.39,Central,Online,Delivered
SO-000627,2025-04-08,CUS-0313,PRD-0194,6,4224.31,25345.86,North,Online,Delivered
SO-000628,2025-12-27,CUS-0404,PRD-0425,27,4408.91,119040.57,South,Online,Delivered
SO-000629,2026-03-10,CUS-0069,PRD-0138,27,820.52,22154.04,East,Distributor,Shipped
SO-000630,2025-10-16,CUS-0108,PRD-0241,30,5669.5,170085.0,South,Retail,Delivered
SO-000631,2026-01-26,CUS-0661,PRD-0176,27,623.57,16836.39,Central,Retail,Delivered
SO-000632,2025-04-02,CUS-0509,PRD-0244,26,4745.61,123385.86,North,Online,Delivered
SO-000633,2025-10-24,CUS-0960,PRD-0213,14,5485.34,76794.76,West,Retail,Delivered
SO-000634,2026-07-06,CUS-0954,PRD-0043,5,1999.6,9998.0,Central,Distributor,Shipped
SO-000635,2026-03-15,CUS-0490,PRD-0109,24,1120.2,26884.8,North,Online,Delivered
SO-000636,2025-02-07,CUS-0461,PRD-0345,29,600.5,17414.5,Central,Retail,Delivered
SO-000637,2026-09-13,CUS-0303,PRD-0017,13,3807.74,49500.62,Central,Distributor,Delivered
SO-000638,2025-09-10,CUS-0751,PRD-0449,2,4938.99,9877.98,East,Distributor,Delivered
SO-000639,2025-02-21,CUS-0260,PRD-0015,30,925.14,27754.2,South,Distributor,Delivered
SO-000640,2025-08-12,CUS-0872,PRD-0198,6,4920.31,29521.86,West,Retail,Shipped
SO-000641,2025-03-12,CUS-0786,PRD-0001,14,4203.15,58844.1,West,Distributor,Processing
SO-000642,2026-04-08,CUS-0956,PRD-0224,24,1906.78,45762.72,East,Distributor,Shipped
SO-000643,2026-03-07,CUS-0676,PRD-0016,21,3646.5,76576.5,South,Online,Shipped
SO-000644,2025-11-18,CUS-0075,PRD-0288,20,3748.76,74975.2,South,Retail,Delivered
SO-000645,2026-03-21,CUS-0974,PRD-0394,21,567.05,11908.05,North,Retail,Processing
SO-000646,2025-04-09,CUS-0622,PRD-0331,16,4150.5,66408.0,Central,Retail,Delivered
SO-000647,2025-09-08,CUS-0119,PRD-0003,9,4440.58,39965.22,West,Distributor,Shipped
SO-000648,2025-09-01,CUS-0237,PRD-0213,23,4571.12,105135.76,South,Distributor,Delivered
SO-000649,2026-07-05,CUS-0763,PRD-0154,14,2946.55,41251.7,East,Distributor,Processing
SO-000650,2026-04-27,CUS-0259,PRD-0065,11,559.34,6152.74,North,Retail,Shipped
SO-000651,2024-11-28,CUS-0810,PRD-0053,14,810.73,11350.22,East,Distributor,Processing
SO-000652,2026-07-25,CUS-0072,PRD-0336,13,2413.41,31374.33,South,Online,Delivered
SO-000653,2025-03-14,CUS-0279,PRD-0298,23,1831.15,42116.45,West,Online,Delivered
SO-000654,2025-12-01,CUS-0497,PRD-0165,29,1828.82,53035.78,Central,Distributor,Delivered
SO-000655,2026-09-07,CUS-0121,PRD-0135,11,4458.53,49043.83,East,Retail,Delivered
SO-000656,2025-08-01,CUS-0388,PRD-0073,30,516.1,15483.0,West,Online,Delivered
SO-000657,2026-01-28,CUS-0688,PRD-0060,18,5860.54,105489.72,West,Online,Delivered
SO-000658,2025-11-06,CUS-0191,PRD-0198,26,5904.37,153513.62,East,Retail,Delivered
SO-000659,2026-09-05,CUS-0542,PRD-0298,5,1831.15,9155.75,South,Distributor,Delivered
SO-000660,2026-07-17,CUS-0527,PRD-0013,13,5528.54,71871.02,North,Online,Delivered
SO-000661,2025-07-27,CUS-0997,PRD-0315,17,3215.25,54659.25,Central,Retail,Delivered
SO-000662,2025-03-06,CUS-0737,PRD-0225,4,4910.53,19642.12,West,Distributor,Delivered
SO-000663,2025-04-30,CUS-0542,PRD-0438,11,2366.01,26026.11,North,Online,Delivered
SO-000664,2026-04-09,CUS-0915,PRD-0327,6,4100.16,24600.96,South,Online,Delivered
SO-000665,2026-01-10,CUS-0262,PRD-0366,18,3113.27,56038.86,East,Distributor,Cancelled
SO-000666,2025-09-21,CUS-0736,PRD-0329,23,6207.86,142780.78,Central,Distributor,Delivered
SO-000667,2025-05-21,CUS-0095,PRD-0358,4,5153.45,20613.8,East,Distributor,Delivered
SO-000668,2024-10-01,CUS-0492,PRD-0431,19,6632.57,126018.83,North,Retail,Delivered
SO-000669,2025-07-15,CUS-0919,PRD-0094,12,3817.71,45812.52,East,Distributor,Delivered
SO-000670,2026-09-06,CUS-0116,PRD-0324,3,3480.31,10440.93,Central,Distributor,Delivered
SO-000671,2025-04-24,CUS-0996,PRD-0180,18,539.14,9704.52,Central,Distributor,Delivered
SO-000672,2026-02-22,CUS-0605,PRD-0382,8,2799.84,22398.72,East,Retail,Delivered
SO-000673,2024-10-14,CUS-0766,PRD-0325,16,5678.35,90853.6,Central,Distributor,Delivered
SO-000674,2025-08-06,CUS-0860,PRD-0271,5,4508.65,22543.25,Central,Distributor,Delivered
SO-000675,2025-07-20,CUS-0233,PRD-0087,13,518.3,6737.9,South,Online,Delivered
SO-000676,2026-03-24,CUS-0877,PRD-0428,6,6298.69,37792.14,East,Distributor,Delivered
SO-000677,2025-03-22,CUS-0024,PRD-0164,20,5816.24,116324.8,West,Online,Delivered
SO-000678,2025-09-07,CUS-0949,PRD-0463,15,863.66,12954.9,Central,Online,Processing
SO-000679,2025-09-30,CUS-0009,PRD-0027,2,5364.88,10729.76,North,Retail,Delivered
SO-000680,2025-02-02,CUS-0463,PRD-0433,23,1570.63,36124.49,East,Online,Delivered
SO-000681,2025-03-24,CUS-0752,PRD-0156,9,1937.71,17439.39,East,Distributor,Delivered
SO-000682,2024-11-29,CUS-0009,PRD-0340,5,4893.06,24465.3,North,Distributor,Delivered
SO-000683,2024-11-18,CUS-0854,PRD-0410,25,5400.53,135013.25,West,Distributor,Delivered
SO-000684,2025-11-17,CUS-0714,PRD-0362,28,6855.67,191958.76,East,Retail,Shipped
SO-000685,2024-12-28,CUS-0513,PRD-0295,11,3687.34,40560.74,East,Retail,Delivered
SO-000686,2025-06-25,CUS-0248,PRD-0196,28,2215.24,62026.72,West,Distributor,Delivered
SO-000687,2026-01-28,CUS-0420,PRD-0307,30,6374.16,191224.8,West,Retail,Processing
SO-000688,2026-08-16,CUS-0969,PRD-0056,1,1181.86,1181.86,West,Online,Delivered
SO-000689,2026-01-20,CUS-0386,PRD-0485,25,3914.29,97857.25,West,Retail,Delivered
SO-000690,2025-09-19,CUS-0668,PRD-0239,19,2371.03,45049.57,East,Distributor,Delivered
SO-000691,2025-03-04,CUS-0619,PRD-0293,28,1737.78,48657.84,North,Distributor,Cancelled
SO-000692,2024-11-24,CUS-0743,PRD-0201,10,1869.96,18699.6,East,Retail,Delivered
SO-000693,2026-02-23,CUS-0740,PRD-0438,27,2366.01,63882.27,West,Online,Delivered
SO-000694,2025-03-28,CUS-0687,PRD-0156,12,1937.71,23252.52,West,Distributor,Delivered
SO-000695,2025-05-12,CUS-0492,PRD-0385,13,4527.09,58852.17,South,Online,Delivered
SO-000696,2026-08-25,CUS-0311,PRD-0179,15,2569.93,38548.95,South,Distributor,Processing
SO-000697,2025-10-27,CUS-0968,PRD-0371,16,2973.47,47575.52,Central,Distributor,Delivered
SO-000698,2025-11-20,CUS-0789,PRD-0434,12,7605.43,91265.16,South,Distributor,Delivered
SO-000699,2026-05-18,CUS-0085,PRD-0284,18,386.28,6953.04,South,Retail,Shipped
SO-000700,2026-09-07,CUS-0180,PRD-0285,14,3435.8,48101.2,East,Online,Delivered
SO-000701,2026-09-30,CUS-0660,PRD-0306,28,4623.48,129457.44,East,Retail,Delivered
SO-000702,2025-06-14,CUS-0949,PRD-0263,29,4085.94,118492.26,South,Online,Delivered
SO-000703,2026-07-01,CUS-0845,PRD-0398,29,3571.18,103564.22,Central,Online,Delivered
SO-000704,2026-04-14,CUS-0439,PRD-0440,23,1033.75,23776.25,Central,Online,Shipped
SO-000705,2025-12-28,CUS-0172,PRD-0090,18,590.78,10634.04,South,Online,Delivered
SO-000706,2026-08-27,CUS-0738,PRD-0216,7,569.26,3984.82,West,Distributor,Shipped
SO-000707,2026-04-03,CUS-0740,PRD-0054,2,6359.76,12719.52,Central,Distributor,Delivered
SO-000708,2026-08-28,CUS-0666,PRD-0363,17,3326.43,56549.31,South,Retail,Processing
SO-000709,2026-04-29,CUS-0317,PRD-0500,27,5969.68,161181.36,South,Online,Delivered
SO-000710,2026-01-26,CUS-0837,PRD-0094,27,3817.71,103078.17,East,Distributor,Delivered
SO-000711,2026-04-30,CUS-0800,PRD-0197,16,2279.88,36478.08,East,Retail,Delivered
SO-000712,2026-05-05,CUS-0377,PRD-0500,13,5969.68,77605.84,Central,Retail,Delivered
SO-000713,2025-01-20,CUS-0286,PRD-0064,9,4638.95,41750.55,North,Retail,Delivered
SO-000714,2025-01-01,CUS-0016,PRD-0271,17,4508.65,76647.05,South,Distributor,Delivered
SO-000715,2026-02-26,CUS-0189,PRD-0146,28,3360.37,94090.36,North,Online,Delivered
SO-000716,2025-11-05,CUS-0106,PRD-0093,1,1072.4,1072.4,South,Online,Delivered
SO-000717,2026-05-21,CUS-0490,PRD-0370,13,1814.61,23589.93,West,Distributor,Delivered
SO-000718,2026-08-14,CUS-0662,PRD-0130,22,1401.28,30828.16,South,Online,Delivered
SO-000719,2025-11-08,CUS-0772,PRD-0200,30,5881.55,176446.5,South,Online,Delivered
SO-000720,2024-12-22,CUS-0725,PRD-0206,4,5502.71,22010.84,East,Retail,Delivered
SO-000721,2026-06-06,CUS-0084,PRD-0332,3,4886.91,14660.73,East,Retail,Delivered
SO-000722,2025-01-11,CUS-0264,PRD-0419,12,2288.99,27467.88,West,Online,Shipped
SO-000723,2026-08-02,CUS-0714,PRD-0172,14,5845.22,81833.08,East,Retail,Processing
SO-000724,2025-12-25,CUS-0857,PRD-0438,16,2839.21,45427.36,West,Distributor,Shipped
SO-000725,2024-10-18,CUS-0169,PRD-0413,3,2258.22,6774.66,Central,Distributor,Delivered
SO-000726,2024-10-22,CUS-0574,PRD-0337,17,2022.65,34385.05,North,Retail,Delivered
SO-000727,2025-04-03,CUS-0282,PRD-0254,8,5366.88,42935.04,West,Distributor,Delivered
SO-000728,2026-01-01,CUS-0644,PRD-0256,22,1080.39,23768.58,West,Distributor,Delivered
SO-000729,2024-12-21,CUS-0602,PRD-0415,22,4211.58,92654.76,South,Distributor,Delivered
SO-000730,2025-02-02,CUS-0603,PRD-0231,22,675.35,14857.7,Central,Retail,Delivered
SO-000731,2025-10-10,CUS-0971,PRD-0297,13,4936.62,64176.06,North,Retail,Delivered
SO-000732,2026-02-02,CUS-0920,PRD-0188,12,5849.06,70188.72,Central,Retail,Delivered
SO-000733,2026-06-12,CUS-0428,PRD-0056,26,1181.86,30728.36,Central,Online,Delivered
SO-000734,2024-12-07,CUS-0163,PRD-0269,29,405.5,11759.5,Central,Retail,Delivered
SO-000735,2025-03-17,CUS-0691,PRD-0363,23,3326.43,76507.89,West,Distributor,Delivered
SO-000736,2025-08-22,CUS-0023,PRD-0017,18,3807.74,68539.32,North,Distributor,Delivered
SO-000737,2026-05-06,CUS-0140,PRD-0382,22,2799.84,61596.48,East,Distributor,Delivered
SO-000738,2026-01-07,CUS-0234,PRD-0489,4,1090.99,4363.96,South,Online,Delivered
SO-000739,2024-12-15,CUS-0994,PRD-0086,11,7560.82,83169.02,South,Retail,Delivered
SO-000740,2025-10-26,CUS-0998,PRD-0152,4,1762.64,7050.56,South,Online,Processing
SO-000741,2026-09-06,CUS-0455,PRD-0227,10,3278.73,32787.3,East,Distributor,Cancelled
SO-000742,2026-04-18,CUS-0140,PRD-0014,25,5271.41,131785.25,Central,Online,Delivered
SO-000743,2026-01-31,CUS-0383,PRD-0012,22,720.79,15857.38,Central,Retail,Delivered
SO-000744,2026-07-13,CUS-0867,PRD-0470,7,3381.78,23672.46,Central,Online,Delivered
SO-000745,2025-09-28,CUS-0729,PRD-0426,2,3707.93,7415.86,West,Online,Delivered
SO-000746,2026-07-02,CUS-0099,PRD-0235,3,1541.57,4624.71,North,Retail,Delivered
SO-000747,2025-12-30,CUS-0849,PRD-0292,15,436.52,6547.8,Central,Retail,Processing
SO-000748,2025-05-14,CUS-0473,PRD-0269,26,337.92,8785.92,East,Distributor,Delivered
SO-000749,2026-07-01,CUS-0294,PRD-0258,6,3684.93,22109.58,East,Retail,Delivered
SO-000750,2026-06-11,CUS-0049,PRD-0432,12,2471.37,29656.44,South,Online,Shipped
SO-000751,2025-11-17,CUS-0922,PRD-0455,23,2664.17,61275.91,West,Online,Delivered
SO-000752,2025-11-19,CUS-0548,PRD-0395,9,4638.31,41744.79,North,Retail,Delivered
SO-000753,2026-03-02,CUS-0787,PRD-0017,12,3807.74,45692.88,East,Retail,Delivered
SO-000754,2026-08-13,CUS-0027,PRD-0277,27,2927.41,79040.07,East,Distributor,Delivered
SO-000755,2026-01-01,CUS-0044,PRD-0206,24,4585.59,110054.16,North,Retail,Cancelled
SO-000756,2026-04-06,CUS-0280,PRD-0124,20,4904.17,98083.4,Central,Distributor,Delivered
SO-000757,2026-08-08,CUS-0596,PRD-0033,21,4888.48,102658.08,Central,Retail,Delivered
SO-000758,2026-01-13,CUS-0580,PRD-0449,2,4938.99,9877.98,East,Distributor,Delivered
SO-000759,2026-08-30,CUS-0026,PRD-0457,30,2551.93,76557.9,East,Distributor,Delivered
SO-000760,2025-04-06,CUS-0582,PRD-0368,3,6291.51,18874.53,East,Online,Delivered
SO-000761,2025-12-23,CUS-0616,PRD-0422,8,7445.26,59562.08,South,Retail,Delivered
SO-000762,2025-11-22,CUS-0655,PRD-0477,2,5362.58,10725.16,East,Distributor,Delivered
SO-000763,2025-03-11,CUS-0626,PRD-0038,12,534.68,6416.16,West,Online,Delivered
SO-000764,2026-06-22,CUS-0811,PRD-0135,9,4458.53,40126.77,South,Online,Delivered
SO-000765,2025-09-21,CUS-0969,PRD-0284,6,386.28,2317.68,South,Retail,Cancelled
SO-000766,2026-02-14,CUS-0217,PRD-0405,17,3911.65,66498.05,West,Online,Delivered
SO-000767,2025-06-24,CUS-0577,PRD-0465,26,5430.01,141180.26,North,Retail,Delivered
SO-000768,2024-11-16,CUS-0069,PRD-0185,3,3802.03,11406.09,East,Distributor,Delivered
SO-000769,2025-08-28,CUS-0865,PRD-0374,1,4076.51,4076.51,North,Online,Processing
SO-000770,2024-10-09,CUS-0749,PRD-0361,27,1498.6,40462.2,Central,Online,Delivered
SO-000771,2026-09-02,CUS-0651,PRD-0317,19,6072.27,115373.13,North,Retail,Delivered
SO-000772,2025-07-07,CUS-0727,PRD-0113,16,4170.39,66726.24,South,Online,Delivered
SO-000773,2025-08-19,CUS-0466,PRD-0130,16,1401.28,22420.48,West,Distributor,Delivered
SO-000774,2025-02-23,CUS-0384,PRD-0317,13,6072.27,78939.51,South,Online,Shipped
SO-000775,2024-10-21,CUS-0105,PRD-0396,27,6075.28,164032.56,Central,Distributor,Delivered
SO-000776,2025-01-27,CUS-0966,PRD-0029,12,5712.46,68549.52,North,Online,Delivered
SO-000777,2026-03-17,CUS-0672,PRD-0182,20,1447.54,28950.8,West,Online,Processing
SO-000778,2026-03-14,CUS-0040,PRD-0496,13,463.57,6026.41,Central,Retail,Shipped
SO-000779,2026-07-01,CUS-0064,PRD-0396,10,5062.73,50627.3,North,Distributor,Cancelled
SO-000780,2025-04-21,CUS-0047,PRD-0156,10,1937.71,19377.1,South,Online,Shipped
SO-000781,2025-12-24,CUS-0525,PRD-0242,6,5834.59,35007.54,North,Retail,Delivered
SO-000782,2025-03-28,CUS-0730,PRD-0308,10,3641.56,36415.6,West,Online,Delivered
SO-000783,2025-08-22,CUS-0738,PRD-0260,15,5071.17,76067.55,Central,Retail,Cancelled
SO-000784,2025-11-23,CUS-0555,PRD-0031,3,1248.11,3744.33,West,Online,Delivered
SO-000785,2026-02-21,CUS-0026,PRD-0412,13,4004.86,52063.18,Central,Distributor,Delivered
SO-000786,2025-02-26,CUS-0137,PRD-0152,12,1468.87,17626.44,West,Retail,Shipped
SO-000787,2026-03-16,CUS-0158,PRD-0216,25,569.26,14231.5,Central,Retail,Delivered
SO-000788,2025-07-01,CUS-0065,PRD-0166,17,449.89,7648.13,East,Retail,Delivered
SO-000789,2025-11-27,CUS-0054,PRD-0199,4,6538.06,26152.24,West,Distributor,Delivered
SO-000790,2026-03-01,CUS-0438,PRD-0133,26,2221.02,57746.52,East,Online,Delivered
SO-000791,2025-02-21,CUS-0823,PRD-0293,16,1737.78,27804.48,West,Online,Delivered
SO-000792,2025-09-27,CUS-0136,PRD-0423,3,711.1,2133.3,Central,Distributor,Delivered
SO-000793,2025-04-12,CUS-0832,PRD-0118,8,359.5,2876.0,South,Distributor,Delivered
SO-000794,2025-05-16,CUS-0816,PRD-0408,6,3047.73,18286.38,North,Online,Delivered
SO-000795,2025-11-21,CUS-0287,PRD-0339,29,1494.23,43332.67,North,Online,Delivered
SO-000796,2026-08-05,CUS-0526,PRD-0033,29,4888.48,141765.92,Central,Online,Delivered
SO-000797,2026-03-04,CUS-0392,PRD-0436,9,4009.3,36083.7,East,Online,Delivered
SO-000798,2025-01-26,CUS-0638,PRD-0015,2,925.14,1850.28,East,Online,Processing
SO-000799,2024-10-25,CUS-0299,PRD-0320,20,3107.2,62144.0,Central,Retail,Processing
SO-000800,2025-02-14,CUS-0483,PRD-0386,15,2962.71,44440.65,South,Retail,Shipped
SO-000801,2026-02-09,CUS-0306,PRD-0341,8,5944.72,47557.76,West,Retail,Delivered
SO-000802,2025-09-12,CUS-0154,PRD-0293,28,1737.78,48657.84,East,Retail,Cancelled
SO-000803,2025-06-12,CUS-0891,PRD-0394,13,567.05,7371.65,Central,Retail,Delivered
SO-000804,2026-05-17,CUS-0837,PRD-0319,4,408.03,1632.12,South,Online,Delivered
SO-000805,2025-07-02,CUS-0258,PRD-0287,19,4173.59,79298.21,West,Online,Delivered
SO-000806,2026-07-16,CUS-0055,PRD-0034,24,2674.18,64180.32,East,Online,Delivered
SO-000807,2024-11-17,CUS-0937,PRD-0058,15,5929.25,88938.75,East,Distributor,Delivered
SO-000808,2026-09-21,CUS-0489,PRD-0317,26,6072.27,157879.02,South,Online,Shipped
SO-000809,2025-09-18,CUS-0685,PRD-0378,24,418.86,10052.64,North,Retail,Delivered
SO-000810,2025-11-04,CUS-0563,PRD-0476,12,5922.97,71075.64,South,Distributor,Delivered
SO-000811,2025-04-05,CUS-0019,PRD-0485,11,3914.29,43057.19,East,Online,Delivered
SO-000812,2024-12-09,CUS-0805,PRD-0161,11,3323.99,36563.89,South,Retail,Delivered
SO-000813,2026-06-18,CUS-0438,PRD-0254,11,5366.88,59035.68,East,Distributor,Processing
SO-000814,2026-09-27,CUS-0728,PRD-0080,15,2718.86,40782.9,East,Distributor,Delivered
SO-000815,2026-06-25,CUS-0226,PRD-0417,9,5562.28,50060.52,North,Retail,Processing
SO-000816,2024-11-10,CUS-0460,PRD-0135,9,5350.24,48152.16,Central,Online,Shipped
SO-000817,2026-05-06,CUS-0398,PRD-0465,17,5430.01,92310.17,South,Online,Cancelled
SO-000818,2026-04-06,CUS-0608,PRD-0198,21,4920.31,103326.51,Central,Online,Cancelled
SO-000819,2026-07-28,CUS-0569,PRD-0421,10,2848.48,28484.8,West,Retail,Delivered
SO-000820,2025-02-23,CUS-0181,PRD-0341,28,5944.72,166452.16,East,Online,Processing
SO-000821,2024-11-20,CUS-0130,PRD-0045,4,5980.43,23921.72,North,Online,Processing
SO-000822,2024-10-11,CUS-0691,PRD-0268,18,5425.56,97660.08,East,Retail,Delivered
SO-000823,2025-07-22,CUS-0137,PRD-0154,7,2946.55,20625.85,North,Retail,Delivered
SO-000824,2026-09-28,CUS-0913,PRD-0319,26,408.03,10608.78,North,Retail,Delivered
SO-000825,2025-11-23,CUS-0369,PRD-0385,22,5432.51,119515.22,East,Distributor,Delivered
SO-000826,2026-01-13,CUS-0861,PRD-0040,12,6315.76,75789.12,West,Online,Delivered
SO-000827,2025-03-06,CUS-0570,PRD-0234,10,5180.98,51809.8,North,Distributor,Delivered
SO-000828,2026-02-08,CUS-0060,PRD-0080,4,2718.86,10875.44,North,Distributor,Delivered
SO-000829,2025-10-10,CUS-0162,PRD-0117,22,1011.16,22245.52,South,Distributor,Shipped
SO-000830,2025-04-19,CUS-0918,PRD-0175,24,4122.39,98937.36,North,Online,Delivered
SO-000831,2026-07-23,CUS-0972,PRD-0500,18,5969.68,107454.24,South,Retail,Delivered
SO-000832,2025-10-29,CUS-0379,PRD-0110,14,1766.06,24724.84,Central,Online,Delivered
SO-000833,2026-09-12,CUS-0308,PRD-0170,17,5321.59,90467.03,North,Online,Delivered
SO-000834,2024-12-12,CUS-0943,PRD-0007,16,5629.26,90068.16,Central,Retail,Delivered
SO-000835,2026-01-21,CUS-0957,PRD-0465,6,5430.01,32580.06,East,Distributor,Delivered
SO-000836,2026-01-01,CUS-0830,PRD-0095,25,652.24,16306.0,East,Distributor,Processing
SO-000837,2025-10-13,CUS-0993,PRD-0088,29,539.29,15639.41,West,Distributor,Delivered
SO-000838,2025-04-08,CUS-0652,PRD-0268,26,4521.3,117553.8,West,Distributor,Cancelled
SO-000839,2026-01-12,CUS-0410,PRD-0018,17,4342.25,73818.25,South,Distributor,Processing
SO-000840,2026-09-03,CUS-0810,PRD-0425,26,3674.09,95526.34,North,Distributor,Delivered
SO-000841,2025-05-09,CUS-0809,PRD-0366,15,3113.27,46699.05,East,Distributor,Delivered
SO-000842,2026-09-24,CUS-0133,PRD-0140,28,3991.55,111763.4,South,Distributor,Cancelled
SO-000843,2025-02-08,CUS-0049,PRD-0033,21,4888.48,102658.08,West,Online,Delivered
SO-000844,2025-07-20,CUS-0410,PRD-0311,26,2295.01,59670.26,East,Distributor,Delivered
SO-000845,2024-10-21,CUS-0327,PRD-0161,9,3323.99,29915.91,North,Distributor,Shipped
SO-000846,2025-12-27,CUS-0418,PRD-0207,30,4787.44,143623.2,North,Online,Delivered
SO-000847,2026-03-04,CUS-0650,PRD-0236,23,4359.42,100266.66,West,Retail,Delivered
SO-000848,2025-04-23,CUS-0995,PRD-0475,13,1258.43,16359.59,Central,Distributor,Delivered
SO-000849,2025-11-25,CUS-0239,PRD-0162,13,5647.03,73411.39,Central,Retail,Delivered
SO-000850,2026-04-15,CUS-0813,PRD-0039,11,6475.29,71228.19,West,Online,Delivered
SO-000851,2025-11-29,CUS-0265,PRD-0446,27,5307.82,143311.14,West,Distributor,Delivered
SO-000852,2025-10-01,CUS-0928,PRD-0372,17,3068.56,52165.52,Central,Retail,Delivered
SO-000853,2025-02-03,CUS-0939,PRD-0178,5,643.28,3216.4,South,Retail,Processing
SO-000854,2024-12-25,CUS-0031,PRD-0326,9,727.99,6551.91,North,Online,Delivered
SO-000855,2026-05-31,CUS-0434,PRD-0455,14,2220.14,31081.96,South,Online,Delivered
SO-000856,2025-01-21,CUS-0273,PRD-0450,8,2868.55,22948.4,South,Distributor,Delivered
SO-000857,2025-10-05,CUS-0907,PRD-0293,18,2085.34,37536.12,West,Distributor,Delivered
SO-000858,2026-03-14,CUS-0465,PRD-0339,18,1245.19,22413.42,East,Retail,Delivered
SO-000859,2025-11-19,CUS-0191,PRD-0432,3,2965.64,8896.92,Central,Online,Delivered
SO-000860,2025-02-01,CUS-0121,PRD-0325,4,4731.96,18927.84,East,Retail,Delivered
SO-000861,2025-10-19,CUS-0658,PRD-0330,6,430.42,2582.52,North,Online,Delivered
SO-000862,2026-09-03,CUS-0189,PRD-0386,17,2962.71,50366.07,West,Online,Delivered
SO-000863,2026-08-29,CUS-0377,PRD-0284,5,386.28,1931.4,Central,Online,Cancelled
SO-000864,2026-05-15,CUS-0173,PRD-0264,29,6166.15,178818.35,North,Online,Delivered
SO-000865,2026-09-30,CUS-0160,PRD-0191,16,5484.02,87744.32,East,Distributor,Delivered
SO-000866,2026-05-28,CUS-0066,PRD-0164,7,5816.24,40713.68,East,Retail,Delivered
SO-000867,2025-02-16,CUS-0604,PRD-0003,14,4440.58,62168.12,East,Online,Shipped
SO-000868,2025-09-17,CUS-0888,PRD-0456,27,4888.48,131988.96,East,Retail,Delivered
SO-000869,2026-03-27,CUS-0699,PRD-0059,3,2671.58,8014.74,Central,Distributor,Cancelled
SO-000870,2024-10-10,CUS-0064,PRD-0450,20,3442.26,68845.2,South,Online,Delivered
SO-000871,2026-04-06,CUS-0035,PRD-0120,9,396.45,3568.05,Central,Distributor,Delivered
SO-000872,2026-04-17,CUS-0169,PRD-0017,3,3807.74,11423.22,West,Distributor,Delivered
SO-000873,2026-05-03,CUS-0617,PRD-0439,3,3737.46,11212.38,North,Distributor,Delivered
SO-000874,2024-11-26,CUS-0156,PRD-0186,16,5915.57,94649.12,West,Online,Delivered
SO-000875,2026-06-17,CUS-0865,PRD-0302,21,217.1,4559.1,South,Distributor,Shipped
SO-000876,2025-03-26,CUS-0295,PRD-0143,6,3441.89,20651.34,South,Online,Delivered
SO-000877,2026-01-29,CUS-0932,PRD-0243,5,1508.36,7541.8,North,Retail,Delivered
SO-000878,2025-03-31,CUS-0308,PRD-0361,23,1248.83,28723.09,South,Online,Delivered
SO-000879,2026-05-02,CUS-0091,PRD-0349,25,1641.0,41025.0,West,Distributor,Processing
SO-000880,2024-10-07,CUS-0655,PRD-0127,15,6288.28,94324.2,South,Online,Delivered
SO-000881,2024-12-15,CUS-0075,PRD-0047,12,4810.96,57731.52,Central,Online,Delivered
SO-000882,2024-10-31,CUS-0689,PRD-0206,21,5502.71,115556.91,East,Distributor,Delivered
SO-000883,2025-02-23,CUS-0084,PRD-0486,27,3826.69,103320.63,West,Online,Processing
SO-000884,2026-06-01,CUS-0144,PRD-0459,22,2659.35,58505.7,West,Retail,Delivered
SO-000885,2025-12-27,CUS-0169,PRD-0474,13,1482.23,19268.99,South,Retail,Delivered
SO-000886,2026-04-24,CUS-0161,PRD-0031,7,1040.09,7280.63,West,Retail,Delivered
SO-000887,2025-06-30,CUS-0833,PRD-0122,26,4378.36,113837.36,South,Distributor,Processing
SO-000888,2025-09-12,CUS-0153,PRD-0071,7,2386.88,16708.16,West,Distributor,Delivered
SO-000889,2026-04-29,CUS-0241,PRD-0104,6,1134.85,6809.1,West,Online,Delivered
SO-000890,2025-10-25,CUS-0528,PRD-0146,28,4032.44,112908.32,East,Distributor,Delivered
SO-000891,2025-09-20,CUS-0221,PRD-0310,28,5633.85,157747.8,East,Online,Processing
SO-000892,2025-06-18,CUS-0662,PRD-0022,16,4600.6,73609.6,East,Retail,Processing
SO-000893,2024-10-27,CUS-0593,PRD-0426,21,4449.52,93439.92,East,Distributor,Delivered
SO-000894,2024-10-27,CUS-0597,PRD-0411,12,717.76,8613.12,North,Retail,Delivered
SO-000895,2025-05-26,CUS-0307,PRD-0359,13,2454.17,31904.21,Central,Online,Delivered
SO-000896,2026-02-11,CUS-0413,PRD-0436,11,4009.3,44102.3,West,Retail,Delivered
SO-000897,2025-11-05,CUS-0555,PRD-0071,20,2864.26,57285.2,Central,Online,Processing
SO-000898,2025-05-21,CUS-0257,PRD-0381,15,2605.67,39085.05,Central,Retail,Delivered
SO-000899,2026-08-06,CUS-0857,PRD-0038,12,534.68,6416.16,North,Distributor,Delivered
SO-000900,2024-12-03,CUS-0502,PRD-0079,1,7563.0,7563.0,North,Online,Delivered
SO-000901,2026-03-02,CUS-0739,PRD-0185,14,3168.36,44357.04,East,Distributor,Delivered
SO-000902,2024-11-28,CUS-0575,PRD-0438,16,2839.21,45427.36,West,Online,Delivered
SO-000903,2026-05-25,CUS-0347,PRD-0012,7,720.79,5045.53,West,Online,Shipped
SO-000904,2024-10-08,CUS-0090,PRD-0206,26,5502.71,143070.46,West,Distributor,Delivered
SO-000905,2025-06-12,CUS-0602,PRD-0433,11,1570.63,17276.93,South,Online,Delivered
SO-000906,2026-08-06,CUS-0312,PRD-0386,8,2962.71,23701.68,North,Distributor,Delivered
SO-000907,2025-09-16,CUS-0645,PRD-0017,30,3807.74,114232.2,Central,Retail,Delivered
SO-000908,2025-02-20,CUS-0405,PRD-0264,5,6166.15,30830.75,South,Distributor,Delivered
SO-000909,2025-03-27,CUS-0404,PRD-0345,8,600.5,4804.0,North,Online,Shipped
SO-000910,2025-03-20,CUS-1000,PRD-0448,24,2945.83,70699.92,West,Distributor,Delivered
SO-000911,2025-10-14,CUS-0479,PRD-0106,12,5261.15,63133.8,Central,Online,Delivered
SO-000912,2025-04-03,CUS-0134,PRD-0393,30,6428.79,192863.7,North,Online,Delivered
SO-000913,2026-05-19,CUS-0604,PRD-0338,4,4473.07,17892.28,Central,Distributor,Delivered
SO-000914,2025-06-18,CUS-0103,PRD-0086,20,6300.68,126013.6,West,Retail,Processing
SO-000915,2025-01-05,CUS-0307,PRD-0337,23,1685.54,38767.42,Central,Retail,Delivered
SO-000916,2026-03-25,CUS-0518,PRD-0108,29,1814.64,52624.56,West,Online,Delivered
SO-000917,2025-01-24,CUS-0472,PRD-0395,20,3865.26,77305.2,West,Distributor,Shipped
SO-000918,2024-12-07,CUS-0994,PRD-0094,9,4581.25,41231.25,South,Retail,Shipped
SO-000919,2025-08-06,CUS-0880,PRD-0151,29,5440.82,157783.78,South,Online,Delivered
SO-000920,2025-09-26,CUS-0444,PRD-0256,23,1080.39,24848.97,North,Online,Processing
SO-000921,2026-07-14,CUS-0708,PRD-0051,7,5727.46,40092.22,West,Distributor,Delivered
SO-000922,2025-03-20,CUS-0980,PRD-0071,20,2386.88,47737.6,South,Retail,Delivered
SO-000923,2025-03-29,CUS-0387,PRD-0045,4,4983.69,19934.76,North,Retail,Delivered
SO-000924,2024-11-22,CUS-0282,PRD-0477,28,5362.58,150152.24,North,Online,Delivered
SO-000925,2025-04-06,CUS-0759,PRD-0433,18,1570.63,28271.34,North,Online,Delivered
SO-000926,2026-05-30,CUS-0632,PRD-0377,8,4265.65,34125.2,North,Distributor,Cancelled
SO-000927,2025-02-04,CUS-0671,PRD-0246,21,2017.09,42358.89,West,Retail,Delivered
SO-000928,2026-01-13,CUS-0277,PRD-0014,22,5271.41,115971.02,South,Online,Delivered
SO-000929,2025-03-25,CUS-0741,PRD-0408,9,3047.73,27429.57,East,Retail,Delivered
SO-000930,2024-11-16,CUS-0759,PRD-0333,25,5968.26,149206.5,South,Online,Delivered
SO-000931,2026-05-14,CUS-0682,PRD-0309,7,6002.3,42016.1,South,Online,Cancelled
SO-000932,2025-12-11,CUS-0443,PRD-0172,19,7014.26,133270.94,Central,Retail,Cancelled
SO-000933,2025-04-20,CUS-0470,PRD-0479,20,2931.29,58625.8,East,Distributor,Delivered
SO-000934,2026-01-25,CUS-0563,PRD-0276,13,4900.86,63711.18,North,Retail,Delivered
SO-000935,2025-10-02,CUS-0986,PRD-0211,3,7352.6,22057.8,West,Retail,Shipped
SO-000936,2025-01-16,CUS-0247,PRD-0284,30,386.28,11588.4,North,Retail,Delivered
SO-000937,2026-07-18,CUS-0607,PRD-0187,10,4891.68,48916.8,West,Distributor,Delivered
SO-000938,2025-08-27,CUS-0086,PRD-0196,27,2215.24,59811.48,South,Online,Delivered
SO-000939,2025-12-12,CUS-0307,PRD-0116,11,5550.12,61051.32,West,Retail,Delivered
SO-000940,2025-04-13,CUS-0802,PRD-0476,10,4935.81,49358.1,East,Distributor,Cancelled
SO-000941,2025-08-01,CUS-0602,PRD-0465,21,5430.01,114030.21,Central,Retail,Delivered
SO-000942,2024-11-29,CUS-0136,PRD-0461,20,4557.11,91142.2,East,Retail,Delivered
SO-000943,2026-05-22,CUS-0474,PRD-0242,18,4862.16,87518.88,West,Distributor,Cancelled
SO-000944,2025-08-12,CUS-0165,PRD-0191,28,5484.02,153552.56,North,Retail,Delivered
SO-000945,2026-02-27,CUS-0504,PRD-0157,9,724.88,6523.92,East,Retail,Delivered
SO-000946,2025-04-11,CUS-0955,PRD-0352,2,181.58,363.16,West,Distributor,Delivered
SO-000947,2026-04-04,CUS-0462,PRD-0369,15,705.22,10578.3,South,Retail,Delivered
SO-000948,2026-05-31,CUS-0934,PRD-0235,25,1541.57,38539.25,West,Retail,Delivered
SO-000949,2024-11-02,CUS-0087,PRD-0233,12,5093.28,61119.36,West,Retail,Shipped
SO-000950,2026-09-10,CUS-0380,PRD-0498,22,1940.02,42680.44,Central,Online,Delivered
SO-000951,2026-09-20,CUS-0266,PRD-0021,27,2488.06,67177.62,West,Retail,Delivered
SO-000952,2025-01-26,CUS-0956,PRD-0037,29,1149.08,33323.32,East,Distributor,Cancelled
SO-000953,2025-02-17,CUS-0027,PRD-0159,5,285.58,1427.9,East,Online,Delivered
SO-000954,2025-07-06,CUS-0378,PRD-0337,13,1685.54,21912.02,Central,Online,Delivered
SO-000955,2025-12-23,CUS-0758,PRD-0429,25,2843.99,71099.75,North,Online,Delivered
SO-000956,2025-11-25,CUS-0369,PRD-0451,16,3875.82,62013.12,West,Distributor,Delivered
SO-000957,2026-01-08,CUS-0232,PRD-0072,10,5632.64,56326.4,East,Online,Delivered
SO-000958,2025-01-22,CUS-0241,PRD-0401,2,2192.42,4384.84,West,Online,Delivered
SO-000959,2025-01-01,CUS-0515,PRD-0279,13,3569.68,46405.84,East,Online,Delivered
SO-000960,2025-07-08,CUS-0088,PRD-0075,16,2987.67,47802.72,West,Distributor,Shipped
SO-000961,2025-05-30,CUS-0007,PRD-0317,22,6072.27,133589.94,East,Retail,Processing
SO-000962,2025-06-28,CUS-0280,PRD-0034,17,2674.18,45461.06,South,Distributor,Delivered
SO-000963,2025-11-28,CUS-0750,PRD-0323,11,6838.31,75221.41,North,Online,Delivered
SO-000964,2025-01-30,CUS-0465,PRD-0494,25,2448.03,61200.75,Central,Distributor,Delivered
SO-000965,2025-12-03,CUS-0950,PRD-0142,24,2103.1,50474.4,Central,Retail,Delivered
SO-000966,2025-12-01,CUS-0445,PRD-0405,17,4693.98,79797.66,Central,Distributor,Cancelled
SO-000967,2025-12-29,CUS-0334,PRD-0053,6,810.73,4864.38,North,Distributor,Delivered
SO-000968,2025-12-19,CUS-0330,PRD-0400,29,269.6,7818.4,West,Retail,Processing
SO-000969,2024-11-07,CUS-0277,PRD-0121,13,7027.38,91355.94,Central,Distributor,Shipped
SO-000970,2025-12-31,CUS-0744,PRD-0418,28,3443.45,96416.6,West,Distributor,Delivered
SO-000971,2026-03-06,CUS-0827,PRD-0147,23,2693.29,61945.67,East,Online,Processing
SO-000972,2026-07-26,CUS-0238,PRD-0166,5,449.89,2249.45,East,Online,Delivered
SO-000973,2026-01-24,CUS-0169,PRD-0330,3,358.68,1076.04,Central,Distributor,Processing
SO-000974,2025-10-09,CUS-0326,PRD-0171,26,6504.88,169126.88,East,Retail,Shipped
SO-000975,2025-03-17,CUS-0782,PRD-0284,17,386.28,6566.76,Central,Online,Delivered
SO-000976,2025-07-29,CUS-0068,PRD-0135,26,4458.53,115921.78,East,Retail,Delivered
SO-000977,2026-02-17,CUS-0605,PRD-0104,10,1134.85,11348.5,North,Retail,Delivered
SO-000978,2026-04-14,CUS-0175,PRD-0041,11,4472.49,49197.39,East,Online,Processing
SO-000979,2025-03-14,CUS-0073,PRD-0288,12,3123.97,37487.64,Central,Retail,Delivered
SO-000980,2025-01-30,CUS-0270,PRD-0157,15,724.88,10873.2,South,Retail,Delivered
SO-000981,2025-09-30,CUS-0329,PRD-0262,21,6436.49,135166.29,North,Distributor,Delivered
SO-000982,2026-03-22,CUS-0666,PRD-0417,22,5562.28,122370.16,North,Retail,Cancelled
SO-000983,2025-10-17,CUS-0827,PRD-0092,5,675.49,3377.45,North,Retail,Delivered
SO-000984,2025-12-22,CUS-0659,PRD-0488,10,2613.74,26137.4,East,Retail,Delivered
SO-000985,2025-11-22,CUS-0742,PRD-0028,11,2202.61,24228.71,North,Retail,Processing
SO-000986,2026-04-06,CUS-0815,PRD-0171,15,5420.73,81310.95,South,Online,Processing
SO-000987,2024-12-21,CUS-0045,PRD-0235,16,1849.88,29598.08,South,Distributor,Delivered
SO-000988,2026-09-04,CUS-0413,PRD-0060,8,5860.54,46884.32,South,Distributor,Delivered
SO-000989,2026-09-09,CUS-0799,PRD-0372,18,2557.13,46028.34,Central,Distributor,Delivered
SO-000990,2026-02-25,CUS-0805,PRD-0382,5,2799.84,13999.2,South,Retail,Delivered
SO-000991,2026-01-22,CUS-0697,PRD-0389,22,2666.14,58655.08,West,Distributor,Delivered
SO-000992,2025-08-25,CUS-0393,PRD-0330,15,358.68,5380.2,West,Retail,Delivered
SO-000993,2025-12-30,CUS-0565,PRD-0200,21,5881.55,123512.55,South,Retail,Shipped
SO-000994,2026-06-20,CUS-0209,PRD-0144,11,2450.1,26951.1,Central,Online,Delivered
SO-000995,2025-09-05,CUS-0115,PRD-0097,3,4396.16,13188.48,East,Distributor,Delivered
SO-000996,2026-02-07,CUS-0580,PRD-0082,17,2544.06,43249.02,Central,Retail,Shipped
SO-000997,2025-05-08,CUS-0189,PRD-0471,23,3378.4,77703.2,East,Retail,Delivered
SO-000998,2026-01-28,CUS-0645,PRD-0331,24,4150.5,99612.0,East,Distributor,Delivered
SO-000999,2024-12-12,CUS-0712,PRD-0029,24,6854.95,164518.8,Central,Distributor,Delivered
SO-001000,2026-08-23,CUS-0855,PRD-0496,1,463.57,463.57,Central,Online,Delivered
SO-001001,2024-12-08,CUS-0919,PRD-0019,17,6694.06,113799.02,West,Online,Processing
SO-001002,2026-08-06,CUS-0308,PRD-0142,19,1752.58,33299.02,East,Retail,Delivered
SO-001003,2025-01-26,CUS-0197,PRD-0331,24,4150.5,99612.0,South,Online,Delivered
SO-001004,2025-04-09,CUS-0914,PRD-0346,14,2035.62,28498.68,East,Distributor,Delivered
SO-001005,2025-09-19,CUS-0053,PRD-0220,1,4804.28,4804.28,West,Retail,Delivered
SO-001006,2025-05-31,CUS-0700,PRD-0404,14,2985.52,41797.28,North,Distributor,Processing
SO-001007,2025-01-27,CUS-0883,PRD-0356,22,4447.37,97842.14,West,Retail,Processing
SO-001008,2025-11-09,CUS-0090,PRD-0110,24,1766.06,42385.44,West,Distributor,Processing
SO-001009,2026-08-25,CUS-0990,PRD-0020,24,1900.69,45616.56,East,Retail,Delivered
SO-001010,2025-03-26,CUS-0103,PRD-0441,27,4882.73,131833.71,Central,Online,Delivered
SO-001011,2026-08-15,CUS-0685,PRD-0262,24,6436.49,154475.76,East,Online,Delivered
SO-001012,2024-11-28,CUS-0891,PRD-0180,1,646.97,646.97,West,Retail,Delivered
SO-001013,2025-03-09,CUS-0982,PRD-0154,23,2946.55,67770.65,West,Distributor,Delivered
SO-001014,2026-05-12,CUS-0314,PRD-0223,4,2183.08,8732.32,South,Distributor,Shipped
SO-001015,2025-12-10,CUS-0639,PRD-0301,12,5581.58,66978.96,East,Distributor,Processing
SO-001016,2026-08-01,CUS-0851,PRD-0137,5,1267.47,6337.35,West,Distributor,Delivered
SO-001017,2025-09-06,CUS-0246,PRD-0451,28,3229.85,90435.8,South,Retail,Delivered
SO-001018,2025-05-28,CUS-0406,PRD-0238,12,6478.54,77742.48,West,Distributor,Delivered
SO-001019,2025-01-17,CUS-0799,PRD-0290,30,2230.85,66925.5,East,Distributor,Delivered
SO-001020,2025-04-24,CUS-0910,PRD-0487,30,5920.64,177619.2,East,Distributor,Cancelled
SO-001021,2024-10-24,CUS-0814,PRD-0434,14,7605.43,106476.02,West,Retail,Delivered
SO-001022,2024-12-05,CUS-0651,PRD-0053,8,810.73,6485.84,South,Online,Delivered
SO-001023,2026-07-22,CUS-0472,PRD-0247,10,2055.44,20554.4,Central,Online,Shipped
SO-001024,2026-02-09,CUS-0922,PRD-0287,18,4173.59,75124.62,West,Online,Delivered
SO-001025,2025-05-27,CUS-0905,PRD-0128,11,1144.09,12584.99,East,Online,Delivered
SO-001026,2025-12-23,CUS-0547,PRD-0063,18,4654.04,83772.72,West,Distributor,Delivered
SO-001027,2025-02-08,CUS-0922,PRD-0100,26,3049.28,79281.28,North,Distributor,Shipped
SO-001028,2025-03-04,CUS-0981,PRD-0490,10,789.31,7893.1,South,Retail,Delivered
SO-001029,2025-04-16,CUS-0143,PRD-0137,15,1267.47,19012.05,West,Distributor,Processing
SO-001030,2025-02-27,CUS-0285,PRD-0023,29,4174.81,121069.49,North,Retail,Delivered
SO-001031,2026-04-14,CUS-0117,PRD-0360,1,5924.33,5924.33,East,Distributor,Delivered
SO-001032,2026-08-13,CUS-0366,PRD-0402,18,463.79,8348.22,North,Distributor,Delivered
SO-001033,2025-04-20,CUS-0489,PRD-0339,8,1245.19,9961.52,South,Retail,Delivered
SO-001034,2025-11-28,CUS-0745,PRD-0047,4,4810.96,19243.84,South,Online,Delivered
SO-001035,2026-01-25,CUS-0536,PRD-0070,3,1342.91,4028.73,East,Distributor,Shipped
SO-001036,2025-07-16,CUS-0652,PRD-0245,29,1932.7,56048.3,East,Online,Delivered
SO-001037,2025-08-26,CUS-0323,PRD-0164,24,5816.24,139589.76,East,Retail,Delivered
SO-001038,2026-03-22,CUS-0151,PRD-0107,28,6065.28,169827.84,North,Retail,Delivered
SO-001039,2026-08-15,CUS-0930,PRD-0330,7,358.68,2510.76,West,Retail,Delivered
SO-001040,2026-05-25,CUS-0234,PRD-0149,5,4444.52,22222.6,Central,Retail,Delivered
SO-001041,2026-07-02,CUS-0607,PRD-0409,18,6491.0,116838.0,West,Online,Delivered
SO-001042,2026-03-29,CUS-0221,PRD-0147,8,2693.29,21546.32,South,Online,Delivered
SO-001043,2026-02-03,CUS-0574,PRD-0224,20,1906.78,38135.6,West,Retail,Processing
SO-001044,2025-06-03,CUS-0324,PRD-0001,19,4203.15,79859.85,North,Retail,Delivered
SO-001045,2025-12-01,CUS-0184,PRD-0301,22,5581.58,122794.76,East,Retail,Delivered
SO-001046,2024-11-06,CUS-0136,PRD-0015,13,1110.17,14432.21,West,Online,Delivered
SO-001047,2026-07-28,CUS-0618,PRD-0070,21,1342.91,28201.11,West,Online,Delivered
SO-001048,2025-03-20,CUS-0539,PRD-0236,1,4359.42,4359.42,West,Retail,Delivered
SO-001049,2025-07-30,CUS-0945,PRD-0492,22,1708.12,37578.64,East,Distributor,Processing
SO-001050,2026-03-11,CUS-0504,PRD-0496,3,463.57,1390.71,West,Distributor,Delivered
SO-001051,2025-11-23,CUS-0641,PRD-0419,29,2746.79,79656.91,West,Online,Shipped
SO-001052,2024-10-04,CUS-0513,PRD-0425,19,4408.91,83769.29,South,Retail,Shipped
SO-001053,2025-03-31,CUS-0050,PRD-0200,19,4901.29,93124.51,East,Retail,Delivered
SO-001054,2025-12-19,CUS-0325,PRD-0374,11,4891.81,53809.91,North,Retail,Delivered
SO-001055,2024-10-28,CUS-0625,PRD-0292,8,436.52,3492.16,South,Retail,Delivered
SO-001056,2026-03-31,CUS-0005,PRD-0379,3,6474.05,19422.15,West,Retail,Delivered
SO-001057,2026-01-12,CUS-0806,PRD-0403,30,853.94,25618.2,East,Retail,Delivered
SO-001058,2025-01-08,CUS-0734,PRD-0390,7,6175.19,43226.33,Central,Retail,Processing
SO-001059,2025-11-25,CUS-0294,PRD-0266,20,1989.53,39790.6,West,Online,Delivered
SO-001060,2026-03-01,CUS-0149,PRD-0292,29,363.77,10549.33,North,Retail,Shipped
SO-001061,2026-08-24,CUS-0903,PRD-0365,17,4885.58,83054.86,Central,Retail,Delivered
SO-001062,2026-02-07,CUS-0779,PRD-0478,4,2188.84,8755.36,West,Online,Shipped
SO-001063,2025-05-19,CUS-0650,PRD-0190,23,2607.02,59961.46,Central,Retail,Delivered
SO-001064,2026-09-14,CUS-0766,PRD-0416,17,3986.57,67771.69,Central,Retail,Delivered
SO-001065,2025-02-28,CUS-0898,PRD-0140,20,3991.55,79831.0,West,Distributor,Shipped
SO-001066,2025-11-11,CUS-0750,PRD-0500,4,7163.62,28654.48,Central,Distributor,Processing
SO-001067,2024-12-25,CUS-0988,PRD-0088,12,539.29,6471.48,East,Retail,Delivered
SO-001068,2026-03-29,CUS-0450,PRD-0149,29,4444.52,128891.08,Central,Online,Delivered
SO-001069,2026-06-24,CUS-0120,PRD-0170,8,5321.59,42572.72,East,Distributor,Delivered
SO-001070,2026-05-28,CUS-0057,PRD-0362,23,5713.06,131400.38,South,Online,Delivered
SO-001071,2025-01-14,CUS-0638,PRD-0497,3,2230.12,6690.36,South,Retail,Delivered
SO-001072,2024-10-07,CUS-0773,PRD-0242,1,5834.59,5834.59,South,Distributor,Cancelled
SO-001073,2026-03-19,CUS-0162,PRD-0094,19,3817.71,72536.49,East,Online,Delivered
SO-001074,2024-11-06,CUS-0728,PRD-0433,30,1884.76,56542.8,Central,Distributor,Delivered
SO-001075,2024-11-28,CUS-0609,PRD-0263,9,4903.13,44128.17,Central,Retail,Delivered
SO-001076,2025-05-24,CUS-0751,PRD-0456,15,4888.48,73327.2,South,Retail,Delivered
SO-001077,2025-11-10,CUS-0483,PRD-0070,20,1611.49,32229.8,West,Distributor,Delivered
SO-001078,2025-09-19,CUS-0989,PRD-0338,13,4473.07,58149.91,West,Online,Delivered
SO-001079,2025-04-08,CUS-0797,PRD-0366,20,3113.27,62265.4,North,Online,Delivered
SO-001080,2025-01-29,CUS-0415,PRD-0146,17,3360.37,57126.29,Central,Retail,Delivered
SO-001081,2026-04-18,CUS-0781,PRD-0197,10,2279.88,22798.8,Central,Retail,Delivered
SO-001082,2025-10-27,CUS-0465,PRD-0162,20,5647.03,112940.6,East,Retail,Delivered
SO-001083,2024-12-21,CUS-0238,PRD-0227,20,3934.48,78689.6,South,Distributor,Delivered
SO-001084,2024-12-15,CUS-0420,PRD-0230,21,4404.47,92493.87,Central,Online,Delivered
SO-001085,2026-06-03,CUS-0475,PRD-0393,10,6428.79,64287.9,Central,Online,Delivered
SO-001086,2025-09-30,CUS-0234,PRD-0090,16,492.32,7877.12,South,Online,Delivered
SO-001087,2025-10-04,CUS-0565,PRD-0252,7,2760.36,19322.52,South,Retail,Cancelled
SO-001088,2026-09-28,CUS-0876,PRD-0142,17,1752.58,29793.86,East,Distributor,Delivered
SO-001089,2024-12-24,CUS-0488,PRD-0334,28,1427.7,39975.6,Central,Online,Delivered
SO-001090,2025-12-18,CUS-0645,PRD-0419,16,2746.79,43948.64,East,Distributor,Delivered
SO-001091,2025-08-03,CUS-0703,PRD-0366,2,3113.27,6226.54,South,Retail,Cancelled
SO-001092,2025-02-09,CUS-0176,PRD-0134,8,2366.81,18934.48,South,Distributor,Shipped
SO-001093,2025-09-18,CUS-0345,PRD-0487,17,5920.64,100650.88,East,Distributor,Delivered
SO-001094,2025-10-01,CUS-0218,PRD-0112,29,3890.34,112819.86,South,Distributor,Cancelled
SO-001095,2026-03-05,CUS-0223,PRD-0471,26,3378.4,87838.4,Central,Online,Processing
SO-001096,2025-08-16,CUS-0473,PRD-0147,20,2693.29,53865.8,Central,Distributor,Delivered
SO-001097,2026-08-05,CUS-0525,PRD-0262,10,6436.49,64364.9,North,Online,Shipped
SO-001098,2026-06-19,CUS-0476,PRD-0290,5,2230.85,11154.25,South,Retail,Delivered
SO-001099,2025-12-31,CUS-0428,PRD-0229,20,2757.55,55151.0,South,Distributor,Delivered
SO-001100,2025-04-05,CUS-0204,PRD-0176,3,623.57,1870.71,Central,Distributor,Processing
SO-001101,2026-02-17,CUS-0398,PRD-0218,17,2891.54,49156.18,West,Online,Delivered
SO-001102,2026-06-25,CUS-0445,PRD-0198,12,4920.31,59043.72,West,Online,Shipped
SO-001103,2026-04-13,CUS-0242,PRD-0254,18,5366.88,96603.84,South,Retail,Delivered
SO-001104,2026-06-14,CUS-0868,PRD-0106,26,4384.29,113991.54,South,Online,Delivered
SO-001105,2024-12-28,CUS-0846,PRD-0301,13,5581.58,72560.54,Central,Distributor,Delivered
SO-001106,2025-02-15,CUS-0279,PRD-0224,18,1906.78,34322.04,East,Online,Delivered
SO-001107,2026-05-19,CUS-0751,PRD-0139,8,4770.83,38166.64,West,Retail,Delivered
SO-001108,2025-09-10,CUS-0851,PRD-0479,21,2931.29,61557.09,North,Distributor,Processing
SO-001109,2025-11-02,CUS-0760,PRD-0440,30,1240.5,37215.0,West,Online,Delivered
SO-001110,2026-02-17,CUS-0508,PRD-0406,16,1541.27,24660.32,North,Online,Delivered
SO-001111,2026-08-30,CUS-0482,PRD-0369,2,705.22,1410.44,North,Retail,Processing
SO-001112,2025-08-26,CUS-0226,PRD-0239,21,2371.03,49791.63,West,Retail,Delivered
SO-001113,2026-05-26,CUS-0233,PRD-0461,8,3797.59,30380.72,West,Retail,Delivered
SO-001114,2026-04-08,CUS-0492,PRD-0266,17,1657.94,28184.98,North,Distributor,Delivered
SO-001115,2024-11-29,CUS-0657,PRD-0090,17,590.78,10043.26,West,Online,Delivered
SO-001116,2026-02-23,CUS-0454,PRD-0328,14,5555.74,77780.36,North,Distributor,Cancelled
SO-001117,2024-12-23,CUS-0773,PRD-0324,29,4176.37,121114.73,East,Online,Shipped
SO-001118,2026-08-15,CUS-0152,PRD-0052,26,498.98,12973.48,East,Retail,Delivered
SO-001119,2026-02-05,CUS-0332,PRD-0446,4,4423.18,17692.72,Central,Retail,Processing
SO-001120,2026-04-24,CUS-0293,PRD-0336,14,2413.41,33787.74,Central,Distributor,Delivered
SO-001121,2026-03-14,CUS-0884,PRD-0107,20,6065.28,121305.6,South,Distributor,Delivered
SO-001122,2026-08-29,CUS-0229,PRD-0028,1,1835.51,1835.51,Central,Online,Delivered
SO-001123,2025-10-03,CUS-0076,PRD-0076,20,2285.2,45704.0,South,Online,Shipped
SO-001124,2025-10-18,CUS-0849,PRD-0446,29,5307.82,153926.78,Central,Retail,Delivered
SO-001125,2024-12-22,CUS-0490,PRD-0416,3,4783.88,14351.64,South,Distributor,Delivered
SO-001126,2026-08-01,CUS-0914,PRD-0287,29,4173.59,121034.11,West,Distributor,Delivered
SO-001127,2025-10-03,CUS-0705,PRD-0137,1,1520.96,1520.96,South,Distributor,Delivered
SO-001128,2025-09-03,CUS-0956,PRD-0025,27,6433.26,173698.02,South,Retail,Delivered
SO-001129,2025-12-03,CUS-0537,PRD-0478,22,2626.61,57785.42,North,Distributor,Shipped
SO-001130,2025-12-06,CUS-0328,PRD-0249,25,2389.09,59727.25,North,Distributor,Delivered
SO-001131,2026-01-23,CUS-0441,PRD-0324,24,3480.31,83527.44,South,Retail,Shipped
SO-001132,2024-11-12,CUS-0335,PRD-0032,5,5850.71,29253.55,South,Distributor,Delivered
SO-001133,2024-11-07,CUS-0813,PRD-0235,5,1849.88,9249.4,West,Retail,Shipped
SO-001134,2025-04-17,CUS-0518,PRD-0026,8,4490.99,35927.92,West,Retail,Delivered
SO-001135,2026-07-12,CUS-0768,PRD-0274,16,5916.59,94665.44,North,Retail,Delivered
SO-001136,2025-06-08,CUS-0581,PRD-0318,1,3772.35,3772.35,Central,Online,Delivered
SO-001137,2026-05-15,CUS-0696,PRD-0136,30,6112.94,183388.2,East,Online,Delivered
SO-001138,2024-12-20,CUS-0545,PRD-0153,18,5160.58,92890.44,South,Online,Delivered
SO-001139,2026-09-16,CUS-0339,PRD-0266,1,1657.94,1657.94,South,Distributor,Processing
SO-001140,2025-01-28,CUS-0831,PRD-0210,11,4444.7,48891.7,South,Retail,Cancelled
SO-001141,2025-03-03,CUS-0924,PRD-0321,25,6275.93,156898.25,East,Distributor,Delivered
SO-001142,2025-01-24,CUS-0306,PRD-0112,16,3241.95,51871.2,South,Distributor,Delivered
SO-001143,2025-02-12,CUS-0996,PRD-0191,7,5484.02,38388.14,West,Distributor,Delivered
SO-001144,2025-09-06,CUS-0154,PRD-0221,9,5278.23,47504.07,East,Online,Cancelled
SO-001145,2025-12-04,CUS-0712,PRD-0373,14,5314.45,74402.3,West,Distributor,Delivered
SO-001146,2025-11-24,CUS-0536,PRD-0200,21,5881.55,123512.55,North,Online,Delivered
SO-001147,2026-08-14,CUS-0573,PRD-0451,16,3229.85,51677.6,South,Retail,Shipped
SO-001148,2026-02-12,CUS-0169,PRD-0335,21,422.97,8882.37,East,Distributor,Delivered
SO-001149,2026-03-24,CUS-0608,PRD-0129,26,5685.71,147828.46,South,Online,Processing
SO-001150,2025-12-27,CUS-0842,PRD-0013,16,6634.25,106148.0,East,Distributor,Delivered
SO-001151,2024-12-25,CUS-0616,PRD-0115,19,1391.14,26431.66,North,Distributor,Delivered
SO-001152,2024-12-02,CUS-0959,PRD-0414,9,5599.69,50397.21,South,Retail,Delivered
SO-001153,2025-03-08,CUS-0962,PRD-0448,5,2945.83,14729.15,North,Distributor,Delivered
SO-001154,2026-06-22,CUS-0534,PRD-0493,14,3468.32,48556.48,South,Online,Delivered
SO-001155,2025-06-27,CUS-0188,PRD-0097,14,4396.16,61546.24,East,Online,Processing
SO-001156,2026-05-25,CUS-0672,PRD-0405,17,3911.65,66498.05,East,Retail,Delivered
SO-001157,2026-08-11,CUS-0354,PRD-0286,2,1286.09,2572.18,West,Online,Delivered
SO-001158,2026-02-01,CUS-0486,PRD-0150,1,3755.21,3755.21,East,Distributor,Cancelled
SO-001159,2026-04-04,CUS-0952,PRD-0179,19,2569.93,48828.67,South,Distributor,Delivered
SO-001160,2024-12-25,CUS-0404,PRD-0065,12,671.21,8054.52,North,Retail,Delivered
SO-001161,2025-03-02,CUS-0366,PRD-0343,1,1756.43,1756.43,Central,Online,Delivered
SO-001162,2025-10-15,CUS-0536,PRD-0066,1,697.63,697.63,Central,Retail,Delivered
SO-001163,2024-10-02,CUS-0281,PRD-0207,18,4787.44,86173.92,East,Online,Delivered
SO-001164,2025-03-13,CUS-0523,PRD-0448,4,2945.83,11783.32,North,Distributor,Processing
SO-001165,2026-01-07,CUS-0404,PRD-0453,25,178.97,4474.25,Central,Online,Processing
SO-001166,2025-08-17,CUS-0402,PRD-0023,10,4174.81,41748.1,North,Retail,Delivered
SO-001167,2025-03-25,CUS-0146,PRD-0353,26,4876.74,126795.24,West,Distributor,Delivered
SO-001168,2025-03-29,CUS-0669,PRD-0237,21,3655.63,76768.23,Central,Retail,Delivered
SO-001169,2024-11-24,CUS-0146,PRD-0179,20,3083.92,61678.4,Central,Retail,Delivered
SO-001170,2025-06-30,CUS-0553,PRD-0049,21,5980.81,125597.01,West,Distributor,Delivered
SO-001171,2026-03-06,CUS-0525,PRD-0308,13,3641.56,47340.28,North,Online,Delivered
SO-001172,2025-02-22,CUS-0424,PRD-0275,17,509.9,8668.3,North,Retail,Delivered
SO-001173,2025-01-12,CUS-0934,PRD-0482,4,2107.3,8429.2,East,Distributor,Delivered
SO-001174,2025-08-06,CUS-0155,PRD-0018,30,4342.25,130267.5,West,Retail,Delivered
SO-001175,2026-02-18,CUS-0542,PRD-0246,23,2017.09,46393.07,North,Distributor,Delivered
SO-001176,2025-05-26,CUS-0368,PRD-0258,1,3684.93,3684.93,South,Online,Processing
SO-001177,2026-01-04,CUS-0531,PRD-0017,24,3807.74,91385.76,North,Online,Delivered
SO-001178,2026-06-03,CUS-0224,PRD-0489,11,1090.99,12000.89,South,Online,Delivered
SO-001179,2024-10-10,CUS-0993,PRD-0054,7,7631.71,53421.97,East,Retail,Delivered
SO-001180,2025-12-16,CUS-0359,PRD-0261,11,7100.6,78106.6,Central,Online,Delivered
SO-001181,2025-08-08,CUS-0535,PRD-0181,18,3586.43,64555.74,East,Distributor,Delivered
SO-001182,2025-10-06,CUS-0317,PRD-0439,2,4484.95,8969.9,West,Online,Delivered
SO-001183,2025-11-20,CUS-0845,PRD-0312,25,6428.28,160707.0,North,Distributor,Delivered
SO-001184,2025-03-06,CUS-0137,PRD-0248,12,1877.37,22528.44,Central,Retail,Cancelled
SO-001185,2025-08-04,CUS-0259,PRD-0383,12,4301.86,51622.32,East,Distributor,Shipped
SO-001186,2026-05-03,CUS-0019,PRD-0071,4,2386.88,9547.52,South,Distributor,Delivered
SO-001187,2026-01-20,CUS-0609,PRD-0415,9,3509.65,31586.85,Central,Online,Delivered
SO-001188,2025-07-09,CUS-0298,PRD-0117,1,842.63,842.63,East,Online,Shipped
SO-001189,2024-10-07,CUS-0248,PRD-0432,12,2965.64,35587.68,North,Online,Delivered
SO-001190,2025-11-12,CUS-0365,PRD-0028,25,2202.61,55065.25,Central,Distributor,Shipped
SO-001191,2026-02-09,CUS-0076,PRD-0307,25,6374.16,159354.0,West,Online,Delivered
SO-001192,2026-03-14,CUS-0433,PRD-0075,7,2987.67,20913.69,East,Distributor,Delivered
SO-001193,2025-12-14,CUS-0393,PRD-0167,16,3645.19,58323.04,South,Distributor,Delivered
SO-001194,2026-06-27,CUS-0115,PRD-0399,30,4340.93,130227.9,North,Online,Delivered
SO-001195,2026-03-13,CUS-0979,PRD-0236,14,4359.42,61031.88,North,Online,Delivered
SO-001196,2025-07-10,CUS-0520,PRD-0063,16,3878.37,62053.92,North,Distributor,Delivered
SO-001197,2026-04-18,CUS-0799,PRD-0189,26,1868.59,48583.34,Central,Distributor,Shipped
SO-001198,2025-02-07,CUS-0961,PRD-0058,23,4941.04,113643.92,South,Retail,Delivered
SO-001199,2026-08-29,CUS-0484,PRD-0407,13,4762.54,61913.02,East,Online,Delivered
SO-001200,2025-12-31,CUS-0162,PRD-0185,7,3802.03,26614.21,West,Distributor,Delivered
SO-001201,2025-06-25,CUS-0144,PRD-0073,29,516.1,14966.9,West,Online,Delivered
SO-001202,2024-10-19,CUS-0443,PRD-0071,21,2864.26,60149.46,East,Distributor,Delivered
SO-001203,2025-02-21,CUS-0286,PRD-0417,5,5562.28,27811.4,West,Online,Shipped
SO-001204,2025-11-04,CUS-0411,PRD-0015,18,1110.17,19983.06,Central,Distributor,Delivered
SO-001205,2026-01-04,CUS-0882,PRD-0497,5,2230.12,11150.6,Central,Online,Delivered
SO-001206,2025-06-16,CUS-0527,PRD-0223,10,2183.08,21830.8,East,Online,Delivered
SO-001207,2026-05-03,CUS-0739,PRD-0432,13,2471.37,32127.81,West,Distributor,Shipped
SO-001208,2025-07-11,CUS-0165,PRD-0077,17,2952.74,50196.58,West,Online,Cancelled
SO-001209,2026-06-29,CUS-0389,PRD-0182,28,1447.54,40531.12,East,Online,Delivered
SO-001210,2026-05-16,CUS-0605,PRD-0451,2,3229.85,6459.7,North,Online,Delivered
SO-001211,2026-06-08,CUS-0404,PRD-0047,3,4009.13,12027.39,West,Distributor,Delivered
SO-001212,2024-11-16,CUS-0736,PRD-0396,1,6075.28,6075.28,Central,Distributor,Delivered
SO-001213,2026-05-05,CUS-0963,PRD-0447,8,4346.55,34772.4,Central,Distributor,Delivered
SO-001214,2025-11-24,CUS-0258,PRD-0165,12,1828.82,21945.84,South,Online,Delivered
SO-001215,2024-11-02,CUS-0437,PRD-0277,22,3512.89,77283.58,East,Online,Cancelled
SO-001216,2026-06-22,CUS-0088,PRD-0415,12,3509.65,42115.8,Central,Online,Delivered
SO-001217,2026-02-15,CUS-0940,PRD-0109,16,1120.2,17923.2,East,Distributor,Delivered
SO-001218,2025-04-16,CUS-0468,PRD-0098,25,1821.96,45549.0,Central,Distributor,Delivered
SO-001219,2026-03-13,CUS-0522,PRD-0192,6,3532.37,21194.22,North,Distributor,Processing
SO-001220,2025-06-04,CUS-0148,PRD-0213,6,4571.12,27426.72,Central,Distributor,Delivered
SO-001221,2026-05-09,CUS-0764,PRD-0385,11,4527.09,49797.99,South,Online,Delivered
SO-001222,2026-08-12,CUS-0740,PRD-0120,17,396.45,6739.65,East,Distributor,Delivered
SO-001223,2025-08-06,CUS-0885,PRD-0226,22,4386.36,96499.92,East,Retail,Delivered
SO-001224,2025-07-06,CUS-0250,PRD-0173,23,1781.05,40964.15,West,Retail,Delivered
SO-001225,2026-01-08,CUS-0149,PRD-0387,27,762.89,20598.03,North,Retail,Processing
SO-001226,2026-09-25,CUS-0123,PRD-0354,21,3997.01,83937.21,West,Online,Delivered
SO-001227,2025-07-30,CUS-0789,PRD-0431,13,5527.14,71852.82,South,Online,Delivered
SO-001228,2024-10-29,CUS-0981,PRD-0412,5,4805.83,24029.15,South,Online,Delivered
SO-001229,2025-03-15,CUS-0528,PRD-0196,23,2215.24,50950.52,East,Distributor,Delivered
SO-001230,2026-07-03,CUS-0034,PRD-0149,20,4444.52,88890.4,Central,Online,Delivered
SO-001231,2024-11-24,CUS-0708,PRD-0183,5,7072.58,35362.9,South,Retail,Delivered
SO-001232,2026-08-17,CUS-0123,PRD-0493,17,3468.32,58961.44,Central,Retail,Shipped
SO-001233,2025-08-04,CUS-0748,PRD-0422,27,6204.38,167518.26,North,Retail,Cancelled
SO-001234,2025-06-30,CUS-0136,PRD-0115,25,1159.28,28982.0,North,Retail,Delivered
SO-001235,2024-12-28,CUS-0949,PRD-0076,22,2285.2,50274.4,North,Retail,Delivered
SO-001236,2025-06-02,CUS-0864,PRD-0143,15,3441.89,51628.35,South,Retail,Processing
SO-001237,2026-06-14,CUS-0729,PRD-0259,27,3927.33,106037.91,East,Distributor,Delivered
SO-001238,2025-11-23,CUS-0639,PRD-0282,2,1905.9,3811.8,North,Online,Cancelled
SO-001239,2025-06-14,CUS-0947,PRD-0329,12,6207.86,74494.32,North,Online,Delivered
SO-001240,2024-11-09,CUS-0394,PRD-0181,15,4303.72,64555.8,South,Distributor,Delivered
SO-001241,2025-12-21,CUS-0062,PRD-0386,29,3555.25,103102.25,East,Distributor,Processing
SO-001242,2025-01-30,CUS-0645,PRD-0317,8,6072.27,48578.16,South,Distributor,Delivered
SO-001243,2025-11-27,CUS-0056,PRD-0126,11,345.46,3800.06,Central,Online,Processing
SO-001244,2025-05-03,CUS-0490,PRD-0445,14,1132.7,15857.8,East,Online,Delivered
SO-001245,2025-03-10,CUS-0289,PRD-0205,20,3722.48,74449.6,West,Distributor,Shipped
SO-001246,2025-01-22,CUS-0905,PRD-0105,12,4026.39,48316.68,South,Retail,Shipped
SO-001247,2025-12-27,CUS-0920,PRD-0182,9,1737.05,15633.45,North,Online,Processing
SO-001248,2026-04-02,CUS-0084,PRD-0261,28,5917.17,165680.76,Central,Online,Processing
SO-001249,2025-11-09,CUS-0501,PRD-0448,24,3535.0,84840.0,East,Online,Delivered
SO-001250,2024-12-07,CUS-0651,PRD-0456,6,5866.18,35197.08,South,Distributor,Delivered
SO-001251,2024-12-06,CUS-0517,PRD-0374,13,4891.81,63593.53,South,Online,Delivered
SO-001252,2026-05-22,CUS-0020,PRD-0485,13,3914.29,50885.77,West,Retail,Delivered
SO-001253,2026-08-17,CUS-0158,PRD-0461,10,3797.59,37975.9,West,Distributor,Shipped
SO-001254,2025-12-25,CUS-0857,PRD-0238,24,7774.25,186582.0,South,Online,Delivered
SO-001255,2025-05-22,CUS-0229,PRD-0179,24,2569.93,61678.32,Central,Online,Shipped
SO-001256,2024-12-24,CUS-0380,PRD-0330,20,430.42,8608.4,East,Retail,Delivered
SO-001257,2026-03-06,CUS-0581,PRD-0387,7,762.89,5340.23,Central,Online,Delivered
SO-001258,2025-04-01,CUS-0867,PRD-0371,2,2477.89,4955.78,South,Online,Delivered
SO-001259,2025-05-12,CUS-0244,PRD-0154,3,2946.55,8839.65,South,Retail,Delivered
SO-001260,2026-07-26,CUS-0725,PRD-0266,13,1657.94,21553.22,South,Distributor,Shipped
SO-001261,2025-11-03,CUS-0974,PRD-0268,8,5425.56,43404.48,South,Online,Delivered
SO-001262,2026-09-05,CUS-0229,PRD-0262,16,6436.49,102983.84,West,Online,Delivered
SO-001263,2025-02-01,CUS-0808,PRD-0394,8,567.05,4536.4,South,Online,Delivered
SO-001264,2024-10-19,CUS-0109,PRD-0179,15,3083.92,46258.8,East,Retail,Delivered
SO-001265,2025-01-01,CUS-0858,PRD-0191,24,5484.02,131616.48,North,Distributor,Delivered
SO-001266,2024-11-11,CUS-0822,PRD-0339,20,1494.23,29884.6,South,Distributor,Delivered
SO-001267,2026-02-25,CUS-0902,PRD-0256,10,1080.39,10803.9,East,Retail,Delivered
SO-001268,2026-01-16,CUS-0990,PRD-0425,4,3674.09,14696.36,South,Retail,Processing
SO-001269,2025-11-18,CUS-0894,PRD-0417,25,6674.74,166868.5,South,Retail,Delivered
SO-001270,2026-04-08,CUS-0385,PRD-0452,15,1534.7,23020.5,East,Online,Delivered
SO-001271,2025-12-13,CUS-0824,PRD-0099,24,3651.02,87624.48,South,Online,Processing
SO-001272,2025-11-14,CUS-0597,PRD-0071,24,2864.26,68742.24,West,Distributor,Delivered
SO-001273,2026-01-07,CUS-0739,PRD-0137,28,1267.47,35489.16,West,Online,Delivered
SO-001274,2025-07-02,CUS-0356,PRD-0336,13,2413.41,31374.33,South,Distributor,Delivered
SO-001275,2025-03-19,CUS-0917,PRD-0062,17,263.99,4487.83,South,Online,Shipped
SO-001276,2025-08-09,CUS-0175,PRD-0198,24,4920.31,118087.44,Central,Distributor,Delivered
SO-001277,2025-02-26,CUS-0189,PRD-0364,15,1766.9,26503.5,Central,Online,Delivered
SO-001278,2025-03-03,CUS-0601,PRD-0093,28,893.67,25022.76,Central,Distributor,Delivered
SO-001279,2025-10-09,CUS-0306,PRD-0207,22,4787.44,105323.68,South,Retail,Delivered
SO-001280,2024-10-16,CUS-0235,PRD-0257,19,807.13,15335.47,North,Retail,Delivered
SO-001281,2024-11-01,CUS-0639,PRD-0266,13,1989.53,25863.89,Central,Online,Delivered
SO-001282,2026-04-20,CUS-0231,PRD-0262,27,6436.49,173785.23,West,Online,Shipped
SO-001283,2026-05-17,CUS-0014,PRD-0165,5,1524.02,7620.1,East,Distributor,Delivered
SO-001284,2026-04-18,CUS-0614,PRD-0051,4,5727.46,22909.84,South,Distributor,Processing
SO-001285,2025-05-04,CUS-0796,PRD-0442,25,2804.33,70108.25,East,Online,Delivered
SO-001286,2024-12-13,CUS-0930,PRD-0346,4,2442.74,9770.96,North,Online,Shipped
SO-001287,2026-03-10,CUS-0006,PRD-0043,4,1999.6,7998.4,North,Online,Delivered
SO-001288,2026-08-10,CUS-0621,PRD-0478,30,2188.84,65665.2,Central,Online,Delivered
SO-001289,2026-02-13,CUS-0013,PRD-0065,19,559.34,10627.46,East,Online,Processing
SO-001290,2024-12-28,CUS-0369,PRD-0038,8,641.62,5132.96,East,Online,Delivered
SO-001291,2025-05-07,CUS-0253,PRD-0118,27,359.5,9706.5,South,Distributor,Delivered
SO-001292,2026-08-05,CUS-0298,PRD-0162,21,4705.86,98823.06,North,Distributor,Delivered
SO-001293,2024-10-06,CUS-0530,PRD-0360,29,7109.2,206166.8,West,Online,Delivered
SO-001294,2026-06-04,CUS-0142,PRD-0283,19,6186.51,117543.69,North,Retail,Delivered
SO-001295,2025-08-26,CUS-0312,PRD-0254,22,5366.88,118071.36,Central,Retail,Delivered
SO-001296,2025-11-25,CUS-0515,PRD-0405,26,4693.98,122043.48,East,Retail,Delivered
SO-001297,2026-01-12,CUS-0647,PRD-0333,20,4973.55,99471.0,East,Retail,Delivered
SO-001298,2024-11-01,CUS-0705,PRD-0403,28,1024.73,28692.44,West,Retail,Delivered
SO-001299,2025-07-23,CUS-0234,PRD-0338,16,4473.07,71569.12,East,Online,Delivered
SO-001300,2026-02-20,CUS-0219,PRD-0189,21,1868.59,39240.39,South,Distributor,Delivered
SO-001301,2026-09-08,CUS-0400,PRD-0186,2,4929.64,9859.28,South,Retail,Delivered
SO-001302,2025-06-27,CUS-0986,PRD-0050,12,3242.42,38909.04,Central,Retail,Shipped
SO-001303,2025-11-01,CUS-0916,PRD-0422,14,7445.26,104233.64,West,Distributor,Delivered
SO-001304,2026-06-16,CUS-0147,PRD-0487,15,5920.64,88809.6,East,Retail,Cancelled
SO-001305,2025-04-04,CUS-0801,PRD-0188,17,5849.06,99434.02,West,Retail,Delivered
SO-001306,2025-01-16,CUS-0308,PRD-0013,28,5528.54,154799.12,West,Distributor,Delivered
SO-001307,2026-03-29,CUS-0912,PRD-0048,30,4987.19,149615.7,East,Online,Delivered
SO-001308,2025-12-25,CUS-0405,PRD-0276,1,5881.03,5881.03,South,Retail,Delivered
SO-001309,2024-12-09,CUS-0893,PRD-0154,10,3535.86,35358.6,North,Online,Delivered
SO-001310,2024-10-22,CUS-0538,PRD-0201,8,1869.96,14959.68,West,Distributor,Delivered
SO-001311,2025-05-07,CUS-0747,PRD-0230,20,3670.39,73407.8,West,Distributor,Processing
SO-001312,2025-09-18,CUS-0747,PRD-0344,28,5870.71,164379.88,East,Retail,Shipped
SO-001313,2026-02-01,CUS-0092,PRD-0266,5,1657.94,8289.7,North,Distributor,Cancelled
SO-001314,2026-09-11,CUS-0411,PRD-0335,24,422.97,10151.28,Central,Retail,Processing
SO-001315,2026-07-17,CUS-0770,PRD-0041,23,4472.49,102867.27,Central,Online,Delivered
SO-001316,2025-07-06,CUS-0332,PRD-0118,3,359.5,1078.5,North,Retail,Cancelled
SO-001317,2025-04-20,CUS-0397,PRD-0178,26,643.28,16725.28,South,Distributor,Delivered
SO-001318,2025-06-02,CUS-0893,PRD-0390,27,6175.19,166730.13,North,Distributor,Delivered
SO-001319,2026-06-13,CUS-0501,PRD-0097,14,4396.16,61546.24,East,Distributor,Delivered
SO-001320,2026-07-01,CUS-0495,PRD-0033,24,4888.48,117323.52,West,Online,Delivered
SO-001321,2024-10-03,CUS-0442,PRD-0125,12,7618.12,91417.44,Central,Distributor,Delivered
SO-001322,2026-09-10,CUS-0602,PRD-0366,14,3113.27,43585.78,North,Distributor,Delivered
SO-001323,2026-03-27,CUS-0155,PRD-0159,22,285.58,6282.76,West,Retail,Delivered
SO-001324,2026-01-11,CUS-0001,PRD-0114,11,152.58,1678.38,South,Online,Delivered
SO-001325,2025-08-06,CUS-0929,PRD-0332,10,4886.91,48869.1,West,Retail,Delivered
SO-001326,2025-01-13,CUS-0155,PRD-0092,14,562.91,7880.74,North,Distributor,Delivered
SO-001327,2026-07-28,CUS-0425,PRD-0091,25,5553.05,138826.25,East,Distributor,Delivered
SO-001328,2025-01-12,CUS-0999,PRD-0043,20,1999.6,39992.0,East,Distributor,Delivered
SO-001329,2024-10-28,CUS-0325,PRD-0220,12,5765.14,69181.68,South,Retail,Delivered
SO-001330,2025-09-05,CUS-0358,PRD-0328,6,5555.74,33334.44,South,Online,Delivered
SO-001331,2026-07-05,CUS-0370,PRD-0232,30,3666.47,109994.1,Central,Distributor,Delivered
SO-001332,2026-08-29,CUS-0990,PRD-0238,14,6478.54,90699.56,South,Retail,Cancelled
SO-001333,2025-12-24,CUS-0819,PRD-0132,26,336.9,8759.4,North,Distributor,Delivered
SO-001334,2026-04-23,CUS-0124,PRD-0271,23,4508.65,103698.95,West,Retail,Delivered
SO-001335,2025-03-05,CUS-0551,PRD-0099,22,3042.52,66935.44,South,Retail,Delivered
SO-001336,2025-12-13,CUS-0582,PRD-0100,17,3659.14,62205.38,East,Distributor,Shipped
SO-001337,2024-12-07,CUS-0492,PRD-0095,7,782.69,5478.83,East,Distributor,Delivered
SO-001338,2026-04-02,CUS-0242,PRD-0392,2,452.18,904.36,North,Online,Delivered
SO-001339,2025-12-12,CUS-0750,PRD-0336,19,2896.09,55025.71,North,Online,Shipped
SO-001340,2024-11-19,CUS-0961,PRD-0133,3,2665.22,7995.66,North,Online,Cancelled
SO-001341,2024-11-09,CUS-0260,PRD-0209,15,352.28,5284.2,South,Distributor,Delivered
SO-001342,2026-03-28,CUS-0732,PRD-0062,26,263.99,6863.74,Central,Retail,Processing
SO-001343,2026-08-18,CUS-0005,PRD-0037,12,1149.08,13788.96,South,Distributor,Delivered
SO-001344,2026-07-17,CUS-0765,PRD-0099,9,3042.52,27382.68,East,Distributor,Delivered
SO-001345,2026-07-01,CUS-0885,PRD-0028,23,1835.51,42216.73,North,Online,Delivered
SO-001346,2025-07-25,CUS-0315,PRD-0289,9,2175.15,19576.35,Central,Retail,Delivered
SO-001347,2024-11-01,CUS-0082,PRD-0208,17,7530.32,128015.44,East,Online,Delivered
SO-001348,2025-05-30,CUS-0891,PRD-0178,3,643.28,1929.84,West,Retail,Shipped
SO-001349,2025-08-21,CUS-0366,PRD-0192,24,3532.37,84776.88,East,Distributor,Cancelled
SO-001350,2026-03-12,CUS-0227,PRD-0394,30,567.05,17011.5,South,Retail,Delivered
SO-001351,2025-07-08,CUS-0116,PRD-0454,22,5018.01,110396.22,South,Online,Delivered
SO-001352,2024-12-22,CUS-0971,PRD-0291,11,5220.79,57428.69,East,Online,Delivered
SO-001353,2026-04-27,CUS-0339,PRD-0402,11,463.79,5101.69,North,Retail,Delivered
SO-001354,2025-04-07,CUS-0498,PRD-0308,5,3641.56,18207.8,Central,Distributor,Delivered
SO-001355,2025-07-04,CUS-0238,PRD-0428,22,6298.69,138571.18,Central,Distributor,Processing
SO-001356,2026-07-15,CUS-0799,PRD-0078,13,452.24,5879.12,North,Distributor,Delivered
SO-001357,2026-07-19,CUS-0629,PRD-0358,1,5153.45,5153.45,East,Distributor,Delivered
SO-001358,2025-01-19,CUS-0643,PRD-0007,30,4691.05,140731.5,South,Distributor,Delivered
SO-001359,2025-01-01,CUS-0083,PRD-0171,4,5420.73,21682.92,East,Online,Processing
SO-001360,2025-07-06,CUS-0366,PRD-0379,9,6474.05,58266.45,South,Retail,Delivered
SO-001361,2025-10-06,CUS-0223,PRD-0413,21,2258.22,47422.62,Central,Distributor,Delivered
SO-001362,2025-10-18,CUS-0246,PRD-0043,29,2399.52,69586.08,Central,Online,Delivered
SO-001363,2026-07-22,CUS-0768,PRD-0249,28,1990.91,55745.48,North,Distributor,Delivered
SO-001364,2026-01-24,CUS-0430,PRD-0155,10,3144.19,31441.9,South,Online,Delivered
SO-001365,2024-11-22,CUS-0037,PRD-0312,9,6428.28,57854.52,South,Distributor,Delivered
SO-001366,2025-12-08,CUS-0556,PRD-0098,18,2186.35,39354.3,North,Retail,Delivered
SO-001367,2024-11-29,CUS-0500,PRD-0029,1,6854.95,6854.95,East,Distributor,Delivered
SO-001368,2025-06-09,CUS-0687,PRD-0321,16,6275.93,100414.88,South,Online,Cancelled
SO-001369,2026-07-21,CUS-0921,PRD-0307,2,6374.16,12748.32,South,Online,Cancelled
SO-001370,2025-06-04,CUS-0297,PRD-0227,3,3278.73,9836.19,North,Distributor,Shipped
SO-001371,2024-10-06,CUS-0752,PRD-0355,17,5022.31,85379.27,Central,Online,Delivered
SO-001372,2026-03-18,CUS-0070,PRD-0368,5,6291.51,31457.55,Central,Distributor,Cancelled
SO-001373,2026-04-23,CUS-0555,PRD-0307,18,6374.16,114734.88,North,Distributor,Delivered
SO-001374,2026-08-16,CUS-0738,PRD-0482,5,2107.3,10536.5,East,Distributor,Delivered
SO-001375,2024-10-09,CUS-0100,PRD-0100,14,3659.14,51227.96,Central,Online,Processing
SO-001376,2024-10-02,CUS-0917,PRD-0191,5,6580.82,32904.1,South,Retail,Delivered
SO-001377,2025-07-23,CUS-0869,PRD-0431,16,5527.14,88434.24,South,Distributor,Delivered
SO-001378,2025-08-17,CUS-0206,PRD-0180,2,539.14,1078.28,West,Retail,Delivered
SO-001379,2024-12-08,CUS-0133,PRD-0145,16,4919.4,78710.4,West,Retail,Delivered
SO-001380,2025-06-25,CUS-0030,PRD-0090,19,492.32,9354.08,South,Retail,Delivered
SO-001381,2025-03-02,CUS-0449,PRD-0039,13,6475.29,84178.77,Central,Retail,Shipped
SO-001382,2026-05-01,CUS-0548,PRD-0168,14,6422.87,89920.18,West,Online,Delivered
SO-001383,2026-09-30,CUS-0132,PRD-0152,13,1468.87,19095.31,West,Online,Delivered
SO-001384,2025-12-02,CUS-0137,PRD-0046,25,6810.24,170256.0,East,Retail,Delivered
SO-001385,2025-12-19,CUS-0362,PRD-0405,17,4693.98,79797.66,North,Online,Delivered
SO-001386,2026-04-21,CUS-0171,PRD-0093,4,893.67,3574.68,Central,Distributor,Delivered
SO-001387,2025-04-19,CUS-0882,PRD-0247,9,2055.44,18498.96,South,Online,Delivered
SO-001388,2024-10-20,CUS-0081,PRD-0441,19,5859.28,111326.32,Central,Distributor,Delivered
SO-001389,2024-12-24,CUS-0174,PRD-0226,16,5263.63,84218.08,Central,Retail,Delivered
SO-001390,2025-09-15,CUS-0159,PRD-0066,8,581.36,4650.88,Central,Distributor,Cancelled
SO-001391,2026-03-28,CUS-0512,PRD-0400,22,224.67,4942.74,West,Distributor,Processing
SO-001392,2026-02-25,CUS-0338,PRD-0113,19,4170.39,79237.41,North,Distributor,Delivered
SO-001393,2025-12-03,CUS-0733,PRD-0133,11,2665.22,29317.42,West,Retail,Delivered
SO-001394,2024-11-28,CUS-0517,PRD-0474,4,1482.23,5928.92,East,Online,Processing
SO-001395,2026-08-17,CUS-0720,PRD-0028,12,1835.51,22026.12,Central,Online,Delivered
SO-001396,2026-06-05,CUS-0166,PRD-0342,23,3067.52,70552.96,South,Online,Delivered
SO-001397,2025-06-03,CUS-0866,PRD-0087,30,518.3,15549.0,South,Distributor,Delivered
SO-001398,2026-01-31,CUS-0670,PRD-0282,18,1588.25,28588.5,Central,Online,Delivered
SO-001399,2026-02-02,CUS-0768,PRD-0442,3,2804.33,8412.99,Central,Distributor,Delivered
SO-001400,2025-10-15,CUS-0916,PRD-0169,7,7418.1,51926.7,North,Online,Delivered
SO-001401,2025-03-11,CUS-0823,PRD-0007,23,4691.05,107894.15,East,Retail,Delivered
SO-001402,2026-06-05,CUS-0695,PRD-0372,16,2557.13,40914.08,North,Retail,Delivered
SO-001403,2025-11-20,CUS-0330,PRD-0059,26,3205.9,83353.4,West,Distributor,Processing
SO-001404,2025-07-06,CUS-0118,PRD-0053,25,675.61,16890.25,South,Distributor,Delivered
SO-001405,2024-10-23,CUS-0021,PRD-0412,3,4805.83,14417.49,West,Distributor,Delivered
SO-001406,2025-03-03,CUS-0698,PRD-0079,21,6302.5,132352.5,North,Online,Cancelled
SO-001407,2024-12-03,CUS-0430,PRD-0349,30,1969.2,59076.0,South,Distributor,Delivered
SO-001408,2026-09-18,CUS-0797,PRD-0176,12,623.57,7482.84,Central,Online,Delivered
SO-001409,2026-05-18,CUS-0123,PRD-0246,24,2017.09,48410.16,Central,Distributor,Delivered
SO-001410,2025-08-15,CUS-0203,PRD-0015,5,925.14,4625.7,North,Distributor,Processing
SO-001411,2026-02-02,CUS-0576,PRD-0316,21,4989.5,104779.5,South,Distributor,Delivered
SO-001412,2024-12-27,CUS-0797,PRD-0429,16,2843.99,45503.84,West,Distributor,Delivered
SO-001413,2025-10-02,CUS-0032,PRD-0184,9,6704.87,60343.83,West,Online,Delivered
SO-001414,2025-06-27,CUS-0932,PRD-0084,29,2824.56,81912.24,South,Online,Delivered
SO-001415,2026-05-21,CUS-0971,PRD-0210,30,4444.7,133341.0,South,Distributor,Delivered
SO-001416,2026-09-16,CUS-0713,PRD-0214,23,5261.22,121008.06,South,Online,Delivered
SO-001417,2026-03-03,CUS-0086,PRD-0086,18,6300.68,113412.24,East,Distributor,Delivered
SO-001418,2026-08-02,CUS-0224,PRD-0263,23,4085.94,93976.62,West,Retail,Delivered
SO-001419,2024-12-26,CUS-0418,PRD-0257,2,807.13,1614.26,North,Online,Shipped
SO-001420,2025-04-28,CUS-0087,PRD-0047,17,4009.13,68155.21,North,Distributor,Delivered
SO-001421,2026-05-30,CUS-0279,PRD-0338,27,4473.07,120772.89,East,Online,Delivered
SO-001422,2026-06-13,CUS-0327,PRD-0319,28,408.03,11424.84,Central,Online,Delivered
SO-001423,2026-08-05,CUS-0062,PRD-0092,25,562.91,14072.75,East,Retail,Delivered
SO-001424,2026-08-28,CUS-0304,PRD-0371,25,2477.89,61947.25,East,Distributor,Shipped
SO-001425,2025-10-27,CUS-0728,PRD-0473,13,941.83,12243.79,West,Distributor,Delivered
SO-001426,2025-07-16,CUS-0283,PRD-0298,21,1831.15,38454.15,East,Online,Delivered
SO-001427,2025-09-28,CUS-0812,PRD-0220,15,4804.28,72064.2,East,Distributor,Delivered
SO-001428,2024-11-02,CUS-0305,PRD-0337,12,2022.65,24271.8,East,Online,Processing
SO-001429,2026-04-16,CUS-0819,PRD-0411,16,598.13,9570.08,South,Retail,Delivered
SO-001430,2025-05-26,CUS-0346,PRD-0252,10,2300.3,23003.0,Central,Distributor,Delivered
SO-001431,2025-08-27,CUS-0485,PRD-0366,30,3113.27,93398.1,North,Online,Delivered
SO-001432,2025-10-07,CUS-0757,PRD-0106,27,5261.15,142051.05,Central,Online,Delivered
SO-001433,2026-08-22,CUS-0398,PRD-0196,27,2215.24,59811.48,East,Distributor,Delivered
SO-001434,2024-12-02,CUS-0202,PRD-0304,15,7395.34,110930.1,Central,Retail,Delivered
SO-001435,2026-02-01,CUS-0888,PRD-0349,14,1641.0,22974.0,North,Distributor,Shipped
SO-001436,2025-07-08,CUS-0462,PRD-0224,13,1906.78,24788.14,West,Retail,Delivered
SO-001437,2026-02-07,CUS-0600,PRD-0425,30,3674.09,110222.7,Central,Online,Delivered
SO-001438,2024-10-11,CUS-0562,PRD-0250,8,940.18,7521.44,South,Distributor,Delivered
SO-001439,2026-09-29,CUS-0101,PRD-0222,4,3091.24,12364.96,South,Distributor,Cancelled
SO-001440,2025-08-04,CUS-0761,PRD-0051,16,5727.46,91639.36,West,Retail,Delivered
SO-001441,2025-06-06,CUS-0591,PRD-0066,22,581.36,12789.92,South,Distributor,Processing
SO-001442,2025-04-11,CUS-0789,PRD-0151,25,5440.82,136020.5,East,Retail,Delivered
SO-001443,2025-06-25,CUS-0281,PRD-0301,12,4651.32,55815.84,West,Online,Delivered
SO-001444,2025-12-12,CUS-0612,PRD-0369,19,846.26,16078.94,Central,Distributor,Shipped
SO-001445,2025-01-22,CUS-0063,PRD-0359,10,2454.17,24541.7,South,Online,Delivered
SO-001446,2025-05-13,CUS-0666,PRD-0140,3,3991.55,11974.65,South,Online,Cancelled
SO-001447,2026-05-21,CUS-0519,PRD-0496,27,463.57,12516.39,South,Online,Delivered
SO-001448,2025-02-26,CUS-0419,PRD-0252,21,2300.3,48306.3,West,Retail,Processing
SO-001449,2025-03-26,CUS-0625,PRD-0073,27,516.1,13934.7,West,Online,Delivered
SO-001450,2025-12-16,CUS-0123,PRD-0454,28,6021.61,168605.08,North,Distributor,Processing
SO-001451,2025-01-13,CUS-0207,PRD-0369,23,705.22,16220.06,South,Retail,Delivered
SO-001452,2025-08-12,CUS-0368,PRD-0335,21,422.97,8882.37,North,Online,Delivered
SO-001453,2025-06-19,CUS-0514,PRD-0276,16,4900.86,78413.76,Central,Online,Delivered
SO-001454,2026-02-11,CUS-0909,PRD-0125,13,6348.43,82529.59,South,Distributor,Delivered
SO-001455,2025-04-19,CUS-0332,PRD-0251,3,1941.24,5823.72,South,Online,Delivered
SO-001456,2025-12-17,CUS-0808,PRD-0363,21,3991.72,83826.12,South,Online,Delivered
SO-001457,2025-09-23,CUS-0095,PRD-0460,25,249.38,6234.5,South,Retail,Delivered
SO-001458,2025-04-10,CUS-0414,PRD-0488,3,2178.12,6534.36,North,Retail,Delivered
SO-001459,2024-11-03,CUS-0561,PRD-0170,9,6385.91,57473.19,North,Online,Delivered
SO-001460,2025-05-11,CUS-0823,PRD-0332,24,4886.91,117285.84,West,Distributor,Delivered
SO-001461,2026-04-27,CUS-0785,PRD-0028,3,1835.51,5506.53,East,Online,Delivered
SO-001462,2025-06-27,CUS-0180,PRD-0313,11,5464.72,60111.92,North,Online,Delivered
SO-001463,2026-03-12,CUS-0545,PRD-0435,13,4429.61,57584.93,East,Distributor,Delivered
SO-001464,2026-04-18,CUS-0784,PRD-0432,26,2471.37,64255.62,West,Distributor,Shipped
SO-001465,2025-10-01,CUS-0976,PRD-0442,25,3365.2,84130.0,South,Distributor,Delivered
SO-001466,2025-04-03,CUS-0422,PRD-0231,29,675.35,19585.15,South,Distributor,Delivered
SO-001467,2024-10-09,CUS-0195,PRD-0479,1,3517.55,3517.55,West,Distributor,Delivered
SO-001468,2026-04-05,CUS-0047,PRD-0143,23,3441.89,79163.47,West,Retail,Delivered
SO-001469,2025-09-30,CUS-0332,PRD-0316,26,4989.5,129727.0,Central,Online,Delivered
SO-001470,2024-11-01,CUS-0200,PRD-0390,16,7410.23,118563.68,Central,Retail,Shipped
SO-001471,2025-03-30,CUS-0424,PRD-0159,23,285.58,6568.34,West,Retail,Delivered
SO-001472,2026-01-03,CUS-0458,PRD-0409,3,6491.0,19473.0,South,Distributor,Delivered
SO-001473,2025-08-28,CUS-0165,PRD-0364,14,1766.9,24736.6,South,Retail,Delivered
SO-001474,2024-10-29,CUS-0847,PRD-0048,30,5984.63,179538.9,North,Retail,Delivered
SO-001475,2025-02-14,CUS-0600,PRD-0464,3,1224.83,3674.49,Central,Retail,Delivered
SO-001476,2025-01-27,CUS-0953,PRD-0456,27,4888.48,131988.96,North,Distributor,Shipped
SO-001477,2024-11-12,CUS-0311,PRD-0014,8,6325.69,50605.52,East,Distributor,Delivered
SO-001478,2024-10-02,CUS-0159,PRD-0161,22,3323.99,73127.78,West,Online,Shipped
SO-001479,2026-07-18,CUS-0100,PRD-0072,15,5632.64,84489.6,West,Distributor,Processing
SO-001480,2025-03-09,CUS-0457,PRD-0064,25,4638.95,115973.75,East,Retail,Shipped
SO-001481,2026-01-04,CUS-0764,PRD-0166,2,449.89,899.78,East,Retail,Shipped
SO-001482,2026-08-29,CUS-0240,PRD-0429,21,2369.99,49769.79,South,Distributor,Delivered
SO-001483,2026-09-19,CUS-0730,PRD-0219,26,4635.55,120524.3,North,Online,Delivered
SO-001484,2026-01-14,CUS-0415,PRD-0163,12,2675.79,32109.48,Central,Distributor,Delivered
SO-001485,2026-07-04,CUS-0353,PRD-0210,30,4444.7,133341.0,South,Distributor,Delivered
SO-001486,2026-06-25,CUS-0132,PRD-0139,3,4770.83,14312.49,West,Distributor,Processing
SO-001487,2026-07-14,CUS-0034,PRD-0049,30,5980.81,179424.3,North,Online,Cancelled
SO-001488,2026-04-26,CUS-0252,PRD-0453,6,178.97,1073.82,South,Distributor,Shipped
SO-001489,2025-03-02,CUS-0615,PRD-0462,11,4649.5,51144.5,North,Online,Delivered
SO-001490,2026-03-31,CUS-0572,PRD-0080,14,2718.86,38064.04,North,Online,Delivered
SO-001491,2026-01-09,CUS-0074,PRD-0404,24,2985.52,71652.48,Central,Retail,Delivered
SO-001492,2025-06-17,CUS-0512,PRD-0192,9,3532.37,31791.33,North,Online,Delivered
SO-001493,2024-10-17,CUS-0434,PRD-0449,4,5926.79,23707.16,South,Distributor,Shipped
SO-001494,2025-02-08,CUS-0950,PRD-0358,23,5153.45,118529.35,East,Online,Delivered
SO-001495,2026-07-14,CUS-0958,PRD-0432,6,2471.37,14828.22,East,Online,Cancelled
SO-001496,2025-08-06,CUS-0521,PRD-0187,19,4891.68,92941.92,Central,Retail,Delivered
SO-001497,2026-07-25,CUS-0685,PRD-0277,29,2927.41,84894.89,Central,Retail,Delivered
SO-001498,2025-04-17,CUS-0933,PRD-0364,6,1766.9,10601.4,South,Retail,Delivered
SO-001499,2025-11-02,CUS-0300,PRD-0168,9,7707.44,69366.96,South,Retail,Delivered
SO-001500,2026-01-27,CUS-0833,PRD-0008,5,1534.21,7671.05,West,Online,Delivered
SO-001501,2025-01-14,CUS-0779,PRD-0189,6,1868.59,11211.54,North,Distributor,Shipped
SO-001502,2025-02-24,CUS-0435,PRD-0319,1,408.03,408.03,Central,Online,Delivered
SO-001503,2025-06-21,CUS-0428,PRD-0253,20,6124.57,122491.4,East,Retail,Delivered
SO-001504,2024-11-04,CUS-0197,PRD-0180,3,646.97,1940.91,South,Retail,Shipped
SO-001505,2026-09-17,CUS-0283,PRD-0243,21,1508.36,31675.56,East,Distributor,Delivered
SO-001506,2025-04-26,CUS-0767,PRD-0183,18,5893.82,106088.76,West,Distributor,Delivered
SO-001507,2025-10-17,CUS-0601,PRD-0345,3,720.6,2161.8,North,Distributor,Processing
SO-001508,2025-11-10,CUS-0469,PRD-0232,8,4399.76,35198.08,West,Retail,Delivered
SO-001509,2025-03-25,CUS-0574,PRD-0381,11,2605.67,28662.37,East,Distributor,Delivered
SO-001510,2025-11-15,CUS-0378,PRD-0116,12,5550.12,66601.44,Central,Distributor,Delivered
SO-001511,2025-05-23,CUS-0893,PRD-0200,29,4901.29,142137.41,North,Distributor,Delivered
SO-001512,2025-12-02,CUS-0478,PRD-0045,22,5980.43,131569.46,South,Distributor,Processing
SO-001513,2026-01-04,CUS-0354,PRD-0491,19,3343.98,63535.62,South,Online,Delivered
SO-001514,2025-04-06,CUS-0462,PRD-0498,21,1940.02,40740.42,West,Online,Delivered
SO-001515,2025-08-17,CUS-0794,PRD-0234,9,5180.98,46628.82,East,Retail,Delivered
SO-001516,2024-11-15,CUS-0057,PRD-0104,10,1361.82,13618.2,North,Distributor,Delivered
SO-001517,2024-10-07,CUS-0371,PRD-0476,18,5922.97,106613.46,South,Retail,Delivered
SO-001518,2025-01-26,CUS-0145,PRD-0197,11,2279.88,25078.68,East,Online,Delivered
SO-001519,2026-02-07,CUS-0378,PRD-0359,27,2454.17,66262.59,West,Distributor,Processing
SO-001520,2026-06-28,CUS-0037,PRD-0001,21,4203.15,88266.15,West,Online,Shipped
SO-001521,2026-04-06,CUS-0343,PRD-0244,12,4745.61,56947.32,West,Distributor,Processing
SO-001522,2026-07-01,CUS-0701,PRD-0205,18,3722.48,67004.64,North,Online,Delivered
SO-001523,2026-07-16,CUS-0287,PRD-0477,18,4468.82,80438.76,Central,Distributor,Delivered
SO-001524,2025-08-25,CUS-0101,PRD-0363,15,3326.43,49896.45,North,Online,Delivered
SO-001525,2025-03-03,CUS-0803,PRD-0325,21,4731.96,99371.16,East,Online,Delivered
SO-001526,2025-03-05,CUS-0577,PRD-0360,24,5924.33,142183.92,East,Online,Delivered
SO-001527,2025-06-12,CUS-0378,PRD-0094,10,3817.71,38177.1,East,Retail,Delivered
SO-001528,2026-07-17,CUS-0440,PRD-0155,1,3144.19,3144.19,North,Retail,Delivered
SO-001529,2025-07-07,CUS-0845,PRD-0343,6,1756.43,10538.58,North,Online,Delivered
SO-001530,2025-09-28,CUS-0714,PRD-0330,15,358.68,5380.2,East,Distributor,Cancelled
SO-001531,2026-01-25,CUS-0236,PRD-0093,29,893.67,25916.43,West,Online,Delivered
SO-001532,2025-03-16,CUS-0210,PRD-0441,16,4882.73,78123.68,West,Retail,Delivered
SO-001533,2024-10-31,CUS-0374,PRD-0082,11,3052.87,33581.57,Central,Online,Delivered
SO-001534,2025-08-01,CUS-0558,PRD-0364,30,1766.9,53007.0,North,Distributor,Delivered
SO-001535,2026-08-10,CUS-0494,PRD-0194,13,4224.31,54916.03,Central,Online,Delivered
SO-001536,2025-04-12,CUS-0050,PRD-0166,28,449.89,12596.92,West,Retail,Shipped
SO-001537,2024-11-23,CUS-0887,PRD-0238,19,7774.25,147710.75,East,Online,Delivered
SO-001538,2024-12-18,CUS-0031,PRD-0040,25,7578.91,189472.75,North,Distributor,Delivered
SO-001539,2025-06-20,CUS-0444,PRD-0308,20,3641.56,72831.2,Central,Distributor,Delivered
SO-001540,2025-09-17,CUS-0212,PRD-0490,15,789.31,11839.65,North,Online,Processing
SO-001541,2026-07-15,CUS-0317,PRD-0015,14,925.14,12951.96,West,Distributor,Delivered
SO-001542,2025-05-24,CUS-0088,PRD-0067,11,4391.39,48305.29,South,Online,Processing
SO-001543,2025-04-15,CUS-0630,PRD-0497,23,2230.12,51292.76,North,Retail,Delivered
SO-001544,2026-07-08,CUS-0921,PRD-0189,28,1868.59,52320.52,North,Retail,Delivered
SO-001545,2025-07-05,CUS-0467,PRD-0493,8,3468.32,27746.56,Central,Retail,Processing
SO-001546,2025-09-01,CUS-0313,PRD-0226,23,4386.36,100886.28,East,Retail,Delivered
SO-001547,2024-11-02,CUS-0931,PRD-0266,28,1989.53,55706.84,South,Distributor,Delivered
SO-001548,2024-11-25,CUS-0331,PRD-0012,3,864.95,2594.85,West,Retail,Delivered
SO-001549,2024-11-06,CUS-0159,PRD-0192,12,4238.84,50866.08,North,Online,Delivered
SO-001550,2025-01-16,CUS-0838,PRD-0420,13,2779.86,36138.18,South,Distributor,Delivered
SO-001551,2025-07-30,CUS-0188,PRD-0270,8,4608.03,36864.24,South,Online,Delivered
SO-001552,2025-08-15,CUS-0433,PRD-0253,10,6124.57,61245.7,South,Online,Processing
SO-001553,2026-01-21,CUS-0071,PRD-0423,25,711.1,17777.5,South,Retail,Delivered
SO-001554,2026-03-26,CUS-0111,PRD-0126,19,287.88,5469.72,South,Retail,Delivered
SO-001555,2026-08-28,CUS-0719,PRD-0492,10,1708.12,17081.2,South,Online,Delivered
SO-001556,2025-03-25,CUS-0787,PRD-0478,10,2188.84,21888.4,North,Retail,Delivered
SO-001557,2025-09-02,CUS-0007,PRD-0010,28,4577.14,128159.92,South,Online,Cancelled
SO-001558,2026-08-02,CUS-0604,PRD-0404,6,2985.52,17913.12,Central,Distributor,Delivered
SO-001559,2024-11-18,CUS-0206,PRD-0276,13,5881.03,76453.39,East,Distributor,Delivered
SO-001560,2025-03-05,CUS-0374,PRD-0005,12,726.84,8722.08,West,Retail,Processing
SO-001561,2025-06-01,CUS-0852,PRD-0270,22,4608.03,101376.66,West,Online,Cancelled
SO-001562,2024-12-21,CUS-0478,PRD-0222,28,3709.49,103865.72,South,Online,Delivered
SO-001563,2024-10-21,CUS-0021,PRD-0498,15,2328.02,34920.3,East,Distributor,Processing
SO-001564,2026-02-24,CUS-0341,PRD-0388,20,5873.8,117476.0,Central,Distributor,Processing
SO-001565,2025-03-30,CUS-0402,PRD-0194,12,4224.31,50691.72,West,Retail,Delivered
SO-001566,2025-10-23,CUS-0386,PRD-0437,19,1535.1,29166.9,East,Distributor,Delivered
SO-001567,2025-04-03,CUS-0607,PRD-0285,27,3435.8,92766.6,East,Distributor,Delivered
SO-001568,2026-06-26,CUS-0897,PRD-0004,27,3891.43,105068.61,East,Retail,Delivered
SO-001569,2026-04-10,CUS-0144,PRD-0173,11,1781.05,19591.55,East,Distributor,Processing
SO-001570,2026-05-12,CUS-0242,PRD-0160,9,4023.81,36214.29,Central,Distributor,Delivered
SO-001571,2024-10-01,CUS-0685,PRD-0189,24,2242.31,53815.44,Central,Distributor,Delivered
SO-001572,2025-08-19,CUS-0352,PRD-0183,18,5893.82,106088.76,South,Online,Cancelled
SO-001573,2025-05-27,CUS-0651,PRD-0135,5,4458.53,22292.65,Central,Online,Delivered
SO-001574,2025-07-23,CUS-0109,PRD-0421,14,2848.48,39878.72,West,Retail,Delivered
SO-001575,2025-10-01,CUS-0627,PRD-0011,3,1344.48,4033.44,North,Distributor,Processing
SO-001576,2026-07-15,CUS-0143,PRD-0204,8,1649.53,13196.24,North,Retail,Delivered
SO-001577,2026-08-06,CUS-0753,PRD-0081,15,5637.83,84567.45,South,Distributor,Delivered
SO-001578,2025-05-23,CUS-0864,PRD-0139,11,4770.83,52479.13,South,Online,Delivered
SO-001579,2025-03-12,CUS-0454,PRD-0416,30,3986.57,119597.1,West,Retail,Delivered
SO-001580,2025-02-28,CUS-0167,PRD-0227,9,3278.73,29508.57,West,Retail,Delivered
SO-001581,2025-07-20,CUS-0225,PRD-0289,27,2175.15,58729.05,South,Retail,Delivered
SO-001582,2025-05-28,CUS-0195,PRD-0469,18,1541.41,27745.38,West,Online,Delivered
SO-001583,2025-01-27,CUS-0949,PRD-0443,28,2487.24,69642.72,West,Retail,Delivered
SO-001584,2025-09-06,CUS-0430,PRD-0039,17,6475.29,110079.93,East,Retail,Delivered
SO-001585,2025-05-17,CUS-0410,PRD-0159,26,285.58,7425.08,East,Distributor,Delivered
SO-001586,2025-08-30,CUS-0540,PRD-0306,22,4623.48,101716.56,West,Online,Delivered
SO-001587,2026-04-03,CUS-0513,PRD-0217,15,5541.8,83127.0,East,Online,Shipped
SO-001588,2025-12-02,CUS-0713,PRD-0494,14,2937.64,41126.96,East,Online,Processing
SO-001589,2025-12-10,CUS-0343,PRD-0059,11,3205.9,35264.9,South,Distributor,Processing
SO-001590,2026-01-07,CUS-0930,PRD-0008,1,1534.21,1534.21,West,Retail,Delivered
SO-001591,2026-05-08,CUS-0769,PRD-0451,3,3229.85,9689.55,West,Online,Delivered
SO-001592,2026-05-01,CUS-0018,PRD-0057,17,2825.39,48031.63,East,Distributor,Delivered
SO-001593,2026-05-22,CUS-0157,PRD-0320,23,2589.33,59554.59,South,Retail,Delivered
SO-001594,2026-05-21,CUS-0618,PRD-0328,1,5555.74,5555.74,East,Online,Delivered
SO-001595,2024-10-22,CUS-0859,PRD-0015,17,1110.17,18872.89,Central,Online,Delivered
SO-001596,2025-04-06,CUS-0125,PRD-0246,11,2017.09,22187.99,East,Distributor,Delivered
SO-001597,2026-02-21,CUS-0905,PRD-0358,19,5153.45,97915.55,Central,Retail,Delivered
SO-001598,2026-03-13,CUS-0912,PRD-0214,8,5261.22,42089.76,North,Online,Processing
SO-001599,2025-09-09,CUS-0198,PRD-0126,18,287.88,5181.84,Central,Distributor,Delivered
SO-001600,2026-02-25,CUS-0792,PRD-0035,27,3375.68,91143.36,Central,Online,Delivered
SO-001601,2026-02-23,CUS-0771,PRD-0110,22,1471.72,32377.84,North,Retail,Processing
SO-001602,2026-08-21,CUS-0320,PRD-0273,27,861.12,23250.24,South,Distributor,Delivered
SO-001603,2025-08-09,CUS-0971,PRD-0367,5,4933.94,24669.7,West,Online,Processing
SO-001604,2024-12-16,CUS-0663,PRD-0371,21,2973.47,62442.87,South,Distributor,Delivered
SO-001605,2025-01-01,CUS-0860,PRD-0136,29,6112.94,177275.26,West,Online,Delivered
SO-001606,2025-02-07,CUS-0275,PRD-0120,6,396.45,2378.7,East,Retail,Shipped
SO-001607,2025-06-26,CUS-0811,PRD-0487,27,5920.64,159857.28,South,Online,Delivered
SO-001608,2026-06-18,CUS-0028,PRD-0016,27,3646.5,98455.5,North,Online,Delivered
SO-001609,2025-07-28,CUS-0414,PRD-0045,23,4983.69,114624.87,West,Online,Shipped
SO-001610,2025-09-10,CUS-0959,PRD-0461,13,3797.59,49368.67,West,Distributor,Delivered
SO-001611,2024-11-15,CUS-0277,PRD-0211,3,7352.6,22057.8,West,Retail,Delivered
SO-001612,2026-06-07,CUS-0996,PRD-0196,19,2215.24,42089.56,West,Retail,Delivered
SO-001613,2025-05-20,CUS-0067,PRD-0003,10,4440.58,44405.8,East,Online,Delivered
SO-001614,2025-01-03,CUS-0247,PRD-0212,2,3901.66,7803.32,South,Distributor,Delivered
SO-001615,2024-11-29,CUS-0598,PRD-0306,19,5548.18,105415.42,Central,Online,Delivered
SO-001616,2025-10-14,CUS-0348,PRD-0334,27,1427.7,38547.9,West,Distributor,Delivered
SO-001617,2024-10-07,CUS-0316,PRD-0010,19,5492.57,104358.83,North,Distributor,Delivered
SO-001618,2024-12-30,CUS-0233,PRD-0175,30,4946.87,148406.1,East,Retail,Delivered
SO-001619,2026-09-07,CUS-0909,PRD-0333,11,4973.55,54709.05,Central,Online,Delivered
SO-001620,2025-08-28,CUS-0929,PRD-0346,13,2035.62,26463.06,North,Retail,Delivered
SO-001621,2024-10-03,CUS-0974,PRD-0120,5,475.74,2378.7,North,Distributor,Shipped
SO-001622,2024-12-23,CUS-0622,PRD-0451,8,3875.82,31006.56,East,Retail,Cancelled
SO-001623,2026-01-16,CUS-0415,PRD-0279,17,3569.68,60684.56,East,Retail,Delivered
SO-001624,2025-02-05,CUS-0429,PRD-0165,26,1524.02,39624.52,West,Distributor,Delivered
SO-001625,2025-09-13,CUS-0388,PRD-0030,10,4305.15,43051.5,South,Online,Shipped
SO-001626,2025-06-06,CUS-0154,PRD-0419,15,2288.99,34334.85,East,Online,Delivered
SO-001627,2025-08-23,CUS-0686,PRD-0452,9,1534.7,13812.3,East,Retail,Delivered
SO-001628,2025-03-11,CUS-0917,PRD-0323,7,5698.59,39890.13,West,Distributor,Delivered
SO-001629,2025-04-01,CUS-0561,PRD-0445,21,1132.7,23786.7,East,Distributor,Cancelled
SO-001630,2025-10-20,CUS-0328,PRD-0213,14,5485.34,76794.76,West,Online,Delivered
SO-001631,2025-01-30,CUS-0507,PRD-0046,17,5675.2,96478.4,North,Distributor,Delivered
SO-001632,2026-05-04,CUS-0123,PRD-0412,14,4004.86,56068.04,West,Retail,Delivered
SO-001633,2025-06-24,CUS-0433,PRD-0222,7,3091.24,21638.68,East,Distributor,Delivered
SO-001634,2025-03-17,CUS-0363,PRD-0017,17,3807.74,64731.58,South,Retail,Delivered
SO-001635,2026-07-13,CUS-0884,PRD-0343,9,1756.43,15807.87,East,Retail,Delivered
SO-001636,2025-11-20,CUS-0250,PRD-0478,18,2626.61,47278.98,Central,Retail,Processing
SO-001637,2026-05-22,CUS-0485,PRD-0498,24,1940.02,46560.48,Central,Distributor,Delivered
SO-001638,2026-06-20,CUS-0090,PRD-0176,30,623.57,18707.1,North,Retail,Delivered
SO-001639,2025-09-25,CUS-0880,PRD-0220,3,4804.28,14412.84,South,Retail,Delivered
SO-001640,2025-04-01,CUS-0818,PRD-0063,16,3878.37,62053.92,East,Online,Delivered
SO-001641,2026-06-08,CUS-0418,PRD-0088,5,449.41,2247.05,North,Retail,Delivered
SO-001642,2025-04-16,CUS-0753,PRD-0046,8,5675.2,45401.6,West,Online,Delivered
SO-001643,2024-12-14,CUS-0294,PRD-0202,21,5921.35,124348.35,East,Online,Delivered
SO-001644,2026-03-15,CUS-0878,PRD-0185,11,3168.36,34851.96,South,Retail,Delivered
SO-001645,2025-03-29,CUS-0091,PRD-0205,1,3722.48,3722.48,Central,Retail,Delivered
SO-001646,2025-06-13,CUS-0604,PRD-0345,18,600.5,10809.0,West,Online,Delivered
SO-001647,2025-01-14,CUS-0219,PRD-0243,15,1508.36,22625.4,Central,Distributor,Delivered
SO-001648,2025-05-21,CUS-0619,PRD-0420,24,2779.86,66716.64,West,Retail,Shipped
SO-001649,2026-01-23,CUS-0747,PRD-0283,21,6186.51,129916.71,Central,Retail,Delivered
SO-001650,2026-02-05,CUS-0698,PRD-0325,30,4731.96,141958.8,East,Online,Delivered
SO-001651,2026-08-15,CUS-0071,PRD-0198,7,4920.31,34442.17,East,Online,Shipped
SO-001652,2025-11-23,CUS-0658,PRD-0396,17,6075.28,103279.76,East,Distributor,Delivered
SO-001653,2025-07-10,CUS-0539,PRD-0209,9,293.57,2642.13,Central,Online,Shipped
SO-001654,2025-02-16,CUS-0673,PRD-0439,26,3737.46,97173.96,South,Online,Delivered
SO-001655,2026-03-13,CUS-0524,PRD-0410,9,4500.44,40503.96,Central,Retail,Shipped
SO-001656,2025-12-30,CUS-0534,PRD-0379,8,7768.86,62150.88,South,Distributor,Delivered
SO-001657,2024-11-17,CUS-0224,PRD-0011,25,1344.48,33612.0,East,Online,Delivered
SO-001658,2025-04-06,CUS-0582,PRD-0367,28,4933.94,138150.32,East,Online,Delivered
SO-001659,2026-08-25,CUS-0449,PRD-0477,17,4468.82,75969.94,Central,Retail,Delivered
SO-001660,2024-12-04,CUS-0571,PRD-0370,6,2177.53,13065.18,Central,Distributor,Shipped
SO-001661,2026-01-05,CUS-0370,PRD-0204,17,1649.53,28042.01,East,Retail,Delivered
SO-001662,2025-08-08,CUS-0506,PRD-0048,5,4987.19,24935.95,Central,Online,Delivered
SO-001663,2025-03-19,CUS-0538,PRD-0308,22,3641.56,80114.32,South,Distributor,Delivered
SO-001664,2026-01-08,CUS-0563,PRD-0122,13,4378.36,56918.68,Central,Distributor,Delivered
SO-001665,2024-12-12,CUS-0341,PRD-0077,22,3543.29,77952.38,South,Retail,Shipped
SO-001666,2026-01-11,CUS-0265,PRD-0244,6,4745.61,28473.66,South,Retail,Processing
SO-001667,2025-11-26,CUS-0105,PRD-0012,5,864.95,4324.75,South,Retail,Cancelled
SO-001668,2025-09-22,CUS-0390,PRD-0001,9,4203.15,37828.35,North,Online,Processing
SO-001669,2025-09-12,CUS-0335,PRD-0143,18,3441.89,61954.02,East,Distributor,Delivered
SO-001670,2025-07-04,CUS-0767,PRD-0273,27,861.12,23250.24,North,Online,Delivered
SO-001671,2026-02-25,CUS-0967,PRD-0093,26,893.67,23235.42,Central,Retail,Delivered
SO-001672,2025-04-22,CUS-0479,PRD-0446,5,4423.18,22115.9,East,Distributor,Delivered
SO-001673,2026-01-03,CUS-0325,PRD-0354,2,3997.01,7994.02,West,Distributor,Delivered
SO-001674,2024-11-06,CUS-0453,PRD-0206,4,5502.71,22010.84,North,Retail,Delivered
SO-001675,2026-01-27,CUS-0729,PRD-0048,30,4987.19,149615.7,North,Distributor,Delivered
SO-001676,2026-07-18,CUS-0313,PRD-0453,30,178.97,5369.1,North,Distributor,Delivered
SO-001677,2026-03-01,CUS-0169,PRD-0307,15,6374.16,95612.4,North,Online,Delivered
SO-001678,2025-11-19,CUS-0078,PRD-0017,2,4569.29,9138.58,East,Distributor,Delivered
SO-001679,2025-07-19,CUS-0550,PRD-0377,10,4265.65,42656.5,West,Online,Delivered
SO-001680,2024-11-13,CUS-0928,PRD-0408,16,3657.28,58516.48,East,Retail,Delivered
SO-001681,2026-08-06,CUS-0813,PRD-0469,26,1541.41,40076.66,South,Retail,Delivered
SO-001682,2025-08-15,CUS-0036,PRD-0189,9,1868.59,16817.31,West,Retail,Delivered
SO-001683,2025-01-22,CUS-0656,PRD-0275,13,509.9,6628.7,North,Retail,Delivered
SO-001684,2025-11-29,CUS-0580,PRD-0042,18,6031.16,108560.88,West,Distributor,Delivered
SO-001685,2024-12-04,CUS-0867,PRD-0054,4,7631.71,30526.84,Central,Retail,Delivered
SO-001686,2025-04-01,CUS-0953,PRD-0470,16,3381.78,54108.48,West,Distributor,Delivered
SO-001687,2025-01-01,CUS-0438,PRD-0180,12,539.14,6469.68,West,Retail,Delivered
SO-001688,2026-04-19,CUS-0044,PRD-0297,3,4113.85,12341.55,South,Online,Shipped
SO-001689,2025-01-19,CUS-0104,PRD-0438,24,2366.01,56784.24,North,Online,Delivered
SO-001690,2026-01-05,CUS-0029,PRD-0194,10,4224.31,42243.1,East,Online,Delivered
SO-001691,2026-01-18,CUS-0479,PRD-0471,8,3378.4,27027.2,North,Retail,Delivered
SO-001692,2025-06-07,CUS-0815,PRD-0233,22,4244.4,93376.8,South,Online,Delivered
SO-001693,2026-06-27,CUS-0147,PRD-0346,9,2035.62,18320.58,Central,Retail,Delivered
SO-001694,2026-09-16,CUS-0997,PRD-0173,9,1781.05,16029.45,West,Online,Delivered
SO-001695,2025-11-02,CUS-0593,PRD-0051,14,6872.95,96221.3,West,Retail,Delivered
SO-001696,2025-11-20,CUS-0379,PRD-0099,18,3651.02,65718.36,South,Retail,Delivered
SO-001697,2026-02-22,CUS-0197,PRD-0220,3,4804.28,14412.84,East,Retail,Delivered
SO-001698,2025-12-10,CUS-0441,PRD-0456,7,5866.18,41063.26,West,Distributor,Delivered
SO-001699,2026-05-05,CUS-0363,PRD-0122,17,4378.36,74432.12,South,Online,Delivered
SO-001700,2026-09-11,CUS-0899,PRD-0318,9,3772.35,33951.15,West,Distributor,Delivered
SO-001701,2024-10-12,CUS-0386,PRD-0172,7,7014.26,49099.82,North,Distributor,Delivered
SO-001702,2025-05-20,CUS-0185,PRD-0435,9,4429.61,39866.49,East,Online,Delivered
SO-001703,2026-04-26,CUS-0191,PRD-0305,26,6071.0,157846.0,South,Online,Shipped
SO-001704,2025-07-22,CUS-0454,PRD-0318,6,3772.35,22634.1,North,Online,Processing
SO-001705,2026-03-07,CUS-0753,PRD-0164,27,5816.24,157038.48,South,Online,Cancelled
SO-001706,2026-03-12,CUS-0447,PRD-0210,2,4444.7,8889.4,South,Retail,Delivered
SO-001707,2026-07-22,CUS-0746,PRD-0317,26,6072.27,157879.02,East,Online,Delivered
SO-001708,2025-08-09,CUS-0800,PRD-0041,23,4472.49,102867.27,Central,Retail,Shipped
SO-001709,2026-06-05,CUS-0591,PRD-0447,16,4346.55,69544.8,West,Distributor,Processing
SO-001710,2024-11-03,CUS-0094,PRD-0294,4,6767.38,27069.52,North,Online,Cancelled
SO-001711,2025-12-08,CUS-0660,PRD-0184,26,6704.87,174326.62,East,Distributor,Shipped
SO-001712,2025-06-29,CUS-0291,PRD-0119,5,3649.58,18247.9,West,Distributor,Delivered
SO-001713,2024-12-02,CUS-0313,PRD-0242,12,5834.59,70015.08,South,Online,Delivered
SO-001714,2025-04-25,CUS-0780,PRD-0421,20,2848.48,56969.6,South,Online,Shipped
SO-001715,2025-04-28,CUS-0427,PRD-0305,29,6071.0,176059.0,Central,Online,Delivered
SO-001716,2024-11-05,CUS-0225,PRD-0476,11,5922.97,65152.67,North,Distributor,Processing
SO-001717,2025-08-10,CUS-0896,PRD-0316,10,4989.5,49895.0,West,Online,Delivered
SO-001718,2024-12-01,CUS-0334,PRD-0083,22,7238.3,159242.6,Central,Retail,Delivered
SO-001719,2025-12-25,CUS-0085,PRD-0197,30,2735.86,82075.8,Central,Online,Delivered
SO-001720,2026-09-02,CUS-0425,PRD-0378,5,418.86,2094.3,North,Retail,Delivered
SO-001721,2024-12-09,CUS-0309,PRD-0210,22,5333.64,117340.08,West,Online,Shipped
SO-001722,2025-11-18,CUS-0724,PRD-0192,19,4238.84,80537.96,Central,Retail,Delivered
SO-001723,2026-05-25,CUS-0467,PRD-0155,21,3144.19,66027.99,South,Distributor,Cancelled
SO-001724,2026-01-20,CUS-0835,PRD-0377,2,4265.65,8531.3,East,Online,Shipped
SO-001725,2025-10-28,CUS-0151,PRD-0051,1,6872.95,6872.95,South,Retail,Delivered
SO-001726,2026-05-08,CUS-0635,PRD-0313,19,5464.72,103829.68,South,Online,Shipped
SO-001727,2025-06-06,CUS-0204,PRD-0491,7,3343.98,23407.86,East,Online,Shipped
SO-001728,2025-02-18,CUS-0380,PRD-0005,19,726.84,13809.96,North,Retail,Delivered
SO-001729,2024-11-01,CUS-0912,PRD-0424,20,3457.26,69145.2,South,Distributor,Delivered
SO-001730,2026-04-04,CUS-0449,PRD-0350,13,3791.55,49290.15,Central,Retail,Delivered
SO-001731,2025-02-08,CUS-0471,PRD-0302,10,217.1,2171.0,North,Distributor,Delivered
SO-001732,2026-05-24,CUS-0368,PRD-0007,19,4691.05,89129.95,West,Retail,Delivered
SO-001733,2026-02-18,CUS-0099,PRD-0418,12,2869.54,34434.48,East,Online,Delivered
SO-001734,2025-08-25,CUS-0320,PRD-0382,26,2799.84,72795.84,West,Distributor,Delivered
SO-001735,2026-03-01,CUS-0690,PRD-0261,26,5917.17,153846.42,East,Retail,Processing
SO-001736,2025-02-06,CUS-0844,PRD-0236,25,4359.42,108985.5,Central,Distributor,Delivered
SO-001737,2025-10-21,CUS-0905,PRD-0249,25,2389.09,59727.25,North,Retail,Delivered
SO-001738,2026-01-26,CUS-0137,PRD-0117,18,842.63,15167.34,South,Online,Shipped
SO-001739,2026-05-19,CUS-0036,PRD-0144,27,2450.1,66152.7,Central,Distributor,Delivered
SO-001740,2025-05-24,CUS-0754,PRD-0140,10,3991.55,39915.5,West,Online,Delivered
SO-001741,2025-05-05,CUS-0920,PRD-0263,6,4085.94,24515.64,North,Online,Delivered
SO-001742,2025-09-16,CUS-0610,PRD-0220,24,4804.28,115302.72,Central,Distributor,Delivered
SO-001743,2025-01-03,CUS-0246,PRD-0271,28,4508.65,126242.2,Central,Online,Delivered
SO-001744,2024-11-20,CUS-0515,PRD-0181,18,4303.72,77466.96,West,Online,Delivered
SO-001745,2024-10-21,CUS-0278,PRD-0152,23,1762.64,40540.72,North,Retail,Shipped
SO-001746,2025-12-07,CUS-0644,PRD-0318,17,4526.82,76955.94,North,Retail,Delivered
SO-001747,2026-04-11,CUS-0497,PRD-0339,27,1245.19,33620.13,East,Retail,Delivered
SO-001748,2026-09-26,CUS-0696,PRD-0399,5,4340.93,21704.65,West,Online,Delivered
SO-001749,2024-11-02,CUS-0782,PRD-0197,6,2735.86,16415.16,East,Online,Delivered
SO-001750,2026-08-06,CUS-0199,PRD-0479,7,2931.29,20519.03,West,Distributor,Processing
SO-001751,2025-01-15,CUS-0386,PRD-0067,27,4391.39,118567.53,South,Distributor,Delivered
SO-001752,2025-05-03,CUS-0216,PRD-0161,27,2769.99,74789.73,South,Retail,Delivered
SO-001753,2025-12-17,CUS-0582,PRD-0443,6,2984.69,17908.14,North,Distributor,Delivered
SO-001754,2025-07-17,CUS-0312,PRD-0029,8,5712.46,45699.68,South,Online,Delivered
SO-001755,2024-11-24,CUS-0481,PRD-0172,6,7014.26,42085.56,South,Distributor,Delivered
SO-001756,2026-06-07,CUS-0990,PRD-0413,26,1881.85,48928.1,North,Online,Delivered
SO-001757,2024-10-05,CUS-0246,PRD-0016,14,4375.8,61261.2,East,Retail,Delivered
SO-001758,2025-06-10,CUS-0132,PRD-0435,11,4429.61,48725.71,East,Online,Cancelled
SO-001759,2026-08-19,CUS-0951,PRD-0463,7,863.66,6045.62,South,Online,Delivered
SO-001760,2025-01-12,CUS-0807,PRD-0220,9,4804.28,43238.52,East,Distributor,Shipped
SO-001761,2025-09-12,CUS-0973,PRD-0310,18,5633.85,101409.3,East,Online,Delivered
SO-001762,2025-06-16,CUS-0318,PRD-0062,14,263.99,3695.86,South,Retail,Processing
SO-001763,2026-05-24,CUS-0787,PRD-0275,25,509.9,12747.5,South,Retail,Delivered
SO-001764,2026-06-21,CUS-0975,PRD-0198,6,4920.31,29521.86,East,Distributor,Cancelled
SO-001765,2024-12-11,CUS-0618,PRD-0050,13,3890.9,50581.7,Central,Online,Delivered
SO-001766,2025-08-28,CUS-0863,PRD-0044,7,150.67,1054.69,South,Distributor,Processing
SO-001767,2025-05-30,CUS-0372,PRD-0364,28,1766.9,49473.2,South,Online,Delivered
SO-001768,2024-11-08,CUS-0591,PRD-0166,20,539.87,10797.4,South,Online,Delivered
SO-001769,2025-01-08,CUS-0478,PRD-0380,26,1625.68,42267.68,West,Distributor,Delivered
SO-001770,2025-04-28,CUS-0391,PRD-0473,12,784.86,9418.32,South,Distributor,Delivered
SO-001771,2025-08-21,CUS-0851,PRD-0284,24,386.28,9270.72,North,Online,Delivered
SO-001772,2025-05-04,CUS-0292,PRD-0243,23,1508.36,34692.28,West,Distributor,Processing
SO-001773,2024-11-25,CUS-0698,PRD-0225,17,5892.64,100174.88,South,Online,Delivered
SO-001774,2025-08-17,CUS-0474,PRD-0158,28,1560.96,43706.88,South,Online,Shipped
SO-001775,2024-10-29,CUS-0826,PRD-0287,13,5008.31,65108.03,South,Retail,Delivered
SO-001776,2025-05-16,CUS-0735,PRD-0410,3,4500.44,13501.32,East,Distributor,Delivered
SO-001777,2026-02-19,CUS-0869,PRD-0462,19,4649.5,88340.5,East,Distributor,Delivered
SO-001778,2025-05-23,CUS-0364,PRD-0321,3,6275.93,18827.79,West,Retail,Delivered
SO-001779,2025-03-15,CUS-0594,PRD-0267,3,1127.11,3381.33,South,Online,Delivered
SO-001780,2026-05-04,CUS-0721,PRD-0326,9,606.66,5459.94,West,Distributor,Delivered
SO-001781,2025-10-06,CUS-0012,PRD-0090,30,590.78,17723.4,Central,Online,Delivered
SO-001782,2026-02-12,CUS-0001,PRD-0211,5,6127.17,30635.85,South,Retail,Delivered
SO-001783,2025-09-29,CUS-0552,PRD-0271,8,4508.65,36069.2,Central,Retail,Processing
SO-001784,2026-03-05,CUS-0810,PRD-0384,25,2729.7,68242.5,West,Retail,Delivered
SO-001785,2024-11-24,CUS-0290,PRD-0476,12,5922.97,71075.64,Central,Retail,Delivered
SO-001786,2026-07-30,CUS-0735,PRD-0342,10,3067.52,30675.2,East,Online,Processing
SO-001787,2025-04-18,CUS-0927,PRD-0036,21,5615.22,117919.62,East,Distributor,Delivered
SO-001788,2024-12-21,CUS-0714,PRD-0286,28,1543.31,43212.68,Central,Retail,Delivered
SO-001789,2025-06-13,CUS-0359,PRD-0309,19,6002.3,114043.7,Central,Retail,Delivered
SO-001790,2025-01-19,CUS-0410,PRD-0060,28,5860.54,164095.12,West,Online,Delivered
SO-001791,2025-08-20,CUS-0969,PRD-0010,14,4577.14,64079.96,North,Distributor,Delivered
SO-001792,2025-10-31,CUS-0035,PRD-0319,25,489.64,12241.0,East,Retail,Delivered
SO-001793,2025-02-26,CUS-0015,PRD-0276,6,4900.86,29405.16,South,Online,Shipped
SO-001794,2025-11-25,CUS-0486,PRD-0080,18,3262.63,58727.34,South,Online,Cancelled
SO-001795,2025-05-31,CUS-0274,PRD-0183,29,5893.82,170920.78,West,Distributor,Delivered
SO-001796,2024-12-24,CUS-0214,PRD-0199,26,6538.06,169989.56,Central,Retail,Delivered
SO-001797,2024-12-26,CUS-0427,PRD-0224,2,2288.14,4576.28,Central,Distributor,Delivered
SO-001798,2025-02-11,CUS-0076,PRD-0020,30,1900.69,57020.7,South,Online,Cancelled
SO-001799,2025-08-12,CUS-0450,PRD-0196,19,2215.24,42089.56,East,Distributor,Delivered
SO-001800,2025-10-13,CUS-0405,PRD-0225,30,5892.64,176779.2,East,Online,Shipped
SO-001801,2025-03-23,CUS-0160,PRD-0018,6,4342.25,26053.5,North,Retail,Delivered
SO-001802,2026-02-05,CUS-0624,PRD-0155,21,3144.19,66027.99,West,Distributor,Delivered
SO-001803,2024-10-25,CUS-0896,PRD-0137,22,1520.96,33461.12,North,Online,Delivered
SO-001804,2025-06-19,CUS-0327,PRD-0403,4,853.94,3415.76,South,Retail,Delivered
SO-001805,2025-04-12,CUS-0114,PRD-0399,14,4340.93,60773.02,South,Distributor,Delivered
SO-001806,2024-12-06,CUS-0644,PRD-0497,21,2676.14,56198.94,South,Retail,Delivered
SO-001807,2025-03-11,CUS-0842,PRD-0043,8,1999.6,15996.8,East,Online,Delivered
SO-001808,2026-08-20,CUS-0671,PRD-0493,17,3468.32,58961.44,East,Retail,Shipped
SO-001809,2024-12-10,CUS-0206,PRD-0407,15,5715.05,85725.75,West,Retail,Delivered
SO-001810,2024-12-09,CUS-0497,PRD-0471,4,4054.08,16216.32,North,Online,Delivered
SO-001811,2025-04-25,CUS-0255,PRD-0484,30,4236.53,127095.9,East,Online,Delivered
SO-001812,2026-08-15,CUS-0372,PRD-0296,23,3432.45,78946.35,North,Online,Delivered
SO-001813,2025-12-27,CUS-0657,PRD-0227,16,3934.48,62951.68,Central,Online,Delivered
SO-001814,2025-06-06,CUS-0795,PRD-0035,17,3375.68,57386.56,Central,Distributor,Delivered
SO-001815,2026-08-01,CUS-0566,PRD-0202,24,4934.46,118427.04,North,Online,Shipped
SO-001816,2026-03-01,CUS-0992,PRD-0307,7,6374.16,44619.12,East,Online,Delivered
SO-001817,2024-12-11,CUS-0687,PRD-0411,18,717.76,12919.68,Central,Distributor,Delivered
SO-001818,2025-11-21,CUS-0254,PRD-0003,3,5328.7,15986.1,North,Retail,Delivered
SO-001819,2025-12-14,CUS-0156,PRD-0286,23,1543.31,35496.13,East,Distributor,Delivered
SO-001820,2025-09-19,CUS-0408,PRD-0198,18,4920.31,88565.58,South,Retail,Delivered
SO-001821,2026-03-22,CUS-0695,PRD-0261,19,5917.17,112426.23,East,Distributor,Processing
SO-001822,2025-02-05,CUS-0017,PRD-0020,7,1900.69,13304.83,North,Distributor,Shipped
SO-001823,2026-03-19,CUS-0684,PRD-0478,30,2188.84,65665.2,South,Online,Delivered
SO-001824,2025-04-11,CUS-0323,PRD-0084,28,2824.56,79087.68,North,Retail,Delivered
SO-001825,2026-02-08,CUS-0237,PRD-0061,21,1709.16,35892.36,North,Retail,Cancelled
SO-001826,2026-08-01,CUS-0958,PRD-0429,19,2369.99,45029.81,South,Retail,Processing
SO-001827,2026-08-18,CUS-0810,PRD-0402,5,463.79,2318.95,Central,Retail,Delivered
SO-001828,2025-08-10,CUS-0168,PRD-0040,1,6315.76,6315.76,North,Online,Delivered
SO-001829,2025-04-16,CUS-0651,PRD-0456,27,4888.48,131988.96,South,Online,Delivered
SO-001830,2026-03-17,CUS-0315,PRD-0318,21,3772.35,79219.35,West,Distributor,Delivered
SO-001831,2025-12-04,CUS-0198,PRD-0458,18,4426.9,79684.2,South,Distributor,Shipped
SO-001832,2025-04-28,CUS-0733,PRD-0258,1,3684.93,3684.93,Central,Online,Delivered
SO-001833,2024-12-17,CUS-0881,PRD-0054,8,7631.71,61053.68,West,Retail,Delivered
SO-001834,2025-01-09,CUS-0093,PRD-0095,12,652.24,7826.88,South,Distributor,Processing
SO-001835,2024-12-15,CUS-0915,PRD-0147,12,3231.95,38783.4,West,Retail,Delivered
SO-001836,2025-10-18,CUS-0937,PRD-0352,23,217.9,5011.7,West,Online,Delivered
SO-001837,2025-03-27,CUS-0701,PRD-0220,11,4804.28,52847.08,East,Online,Delivered
SO-001838,2025-08-12,CUS-0553,PRD-0186,24,4929.64,118311.36,West,Retail,Delivered
SO-001839,2024-10-29,CUS-0588,PRD-0072,4,6759.17,27036.68,North,Online,Delivered
SO-001840,2026-07-05,CUS-0988,PRD-0143,1,3441.89,3441.89,East,Distributor,Delivered
SO-001841,2025-03-28,CUS-0922,PRD-0062,12,263.99,3167.88,West,Online,Processing
SO-001842,2025-01-25,CUS-0216,PRD-0298,6,1831.15,10986.9,East,Online,Delivered
SO-001843,2024-12-02,CUS-0366,PRD-0349,11,1969.2,21661.2,East,Distributor,Delivered
SO-001844,2025-04-09,CUS-0641,PRD-0276,4,4900.86,19603.44,Central,Online,Delivered
SO-001845,2025-09-08,CUS-0209,PRD-0285,14,3435.8,48101.2,North,Online,Processing
SO-001846,2025-02-26,CUS-0665,PRD-0261,15,5917.17,88757.55,North,Distributor,Delivered
SO-001847,2025-01-02,CUS-0919,PRD-0132,8,280.75,2246.0,South,Retail,Cancelled
SO-001848,2024-11-07,CUS-0177,PRD-0345,3,720.6,2161.8,West,Distributor,Delivered
SO-001849,2026-07-24,CUS-0565,PRD-0077,10,2952.74,29527.4,West,Retail,Delivered
SO-001850,2025-09-17,CUS-0693,PRD-0364,30,1766.9,53007.0,North,Distributor,Delivered
SO-001851,2026-07-21,CUS-0362,PRD-0055,21,947.86,19905.06,East,Retail,Delivered
SO-001852,2025-09-07,CUS-0861,PRD-0266,12,1657.94,19895.28,North,Distributor,Delivered
SO-001853,2025-04-14,CUS-0967,PRD-0454,17,5018.01,85306.17,Central,Retail,Shipped
SO-001854,2025-10-04,CUS-0482,PRD-0373,6,5314.45,31886.7,Central,Distributor,Cancelled
SO-001855,2026-01-05,CUS-0171,PRD-0472,26,4763.41,123848.66,West,Distributor,Delivered
SO-001856,2025-07-06,CUS-0823,PRD-0172,13,5845.22,75987.86,Central,Online,Delivered
SO-001857,2026-09-02,CUS-0088,PRD-0319,11,408.03,4488.33,Central,Retail,Cancelled
SO-001858,2026-02-03,CUS-0861,PRD-0451,11,3229.85,35528.35,East,Retail,Delivered
SO-001859,2025-05-31,CUS-0691,PRD-0260,1,5071.17,5071.17,North,Distributor,Delivered
SO-001860,2025-04-24,CUS-0535,PRD-0049,1,5980.81,5980.81,West,Retail,Processing
SO-001861,2024-11-15,CUS-0055,PRD-0333,26,5968.26,155174.76,North,Distributor,Delivered
SO-001862,2025-05-05,CUS-0266,PRD-0266,27,1657.94,44764.38,South,Distributor,Delivered
SO-001863,2025-11-27,CUS-0607,PRD-0423,23,853.32,19626.36,North,Online,Delivered
SO-001864,2025-01-12,CUS-0116,PRD-0422,28,6204.38,173722.64,South,Distributor,Cancelled
SO-001865,2026-07-05,CUS-0844,PRD-0196,12,2215.24,26582.88,North,Online,Delivered
SO-001866,2024-11-18,CUS-0476,PRD-0067,23,5269.67,121202.41,East,Retail,Cancelled
SO-001867,2025-05-01,CUS-0552,PRD-0282,17,1588.25,27000.25,West,Retail,Delivered
SO-001868,2025-02-15,CUS-0595,PRD-0025,14,6433.26,90065.64,West,Online,Delivered
SO-001869,2025-06-22,CUS-0494,PRD-0304,8,6162.78,49302.24,South,Distributor,Delivered
SO-001870,2026-02-04,CUS-0189,PRD-0183,29,5893.82,170920.78,Central,Distributor,Delivered
SO-001871,2026-01-15,CUS-0845,PRD-0135,30,4458.53,133755.9,North,Retail,Delivered
SO-001872,2025-03-02,CUS-0318,PRD-0414,8,4666.41,37331.28,Central,Retail,Delivered
SO-001873,2025-08-15,CUS-0785,PRD-0268,26,4521.3,117553.8,East,Online,Delivered
SO-001874,2025-01-31,CUS-0734,PRD-0250,26,783.48,20370.48,North,Online,Delivered
SO-001875,2025-05-07,CUS-0037,PRD-0449,25,4938.99,123474.75,South,Distributor,Delivered
SO-001876,2025-12-27,CUS-0876,PRD-0295,30,3687.34,110620.2,West,Distributor,Cancelled
SO-001877,2026-08-24,CUS-0904,PRD-0432,22,2471.37,54370.14,South,Online,Processing
SO-001878,2024-10-27,CUS-0235,PRD-0358,25,6184.14,154603.5,East,Retail,Cancelled
SO-001879,2025-05-30,CUS-0152,PRD-0255,27,601.9,16251.3,Central,Online,Delivered
SO-001880,2024-11-04,CUS-0376,PRD-0342,4,3681.02,14724.08,South,Distributor,Delivered
SO-001881,2025-01-25,CUS-0041,PRD-0051,19,5727.46,108821.74,East,Distributor,Delivered
SO-001882,2026-03-20,CUS-0024,PRD-0096,6,3460.13,20760.78,East,Online,Delivered
SO-001883,2026-08-18,CUS-0804,PRD-0310,19,5633.85,107043.15,East,Distributor,Delivered
SO-001884,2024-11-23,CUS-0420,PRD-0205,3,4466.98,13400.94,Central,Distributor,Delivered
SO-001885,2025-04-20,CUS-0398,PRD-0366,16,3113.27,49812.32,North,Distributor,Processing
SO-001886,2026-05-11,CUS-0619,PRD-0119,2,3649.58,7299.16,East,Online,Delivered
SO-001887,2025-07-03,CUS-0820,PRD-0297,11,4113.85,45252.35,North,Distributor,Delivered
SO-001888,2026-06-07,CUS-0872,PRD-0264,7,6166.15,43163.05,South,Distributor,Delivered
SO-001889,2025-10-21,CUS-0380,PRD-0333,1,5968.26,5968.26,Central,Online,Delivered
SO-001890,2025-09-01,CUS-0834,PRD-0207,24,3989.53,95748.72,East,Distributor,Processing
SO-001891,2025-10-12,CUS-0946,PRD-0159,1,342.7,342.7,East,Online,Delivered
SO-001892,2025-07-21,CUS-0790,PRD-0177,4,1860.82,7443.28,Central,Distributor,Delivered
SO-001893,2026-03-16,CUS-0993,PRD-0409,28,6491.0,181748.0,East,Online,Delivered
SO-001894,2026-08-19,CUS-0653,PRD-0155,27,3144.19,84893.13,South,Retail,Shipped
SO-001895,2025-07-14,CUS-0817,PRD-0219,22,4635.55,101982.1,Central,Distributor,Delivered
SO-001896,2025-08-01,CUS-0623,PRD-0110,30,1471.72,44151.6,East,Online,Delivered
SO-001897,2025-09-07,CUS-0663,PRD-0043,21,1999.6,41991.6,East,Distributor,Delivered
SO-001898,2026-01-31,CUS-0078,PRD-0040,19,6315.76,119999.44,South,Distributor,Delivered
SO-001899,2024-11-07,CUS-0469,PRD-0217,14,6650.16,93102.24,East,Distributor,Delivered
SO-001900,2025-08-23,CUS-0618,PRD-0063,9,3878.37,34905.33,South,Retail,Delivered
SO-001901,2026-03-19,CUS-0990,PRD-0408,27,3047.73,82288.71,South,Distributor,Shipped
SO-001902,2025-02-25,CUS-0361,PRD-0160,2,4023.81,8047.62,South,Distributor,Processing
SO-001903,2025-10-24,CUS-0385,PRD-0264,8,7399.38,59195.04,North,Distributor,Processing
SO-001904,2026-04-15,CUS-0706,PRD-0065,18,559.34,10068.12,West,Retail,Processing
SO-001905,2026-04-29,CUS-0261,PRD-0304,17,6162.78,104767.26,North,Online,Delivered
SO-001906,2025-06-02,CUS-0884,PRD-0235,8,1541.57,12332.56,South,Online,Shipped
SO-001907,2025-11-10,CUS-0671,PRD-0402,2,556.55,1113.1,East,Distributor,Delivered
SO-001908,2024-11-04,CUS-0137,PRD-0175,7,4946.87,34628.09,North,Distributor,Delivered
SO-001909,2025-04-07,CUS-0354,PRD-0484,11,4236.53,46601.83,Central,Online,Delivered
SO-001910,2025-07-31,CUS-0193,PRD-0192,2,3532.37,7064.74,East,Distributor,Delivered
SO-001911,2026-03-31,CUS-0979,PRD-0281,11,3975.66,43732.26,South,Distributor,Delivered
SO-001912,2025-07-20,CUS-0832,PRD-0249,23,1990.91,45790.93,East,Retail,Cancelled
SO-001913,2026-03-02,CUS-0929,PRD-0140,15,3991.55,59873.25,Central,Online,Delivered
SO-001914,2025-07-11,CUS-0062,PRD-0031,21,1040.09,21841.89,West,Retail,Cancelled
SO-001915,2025-03-30,CUS-0558,PRD-0272,24,3886.96,93287.04,North,Retail,Delivered
SO-001916,2025-11-02,CUS-0998,PRD-0156,11,2325.25,25577.75,North,Distributor,Delivered
SO-001917,2025-12-14,CUS-0415,PRD-0168,22,7707.44,169563.68,West,Retail,Delivered
SO-001918,2026-04-22,CUS-0037,PRD-0278,11,4587.31,50460.41,West,Online,Delivered
SO-001919,2026-05-10,CUS-0917,PRD-0396,27,5062.73,136693.71,South,Distributor,Shipped
SO-001920,2026-03-02,CUS-0271,PRD-0500,10,5969.68,59696.8,East,Distributor,Delivered
SO-001921,2026-09-25,CUS-0550,PRD-0226,14,4386.36,61409.04,South,Distributor,Delivered
SO-001922,2026-06-10,CUS-0985,PRD-0299,18,2920.8,52574.4,Central,Retail,Processing
SO-001923,2025-12-19,CUS-0481,PRD-0113,15,5004.47,75067.05,North,Retail,Delivered
SO-001924,2026-07-16,CUS-0350,PRD-0301,8,4651.32,37210.56,East,Distributor,Delivered
SO-001925,2024-11-28,CUS-0960,PRD-0027,24,6437.86,154508.64,West,Distributor,Delivered
SO-001926,2026-04-10,CUS-0255,PRD-0302,13,217.1,2822.3,West,Distributor,Processing
SO-001927,2025-10-17,CUS-0536,PRD-0162,19,5647.03,107293.57,East,Distributor,Shipped
SO-001928,2025-02-12,CUS-0505,PRD-0452,26,1534.7,39902.2,East,Online,Cancelled
SO-001929,2024-11-28,CUS-0158,PRD-0103,14,6877.14,96279.96,West,Online,Delivered
SO-001930,2025-05-05,CUS-0119,PRD-0050,28,3242.42,90787.76,Central,Retail,Delivered
SO-001931,2026-09-01,CUS-0969,PRD-0485,19,3914.29,74371.51,West,Distributor,Delivered
SO-001932,2026-09-18,CUS-0890,PRD-0446,23,4423.18,101733.14,West,Distributor,Delivered
SO-001933,2026-03-23,CUS-1000,PRD-0006,23,3964.86,91191.78,North,Retail,Delivered
SO-001934,2025-06-11,CUS-0069,PRD-0111,17,4509.36,76659.12,East,Online,Delivered
SO-001935,2026-08-20,CUS-0409,PRD-0279,29,3569.68,103520.72,East,Retail,Cancelled
SO-001936,2025-10-07,CUS-0669,PRD-0463,24,1036.39,24873.36,North,Distributor,Delivered
SO-001937,2024-11-08,CUS-0861,PRD-0394,19,680.46,12928.74,Central,Distributor,Delivered
SO-001938,2026-08-25,CUS-0930,PRD-0332,23,4886.91,112398.93,West,Retail,Delivered
SO-001939,2026-05-15,CUS-0978,PRD-0222,1,3091.24,3091.24,Central,Retail,Delivered
SO-001940,2025-01-21,CUS-0977,PRD-0186,26,4929.64,128170.64,West,Online,Delivered
SO-001941,2025-08-31,CUS-0300,PRD-0185,22,3168.36,69703.92,Central,Distributor,Delivered
SO-001942,2024-12-28,CUS-0588,PRD-0119,20,4379.5,87590.0,East,Distributor,Delivered
SO-001943,2026-01-24,CUS-0642,PRD-0347,27,3040.05,82081.35,East,Distributor,Shipped
SO-001944,2026-02-20,CUS-0981,PRD-0157,10,724.88,7248.8,South,Retail,Processing
SO-001945,2024-12-28,CUS-0252,PRD-0040,6,7578.91,45473.46,East,Retail,Delivered
SO-001946,2026-02-04,CUS-0992,PRD-0386,22,2962.71,65179.62,North,Online,Delivered
SO-001947,2025-10-25,CUS-0228,PRD-0314,27,6770.05,182791.35,North,Distributor,Delivered
SO-001948,2026-02-18,CUS-0890,PRD-0490,2,789.31,1578.62,West,Retail,Processing
SO-001949,2025-09-17,CUS-0669,PRD-0358,13,5153.45,66994.85,West,Online,Processing
SO-001950,2026-03-06,CUS-0255,PRD-0431,2,5527.14,11054.28,South,Distributor,Delivered
SO-001951,2025-03-04,CUS-0096,PRD-0379,12,6474.05,77688.6,East,Online,Cancelled
SO-001952,2026-05-09,CUS-0745,PRD-0205,30,3722.48,111674.4,Central,Online,Delivered
SO-001953,2024-12-19,CUS-0402,PRD-0139,6,5725.0,34350.0,West,Retail,Processing
SO-001954,2026-07-21,CUS-0847,PRD-0461,10,3797.59,37975.9,South,Retail,Delivered
SO-001955,2025-12-15,CUS-0183,PRD-0011,21,1344.48,28234.08,West,Distributor,Delivered
SO-001956,2025-07-30,CUS-0695,PRD-0079,12,6302.5,75630.0,South,Online,Processing
SO-001957,2026-08-05,CUS-0863,PRD-0246,14,2017.09,28239.26,West,Online,Delivered
SO-001958,2026-01-26,CUS-0120,PRD-0288,16,3123.97,49983.52,Central,Online,Delivered
SO-001959,2025-07-30,CUS-0200,PRD-0451,23,3229.85,74286.55,South,Online,Delivered
SO-001960,2025-04-20,CUS-0107,PRD-0331,1,4150.5,4150.5,Central,Online,Delivered
SO-001961,2025-04-23,CUS-0505,PRD-0393,28,6428.79,180006.12,West,Online,Shipped
SO-001962,2026-08-14,CUS-0517,PRD-0106,10,4384.29,43842.9,West,Retail,Delivered
SO-001963,2026-09-22,CUS-0276,PRD-0171,13,5420.73,70469.49,West,Online,Delivered
SO-001964,2025-05-28,CUS-0491,PRD-0049,26,5980.81,155501.06,North,Online,Delivered
SO-001965,2026-04-27,CUS-0042,PRD-0037,8,1149.08,9192.64,South,Distributor,Delivered
SO-001966,2026-04-15,CUS-0674,PRD-0225,23,4910.53,112942.19,South,Retail,Delivered
SO-001967,2025-02-25,CUS-0726,PRD-0171,7,5420.73,37945.11,Central,Online,Delivered
SO-001968,2026-03-28,CUS-0826,PRD-0355,13,4185.26,54408.38,South,Online,Shipped
SO-001969,2025-07-08,CUS-0616,PRD-0085,22,1116.05,24553.1,Central,Online,Processing
SO-001970,2024-12-10,CUS-0360,PRD-0219,6,5562.66,33375.96,Central,Distributor,Delivered
SO-001971,2024-10-14,CUS-0011,PRD-0350,9,4549.86,40948.74,Central,Distributor,Delivered
SO-001972,2025-04-07,CUS-0764,PRD-0433,18,1570.63,28271.34,North,Online,Processing
SO-001973,2026-02-13,CUS-0547,PRD-0010,5,4577.14,22885.7,Central,Retail,Delivered
SO-001974,2025-02-14,CUS-0047,PRD-0328,4,5555.74,22222.96,West,Retail,Processing
SO-001975,2026-06-23,CUS-0568,PRD-0485,15,3914.29,58714.35,South,Distributor,Delivered
SO-001976,2026-07-01,CUS-0116,PRD-0412,3,4004.86,12014.58,North,Distributor,Delivered
SO-001977,2026-05-02,CUS-0221,PRD-0251,3,1941.24,5823.72,West,Distributor,Delivered
SO-001978,2026-01-30,CUS-0243,PRD-0054,22,6359.76,139914.72,South,Distributor,Delivered
SO-001979,2025-06-01,CUS-0439,PRD-0148,4,940.82,3763.28,East,Distributor,Processing
SO-001980,2025-02-03,CUS-0778,PRD-0316,18,4989.5,89811.0,West,Distributor,Delivered
SO-001981,2025-05-03,CUS-0475,PRD-0117,27,842.63,22751.01,Central,Retail,Delivered
SO-001982,2026-03-03,CUS-0832,PRD-0444,22,3927.95,86414.9,West,Distributor,Delivered
SO-001983,2026-05-14,CUS-0078,PRD-0079,22,6302.5,138655.0,East,Distributor,Processing
SO-001984,2026-05-25,CUS-0371,PRD-0345,23,600.5,13811.5,West,Distributor,Delivered
SO-001985,2026-08-14,CUS-0729,PRD-0109,22,1120.2,24644.4,South,Retail,Delivered
SO-001986,2025-07-25,CUS-0536,PRD-0334,25,1189.75,29743.75,East,Distributor,Delivered
SO-001987,2025-04-09,CUS-0136,PRD-0070,24,1342.91,32229.84,East,Retail,Delivered
SO-001988,2025-10-29,CUS-0564,PRD-0261,23,7100.6,163313.8,West,Online,Delivered
SO-001989,2025-04-24,CUS-0354,PRD-0315,22,3215.25,70735.5,West,Online,Delivered
SO-001990,2026-08-30,CUS-0259,PRD-0196,26,2215.24,57596.24,East,Online,Delivered
SO-001991,2024-12-03,CUS-0014,PRD-0138,20,984.62,19692.4,East,Distributor,Delivered
SO-001992,2026-04-13,CUS-0551,PRD-0180,18,539.14,9704.52,West,Online,Delivered
SO-001993,2025-09-09,CUS-0924,PRD-0436,8,4009.3,32074.4,East,Distributor,Delivered
SO-001994,2026-05-30,CUS-0448,PRD-0211,12,6127.17,73526.04,West,Distributor,Delivered
SO-001995,2026-05-03,CUS-0669,PRD-0039,22,6475.29,142456.38,South,Retail,Delivered
SO-001996,2025-02-13,CUS-0481,PRD-0429,18,2369.99,42659.82,Central,Distributor,Shipped
SO-001997,2025-10-25,CUS-0144,PRD-0196,15,2658.29,39874.35,Central,Distributor,Shipped
SO-001998,2026-07-28,CUS-0876,PRD-0427,5,2382.42,11912.1,North,Online,Shipped
SO-001999,2025-05-16,CUS-0778,PRD-0264,2,6166.15,12332.3,Central,Online,Processing
SO-002000,2026-01-27,CUS-0440,PRD-0373,20,4428.71,88574.2,Central,Retail,Delivered
SO-002001,2025-09-27,CUS-0103,PRD-0373,10,4428.71,44287.1,West,Online,Delivered
SO-002002,2026-03-25,CUS-0470,PRD-0128,24,1144.09,27458.16,Central,Online,Delivered
SO-002003,2026-08-21,CUS-0393,PRD-0048,5,4987.19,24935.95,South,Online,Shipped
SO-002004,2026-01-19,CUS-0173,PRD-0287,15,4173.59,62603.85,East,Retail,Processing
SO-002005,2024-11-26,CUS-0157,PRD-0225,19,5892.64,111960.16,South,Distributor,Cancelled
SO-002006,2025-03-31,CUS-0947,PRD-0239,13,2371.03,30823.39,North,Online,Delivered
SO-002007,2025-02-06,CUS-0045,PRD-0054,30,6359.76,190792.8,West,Online,Shipped
SO-002008,2025-09-21,CUS-0622,PRD-0280,21,3939.49,82729.29,West,Retail,Delivered
SO-002009,2025-05-29,CUS-0842,PRD-0436,29,4009.3,116269.7,North,Online,Cancelled
SO-002010,2026-07-28,CUS-0060,PRD-0294,29,5639.48,163544.92,North,Online,Delivered
SO-002011,2025-02-06,CUS-0616,PRD-0281,7,3975.66,27829.62,East,Distributor,Delivered
SO-002012,2026-02-13,CUS-0387,PRD-0156,3,1937.71,5813.13,South,Retail,Delivered
SO-002013,2026-03-25,CUS-0937,PRD-0283,12,6186.51,74238.12,South,Retail,Delivered
SO-002014,2025-03-19,CUS-0711,PRD-0473,2,784.86,1569.72,North,Online,Delivered
SO-002015,2026-03-09,CUS-0749,PRD-0357,26,748.93,19472.18,South,Online,Delivered
SO-002016,2025-11-05,CUS-0599,PRD-0232,22,4399.76,96794.72,West,Online,Processing
SO-002017,2026-03-22,CUS-0117,PRD-0049,6,5980.81,35884.86,Central,Online,Delivered
SO-002018,2025-06-27,CUS-0963,PRD-0027,28,5364.88,150216.64,Central,Online,Delivered
SO-002019,2026-04-25,CUS-0776,PRD-0264,3,6166.15,18498.45,Central,Distributor,Cancelled
SO-002020,2025-12-15,CUS-0436,PRD-0386,3,3555.25,10665.75,North,Retail,Delivered
SO-002021,2026-04-18,CUS-0182,PRD-0102,23,1819.32,41844.36,East,Distributor,Delivered
SO-002022,2024-10-09,CUS-0087,PRD-0356,23,5336.84,122747.32,Central,Online,Delivered
SO-002023,2026-08-05,CUS-0996,PRD-0453,1,178.97,178.97,North,Distributor,Shipped
SO-002024,2025-04-17,CUS-0028,PRD-0273,5,861.12,4305.6,East,Distributor,Delivered
SO-002025,2025-01-28,CUS-0922,PRD-0059,8,2671.58,21372.64,West,Retail,Delivered
SO-002026,2025-05-02,CUS-0816,PRD-0249,29,1990.91,57736.39,South,Retail,Delivered
SO-002027,2025-08-07,CUS-0938,PRD-0093,4,893.67,3574.68,West,Retail,Delivered
SO-002028,2024-11-05,CUS-0259,PRD-0390,30,7410.23,222306.9,South,Online,Delivered
SO-002029,2026-01-23,CUS-0475,PRD-0175,7,4122.39,28856.73,Central,Distributor,Delivered
SO-002030,2025-12-17,CUS-0153,PRD-0188,19,7018.87,133358.53,South,Online,Delivered
SO-002031,2026-08-01,CUS-0820,PRD-0100,8,3049.28,24394.24,West,Retail,Delivered
SO-002032,2024-11-02,CUS-0262,PRD-0054,22,7631.71,167897.62,North,Distributor,Delivered
SO-002033,2026-05-12,CUS-0547,PRD-0336,24,2413.41,57921.84,South,Distributor,Delivered
SO-002034,2026-04-10,CUS-0044,PRD-0252,17,2300.3,39105.1,South,Online,Processing
SO-002035,2025-08-20,CUS-0359,PRD-0107,4,6065.28,24261.12,West,Retail,Delivered
SO-002036,2025-03-23,CUS-0358,PRD-0001,28,4203.15,117688.2,South,Online,Delivered
SO-002037,2026-07-02,CUS-0914,PRD-0238,2,6478.54,12957.08,Central,Distributor,Delivered
SO-002038,2026-02-23,CUS-0494,PRD-0373,25,4428.71,110717.75,West,Distributor,Processing
SO-002039,2025-04-23,CUS-0898,PRD-0118,10,359.5,3595.0,South,Distributor,Delivered
SO-002040,2025-02-22,CUS-0034,PRD-0394,16,567.05,9072.8,South,Retail,Processing
SO-002041,2025-11-10,CUS-0117,PRD-0158,17,1873.15,31843.55,North,Online,Delivered
SO-002042,2024-11-12,CUS-0253,PRD-0377,2,5118.78,10237.56,West,Retail,Delivered
SO-002043,2025-06-22,CUS-0145,PRD-0442,7,2804.33,19630.31,East,Retail,Delivered
SO-002044,2026-02-22,CUS-0229,PRD-0111,24,4509.36,108224.64,South,Online,Delivered
SO-002045,2025-01-04,CUS-0608,PRD-0025,6,6433.26,38599.56,North,Retail,Delivered
SO-002046,2026-07-06,CUS-0555,PRD-0334,21,1189.75,24984.75,Central,Online,Delivered
SO-002047,2026-04-29,CUS-0690,PRD-0110,10,1471.72,14717.2,North,Retail,Processing
SO-002048,2026-08-08,CUS-0424,PRD-0402,1,463.79,463.79,West,Distributor,Delivered
SO-002049,2025-01-13,CUS-0713,PRD-0028,4,1835.51,7342.04,East,Online,Delivered
SO-002050,2025-10-26,CUS-0018,PRD-0154,18,3535.86,63645.48,South,Distributor,Delivered
SO-002051,2025-11-04,CUS-0707,PRD-0006,28,4757.83,133219.24,North,Distributor,Delivered
SO-002052,2024-11-01,CUS-0074,PRD-0274,30,7099.91,212997.3,South,Retail,Delivered
SO-002053,2026-06-11,CUS-0470,PRD-0156,17,1937.71,32941.07,West,Online,Cancelled
SO-002054,2025-09-30,CUS-0943,PRD-0167,8,3037.66,24301.28,West,Distributor,Delivered
SO-002055,2026-07-11,CUS-0445,PRD-0036,19,5615.22,106689.18,Central,Online,Delivered
SO-002056,2024-12-09,CUS-0722,PRD-0363,22,3991.72,87817.84,West,Retail,Delivered
SO-002057,2025-09-04,CUS-0652,PRD-0131,19,2074.07,39407.33,East,Retail,Delivered
SO-002058,2026-04-01,CUS-0517,PRD-0198,5,4920.31,24601.55,West,Online,Processing
SO-002059,2026-03-13,CUS-0372,PRD-0134,6,2366.81,14200.86,West,Distributor,Delivered
SO-002060,2024-10-20,CUS-0832,PRD-0381,8,3126.8,25014.4,North,Distributor,Delivered
SO-002061,2025-12-13,CUS-0769,PRD-0412,19,4805.83,91310.77,North,Retail,Delivered
SO-002062,2026-07-31,CUS-0630,PRD-0372,20,2557.13,51142.6,West,Retail,Delivered
SO-002063,2026-08-21,CUS-0442,PRD-0497,3,2230.12,6690.36,East,Online,Cancelled
SO-002064,2026-05-14,CUS-0444,PRD-0179,2,2569.93,5139.86,East,Online,Delivered
SO-002065,2024-12-13,CUS-0626,PRD-0255,17,722.28,12278.76,Central,Retail,Delivered
SO-002066,2026-04-17,CUS-0086,PRD-0348,6,6496.01,38976.06,Central,Online,Delivered
SO-002067,2026-02-02,CUS-0462,PRD-0467,26,2905.25,75536.5,South,Retail,Delivered
SO-002068,2025-08-08,CUS-0445,PRD-0373,15,4428.71,66430.65,East,Retail,Delivered
SO-002069,2026-06-01,CUS-0269,PRD-0337,27,1685.54,45509.58,South,Online,Delivered
SO-002070,2025-10-30,CUS-0405,PRD-0419,15,2746.79,41201.85,North,Online,Delivered
SO-002071,2025-11-03,CUS-0674,PRD-0269,30,405.5,12165.0,Central,Retail,Delivered
SO-002072,2024-12-16,CUS-0581,PRD-0490,4,947.17,3788.68,West,Retail,Delivered
SO-002073,2025-09-20,CUS-0045,PRD-0267,7,1127.11,7889.77,Central,Online,Delivered
SO-002074,2025-12-03,CUS-0160,PRD-0144,27,2940.12,79383.24,South,Distributor,Delivered
SO-002075,2026-08-03,CUS-0082,PRD-0493,20,3468.32,69366.4,West,Retail,Delivered
SO-002076,2025-02-16,CUS-0587,PRD-0142,4,1752.58,7010.32,West,Online,Shipped
SO-002077,2024-10-30,CUS-0696,PRD-0066,7,697.63,4883.41,Central,Online,Delivered
SO-002078,2024-10-18,CUS-0245,PRD-0457,15,3062.32,45934.8,Central,Distributor,Cancelled
SO-002079,2026-04-06,CUS-0419,PRD-0445,29,1132.7,32848.3,East,Distributor,Delivered
SO-002080,2026-01-02,CUS-0519,PRD-0080,23,2718.86,62533.78,West,Distributor,Delivered
SO-002081,2025-12-21,CUS-0254,PRD-0312,29,6428.28,186420.12,West,Online,Delivered
SO-002082,2026-09-07,CUS-0028,PRD-0328,7,5555.74,38890.18,West,Retail,Delivered
SO-002083,2026-02-06,CUS-0377,PRD-0473,19,784.86,14912.34,South,Online,Delivered
SO-002084,2025-07-20,CUS-0081,PRD-0443,9,2487.24,22385.16,West,Online,Cancelled
SO-002085,2025-03-13,CUS-0677,PRD-0185,22,3168.36,69703.92,South,Online,Delivered
SO-002086,2024-11-23,CUS-0515,PRD-0061,20,2050.99,41019.8,North,Online,Delivered
SO-002087,2026-03-30,CUS-0543,PRD-0239,4,2371.03,9484.12,Central,Retail,Delivered
SO-002088,2025-06-04,CUS-0740,PRD-0172,21,5845.22,122749.62,East,Retail,Delivered
SO-002089,2026-07-28,CUS-0729,PRD-0045,15,4983.69,74755.35,West,Distributor,Delivered
SO-002090,2026-08-25,CUS-0732,PRD-0191,22,5484.02,120648.44,South,Retail,Cancelled
SO-002091,2025-12-22,CUS-0077,PRD-0008,6,1841.05,11046.3,North,Online,Delivered
SO-002092,2025-12-31,CUS-0355,PRD-0472,8,5716.09,45728.72,Central,Distributor,Delivered
SO-002093,2025-04-28,CUS-0171,PRD-0426,11,3707.93,40787.23,West,Retail,Delivered
SO-002094,2024-12-09,CUS-0625,PRD-0388,20,7048.56,140971.2,South,Online,Delivered
SO-002095,2026-07-03,CUS-0322,PRD-0167,13,3037.66,39489.58,South,Distributor,Delivered
SO-002096,2025-12-29,CUS-0808,PRD-0068,12,1167.4,14008.8,South,Retail,Delivered
SO-002097,2024-10-09,CUS-0807,PRD-0083,30,7238.3,217149.0,South,Online,Shipped
SO-002098,2026-07-28,CUS-0765,PRD-0152,9,1468.87,13219.83,Central,Retail,Cancelled
SO-002099,2025-07-03,CUS-0272,PRD-0354,30,3997.01,119910.3,West,Retail,Delivered
SO-002100,2024-11-14,CUS-0053,PRD-0081,18,6765.4,121777.2,Central,Retail,Delivered
SO-002101,2026-05-18,CUS-0706,PRD-0138,22,820.52,18051.44,Central,Distributor,Cancelled
SO-002102,2025-07-24,CUS-0014,PRD-0393,23,6428.79,147862.17,South,Retail,Delivered
SO-002103,2025-11-23,CUS-0762,PRD-0395,14,4638.31,64936.34,South,Retail,Processing
SO-002104,2025-10-07,CUS-0946,PRD-0234,7,6217.18,43520.26,East,Distributor,Delivered
SO-002105,2025-04-12,CUS-0750,PRD-0465,26,5430.01,141180.26,Central,Online,Delivered
SO-002106,2026-09-25,CUS-0640,PRD-0460,12,249.38,2992.56,North,Online,Delivered
SO-002107,2025-07-01,CUS-0218,PRD-0167,22,3037.66,66828.52,East,Distributor,Processing
SO-002108,2024-11-16,CUS-0891,PRD-0072,2,6759.17,13518.34,East,Retail,Delivered
SO-002109,2025-10-31,CUS-0895,PRD-0074,8,2056.74,16453.92,North,Online,Cancelled
SO-002110,2026-07-23,CUS-0931,PRD-0271,16,4508.65,72138.4,Central,Distributor,Delivered
SO-002111,2026-03-22,CUS-0758,PRD-0211,15,6127.17,91907.55,North,Online,Delivered
SO-002112,2026-09-30,CUS-0909,PRD-0093,2,893.67,1787.34,North,Distributor,Delivered
SO-002113,2025-06-16,CUS-0023,PRD-0389,30,2666.14,79984.2,South,Online,Delivered
SO-002114,2024-12-14,CUS-0285,PRD-0191,4,6580.82,26323.28,East,Retail,Delivered
SO-002115,2025-11-26,CUS-0196,PRD-0296,24,4118.94,98854.56,West,Distributor,Delivered
SO-002116,2025-02-04,CUS-0482,PRD-0263,29,4085.94,118492.26,East,Retail,Delivered
SO-002117,2025-06-16,CUS-0427,PRD-0240,9,2083.18,18748.62,West,Distributor,Delivered
SO-002118,2026-05-24,CUS-0541,PRD-0384,20,2729.7,54594.0,North,Distributor,Delivered
SO-002119,2025-06-23,CUS-0580,PRD-0359,27,2454.17,66262.59,South,Online,Delivered
SO-002120,2026-09-25,CUS-0520,PRD-0128,10,1144.09,11440.9,Central,Retail,Shipped
SO-002121,2025-12-30,CUS-0809,PRD-0275,13,611.88,7954.44,North,Online,Cancelled
SO-002122,2026-04-18,CUS-0458,PRD-0147,18,2693.29,48479.22,South,Online,Delivered
SO-002123,2025-07-01,CUS-0978,PRD-0063,10,3878.37,38783.7,West,Distributor,Delivered
SO-002124,2025-02-12,CUS-0495,PRD-0051,14,5727.46,80184.44,South,Retail,Delivered
SO-002125,2026-02-20,CUS-0692,PRD-0322,21,6279.3,131865.3,East,Distributor,Shipped
SO-002126,2025-02-04,CUS-0813,PRD-0357,12,748.93,8987.16,North,Distributor,Delivered
SO-002127,2026-02-06,CUS-0937,PRD-0327,11,4100.16,45101.76,South,Online,Delivered
SO-002128,2026-02-21,CUS-0531,PRD-0458,7,3689.08,25823.56,North,Online,Delivered
SO-002129,2025-05-20,CUS-0760,PRD-0358,11,5153.45,56687.95,West,Retail,Delivered
SO-002130,2025-03-28,CUS-0619,PRD-0092,18,562.91,10132.38,Central,Retail,Delivered
SO-002131,2025-01-20,CUS-0167,PRD-0105,25,4026.39,100659.75,Central,Retail,Processing
SO-002132,2025-01-15,CUS-0261,PRD-0393,25,6428.79,160719.75,West,Online,Delivered
SO-002133,2024-11-22,CUS-0802,PRD-0254,19,6440.26,122364.94,East,Retail,Processing
SO-002134,2025-10-17,CUS-0886,PRD-0056,20,1418.23,28364.6,South,Online,Delivered
SO-002135,2026-04-28,CUS-0322,PRD-0442,8,2804.33,22434.64,South,Distributor,Delivered
SO-002136,2025-12-13,CUS-0904,PRD-0286,12,1543.31,18519.72,East,Online,Delivered
SO-002137,2025-04-07,CUS-0921,PRD-0439,23,3737.46,85961.58,South,Online,Shipped
SO-002138,2024-11-02,CUS-0035,PRD-0062,28,316.79,8870.12,South,Retail,Delivered
SO-002139,2025-02-07,CUS-0341,PRD-0181,24,3586.43,86074.32,North,Retail,Delivered
SO-002140,2026-04-07,CUS-0111,PRD-0127,13,5240.23,68122.99,Central,Retail,Cancelled
SO-002141,2026-04-21,CUS-0509,PRD-0370,29,1814.61,52623.69,South,Retail,Processing
SO-002142,2025-06-10,CUS-0818,PRD-0159,25,285.58,7139.5,West,Retail,Delivered
SO-002143,2026-05-08,CUS-0603,PRD-0173,26,1781.05,46307.3,Central,Retail,Processing
SO-002144,2026-01-30,CUS-0463,PRD-0027,8,5364.88,42919.04,South,Distributor,Delivered
SO-002145,2025-02-15,CUS-0599,PRD-0323,5,5698.59,28492.95,West,Retail,Delivered
SO-002146,2025-04-02,CUS-0801,PRD-0117,4,842.63,3370.52,West,Retail,Delivered
SO-002147,2025-03-02,CUS-0536,PRD-0079,22,6302.5,138655.0,West,Online,Cancelled
SO-002148,2026-07-05,CUS-0409,PRD-0091,15,5553.05,83295.75,North,Online,Delivered
SO-002149,2026-09-17,CUS-0764,PRD-0287,16,4173.59,66777.44,South,Online,Delivered
SO-002150,2026-05-14,CUS-0194,PRD-0096,18,3460.13,62282.34,West,Distributor,Delivered
SO-002151,2026-07-31,CUS-0884,PRD-0089,2,5986.5,11973.0,West,Online,Delivered
SO-002152,2025-01-07,CUS-0974,PRD-0194,14,4224.31,59140.34,North,Distributor,Delivered
SO-002153,2026-08-14,CUS-0675,PRD-0481,9,487.81,4390.29,West,Online,Delivered
SO-002154,2024-10-07,CUS-0786,PRD-0028,3,2202.61,6607.83,North,Online,Delivered
SO-002155,2025-07-22,CUS-0011,PRD-0375,19,5960.18,113243.42,Central,Online,Shipped
SO-002156,2025-10-02,CUS-0408,PRD-0396,8,6075.28,48602.24,East,Retail,Delivered
SO-002157,2024-12-08,CUS-0203,PRD-0029,15,6854.95,102824.25,Central,Online,Delivered
SO-002158,2026-04-08,CUS-0883,PRD-0284,11,386.28,4249.08,East,Online,Cancelled
SO-002159,2025-07-16,CUS-0814,PRD-0352,5,181.58,907.9,Central,Online,Delivered
SO-002160,2026-08-22,CUS-0464,PRD-0459,27,2659.35,71802.45,West,Online,Shipped
SO-002161,2026-06-15,CUS-0682,PRD-0056,6,1181.86,7091.16,North,Retail,Delivered
SO-002162,2025-08-07,CUS-0349,PRD-0178,16,643.28,10292.48,East,Retail,Delivered
SO-002163,2025-11-13,CUS-0459,PRD-0156,8,2325.25,18602.0,East,Distributor,Delivered
SO-002164,2026-03-19,CUS-0545,PRD-0102,17,1819.32,30928.44,South,Distributor,Delivered
SO-002165,2026-07-22,CUS-0679,PRD-0256,25,1080.39,27009.75,West,Retail,Delivered
SO-002166,2026-03-30,CUS-0581,PRD-0376,29,4177.52,121148.08,East,Retail,Processing
SO-002167,2025-12-20,CUS-0951,PRD-0126,2,345.46,690.92,South,Retail,Delivered
SO-002168,2025-07-19,CUS-0196,PRD-0203,15,5475.89,82138.35,West,Distributor,Processing
SO-002169,2024-12-09,CUS-0730,PRD-0233,20,5093.28,101865.6,East,Retail,Delivered
SO-002170,2026-04-30,CUS-0426,PRD-0097,19,4396.16,83527.04,East,Retail,Delivered
SO-002171,2026-08-31,CUS-0727,PRD-0387,9,762.89,6866.01,South,Online,Shipped
SO-002172,2025-12-15,CUS-0155,PRD-0171,30,6504.88,195146.4,East,Distributor,Shipped
SO-002173,2026-03-17,CUS-0989,PRD-0199,20,5448.38,108967.6,North,Retail,Delivered
SO-002174,2026-07-24,CUS-0780,PRD-0459,3,2659.35,7978.05,West,Online,Shipped
SO-002175,2026-06-08,CUS-0073,PRD-0198,20,4920.31,98406.2,South,Distributor,Delivered
SO-002176,2025-07-12,CUS-0157,PRD-0078,26,452.24,11758.24,South,Online,Shipped
SO-002177,2025-12-08,CUS-0035,PRD-0381,24,3126.8,75043.2,East,Retail,Delivered
SO-002178,2024-11-25,CUS-0610,PRD-0448,15,3535.0,53025.0,Central,Online,Delivered
SO-002179,2026-07-02,CUS-0935,PRD-0163,27,2675.79,72246.33,North,Online,Delivered
SO-002180,2025-09-02,CUS-0884,PRD-0378,8,418.86,3350.88,East,Retail,Delivered
SO-002181,2026-08-06,CUS-0421,PRD-0481,21,487.81,10244.01,North,Online,Delivered
SO-002182,2026-08-14,CUS-0747,PRD-0370,8,1814.61,14516.88,Central,Distributor,Processing
SO-002183,2024-12-04,CUS-0712,PRD-0436,21,4811.16,101034.36,East,Online,Processing
SO-002184,2024-11-20,CUS-0597,PRD-0105,2,4831.67,9663.34,Central,Distributor,Processing
SO-002185,2025-12-15,CUS-0727,PRD-0288,28,3748.76,104965.28,East,Online,Delivered
SO-002186,2025-06-07,CUS-0972,PRD-0302,28,217.1,6078.8,North,Distributor,Delivered
SO-002187,2026-04-10,CUS-0113,PRD-0069,7,3140.92,21986.44,North,Retail,Shipped
SO-002188,2024-10-17,CUS-0436,PRD-0375,14,7152.22,100131.08,Central,Retail,Delivered
SO-002189,2026-06-26,CUS-0232,PRD-0390,29,6175.19,179080.51,West,Online,Delivered
SO-002190,2026-02-16,CUS-0882,PRD-0433,19,1570.63,29841.97,Central,Distributor,Delivered
SO-002191,2025-04-01,CUS-0736,PRD-0475,22,1258.43,27685.46,South,Retail,Delivered
SO-002192,2026-03-19,CUS-0213,PRD-0346,3,2035.62,6106.86,East,Online,Delivered
SO-002193,2025-06-16,CUS-0526,PRD-0059,17,2671.58,45416.86,East,Retail,Delivered
SO-002194,2025-10-01,CUS-0793,PRD-0141,21,3100.44,65109.24,West,Distributor,Delivered
SO-002195,2026-08-27,CUS-0006,PRD-0156,6,1937.71,11626.26,North,Distributor,Shipped
SO-002196,2025-07-05,CUS-0750,PRD-0398,13,3571.18,46425.34,Central,Distributor,Processing
SO-002197,2026-03-29,CUS-0884,PRD-0254,29,5366.88,155639.52,East,Online,Delivered
SO-002198,2024-12-04,CUS-0276,PRD-0321,7,7531.12,52717.84,West,Distributor,Processing
SO-002199,2025-05-23,CUS-0985,PRD-0246,26,2017.09,52444.34,East,Distributor,Cancelled
SO-002200,2025-09-27,CUS-0858,PRD-0254,29,5366.88,155639.52,South,Retail,Delivered
SO-002201,2025-01-03,CUS-0808,PRD-0327,12,4100.16,49201.92,East,Distributor,Delivered
SO-002202,2026-09-29,CUS-0366,PRD-0400,5,224.67,1123.35,Central,Distributor,Delivered
SO-002203,2026-08-31,CUS-0440,PRD-0234,27,5180.98,139886.46,West,Online,Processing
SO-002204,2025-07-10,CUS-0377,PRD-0104,26,1134.85,29506.1,North,Retail,Delivered
SO-002205,2026-02-26,CUS-0758,PRD-0079,3,6302.5,18907.5,South,Online,Delivered
SO-002206,2025-08-06,CUS-0531,PRD-0124,13,4904.17,63754.21,West,Distributor,Delivered
SO-002207,2025-07-08,CUS-0324,PRD-0252,22,2300.3,50606.6,West,Online,Delivered
SO-002208,2025-03-30,CUS-0643,PRD-0361,26,1248.83,32469.58,South,Retail,Delivered
SO-002209,2026-06-07,CUS-0145,PRD-0106,29,4384.29,127144.41,West,Distributor,Delivered
SO-002210,2025-08-17,CUS-0933,PRD-0133,21,2221.02,46641.42,North,Online,Delivered
SO-002211,2024-11-30,CUS-0314,PRD-0266,1,1989.53,1989.53,North,Retail,Delivered
SO-002212,2025-09-26,CUS-0059,PRD-0274,14,5916.59,82832.26,East,Distributor,Delivered
SO-002213,2026-04-28,CUS-0958,PRD-0122,29,4378.36,126972.44,West,Distributor,Delivered
SO-002214,2025-11-18,CUS-0340,PRD-0470,17,4058.14,68988.38,Central,Distributor,Delivered
SO-002215,2026-07-14,CUS-0146,PRD-0394,5,567.05,2835.25,North,Online,Processing
SO-002216,2025-11-29,CUS-0029,PRD-0435,7,5315.53,37208.71,South,Online,Delivered
SO-002217,2026-03-25,CUS-0241,PRD-0374,28,4076.51,114142.28,Central,Distributor,Shipped
SO-002218,2026-04-17,CUS-0567,PRD-0435,16,4429.61,70873.76,North,Distributor,Delivered
SO-002219,2026-08-25,CUS-0940,PRD-0111,25,4509.36,112734.0,East,Online,Processing
SO-002220,2026-03-02,CUS-0563,PRD-0411,26,598.13,15551.38,East,Retail,Delivered
SO-002221,2025-09-26,CUS-0053,PRD-0289,30,2175.15,65254.5,North,Retail,Delivered
SO-002222,2026-09-14,CUS-0226,PRD-0019,14,5578.38,78097.32,West,Retail,Delivered
SO-002223,2024-12-30,CUS-0191,PRD-0409,7,7789.2,54524.4,North,Distributor,Cancelled
SO-002224,2026-02-10,CUS-0590,PRD-0365,12,4885.58,58626.96,West,Retail,Delivered
SO-002225,2025-11-06,CUS-0641,PRD-0367,26,5920.73,153938.98,East,Retail,Delivered
SO-002226,2024-12-15,CUS-0548,PRD-0123,1,6914.33,6914.33,South,Distributor,Processing
SO-002227,2025-06-29,CUS-0313,PRD-0138,18,820.52,14769.36,West,Online,Cancelled
SO-002228,2025-05-04,CUS-0315,PRD-0309,12,6002.3,72027.6,South,Online,Shipped
SO-002229,2024-12-10,CUS-0040,PRD-0401,28,2630.9,73665.2,North,Retail,Delivered
SO-002230,2025-01-27,CUS-0717,PRD-0180,19,539.14,10243.66,West,Distributor,Cancelled
SO-002231,2026-01-19,CUS-0522,PRD-0075,2,2987.67,5975.34,South,Distributor,Cancelled
SO-002232,2026-02-20,CUS-0897,PRD-0155,19,3144.19,59739.61,West,Online,Delivered
SO-002233,2026-08-17,CUS-0279,PRD-0034,3,2674.18,8022.54,Central,Distributor,Delivered
SO-002234,2025-09-17,CUS-0077,PRD-0029,4,5712.46,22849.84,South,Online,Shipped
SO-002235,2026-07-25,CUS-0533,PRD-0381,12,2605.67,31268.04,East,Distributor,Delivered
SO-002236,2025-06-02,CUS-0908,PRD-0478,30,2188.84,65665.2,North,Retail,Delivered
SO-002237,2025-01-18,CUS-0720,PRD-0144,24,2450.1,58802.4,South,Online,Delivered
SO-002238,2026-01-04,CUS-0350,PRD-0427,19,2382.42,45265.98,Central,Online,Processing
SO-002239,2026-03-17,CUS-0979,PRD-0234,28,5180.98,145067.44,West,Retail,Delivered
SO-002240,2025-05-20,CUS-0764,PRD-0212,8,3901.66,31213.28,South,Online,Delivered
SO-002241,2026-07-04,CUS-0266,PRD-0390,19,6175.19,117328.61,Central,Retail,Delivered
SO-002242,2026-09-12,CUS-0649,PRD-0039,9,6475.29,58277.61,West,Distributor,Delivered
SO-002243,2026-04-27,CUS-0633,PRD-0265,7,1474.23,10319.61,North,Online,Delivered
SO-002244,2025-05-24,CUS-0222,PRD-0131,11,2074.07,22814.77,South,Distributor,Delivered
SO-002245,2026-03-13,CUS-0842,PRD-0001,8,4203.15,33625.2,East,Distributor,Delivered
SO-002246,2025-04-29,CUS-0047,PRD-0240,28,2083.18,58329.04,East,Retail,Delivered
SO-002247,2026-03-07,CUS-0948,PRD-0337,25,1685.54,42138.5,South,Retail,Delivered
SO-002248,2025-06-17,CUS-0423,PRD-0374,26,4076.51,105989.26,Central,Retail,Delivered
SO-002249,2025-09-19,CUS-0510,PRD-0264,4,6166.15,24664.6,East,Distributor,Shipped
SO-002250,2025-09-10,CUS-0535,PRD-0275,16,509.9,8158.4,East,Online,Delivered
SO-002251,2025-03-24,CUS-0280,PRD-0344,10,5870.71,58707.1,South,Online,Delivered
SO-002252,2025-06-27,CUS-0827,PRD-0194,16,4224.31,67588.96,East,Distributor,Cancelled
SO-002253,2025-07-20,CUS-0121,PRD-0423,16,711.1,11377.6,West,Online,Delivered
SO-002254,2025-01-17,CUS-0709,PRD-0429,22,2369.99,52139.78,South,Distributor,Delivered
SO-002255,2025-09-02,CUS-0825,PRD-0477,21,4468.82,93845.22,Central,Online,Shipped
SO-002256,2025-03-18,CUS-0698,PRD-0070,5,1342.91,6714.55,East,Online,Shipped
SO-002257,2026-04-09,CUS-0431,PRD-0234,6,5180.98,31085.88,West,Distributor,Delivered
SO-002258,2026-02-03,CUS-0597,PRD-0474,24,1235.19,29644.56,South,Distributor,Shipped
SO-002259,2026-03-06,CUS-0501,PRD-0317,6,6072.27,36433.62,East,Retail,Delivered
SO-002260,2024-12-08,CUS-0941,PRD-0129,6,6822.85,40937.1,Central,Online,Delivered
SO-002261,2025-11-10,CUS-0303,PRD-0042,14,6031.16,84436.24,Central,Retail,Delivered
SO-002262,2026-08-25,CUS-0928,PRD-0302,19,217.1,4124.9,Central,Online,Delivered
SO-002263,2024-12-15,CUS-0131,PRD-0231,15,810.42,12156.3,North,Distributor,Delivered
SO-002264,2024-12-10,CUS-0294,PRD-0206,7,5502.71,38518.97,Central,Retail,Delivered
SO-002265,2025-08-09,CUS-0790,PRD-0434,30,6337.86,190135.8,East,Distributor,Processing
SO-002266,2026-02-15,CUS-0489,PRD-0428,19,6298.69,119675.11,East,Online,Delivered
SO-002267,2025-10-26,CUS-0647,PRD-0336,17,2896.09,49233.53,South,Retail,Delivered
SO-002268,2025-10-10,CUS-0325,PRD-0429,21,2843.99,59723.79,South,Online,Delivered
SO-002269,2025-05-19,CUS-0955,PRD-0157,4,724.88,2899.52,East,Retail,Delivered
SO-002270,2025-11-30,CUS-0052,PRD-0085,3,1339.26,4017.78,Central,Distributor,Delivered
SO-002271,2026-03-04,CUS-0389,PRD-0411,2,598.13,1196.26,South,Online,Delivered
SO-002272,2026-01-19,CUS-0823,PRD-0071,1,2386.88,2386.88,South,Distributor,Shipped
SO-002273,2026-08-31,CUS-0054,PRD-0241,1,4724.58,4724.58,West,Distributor,Delivered
SO-002274,2026-06-17,CUS-0580,PRD-0239,12,2371.03,28452.36,North,Online,Delivered
SO-002275,2026-01-04,CUS-0611,PRD-0038,7,534.68,3742.76,South,Retail,Cancelled
SO-002276,2025-01-19,CUS-0569,PRD-0286,29,1286.09,37296.61,East,Retail,Delivered
SO-002277,2025-06-19,CUS-0718,PRD-0341,16,5944.72,95115.52,South,Retail,Cancelled
SO-002278,2025-10-25,CUS-0109,PRD-0155,7,3773.03,26411.21,East,Distributor,Delivered
SO-002279,2025-03-12,CUS-0386,PRD-0018,29,4342.25,125925.25,East,Retail,Shipped
SO-002280,2026-01-20,CUS-0314,PRD-0101,3,596.67,1790.01,Central,Distributor,Delivered
SO-002281,2026-09-04,CUS-0356,PRD-0486,1,3826.69,3826.69,East,Distributor,Delivered
SO-002282,2024-10-27,CUS-0030,PRD-0283,28,7423.81,207866.68,Central,Online,Delivered
SO-002283,2025-03-08,CUS-0315,PRD-0057,4,2825.39,11301.56,Central,Retail,Delivered
SO-002284,2025-07-18,CUS-0298,PRD-0165,3,1524.02,4572.06,North,Distributor,Processing
SO-002285,2024-12-09,CUS-0709,PRD-0166,22,539.87,11877.14,South,Distributor,Delivered
SO-002286,2026-04-05,CUS-0803,PRD-0050,22,3242.42,71333.24,West,Retail,Delivered
SO-002287,2025-07-14,CUS-0854,PRD-0131,2,2074.07,4148.14,Central,Online,Delivered
SO-002288,2026-03-27,CUS-0665,PRD-0153,14,4300.48,60206.72,North,Online,Processing
SO-002289,2025-01-09,CUS-0533,PRD-0217,27,5541.8,149628.6,North,Distributor,Shipped
SO-002290,2026-07-29,CUS-0607,PRD-0048,28,4987.19,139641.32,East,Retail,Delivered
SO-002291,2026-03-18,CUS-0944,PRD-0034,9,2674.18,24067.62,East,Online,Delivered
SO-002292,2025-09-22,CUS-0861,PRD-0486,20,3826.69,76533.8,South,Distributor,Processing
SO-002293,2026-01-05,CUS-0694,PRD-0268,3,4521.3,13563.9,North,Retail,Processing
SO-002294,2026-03-27,CUS-0087,PRD-0154,2,2946.55,5893.1,East,Retail,Delivered
SO-002295,2026-09-14,CUS-0844,PRD-0178,3,643.28,1929.84,Central,Retail,Delivered
SO-002296,2025-02-13,CUS-0617,PRD-0206,11,4585.59,50441.49,West,Distributor,Delivered
SO-002297,2026-02-27,CUS-0766,PRD-0235,14,1541.57,21581.98,West,Online,Delivered
SO-002298,2026-04-29,CUS-0898,PRD-0231,19,675.35,12831.65,North,Retail,Delivered
SO-002299,2026-05-28,CUS-0501,PRD-0187,7,4891.68,34241.76,East,Distributor,Shipped
SO-002300,2025-03-16,CUS-0175,PRD-0286,27,1286.09,34724.43,Central,Distributor,Delivered
SO-002301,2026-08-18,CUS-0171,PRD-0004,7,3891.43,27240.01,East,Online,Delivered
SO-002302,2025-09-04,CUS-0782,PRD-0135,14,4458.53,62419.42,West,Online,Shipped
SO-002303,2025-02-16,CUS-0447,PRD-0299,22,2920.8,64257.6,East,Distributor,Delivered
SO-002304,2026-01-23,CUS-0481,PRD-0315,27,3215.25,86811.75,West,Distributor,Delivered
SO-002305,2026-04-20,CUS-0276,PRD-0401,7,2192.42,15346.94,South,Distributor,Delivered
SO-002306,2026-04-14,CUS-0510,PRD-0025,13,6433.26,83632.38,Central,Online,Delivered
SO-002307,2025-01-30,CUS-0042,PRD-0065,4,559.34,2237.36,West,Retail,Delivered
SO-002308,2025-06-14,CUS-0978,PRD-0246,9,2017.09,18153.81,South,Retail,Shipped
SO-002309,2025-03-05,CUS-0302,PRD-0405,20,3911.65,78233.0,North,Retail,Delivered
SO-002310,2025-11-21,CUS-0964,PRD-0038,4,641.62,2566.48,West,Retail,Delivered
SO-002311,2026-07-05,CUS-0409,PRD-0201,18,1558.3,28049.4,South,Online,Delivered
SO-002312,2025-10-09,CUS-0321,PRD-0029,12,6854.95,82259.4,West,Retail,Processing
SO-002313,2025-08-07,CUS-0455,PRD-0100,15,3049.28,45739.2,North,Retail,Delivered
SO-002314,2024-10-24,CUS-0843,PRD-0380,30,1950.82,58524.6,East,Retail,Delivered
SO-002315,2025-05-20,CUS-0104,PRD-0200,12,4901.29,58815.48,South,Distributor,Delivered
SO-002316,2025-08-03,CUS-0395,PRD-0419,29,2288.99,66380.71,South,Retail,Delivered
SO-002317,2025-02-22,CUS-0430,PRD-0196,14,2215.24,31013.36,South,Online,Shipped
SO-002318,2026-04-21,CUS-0167,PRD-0474,14,1235.19,17292.66,West,Distributor,Delivered
SO-002319,2025-11-27,CUS-0616,PRD-0161,8,3323.99,26591.92,East,Distributor,Processing
SO-002320,2026-03-15,CUS-0803,PRD-0088,1,449.41,449.41,North,Distributor,Delivered
SO-002321,2025-10-24,CUS-0716,PRD-0188,23,7018.87,161434.01,West,Distributor,Delivered
SO-002322,2026-08-05,CUS-0816,PRD-0405,29,3911.65,113437.85,Central,Distributor,Processing
SO-002323,2026-03-30,CUS-0785,PRD-0015,28,925.14,25903.92,East,Distributor,Shipped
SO-002324,2025-09-12,CUS-0092,PRD-0426,5,3707.93,18539.65,Central,Distributor,Delivered
SO-002325,2024-11-16,CUS-0519,PRD-0056,28,1418.23,39710.44,Central,Retail,Delivered
SO-002326,2025-10-17,CUS-0562,PRD-0104,16,1361.82,21789.12,East,Online,Delivered
SO-002327,2025-03-01,CUS-0172,PRD-0409,3,6491.0,19473.0,South,Distributor,Delivered
SO-002328,2026-06-23,CUS-0131,PRD-0144,6,2450.1,14700.6,South,Distributor,Delivered
SO-002329,2026-09-30,CUS-0108,PRD-0471,20,3378.4,67568.0,East,Online,Delivered
SO-002330,2025-06-25,CUS-0685,PRD-0407,26,4762.54,123826.04,Central,Distributor,Delivered
SO-002331,2026-03-17,CUS-0845,PRD-0472,26,4763.41,123848.66,South,Distributor,Delivered
SO-002332,2026-05-07,CUS-0903,PRD-0029,5,5712.46,28562.3,West,Distributor,Delivered
SO-002333,2025-09-12,CUS-0382,PRD-0124,8,4904.17,39233.36,East,Retail,Delivered
SO-002334,2026-07-08,CUS-0978,PRD-0374,21,4076.51,85606.71,Central,Online,Delivered
SO-002335,2026-05-06,CUS-0379,PRD-0375,21,5960.18,125163.78,East,Distributor,Shipped
SO-002336,2025-11-23,CUS-0091,PRD-0495,8,3280.63,26245.04,West,Distributor,Delivered
SO-002337,2026-04-28,CUS-0700,PRD-0198,30,4920.31,147609.3,West,Retail,Delivered
SO-002338,2025-11-01,CUS-0862,PRD-0334,26,1427.7,37120.2,Central,Online,Delivered
SO-002339,2026-01-18,CUS-0133,PRD-0373,9,4428.71,39858.39,North,Distributor,Delivered
SO-002340,2026-09-30,CUS-0885,PRD-0013,8,5528.54,44228.32,South,Distributor,Delivered
SO-002341,2025-08-19,CUS-0001,PRD-0349,14,1641.0,22974.0,Central,Retail,Processing
SO-002342,2025-06-09,CUS-0585,PRD-0098,20,1821.96,36439.2,Central,Online,Delivered
SO-002343,2025-12-21,CUS-0138,PRD-0317,26,7286.72,189454.72,North,Distributor,Delivered
SO-002344,2024-11-21,CUS-0672,PRD-0022,5,5520.72,27603.6,East,Retail,Delivered
SO-002345,2025-01-08,CUS-0624,PRD-0017,12,3807.74,45692.88,North,Retail,Shipped
SO-002346,2025-05-08,CUS-0682,PRD-0143,20,3441.89,68837.8,North,Distributor,Delivered
SO-002347,2024-12-05,CUS-0553,PRD-0371,14,2973.47,41628.58,Central,Online,Delivered
SO-002348,2025-07-29,CUS-0574,PRD-0219,10,4635.55,46355.5,South,Distributor,Shipped
SO-002349,2025-12-04,CUS-0217,PRD-0474,14,1482.23,20751.22,Central,Retail,Shipped
SO-002350,2026-04-28,CUS-0588,PRD-0083,27,6031.92,162861.84,South,Retail,Delivered
SO-002351,2025-11-29,CUS-0529,PRD-0111,5,5411.23,27056.15,North,Retail,Delivered
SO-002352,2026-07-28,CUS-0384,PRD-0154,30,2946.55,88396.5,North,Distributor,Processing
SO-002353,2026-04-18,CUS-0475,PRD-0404,18,2985.52,53739.36,North,Distributor,Processing
SO-002354,2026-09-22,CUS-0447,PRD-0235,7,1541.57,10790.99,West,Online,Delivered
SO-002355,2026-06-12,CUS-0105,PRD-0397,18,1896.25,34132.5,North,Online,Delivered
SO-002356,2026-04-06,CUS-0003,PRD-0471,9,3378.4,30405.6,West,Retail,Shipped
SO-002357,2025-01-28,CUS-0548,PRD-0220,11,4804.28,52847.08,Central,Retail,Processing
SO-002358,2026-08-23,CUS-0109,PRD-0311,6,2295.01,13770.06,North,Distributor,Delivered
SO-002359,2026-07-23,CUS-0961,PRD-0324,6,3480.31,20881.86,Central,Retail,Delivered
SO-002360,2024-10-20,CUS-0953,PRD-0106,14,5261.15,73656.1,North,Online,Delivered
SO-002361,2025-07-16,CUS-0693,PRD-0469,11,1541.41,16955.51,Central,Retail,Delivered
SO-002362,2026-03-08,CUS-0199,PRD-0312,29,5356.9,155350.1,West,Distributor,Delivered
SO-002363,2025-08-01,CUS-0012,PRD-0393,12,6428.79,77145.48,West,Distributor,Delivered
SO-002364,2026-02-22,CUS-0387,PRD-0062,28,263.99,7391.72,East,Online,Delivered
SO-002365,2025-07-07,CUS-0538,PRD-0391,2,4351.84,8703.68,Central,Distributor,Delivered
SO-002366,2025-08-17,CUS-0343,PRD-0107,8,6065.28,48522.24,North,Retail,Delivered
SO-002367,2026-05-12,CUS-0888,PRD-0478,2,2188.84,4377.68,South,Distributor,Delivered
SO-002368,2025-07-03,CUS-0731,PRD-0328,10,5555.74,55557.4,North,Distributor,Delivered
SO-002369,2026-09-04,CUS-0874,PRD-0003,3,4440.58,13321.74,Central,Online,Delivered
SO-002370,2026-08-13,CUS-0547,PRD-0240,28,2083.18,58329.04,West,Distributor,Delivered
SO-002371,2025-01-02,CUS-0469,PRD-0153,11,4300.48,47305.28,Central,Distributor,Delivered
SO-002372,2024-11-16,CUS-0350,PRD-0185,9,3802.03,34218.27,West,Online,Delivered
SO-002373,2026-08-06,CUS-0937,PRD-0450,20,2868.55,57371.0,South,Distributor,Delivered
SO-002374,2026-09-08,CUS-0770,PRD-0237,21,3655.63,76768.23,South,Online,Delivered
SO-002375,2025-08-20,CUS-0592,PRD-0273,25,861.12,21528.0,Central,Online,Delivered
SO-002376,2026-02-11,CUS-0139,PRD-0457,25,2551.93,63798.25,South,Online,Delivered
SO-002377,2026-02-24,CUS-0776,PRD-0045,21,4983.69,104657.49,West,Retail,Delivered
SO-002378,2025-10-14,CUS-0743,PRD-0461,17,4557.11,77470.87,Central,Online,Processing
SO-002379,2025-12-29,CUS-0502,PRD-0086,21,7560.82,158777.22,West,Distributor,Shipped
SO-002380,2024-11-04,CUS-0972,PRD-0432,12,2965.64,35587.68,East,Distributor,Delivered
SO-002381,2026-02-25,CUS-0103,PRD-0083,22,6031.92,132702.24,North,Online,Delivered
SO-002382,2025-11-29,CUS-0635,PRD-0055,21,1137.43,23886.03,North,Retail,Delivered
SO-002383,2026-09-22,CUS-0989,PRD-0294,18,5639.48,101510.64,South,Retail,Shipped
SO-002384,2025-01-20,CUS-0416,PRD-0285,1,3435.8,3435.8,Central,Online,Delivered
SO-002385,2026-02-01,CUS-0423,PRD-0488,5,2178.12,10890.6,North,Distributor,Shipped
SO-002386,2025-01-15,CUS-0838,PRD-0461,17,3797.59,64559.03,North,Online,Delivered
SO-002387,2025-09-18,CUS-0317,PRD-0500,24,5969.68,143272.32,Central,Distributor,Delivered
SO-002388,2026-09-01,CUS-0149,PRD-0007,13,4691.05,60983.65,South,Distributor,Processing
SO-002389,2025-03-28,CUS-0298,PRD-0136,7,6112.94,42790.58,East,Online,Delivered
SO-002390,2025-09-14,CUS-0180,PRD-0487,27,5920.64,159857.28,West,Online,Delivered
SO-002391,2025-03-23,CUS-0602,PRD-0330,23,358.68,8249.64,South,Distributor,Delivered
SO-002392,2026-07-13,CUS-0752,PRD-0363,22,3326.43,73181.46,East,Distributor,Shipped
SO-002393,2025-07-05,CUS-0599,PRD-0154,6,2946.55,17679.3,North,Online,Delivered
SO-002394,2024-11-27,CUS-0536,PRD-0119,13,4379.5,56933.5,South,Distributor,Delivered
SO-002395,2025-09-10,CUS-0027,PRD-0342,6,3067.52,18405.12,East,Distributor,Shipped
SO-002396,2026-03-31,CUS-0416,PRD-0084,19,2824.56,53666.64,North,Distributor,Delivered
SO-002397,2025-12-14,CUS-0286,PRD-0301,19,5581.58,106050.02,East,Distributor,Delivered
SO-002398,2025-10-16,CUS-0257,PRD-0004,14,4669.72,65376.08,West,Online,Delivered
SO-002399,2026-03-08,CUS-0464,PRD-0109,27,1120.2,30245.4,North,Retail,Delivered
SO-002400,2025-04-12,CUS-0013,PRD-0177,8,1860.82,14886.56,West,Retail,Delivered
SO-002401,2025-07-18,CUS-0648,PRD-0455,22,2220.14,48843.08,South,Retail,Delivered
SO-002402,2026-07-02,CUS-0310,PRD-0357,8,748.93,5991.44,South,Retail,Delivered
SO-002403,2025-11-09,CUS-0985,PRD-0339,4,1494.23,5976.92,West,Online,Shipped
SO-002404,2026-08-18,CUS-0992,PRD-0429,30,2369.99,71099.7,West,Distributor,Delivered
SO-002405,2025-04-17,CUS-0631,PRD-0499,28,2253.51,63098.28,West,Retail,Delivered
SO-002406,2025-11-17,CUS-0761,PRD-0491,22,4012.78,88281.16,South,Distributor,Delivered
SO-002407,2025-11-09,CUS-0499,PRD-0316,6,5987.4,35924.4,East,Retail,Delivered
SO-002408,2025-03-22,CUS-0090,PRD-0261,17,5917.17,100591.89,East,Retail,Delivered
SO-002409,2026-07-23,CUS-0106,PRD-0412,4,4004.86,16019.44,East,Retail,Delivered
SO-002410,2025-01-20,CUS-0625,PRD-0424,10,2881.05,28810.5,East,Online,Delivered
SO-002411,2026-07-30,CUS-0605,PRD-0238,22,6478.54,142527.88,Central,Distributor,Shipped
SO-002412,2025-07-19,CUS-0436,PRD-0385,16,4527.09,72433.44,Central,Retail,Processing
SO-002413,2026-01-29,CUS-0952,PRD-0161,20,2769.99,55399.8,South,Distributor,Delivered
SO-002414,2026-05-28,CUS-0813,PRD-0004,6,3891.43,23348.58,Central,Retail,Delivered
SO-002415,2024-12-10,CUS-0013,PRD-0120,5,475.74,2378.7,West,Distributor,Delivered
SO-002416,2026-08-11,CUS-0177,PRD-0382,26,2799.84,72795.84,North,Distributor,Delivered
SO-002417,2025-12-02,CUS-0484,PRD-0074,1,2056.74,2056.74,West,Online,Cancelled
SO-002418,2025-09-13,CUS-0204,PRD-0182,10,1447.54,14475.4,North,Retail,Delivered
SO-002419,2025-03-01,CUS-0577,PRD-0374,17,4076.51,69300.67,East,Online,Delivered
SO-002420,2025-02-23,CUS-0154,PRD-0249,9,1990.91,17918.19,Central,Online,Delivered
SO-002421,2026-06-20,CUS-0925,PRD-0325,11,4731.96,52051.56,Central,Retail,Cancelled
SO-002422,2026-06-21,CUS-0747,PRD-0292,23,363.77,8366.71,East,Distributor,Delivered
SO-002423,2026-05-14,CUS-0928,PRD-0067,15,4391.39,65870.85,West,Distributor,Delivered
SO-002424,2026-03-09,CUS-0979,PRD-0115,12,1159.28,13911.36,Central,Retail,Delivered
SO-002425,2025-09-29,CUS-0468,PRD-0334,1,1189.75,1189.75,East,Retail,Processing
SO-002426,2025-09-23,CUS-0740,PRD-0118,6,359.5,2157.0,East,Online,Delivered
SO-002427,2026-08-08,CUS-0130,PRD-0316,16,4989.5,79832.0,South,Retail,Cancelled
SO-002428,2024-12-19,CUS-0875,PRD-0037,12,1378.9,16546.8,East,Distributor,Delivered
SO-002429,2026-09-29,CUS-0871,PRD-0039,21,6475.29,135981.09,West,Distributor,Delivered
SO-002430,2026-02-17,CUS-0092,PRD-0332,17,4886.91,83077.47,East,Distributor,Processing
SO-002431,2024-11-17,CUS-0007,PRD-0301,4,5581.58,22326.32,Central,Distributor,Delivered
SO-002432,2025-04-09,CUS-0797,PRD-0160,16,4023.81,64380.96,South,Online,Delivered
SO-002433,2026-04-03,CUS-0177,PRD-0408,12,3047.73,36572.76,East,Online,Delivered
SO-002434,2026-03-23,CUS-0962,PRD-0092,22,562.91,12384.02,West,Online,Delivered
SO-002435,2026-09-08,CUS-0465,PRD-0379,23,6474.05,148903.15,West,Retail,Delivered
SO-002436,2025-10-08,CUS-0208,PRD-0197,26,2735.86,71132.36,Central,Distributor,Shipped
SO-002437,2025-09-28,CUS-0148,PRD-0148,8,940.82,7526.56,East,Online,Delivered
SO-002438,2025-09-16,CUS-0403,PRD-0156,3,1937.71,5813.13,West,Distributor,Delivered
SO-002439,2025-11-15,CUS-0163,PRD-0319,13,489.64,6365.32,South,Retail,Delivered
SO-002440,2024-11-07,CUS-0538,PRD-0285,25,4122.96,103074.0,North,Retail,Delivered
SO-002441,2025-02-01,CUS-0376,PRD-0299,11,2920.8,32128.8,West,Retail,Delivered
SO-002442,2026-03-28,CUS-0843,PRD-0432,30,2471.37,74141.1,South,Distributor,Shipped
SO-002443,2024-10-31,CUS-0087,PRD-0205,28,4466.98,125075.44,Central,Retail,Cancelled
SO-002444,2026-06-29,CUS-0520,PRD-0030,27,4305.15,116239.05,North,Retail,Delivered
SO-002445,2025-05-22,CUS-0651,PRD-0197,30,2279.88,68396.4,West,Retail,Delivered
SO-002446,2025-11-19,CUS-0213,PRD-0242,4,5834.59,23338.36,Central,Online,Delivered
SO-002447,2026-07-04,CUS-0670,PRD-0297,8,4113.85,32910.8,South,Retail,Delivered
SO-002448,2025-08-01,CUS-0535,PRD-0035,2,3375.68,6751.36,West,Online,Delivered
SO-002449,2025-03-18,CUS-0447,PRD-0492,22,1708.12,37578.64,Central,Retail,Delivered
SO-002450,2026-03-04,CUS-0060,PRD-0023,12,4174.81,50097.72,North,Retail,Delivered
SO-002451,2024-10-21,CUS-0171,PRD-0337,18,2022.65,36407.7,North,Online,Delivered
SO-002452,2025-07-21,CUS-0188,PRD-0352,28,181.58,5084.24,Central,Distributor,Delivered
SO-002453,2026-03-17,CUS-0240,PRD-0094,9,3817.71,34359.39,West,Distributor,Shipped
SO-002454,2026-03-10,CUS-0931,PRD-0073,5,516.1,2580.5,North,Distributor,Processing
SO-002455,2025-04-12,CUS-0910,PRD-0466,2,2911.86,5823.72,South,Online,Delivered
SO-002456,2025-12-03,CUS-0630,PRD-0124,19,5885.0,111815.0,South,Retail,Delivered
SO-002457,2024-12-22,CUS-0909,PRD-0064,27,5566.74,150301.98,West,Retail,Delivered
SO-002458,2025-07-09,CUS-0414,PRD-0244,18,4745.61,85420.98,East,Distributor,Shipped
SO-002459,2025-06-20,CUS-0347,PRD-0110,7,1471.72,10302.04,South,Online,Delivered
SO-002460,2025-04-19,CUS-0147,PRD-0246,13,2017.09,26222.17,East,Distributor,Delivered
SO-002461,2025-05-22,CUS-0990,PRD-0356,26,4447.37,115631.62,Central,Retail,Delivered
SO-002462,2024-10-20,CUS-0811,PRD-0063,13,4654.04,60502.52,North,Distributor,Shipped
SO-002463,2025-04-30,CUS-0893,PRD-0399,25,4340.93,108523.25,West,Distributor,Processing
SO-002464,2026-09-25,CUS-0936,PRD-0214,4,5261.22,21044.88,East,Online,Shipped
SO-002465,2026-01-30,CUS-0749,PRD-0394,29,567.05,16444.45,Central,Distributor,Delivered
SO-002466,2025-02-13,CUS-0645,PRD-0079,3,6302.5,18907.5,South,Online,Delivered
SO-002467,2025-07-22,CUS-0174,PRD-0440,5,1033.75,5168.75,West,Online,Delivered
SO-002468,2025-10-09,CUS-0208,PRD-0007,30,5629.26,168877.8,Central,Distributor,Shipped
SO-002469,2025-05-02,CUS-0064,PRD-0486,15,3826.69,57400.35,West,Online,Delivered
SO-002470,2026-08-01,CUS-0592,PRD-0477,1,4468.82,4468.82,South,Retail,Delivered
SO-002471,2026-03-25,CUS-0209,PRD-0343,11,1756.43,19320.73,Central,Distributor,Delivered
SO-002472,2026-03-17,CUS-0633,PRD-0211,19,6127.17,116416.23,South,Online,Delivered
SO-002473,2026-07-03,CUS-0531,PRD-0112,24,3241.95,77806.8,Central,Retail,Processing
SO-002474,2024-12-25,CUS-0374,PRD-0243,7,1810.03,12670.21,North,Distributor,Delivered
SO-002475,2026-03-26,CUS-0224,PRD-0350,8,3791.55,30332.4,South,Online,Processing
SO-002476,2026-08-22,CUS-0599,PRD-0442,17,2804.33,47673.61,South,Distributor,Delivered
SO-002477,2025-06-29,CUS-0948,PRD-0393,9,6428.79,57859.11,South,Retail,Delivered
SO-002478,2025-02-02,CUS-0008,PRD-0192,15,3532.37,52985.55,North,Retail,Processing
SO-002479,2025-07-12,CUS-0633,PRD-0413,23,1881.85,43282.55,Central,Distributor,Delivered
SO-002480,2024-11-06,CUS-0220,PRD-0085,2,1339.26,2678.52,North,Online,Shipped
SO-002481,2025-12-20,CUS-0101,PRD-0374,13,4891.81,63593.53,Central,Online,Delivered
SO-002482,2026-08-09,CUS-0926,PRD-0123,23,5761.94,132524.62,West,Online,Delivered
SO-002483,2026-02-10,CUS-0108,PRD-0217,23,5541.8,127461.4,South,Distributor,Delivered
SO-002484,2025-10-09,CUS-0281,PRD-0019,26,6694.06,174045.56,Central,Distributor,Delivered
SO-002485,2024-11-08,CUS-0591,PRD-0185,29,3802.03,110258.87,East,Distributor,Delivered
SO-002486,2026-04-25,CUS-0781,PRD-0243,14,1508.36,21117.04,East,Retail,Delivered
SO-002487,2024-11-11,CUS-0137,PRD-0042,28,6031.16,168872.48,South,Retail,Delivered
SO-002488,2026-03-27,CUS-0240,PRD-0346,10,2035.62,20356.2,West,Retail,Processing
SO-002489,2026-08-30,CUS-0037,PRD-0038,27,534.68,14436.36,South,Distributor,Delivered
SO-002490,2025-01-09,CUS-0329,PRD-0402,28,463.79,12986.12,West,Distributor,Delivered
SO-002491,2025-04-22,CUS-0075,PRD-0110,2,1471.72,2943.44,East,Online,Delivered
SO-002492,2026-03-17,CUS-0374,PRD-0210,15,4444.7,66670.5,South,Retail,Delivered
SO-002493,2026-08-29,CUS-0642,PRD-0289,2,2175.15,4350.3,West,Distributor,Delivered
SO-002494,2025-05-10,CUS-0876,PRD-0033,17,4888.48,83104.16,North,Distributor,Cancelled
SO-002495,2025-07-12,CUS-0923,PRD-0137,21,1267.47,26616.87,South,Online,Delivered
SO-002496,2026-01-24,CUS-0763,PRD-0171,25,5420.73,135518.25,Central,Retail,Processing
SO-002497,2026-06-25,CUS-0433,PRD-0235,8,1541.57,12332.56,East,Distributor,Delivered
SO-002498,2024-12-30,CUS-0926,PRD-0469,11,1849.69,20346.59,East,Distributor,Delivered
SO-002499,2026-03-18,CUS-0228,PRD-0335,3,422.97,1268.91,North,Retail,Delivered
SO-002500,2024-11-22,CUS-0396,PRD-0008,18,1841.05,33138.9,North,Distributor,Delivered
SO-002501,2024-10-09,CUS-0267,PRD-0019,29,6694.06,194127.74,Central,Retail,Delivered
SO-002502,2025-02-04,CUS-0155,PRD-0028,17,1835.51,31203.67,North,Retail,Delivered
SO-002503,2024-11-24,CUS-0999,PRD-0165,30,1828.82,54864.6,Central,Online,Delivered
SO-002504,2026-03-27,CUS-0275,PRD-0172,17,5845.22,99368.74,West,Distributor,Delivered
SO-002505,2024-10-01,CUS-0126,PRD-0299,29,3504.96,101643.84,West,Retail,Delivered
SO-002506,2026-03-31,CUS-0664,PRD-0444,16,3927.95,62847.2,North,Online,Shipped
SO-002507,2026-02-04,CUS-0795,PRD-0014,25,5271.41,131785.25,North,Online,Delivered
SO-002508,2024-12-16,CUS-0886,PRD-0239,7,2845.24,19916.68,South,Distributor,Delivered
SO-002509,2025-05-16,CUS-0770,PRD-0234,22,5180.98,113981.56,North,Distributor,Delivered
SO-002510,2025-12-09,CUS-0996,PRD-0210,25,5333.64,133341.0,East,Online,Delivered
SO-002511,2026-05-23,CUS-0513,PRD-0062,2,263.99,527.98,West,Distributor,Delivered
SO-002512,2025-06-08,CUS-0835,PRD-0139,12,4770.83,57249.96,West,Distributor,Delivered
SO-002513,2025-05-03,CUS-0131,PRD-0162,18,4705.86,84705.48,South,Retail,Delivered
SO-002514,2026-09-24,CUS-0228,PRD-0025,9,6433.26,57899.34,West,Distributor,Delivered
SO-002515,2024-12-23,CUS-0097,PRD-0261,26,7100.6,184615.6,West,Retail,Delivered
SO-002516,2025-02-26,CUS-0368,PRD-0054,24,6359.76,152634.24,South,Distributor,Delivered
SO-002517,2026-08-21,CUS-0402,PRD-0459,25,2659.35,66483.75,West,Retail,Delivered
SO-002518,2026-05-27,CUS-0065,PRD-0447,18,4346.55,78237.9,West,Distributor,Delivered
SO-002519,2025-04-03,CUS-0625,PRD-0151,1,5440.82,5440.82,South,Distributor,Delivered
SO-002520,2025-02-05,CUS-0404,PRD-0183,1,5893.82,5893.82,East,Distributor,Delivered
SO-002521,2026-08-19,CUS-0826,PRD-0072,13,5632.64,73224.32,Central,Retail,Shipped
SO-002522,2024-12-10,CUS-0447,PRD-0069,17,3769.1,64074.7,West,Retail,Processing
SO-002523,2025-06-08,CUS-0947,PRD-0052,1,498.98,498.98,West,Retail,Delivered
SO-002524,2026-06-10,CUS-0803,PRD-0330,6,358.68,2152.08,East,Retail,Delivered
SO-002525,2025-01-05,CUS-0708,PRD-0154,13,2946.55,38305.15,South,Distributor,Delivered
SO-002526,2026-09-30,CUS-0812,PRD-0086,8,6300.68,50405.44,Central,Online,Delivered
SO-002527,2025-06-09,CUS-0337,PRD-0091,21,5553.05,116614.05,North,Distributor,Delivered
SO-002528,2026-09-09,CUS-0363,PRD-0021,9,2488.06,22392.54,Central,Online,Delivered
SO-002529,2026-01-22,CUS-0795,PRD-0046,19,5675.2,107828.8,East,Retail,Delivered
SO-002530,2024-10-06,CUS-0940,PRD-0034,13,3209.02,41717.26,East,Distributor,Delivered
SO-002531,2026-07-07,CUS-0955,PRD-0423,5,711.1,3555.5,West,Retail,Shipped
SO-002532,2025-09-20,CUS-0721,PRD-0303,14,1561.34,21858.76,West,Online,Delivered
SO-002533,2025-01-20,CUS-0650,PRD-0233,21,4244.4,89132.4,North,Retail,Cancelled
SO-002534,2026-07-23,CUS-0562,PRD-0091,16,5553.05,88848.8,Central,Distributor,Processing
SO-002535,2026-05-25,CUS-0588,PRD-0341,14,5944.72,83226.08,South,Online,Cancelled
SO-002536,2025-05-27,CUS-0650,PRD-0347,9,3040.05,27360.45,West,Online,Delivered
SO-002537,2024-11-17,CUS-0016,PRD-0413,16,2258.22,36131.52,East,Retail,Delivered
SO-002538,2025-04-19,CUS-0096,PRD-0302,16,217.1,3473.6,East,Online,Delivered
SO-002539,2025-08-15,CUS-0810,PRD-0147,15,2693.29,40399.35,North,Online,Delivered
SO-002540,2026-05-01,CUS-0186,PRD-0390,24,6175.19,148204.56,East,Retail,Delivered
SO-002541,2026-01-24,CUS-0106,PRD-0251,8,1941.24,15529.92,South,Retail,Delivered
SO-002542,2026-09-16,CUS-0041,PRD-0302,7,217.1,1519.7,North,Distributor,Delivered
SO-002543,2026-08-24,CUS-0130,PRD-0137,6,1267.47,7604.82,South,Distributor,Processing
SO-002544,2026-06-15,CUS-0483,PRD-0160,2,4023.81,8047.62,South,Online,Delivered
SO-002545,2024-10-20,CUS-0475,PRD-0415,24,4211.58,101077.92,North,Online,Delivered
SO-002546,2026-04-08,CUS-0525,PRD-0230,11,3670.39,40374.29,Central,Online,Processing
SO-002547,2025-08-10,CUS-0982,PRD-0498,24,1940.02,46560.48,North,Online,Delivered
SO-002548,2026-05-09,CUS-0531,PRD-0034,6,2674.18,16045.08,West,Retail,Delivered
SO-002549,2025-09-19,CUS-0995,PRD-0276,16,4900.86,78413.76,East,Distributor,Delivered
SO-002550,2025-01-13,CUS-0476,PRD-0250,12,783.48,9401.76,East,Online,Delivered
SO-002551,2025-04-04,CUS-0856,PRD-0229,30,2297.96,68938.8,Central,Distributor,Delivered
SO-002552,2025-09-28,CUS-0777,PRD-0053,15,675.61,10134.15,North,Retail,Delivered
SO-002553,2026-01-03,CUS-0540,PRD-0091,17,5553.05,94401.85,South,Distributor,Delivered
SO-002554,2026-09-25,CUS-0886,PRD-0029,30,5712.46,171373.8,North,Distributor,Delivered
SO-002555,2025-09-18,CUS-0123,PRD-0339,27,1245.19,33620.13,West,Online,Delivered
SO-002556,2026-06-12,CUS-0037,PRD-0471,24,3378.4,81081.6,North,Retail,Cancelled
SO-002557,2025-04-05,CUS-0119,PRD-0042,13,5025.97,65337.61,North,Retail,Delivered
SO-002558,2025-08-29,CUS-0252,PRD-0336,18,2413.41,43441.38,South,Retail,Delivered
SO-002559,2025-08-28,CUS-0641,PRD-0424,5,2881.05,14405.25,Central,Online,Processing
SO-002560,2025-08-12,CUS-0008,PRD-0008,20,1534.21,30684.2,North,Distributor,Cancelled
SO-002561,2025-07-22,CUS-0113,PRD-0141,5,2583.7,12918.5,East,Online,Delivered
SO-002562,2025-06-29,CUS-0023,PRD-0166,2,449.89,899.78,East,Distributor,Delivered
SO-002563,2025-10-22,CUS-0912,PRD-0253,21,7349.48,154339.08,North,Retail,Processing
SO-002564,2025-02-18,CUS-0203,PRD-0410,14,4500.44,63006.16,West,Online,Shipped
SO-002565,2026-08-21,CUS-0840,PRD-0290,27,2230.85,60232.95,Central,Distributor,Shipped
SO-002566,2026-02-10,CUS-0579,PRD-0032,14,4875.59,68258.26,North,Retail,Processing
SO-002567,2026-01-30,CUS-0020,PRD-0030,19,4305.15,81797.85,West,Retail,Cancelled
SO-002568,2025-04-16,CUS-0045,PRD-0110,8,1471.72,11773.76,Central,Distributor,Delivered
SO-002569,2025-07-12,CUS-1000,PRD-0122,12,4378.36,52540.32,South,Retail,Delivered
SO-002570,2024-12-26,CUS-0375,PRD-0318,5,4526.82,22634.1,East,Retail,Delivered
SO-002571,2025-04-15,CUS-0513,PRD-0024,1,1170.87,1170.87,North,Retail,Delivered
SO-002572,2025-10-23,CUS-0367,PRD-0103,29,6877.14,199437.06,North,Online,Delivered
SO-002573,2025-07-02,CUS-0503,PRD-0425,4,3674.09,14696.36,East,Distributor,Delivered
SO-002574,2025-08-03,CUS-0105,PRD-0299,12,2920.8,35049.6,North,Retail,Delivered
SO-002575,2025-06-16,CUS-0423,PRD-0372,10,2557.13,25571.3,Central,Retail,Shipped
SO-002576,2026-02-14,CUS-0585,PRD-0103,5,5730.95,28654.75,South,Online,Shipped
SO-002577,2025-12-04,CUS-0348,PRD-0266,28,1989.53,55706.84,South,Online,Delivered
SO-002578,2025-06-29,CUS-0733,PRD-0463,25,863.66,21591.5,West,Online,Delivered
SO-002579,2025-03-21,CUS-0094,PRD-0367,26,4933.94,128282.44,North,Retail,Delivered
SO-002580,2025-01-14,CUS-0925,PRD-0407,8,4762.54,38100.32,Central,Online,Delivered
SO-002581,2025-09-22,CUS-0564,PRD-0098,3,1821.96,5465.88,North,Retail,Processing
SO-002582,2025-11-09,CUS-0601,PRD-0470,16,4058.14,64930.24,East,Online,Delivered
SO-002583,2026-08-09,CUS-0174,PRD-0383,7,4301.86,30113.02,South,Retail,Processing
SO-002584,2026-06-01,CUS-0035,PRD-0456,17,4888.48,83104.16,West,Retail,Cancelled
SO-002585,2024-11-21,CUS-0094,PRD-0242,23,5834.59,134195.57,South,Retail,Delivered
SO-002586,2025-08-19,CUS-0407,PRD-0056,12,1181.86,14182.32,North,Retail,Delivered
SO-002587,2024-12-08,CUS-0949,PRD-0035,2,4050.82,8101.64,Central,Online,Processing
SO-002588,2024-10-17,CUS-0275,PRD-0299,25,3504.96,87624.0,Central,Retail,Delivered
SO-002589,2025-12-31,CUS-0468,PRD-0323,19,6838.31,129927.89,East,Distributor,Delivered
SO-002590,2025-05-16,CUS-0637,PRD-0293,12,1737.78,20853.36,West,Online,Delivered
SO-002591,2025-12-31,CUS-0189,PRD-0330,10,430.42,4304.2,South,Online,Delivered
SO-002592,2026-03-24,CUS-0593,PRD-0312,6,5356.9,32141.4,East,Online,Delivered
SO-002593,2025-12-06,CUS-0530,PRD-0434,21,7605.43,159714.03,Central,Online,Delivered
SO-002594,2024-10-04,CUS-0187,PRD-0280,13,4727.39,61456.07,Central,Retail,Delivered
SO-002595,2026-05-25,CUS-0597,PRD-0086,9,6300.68,56706.12,Central,Distributor,Processing
SO-002596,2026-01-03,CUS-0864,PRD-0256,24,1080.39,25929.36,West,Online,Cancelled
SO-002597,2024-12-12,CUS-0957,PRD-0489,28,1309.19,36657.32,North,Distributor,Delivered
SO-002598,2024-10-23,CUS-0149,PRD-0432,2,2965.64,5931.28,North,Distributor,Delivered
SO-002599,2026-04-23,CUS-0670,PRD-0327,1,4100.16,4100.16,East,Online,Processing
SO-002600,2025-04-18,CUS-0715,PRD-0437,4,1279.25,5117.0,East,Online,Shipped
SO-002601,2026-07-18,CUS-0419,PRD-0262,14,6436.49,90110.86,Central,Retail,Delivered
SO-002602,2025-06-01,CUS-0807,PRD-0071,21,2386.88,50124.48,South,Online,Delivered
SO-002603,2026-01-10,CUS-0463,PRD-0264,14,6166.15,86326.1,North,Distributor,Delivered
SO-002604,2026-04-09,CUS-0864,PRD-0064,6,4638.95,27833.7,West,Retail,Shipped
SO-002605,2024-11-14,CUS-0968,PRD-0425,4,4408.91,17635.64,West,Online,Delivered
SO-002606,2025-12-12,CUS-0654,PRD-0016,3,4375.8,13127.4,North,Retail,Delivered
SO-002607,2025-05-30,CUS-0072,PRD-0308,14,3641.56,50981.84,South,Retail,Delivered
SO-002608,2026-03-16,CUS-0210,PRD-0231,4,675.35,2701.4,West,Distributor,Shipped
SO-002609,2026-09-25,CUS-0798,PRD-0296,17,3432.45,58351.65,West,Retail,Cancelled
SO-002610,2024-12-03,CUS-0591,PRD-0433,18,1884.76,33925.68,West,Online,Delivered
SO-002611,2025-11-29,CUS-0093,PRD-0062,9,316.79,2851.11,North,Retail,Delivered
SO-002612,2024-10-15,CUS-0182,PRD-0455,18,2664.17,47955.06,South,Distributor,Cancelled
SO-002613,2026-03-26,CUS-0951,PRD-0450,30,2868.55,86056.5,South,Retail,Delivered
SO-002614,2026-04-08,CUS-0795,PRD-0263,14,4085.94,57203.16,North,Distributor,Cancelled
SO-002615,2025-03-21,CUS-0229,PRD-0340,1,4077.55,4077.55,South,Online,Cancelled
SO-002616,2025-04-19,CUS-0852,PRD-0192,21,3532.37,74179.77,West,Online,Delivered
SO-002617,2026-08-12,CUS-0953,PRD-0276,29,4900.86,142124.94,East,Distributor,Delivered
SO-002618,2025-12-24,CUS-0106,PRD-0361,7,1498.6,10490.2,North,Retail,Delivered
SO-002619,2025-08-28,CUS-0769,PRD-0201,19,1558.3,29607.7,North,Distributor,Delivered
SO-002620,2024-11-10,CUS-0510,PRD-0110,14,1766.06,24724.84,South,Retail,Delivered
SO-002621,2026-06-23,CUS-0581,PRD-0046,5,5675.2,28376.0,West,Retail,Delivered
SO-002622,2025-02-01,CUS-0740,PRD-0071,17,2386.88,40576.96,South,Distributor,Delivered
SO-002623,2025-05-30,CUS-0065,PRD-0148,29,940.82,27283.78,North,Online,Delivered
SO-002624,2025-02-15,CUS-0168,PRD-0258,24,3684.93,88438.32,South,Retail,Delivered
SO-002625,2026-05-18,CUS-0479,PRD-0428,27,6298.69,170064.63,North,Retail,Delivered
SO-002626,2024-12-23,CUS-0530,PRD-0454,23,6021.61,138497.03,Central,Online,Processing
SO-002627,2026-02-12,CUS-0882,PRD-0240,23,2083.18,47913.14,North,Online,Delivered
SO-002628,2025-01-18,CUS-0571,PRD-0026,6,4490.99,26945.94,North,Retail,Delivered
SO-002629,2026-06-14,CUS-0284,PRD-0168,23,6422.87,147726.01,South,Distributor,Delivered
SO-002630,2025-04-14,CUS-0930,PRD-0075,6,2987.67,17926.02,North,Online,Delivered
SO-002631,2026-04-25,CUS-0327,PRD-0324,23,3480.31,80047.13,East,Distributor,Delivered
SO-002632,2025-12-05,CUS-0203,PRD-0435,1,5315.53,5315.53,East,Distributor,Shipped
SO-002633,2026-03-18,CUS-0152,PRD-0491,17,3343.98,56847.66,North,Online,Delivered
SO-002634,2024-10-28,CUS-0993,PRD-0365,4,5862.7,23450.8,South,Retail,Delivered
SO-002635,2024-11-19,CUS-0726,PRD-0197,26,2735.86,71132.36,Central,Retail,Delivered
SO-002636,2025-10-24,CUS-0792,PRD-0170,11,6385.91,70245.01,North,Distributor,Delivered
SO-002637,2025-03-18,CUS-0154,PRD-0136,5,6112.94,30564.7,East,Retail,Processing
SO-002638,2024-11-02,CUS-0884,PRD-0455,16,2664.17,42626.72,Central,Online,Delivered
SO-002639,2025-11-06,CUS-0171,PRD-0377,2,5118.78,10237.56,West,Retail,Delivered
SO-002640,2026-09-24,CUS-0046,PRD-0393,15,6428.79,96431.85,South,Online,Delivered
SO-002641,2024-10-24,CUS-0153,PRD-0157,28,869.86,24356.08,East,Distributor,Delivered
SO-002642,2024-10-17,CUS-0334,PRD-0137,5,1520.96,7604.8,East,Distributor,Shipped
SO-002643,2024-11-19,CUS-0178,PRD-0441,13,5859.28,76170.64,East,Online,Delivered
SO-002644,2025-09-20,CUS-0168,PRD-0358,11,5153.45,56687.95,East,Retail,Delivered
SO-002645,2025-10-28,CUS-0089,PRD-0331,16,4980.6,79689.6,South,Distributor,Delivered
SO-002646,2026-05-08,CUS-0706,PRD-0035,15,3375.68,50635.2,South,Retail,Delivered
SO-002647,2026-09-29,CUS-0674,PRD-0168,16,6422.87,102765.92,Central,Retail,Delivered
SO-002648,2026-08-14,CUS-0955,PRD-0426,16,3707.93,59326.88,Central,Retail,Delivered
SO-002649,2025-12-17,CUS-0311,PRD-0260,8,6085.4,48683.2,Central,Online,Delivered
SO-002650,2025-08-30,CUS-0601,PRD-0230,17,3670.39,62396.63,Central,Online,Delivered
SO-002651,2026-08-09,CUS-0052,PRD-0141,7,2583.7,18085.9,South,Distributor,Cancelled
SO-002652,2026-08-26,CUS-0424,PRD-0102,28,1819.32,50940.96,Central,Retail,Delivered
SO-002653,2026-07-12,CUS-0234,PRD-0393,22,6428.79,141433.38,West,Retail,Shipped
SO-002654,2024-12-01,CUS-0214,PRD-0220,14,5765.14,80711.96,Central,Distributor,Cancelled
SO-002655,2026-09-09,CUS-0299,PRD-0360,29,5924.33,171805.57,North,Distributor,Processing
SO-002656,2025-01-26,CUS-0309,PRD-0247,24,2055.44,49330.56,East,Online,Delivered
SO-002657,2026-05-02,CUS-0536,PRD-0068,24,972.83,23347.92,West,Online,Delivered
SO-002658,2025-06-08,CUS-0742,PRD-0481,11,487.81,5365.91,East,Retail,Delivered
SO-002659,2024-11-23,CUS-0359,PRD-0298,24,2197.38,52737.12,South,Online,Delivered
SO-002660,2025-03-27,CUS-0525,PRD-0456,30,4888.48,146654.4,East,Retail,Processing
SO-002661,2025-03-11,CUS-0753,PRD-0254,19,5366.88,101970.72,West,Distributor,Shipped
SO-002662,2025-08-05,CUS-0237,PRD-0435,29,4429.61,128458.69,East,Distributor,Delivered
SO-002663,2025-10-23,CUS-0064,PRD-0073,15,619.32,9289.8,North,Retail,Delivered
SO-002664,2025-06-21,CUS-0257,PRD-0279,26,3569.68,92811.68,East,Online,Delivered
SO-002665,2025-05-07,CUS-0028,PRD-0478,19,2188.84,41587.96,North,Online,Processing
SO-002666,2025-07-19,CUS-0426,PRD-0087,23,518.3,11920.9,East,Online,Delivered
SO-002667,2024-11-20,CUS-0587,PRD-0115,26,1391.14,36169.64,South,Retail,Delivered
SO-002668,2026-03-06,CUS-0628,PRD-0438,29,2366.01,68614.29,East,Online,Processing
SO-002669,2025-03-10,CUS-0107,PRD-0325,20,4731.96,94639.2,South,Distributor,Delivered
SO-002670,2026-02-19,CUS-0750,PRD-0402,11,463.79,5101.69,East,Online,Delivered
SO-002671,2026-01-21,CUS-0266,PRD-0228,9,3235.69,29121.21,West,Online,Delivered
SO-002672,2026-09-13,CUS-0941,PRD-0126,3,287.88,863.64,South,Online,Delivered
SO-002673,2025-05-31,CUS-0504,PRD-0155,14,3144.19,44018.66,Central,Distributor,Delivered
SO-002674,2025-09-25,CUS-0771,PRD-0452,10,1534.7,15347.0,East,Distributor,Delivered
SO-002675,2024-10-13,CUS-0624,PRD-0329,20,7449.43,148988.6,Central,Online,Processing
SO-002676,2026-01-04,CUS-0432,PRD-0054,5,6359.76,31798.8,East,Retail,Delivered
SO-002677,2026-05-20,CUS-0727,PRD-0068,23,972.83,22375.09,Central,Distributor,Processing
SO-002678,2026-08-06,CUS-0376,PRD-0215,2,2341.69,4683.38,West,Distributor,Delivered
SO-002679,2025-02-09,CUS-0636,PRD-0346,8,2035.62,16284.96,North,Retail,Delivered
SO-002680,2025-04-08,CUS-0539,PRD-0111,7,4509.36,31565.52,East,Distributor,Delivered
SO-002681,2025-03-23,CUS-0184,PRD-0340,14,4077.55,57085.7,West,Retail,Delivered
SO-002682,2026-05-28,CUS-0785,PRD-0378,15,418.86,6282.9,South,Distributor,Delivered
SO-002683,2024-12-19,CUS-0170,PRD-0319,3,489.64,1468.92,South,Distributor,Delivered
SO-002684,2025-05-17,CUS-0506,PRD-0254,9,5366.88,48301.92,East,Retail,Delivered
SO-002685,2026-06-11,CUS-0655,PRD-0481,29,487.81,14146.49,West,Retail,Delivered
SO-002686,2026-04-10,CUS-0950,PRD-0106,9,4384.29,39458.61,North,Retail,Delivered
SO-002687,2025-05-01,CUS-0860,PRD-0196,28,2215.24,62026.72,West,Online,Delivered
SO-002688,2024-12-13,CUS-0910,PRD-0090,13,590.78,7680.14,East,Online,Delivered
SO-002689,2026-06-27,CUS-0604,PRD-0075,29,2987.67,86642.43,West,Online,Shipped
SO-002690,2025-10-11,CUS-0551,PRD-0198,11,5904.37,64948.07,South,Retail,Delivered
SO-002691,2026-08-10,CUS-0822,PRD-0287,4,4173.59,16694.36,West,Distributor,Delivered
SO-002692,2025-03-11,CUS-0176,PRD-0249,1,1990.91,1990.91,East,Online,Delivered
SO-002693,2026-09-25,CUS-0962,PRD-0199,5,5448.38,27241.9,West,Retail,Delivered
SO-002694,2025-09-19,CUS-0202,PRD-0127,8,5240.23,41921.84,West,Online,Delivered
SO-002695,2026-09-30,CUS-0645,PRD-0184,2,5587.39,11174.78,West,Distributor,Delivered
SO-002696,2024-12-12,CUS-0226,PRD-0103,21,6877.14,144419.94,North,Online,Delivered
SO-002697,2025-03-22,CUS-0752,PRD-0346,17,2035.62,34605.54,West,Retail,Delivered
SO-002698,2025-08-31,CUS-0150,PRD-0288,25,3123.97,78099.25,North,Retail,Cancelled
SO-002699,2025-10-30,CUS-0786,PRD-0173,11,2137.26,23509.86,Central,Online,Delivered
SO-002700,2026-05-17,CUS-0610,PRD-0086,30,6300.68,189020.4,North,Online,Delivered
SO-002701,2025-10-23,CUS-0920,PRD-0460,7,299.26,2094.82,West,Online,Delivered
SO-002702,2025-07-07,CUS-0538,PRD-0030,7,4305.15,30136.05,South,Retail,Delivered
SO-002703,2024-12-01,CUS-0173,PRD-0222,4,3709.49,14837.96,South,Retail,Delivered
SO-002704,2025-03-22,CUS-0308,PRD-0494,3,2448.03,7344.09,South,Online,Delivered
SO-002705,2026-09-18,CUS-0725,PRD-0240,2,2083.18,4166.36,East,Distributor,Delivered
SO-002706,2025-04-14,CUS-0036,PRD-0382,4,2799.84,11199.36,South,Online,Delivered
SO-002707,2024-10-08,CUS-0097,PRD-0056,20,1418.23,28364.6,Central,Distributor,Delivered
SO-002708,2026-09-01,CUS-0400,PRD-0413,10,1881.85,18818.5,East,Distributor,Delivered
SO-002709,2025-04-13,CUS-0498,PRD-0379,28,6474.05,181273.4,Central,Online,Delivered
SO-002710,2025-11-21,CUS-0014,PRD-0371,14,2973.47,41628.58,West,Online,Delivered
SO-002711,2025-06-01,CUS-0076,PRD-0089,20,5986.5,119730.0,East,Distributor,Shipped
SO-002712,2024-12-29,CUS-0702,PRD-0220,30,5765.14,172954.2,East,Online,Delivered
SO-002713,2024-11-20,CUS-0936,PRD-0114,25,183.1,4577.5,South,Distributor,Delivered
SO-002714,2026-04-14,CUS-0900,PRD-0135,15,4458.53,66877.95,South,Retail,Delivered
SO-002715,2024-10-02,CUS-0618,PRD-0153,11,5160.58,56766.38,West,Online,Delivered
SO-002716,2025-01-04,CUS-0004,PRD-0438,20,2366.01,47320.2,West,Online,Shipped
SO-002717,2025-01-01,CUS-0268,PRD-0137,5,1267.47,6337.35,Central,Distributor,Processing
SO-002718,2026-01-08,CUS-0115,PRD-0123,28,5761.94,161334.32,Central,Retail,Delivered
SO-002719,2024-12-19,CUS-0596,PRD-0052,12,598.78,7185.36,East,Online,Delivered
SO-002720,2026-07-23,CUS-0171,PRD-0497,4,2230.12,8920.48,Central,Online,Delivered
SO-002721,2026-06-23,CUS-0927,PRD-0391,14,4351.84,60925.76,West,Distributor,Cancelled
SO-002722,2025-01-07,CUS-0693,PRD-0209,1,293.57,293.57,North,Online,Shipped
SO-002723,2025-10-09,CUS-0391,PRD-0129,17,6822.85,115988.45,Central,Online,Shipped
SO-002724,2025-11-26,CUS-0053,PRD-0454,1,6021.61,6021.61,West,Retail,Delivered
SO-002725,2025-02-27,CUS-0267,PRD-0500,6,5969.68,35818.08,South,Distributor,Cancelled
SO-002726,2024-10-10,CUS-0102,PRD-0109,18,1344.24,24196.32,East,Retail,Shipped
SO-002727,2025-11-11,CUS-0506,PRD-0327,6,4920.19,29521.14,East,Retail,Delivered
SO-002728,2024-11-19,CUS-0975,PRD-0337,4,2022.65,8090.6,East,Distributor,Delivered
SO-002729,2025-10-04,CUS-0446,PRD-0179,6,3083.92,18503.52,South,Online,Delivered
SO-002730,2025-04-22,CUS-0923,PRD-0231,10,675.35,6753.5,West,Retail,Delivered
SO-002731,2026-02-21,CUS-0632,PRD-0485,2,3914.29,7828.58,West,Distributor,Delivered
SO-002732,2024-12-26,CUS-0137,PRD-0219,18,5562.66,100127.88,West,Online,Delivered
SO-002733,2025-02-04,CUS-0061,PRD-0083,27,6031.92,162861.84,North,Online,Processing
SO-002734,2026-04-22,CUS-0341,PRD-0439,18,3737.46,67274.28,Central,Distributor,Delivered
SO-002735,2025-10-17,CUS-0540,PRD-0433,20,1884.76,37695.2,East,Retail,Cancelled
SO-002736,2025-06-03,CUS-0534,PRD-0180,18,539.14,9704.52,East,Retail,Delivered
SO-002737,2025-01-18,CUS-0572,PRD-0452,20,1534.7,30694.0,South,Online,Delivered
SO-002738,2025-03-31,CUS-0589,PRD-0421,13,2848.48,37030.24,South,Distributor,Shipped
SO-002739,2026-02-08,CUS-0386,PRD-0068,30,972.83,29184.9,Central,Distributor,Processing
SO-002740,2026-02-19,CUS-0478,PRD-0440,3,1033.75,3101.25,East,Retail,Shipped
SO-002741,2024-12-07,CUS-0158,PRD-0058,22,5929.25,130443.5,Central,Retail,Delivered
SO-002742,2025-05-18,CUS-0553,PRD-0338,11,4473.07,49203.77,Central,Retail,Shipped
SO-002743,2025-05-06,CUS-0162,PRD-0009,7,5286.07,37002.49,East,Online,Delivered
SO-002744,2024-11-25,CUS-0946,PRD-0331,21,4980.6,104592.6,South,Retail,Delivered
SO-002745,2024-12-15,CUS-0759,PRD-0005,10,872.21,8722.1,West,Retail,Shipped
SO-002746,2026-04-22,CUS-0637,PRD-0277,19,2927.41,55620.79,East,Retail,Delivered
SO-002747,2025-06-04,CUS-0803,PRD-0458,26,3689.08,95916.08,West,Distributor,Processing
SO-002748,2025-04-15,CUS-0908,PRD-0064,23,4638.95,106695.85,North,Online,Delivered
SO-002749,2025-04-05,CUS-0118,PRD-0318,28,3772.35,105625.8,North,Retail,Delivered
SO-002750,2025-06-04,CUS-0447,PRD-0059,10,2671.58,26715.8,West,Online,Delivered
SO-002751,2025-11-22,CUS-0866,PRD-0236,4,5231.3,20925.2,Central,Online,Delivered
SO-002752,2026-03-28,CUS-0882,PRD-0125,4,6348.43,25393.72,West,Distributor,Shipped
SO-002753,2025-09-26,CUS-0006,PRD-0028,30,1835.51,55065.3,South,Online,Processing
SO-002754,2025-09-23,CUS-0844,PRD-0266,12,1657.94,19895.28,East,Distributor,Delivered
SO-002755,2024-11-02,CUS-0051,PRD-0376,11,5013.02,55143.22,West,Online,Delivered
SO-002756,2025-07-11,CUS-0509,PRD-0004,6,3891.43,23348.58,West,Distributor,Delivered
SO-002757,2026-01-17,CUS-0302,PRD-0016,26,3646.5,94809.0,West,Online,Delivered
SO-002758,2026-02-11,CUS-0786,PRD-0096,27,3460.13,93423.51,East,Distributor,Delivered
SO-002759,2026-05-06,CUS-0040,PRD-0026,20,4490.99,89819.8,Central,Retail,Delivered
SO-002760,2025-08-15,CUS-0934,PRD-0302,11,217.1,2388.1,West,Distributor,Shipped
SO-002761,2026-01-01,CUS-0372,PRD-0014,2,5271.41,10542.82,West,Online,Processing
SO-002762,2024-10-24,CUS-0603,PRD-0365,12,5862.7,70352.4,East,Online,Delivered
SO-002763,2026-07-20,CUS-0138,PRD-0098,5,1821.96,9109.8,Central,Distributor,Delivered
SO-002764,2026-09-18,CUS-0254,PRD-0220,21,4804.28,100889.88,East,Retail,Delivered
SO-002765,2024-10-26,CUS-0106,PRD-0002,27,2027.95,54754.65,North,Distributor,Cancelled
SO-002766,2026-02-21,CUS-0246,PRD-0065,30,559.34,16780.2,North,Distributor,Processing
SO-002767,2026-03-13,CUS-0511,PRD-0239,11,2371.03,26081.33,East,Retail,Cancelled
SO-002768,2026-07-17,CUS-0574,PRD-0248,23,1877.37,43179.51,West,Online,Delivered
SO-002769,2025-12-30,CUS-0882,PRD-0277,15,3512.89,52693.35,West,Online,Delivered
SO-002770,2025-11-12,CUS-0553,PRD-0273,13,1033.34,13433.42,West,Online,Delivered
SO-002771,2025-02-02,CUS-0010,PRD-0496,16,463.57,7417.12,East,Online,Delivered
SO-002772,2026-08-25,CUS-0761,PRD-0437,30,1279.25,38377.5,North,Distributor,Processing
SO-002773,2025-08-14,CUS-0399,PRD-0184,4,5587.39,22349.56,West,Online,Delivered
SO-002774,2026-07-21,CUS-0317,PRD-0291,14,4350.66,60909.24,South,Online,Delivered
SO-002775,2025-05-11,CUS-0984,PRD-0116,1,4625.1,4625.1,North,Distributor,Delivered
SO-002776,2025-07-24,CUS-0397,PRD-0165,3,1524.02,4572.06,East,Online,Delivered
SO-002777,2025-09-07,CUS-0344,PRD-0082,29,2544.06,73777.74,North,Online,Delivered
SO-002778,2026-03-21,CUS-0681,PRD-0256,11,1080.39,11884.29,West,Retail,Delivered
SO-002779,2026-03-14,CUS-0027,PRD-0174,23,5008.24,115189.52,East,Online,Delivered
SO-002780,2025-03-02,CUS-0458,PRD-0174,27,5008.24,135222.48,South,Distributor,Shipped
SO-002781,2024-12-29,CUS-0681,PRD-0040,26,7578.91,197051.66,East,Retail,Processing
SO-002782,2026-05-29,CUS-0752,PRD-0013,12,5528.54,66342.48,South,Retail,Delivered
SO-002783,2025-10-31,CUS-0995,PRD-0188,27,7018.87,189509.49,Central,Distributor,Shipped
SO-002784,2025-07-18,CUS-0464,PRD-0012,17,720.79,12253.43,Central,Retail,Delivered
SO-002785,2025-07-14,CUS-0299,PRD-0111,15,4509.36,67640.4,East,Retail,Delivered
SO-002786,2026-02-13,CUS-0659,PRD-0460,27,249.38,6733.26,West,Retail,Shipped
SO-002787,2026-07-06,CUS-0620,PRD-0128,23,1144.09,26314.07,East,Online,Delivered
SO-002788,2026-03-06,CUS-0895,PRD-0494,4,2448.03,9792.12,West,Online,Delivered
SO-002789,2025-09-16,CUS-0592,PRD-0254,3,5366.88,16100.64,East,Distributor,Delivered
SO-002790,2025-07-17,CUS-0950,PRD-0282,1,1588.25,1588.25,East,Retail,Delivered
SO-002791,2025-01-03,CUS-0515,PRD-0442,3,2804.33,8412.99,Central,Retail,Delivered
SO-002792,2025-03-30,CUS-0350,PRD-0155,23,3144.19,72316.37,Central,Retail,Delivered
SO-002793,2025-04-20,CUS-0169,PRD-0186,3,4929.64,14788.92,North,Distributor,Delivered
SO-002794,2025-11-03,CUS-0459,PRD-0033,30,5866.18,175985.4,South,Online,Delivered
SO-002795,2025-07-06,CUS-0693,PRD-0061,26,1709.16,44438.16,South,Online,Shipped
SO-002796,2026-03-25,CUS-0051,PRD-0258,23,3684.93,84753.39,North,Online,Shipped
SO-002797,2024-11-09,CUS-0052,PRD-0035,8,4050.82,32406.56,West,Retail,Delivered
SO-002798,2025-07-23,CUS-0816,PRD-0266,16,1657.94,26527.04,South,Distributor,Shipped
SO-002799,2025-04-04,CUS-0014,PRD-0233,18,4244.4,76399.2,South,Distributor,Processing
SO-002800,2026-08-03,CUS-0943,PRD-0034,24,2674.18,64180.32,West,Distributor,Processing
SO-002801,2025-03-06,CUS-0831,PRD-0077,25,2952.74,73818.5,East,Online,Delivered
SO-002802,2026-08-04,CUS-0995,PRD-0256,1,1080.39,1080.39,South,Online,Cancelled
SO-002803,2025-09-01,CUS-0070,PRD-0196,28,2215.24,62026.72,East,Retail,Delivered
SO-002804,2026-08-22,CUS-0076,PRD-0131,26,2074.07,53925.82,Central,Retail,Delivered
SO-002805,2024-10-17,CUS-0250,PRD-0207,18,4787.44,86173.92,North,Retail,Delivered
SO-002806,2025-01-27,CUS-0798,PRD-0393,20,6428.79,128575.8,East,Distributor,Delivered
SO-002807,2026-04-08,CUS-0187,PRD-0346,24,2035.62,48854.88,South,Retail,Delivered
SO-002808,2024-12-19,CUS-0813,PRD-0464,22,1469.8,32335.6,West,Retail,Delivered
SO-002809,2025-12-29,CUS-0590,PRD-0109,1,1344.24,1344.24,South,Retail,Delivered
SO-002810,2025-03-05,CUS-0289,PRD-0406,3,1541.27,4623.81,East,Distributor,Delivered
SO-002811,2025-01-03,CUS-0001,PRD-0045,9,4983.69,44853.21,West,Retail,Cancelled
SO-002812,2025-05-15,CUS-0336,PRD-0404,4,2985.52,11942.08,South,Online,Processing
SO-002813,2026-05-02,CUS-0686,PRD-0273,20,861.12,17222.4,East,Retail,Shipped
SO-002814,2026-02-01,CUS-0161,PRD-0332,28,4886.91,136833.48,Central,Distributor,Delivered
SO-002815,2025-03-17,CUS-0667,PRD-0169,19,6181.75,117453.25,South,Retail,Delivered
SO-002816,2025-11-10,CUS-0742,PRD-0378,3,502.63,1507.89,East,Retail,Delivered
SO-002817,2024-11-13,CUS-0142,PRD-0202,3,5921.35,17764.05,North,Online,Delivered
SO-002818,2026-08-15,CUS-0542,PRD-0161,7,2769.99,19389.93,West,Online,Delivered
SO-002819,2026-03-18,CUS-0102,PRD-0099,24,3042.52,73020.48,South,Online,Shipped
SO-002820,2025-06-11,CUS-0416,PRD-0244,2,4745.61,9491.22,West,Online,Delivered
SO-002821,2026-03-21,CUS-0492,PRD-0257,25,672.61,16815.25,East,Online,Delivered
SO-002822,2026-02-06,CUS-0740,PRD-0430,18,1485.15,26732.7,East,Distributor,Delivered
SO-002823,2025-03-10,CUS-0698,PRD-0060,14,5860.54,82047.56,West,Retail,Processing
SO-002824,2026-01-17,CUS-0399,PRD-0382,12,2799.84,33598.08,West,Online,Shipped
SO-002825,2025-03-03,CUS-0759,PRD-0110,19,1471.72,27962.68,East,Online,Delivered
SO-002826,2025-01-17,CUS-0032,PRD-0456,25,4888.48,122212.0,South,Retail,Processing
SO-002827,2026-04-28,CUS-0413,PRD-0439,29,3737.46,108386.34,North,Distributor,Processing
SO-002828,2024-12-24,CUS-0448,PRD-0495,1,3280.63,3280.63,East,Online,Cancelled
SO-002829,2026-02-20,CUS-0098,PRD-0262,1,6436.49,6436.49,South,Retail,Delivered
SO-002830,2025-09-22,CUS-0483,PRD-0299,26,2920.8,75940.8,East,Retail,Delivered
SO-002831,2025-07-10,CUS-0530,PRD-0122,30,4378.36,131350.8,Central,Retail,Delivered
SO-002832,2025-01-04,CUS-0102,PRD-0226,10,4386.36,43863.6,West,Online,Cancelled
SO-002833,2025-01-01,CUS-0607,PRD-0141,28,2583.7,72343.6,North,Online,Delivered
SO-002834,2024-12-04,CUS-0123,PRD-0156,12,2325.25,27903.0,South,Retail,Shipped
SO-002835,2025-05-30,CUS-0516,PRD-0325,4,4731.96,18927.84,West,Retail,Delivered
SO-002836,2025-08-16,CUS-0947,PRD-0287,10,4173.59,41735.9,North,Retail,Delivered
SO-002837,2025-08-29,CUS-0696,PRD-0307,29,6374.16,184850.64,Central,Distributor,Delivered
SO-002838,2026-02-09,CUS-0056,PRD-0386,30,2962.71,88881.3,South,Online,Delivered
SO-002839,2025-02-03,CUS-0029,PRD-0440,19,1033.75,19641.25,South,Distributor,Shipped
SO-002840,2026-04-24,CUS-0187,PRD-0135,29,4458.53,129297.37,South,Distributor,Shipped
SO-002841,2025-04-13,CUS-0450,PRD-0249,22,1990.91,43800.02,West,Retail,Shipped
SO-002842,2025-06-24,CUS-0126,PRD-0303,13,1561.34,20297.42,North,Online,Delivered
SO-002843,2024-10-04,CUS-0425,PRD-0033,25,5866.18,146654.5,West,Online,Processing
SO-002844,2025-02-14,CUS-0388,PRD-0435,16,4429.61,70873.76,East,Retail,Delivered
SO-002845,2026-02-10,CUS-0829,PRD-0244,24,4745.61,113894.64,East,Distributor,Delivered
SO-002846,2025-12-28,CUS-0852,PRD-0313,29,6557.66,190172.14,West,Retail,Delivered
SO-002847,2026-08-01,CUS-0239,PRD-0470,29,3381.78,98071.62,South,Online,Delivered
SO-002848,2024-11-13,CUS-0100,PRD-0443,24,2984.69,71632.56,South,Retail,Delivered
SO-002849,2026-03-24,CUS-0098,PRD-0176,14,623.57,8729.98,North,Online,Delivered
SO-002850,2025-03-07,CUS-0584,PRD-0174,24,5008.24,120197.76,North,Distributor,Delivered
SO-002851,2026-04-08,CUS-0070,PRD-0459,28,2659.35,74461.8,South,Online,Delivered
SO-002852,2026-05-25,CUS-0187,PRD-0310,5,5633.85,28169.25,North,Distributor,Delivered
SO-002853,2026-05-09,CUS-0066,PRD-0003,25,4440.58,111014.5,East,Distributor,Delivered
SO-002854,2026-07-17,CUS-0175,PRD-0045,12,4983.69,59804.28,East,Retail,Delivered
SO-002855,2024-10-08,CUS-0774,PRD-0352,5,217.9,1089.5,North,Online,Delivered
SO-002856,2025-01-21,CUS-0884,PRD-0412,6,4004.86,24029.16,South,Distributor,Delivered
SO-002857,2025-08-15,CUS-0777,PRD-0380,25,1625.68,40642.0,West,Online,Delivered
SO-002858,2026-03-29,CUS-0790,PRD-0131,15,2074.07,31111.05,West,Retail,Delivered
SO-002859,2025-08-27,CUS-0865,PRD-0381,29,2605.67,75564.43,West,Retail,Shipped
SO-002860,2026-01-28,CUS-0297,PRD-0024,11,1170.87,12879.57,North,Online,Delivered
SO-002861,2025-07-23,CUS-0685,PRD-0092,19,562.91,10695.29,West,Retail,Delivered
SO-002862,2026-08-08,CUS-0317,PRD-0353,6,4876.74,29260.44,East,Distributor,Shipped
SO-002863,2025-07-08,CUS-0881,PRD-0293,6,1737.78,10426.68,South,Online,Delivered
SO-002864,2025-01-10,CUS-0126,PRD-0256,16,1080.39,17286.24,North,Online,Processing
SO-002865,2025-09-06,CUS-0816,PRD-0135,14,4458.53,62419.42,East,Distributor,Cancelled
SO-002866,2026-03-12,CUS-0581,PRD-0167,21,3037.66,63790.86,Central,Online,Delivered
SO-002867,2026-08-28,CUS-0339,PRD-0231,23,675.35,15533.05,South,Distributor,Delivered
SO-002868,2025-10-24,CUS-0711,PRD-0344,8,7044.85,56358.8,West,Distributor,Delivered
SO-002869,2025-05-12,CUS-0911,PRD-0209,2,293.57,587.14,North,Online,Delivered
SO-002870,2026-08-24,CUS-0594,PRD-0186,10,4929.64,49296.4,East,Distributor,Delivered
SO-002871,2025-02-12,CUS-0226,PRD-0039,25,6475.29,161882.25,Central,Retail,Delivered
SO-002872,2026-03-09,CUS-0331,PRD-0218,3,2891.54,8674.62,West,Distributor,Delivered
SO-002873,2025-03-01,CUS-0305,PRD-0044,23,150.67,3465.41,North,Online,Delivered
SO-002874,2024-10-21,CUS-0985,PRD-0071,10,2864.26,28642.6,South,Retail,Shipped
SO-002875,2026-01-12,CUS-0471,PRD-0106,24,4384.29,105222.96,North,Distributor,Delivered
SO-002876,2026-05-11,CUS-0659,PRD-0144,22,2450.1,53902.2,South,Retail,Delivered
SO-002877,2025-02-19,CUS-0031,PRD-0149,28,4444.52,124446.56,Central,Online,Delivered
SO-002878,2025-08-01,CUS-0327,PRD-0388,20,5873.8,117476.0,South,Online,Shipped
SO-002879,2026-07-20,CUS-0291,PRD-0347,7,3040.05,21280.35,South,Online,Delivered
SO-002880,2025-05-18,CUS-0233,PRD-0019,4,5578.38,22313.52,Central,Distributor,Delivered
SO-002881,2025-08-09,CUS-0615,PRD-0479,12,2931.29,35175.48,South,Online,Cancelled
SO-002882,2024-12-25,CUS-0700,PRD-0161,5,3323.99,16619.95,Central,Distributor,Delivered
SO-002883,2026-08-07,CUS-0560,PRD-0278,7,4587.31,32111.17,West,Online,Delivered
SO-002884,2025-10-09,CUS-0267,PRD-0064,21,5566.74,116901.54,North,Distributor,Delivered
SO-002885,2026-09-29,CUS-0638,PRD-0179,1,2569.93,2569.93,Central,Distributor,Shipped
SO-002886,2024-12-05,CUS-0750,PRD-0292,22,436.52,9603.44,South,Distributor,Shipped
SO-002887,2025-10-15,CUS-0119,PRD-0458,20,4426.9,88538.0,East,Online,Delivered
SO-002888,2024-10-27,CUS-0337,PRD-0236,27,5231.3,141245.1,North,Online,Delivered
SO-002889,2026-08-23,CUS-0145,PRD-0115,22,1159.28,25504.16,South,Distributor,Cancelled
SO-002890,2025-12-19,CUS-0394,PRD-0073,23,619.32,14244.36,West,Retail,Delivered
SO-002891,2026-05-06,CUS-0224,PRD-0031,10,1040.09,10400.9,North,Distributor,Delivered
SO-002892,2025-05-18,CUS-0657,PRD-0278,11,4587.31,50460.41,North,Distributor,Delivered
SO-002893,2025-11-30,CUS-0638,PRD-0058,30,5929.25,177877.5,Central,Online,Delivered
SO-002894,2025-11-04,CUS-0991,PRD-0177,10,2232.98,22329.8,South,Distributor,Delivered
SO-002895,2024-12-22,CUS-0745,PRD-0436,1,4811.16,4811.16,North,Online,Delivered
SO-002896,2026-03-15,CUS-0780,PRD-0139,4,4770.83,19083.32,Central,Retail,Shipped
SO-002897,2025-06-20,CUS-0444,PRD-0160,3,4023.81,12071.43,East,Distributor,Delivered
SO-002898,2024-10-17,CUS-0704,PRD-0450,11,3442.26,37864.86,North,Distributor,Shipped
SO-002899,2025-09-13,CUS-0072,PRD-0108,8,1814.64,14517.12,East,Retail,Delivered
SO-002900,2024-12-15,CUS-0927,PRD-0081,3,6765.4,20296.2,West,Distributor,Delivered
SO-002901,2025-11-19,CUS-0614,PRD-0480,16,4982.32,79717.12,East,Online,Delivered
SO-002902,2025-12-22,CUS-0538,PRD-0008,3,1841.05,5523.15,Central,Online,Delivered
SO-002903,2024-11-08,CUS-0477,PRD-0268,2,5425.56,10851.12,North,Online,Delivered
SO-002904,2025-01-28,CUS-0826,PRD-0136,8,6112.94,48903.52,West,Distributor,Shipped
SO-002905,2025-04-23,CUS-0491,PRD-0386,17,2962.71,50366.07,North,Retail,Delivered
SO-002906,2024-12-30,CUS-0009,PRD-0329,4,7449.43,29797.72,North,Retail,Delivered
SO-002907,2026-08-30,CUS-0132,PRD-0167,15,3037.66,45564.9,South,Online,Delivered
SO-002908,2026-02-15,CUS-0119,PRD-0353,4,4876.74,19506.96,North,Distributor,Shipped
SO-002909,2025-08-12,CUS-0482,PRD-0089,21,5986.5,125716.5,South,Online,Delivered
SO-002910,2026-05-26,CUS-0095,PRD-0234,18,5180.98,93257.64,West,Distributor,Delivered
SO-002911,2025-02-12,CUS-0264,PRD-0136,19,6112.94,116145.86,South,Distributor,Delivered
SO-002912,2025-04-27,CUS-0596,PRD-0073,24,516.1,12386.4,West,Online,Delivered
SO-002913,2025-04-16,CUS-0250,PRD-0158,13,1560.96,20292.48,South,Online,Delivered
SO-002914,2025-06-14,CUS-0707,PRD-0239,22,2371.03,52162.66,North,Online,Delivered
SO-002915,2025-09-16,CUS-0729,PRD-0450,20,2868.55,57371.0,West,Online,Delivered
SO-002916,2024-10-27,CUS-0644,PRD-0465,28,6516.01,182448.28,East,Retail,Shipped
SO-002917,2025-06-10,CUS-0234,PRD-0275,19,509.9,9688.1,South,Retail,Shipped
SO-002918,2025-03-07,CUS-0480,PRD-0177,11,1860.82,20469.02,South,Online,Delivered
SO-002919,2025-11-11,CUS-0008,PRD-0183,6,7072.58,42435.48,West,Distributor,Delivered
SO-002920,2024-10-25,CUS-0697,PRD-0391,25,5222.21,130555.25,Central,Online,Delivered
SO-002921,2024-12-05,CUS-0196,PRD-0217,26,6650.16,172904.16,West,Distributor,Delivered
SO-002922,2026-02-02,CUS-0338,PRD-0103,24,5730.95,137542.8,North,Distributor,Processing
SO-002923,2024-12-21,CUS-0828,PRD-0185,15,3802.03,57030.45,North,Distributor,Delivered
SO-002924,2025-12-22,CUS-0053,PRD-0102,3,2183.18,6549.54,West,Online,Delivered
SO-002925,2024-11-05,CUS-0662,PRD-0265,7,1769.08,12383.56,South,Distributor,Shipped
SO-002926,2026-06-03,CUS-0971,PRD-0482,28,2107.3,59004.4,Central,Distributor,Processing
SO-002927,2024-12-24,CUS-0392,PRD-0284,6,463.54,2781.24,East,Distributor,Delivered
SO-002928,2026-07-03,CUS-0067,PRD-0476,19,4935.81,93780.39,South,Distributor,Processing
SO-002929,2026-01-18,CUS-0254,PRD-0498,29,1940.02,56260.58,South,Online,Processing
SO-002930,2025-01-05,CUS-0658,PRD-0300,21,313.9,6591.9,South,Distributor,Delivered
SO-002931,2025-01-27,CUS-0861,PRD-0390,3,6175.19,18525.57,West,Online,Shipped
SO-002932,2026-06-28,CUS-0368,PRD-0044,9,150.67,1356.03,South,Online,Delivered
SO-002933,2026-03-09,CUS-0639,PRD-0346,7,2035.62,14249.34,West,Online,Delivered
SO-002934,2025-03-12,CUS-0019,PRD-0323,29,5698.59,165259.11,East,Distributor,Delivered
SO-002935,2025-07-24,CUS-0256,PRD-0416,3,3986.57,11959.71,West,Online,Cancelled
SO-002936,2025-11-20,CUS-0893,PRD-0022,27,5520.72,149059.44,Central,Distributor,Delivered
SO-002937,2026-07-02,CUS-0500,PRD-0258,18,3684.93,66328.74,Central,Online,Processing
SO-002938,2026-08-28,CUS-0957,PRD-0059,28,2671.58,74804.24,South,Distributor,Processing
SO-002939,2025-03-21,CUS-0912,PRD-0043,26,1999.6,51989.6,East,Distributor,Delivered
SO-002940,2026-08-09,CUS-0877,PRD-0498,12,1940.02,23280.24,South,Retail,Processing
SO-002941,2025-09-17,CUS-0326,PRD-0271,21,4508.65,94681.65,North,Online,Delivered
SO-002942,2025-03-27,CUS-0700,PRD-0233,23,4244.4,97621.2,North,Distributor,Delivered
SO-002943,2025-11-08,CUS-0034,PRD-0161,19,3323.99,63155.81,North,Retail,Delivered
SO-002944,2024-10-18,CUS-0673,PRD-0256,26,1296.47,33708.22,West,Retail,Delivered
SO-002945,2025-05-24,CUS-0292,PRD-0464,28,1224.83,34295.24,Central,Online,Delivered
SO-002946,2025-03-04,CUS-0195,PRD-0154,29,2946.55,85449.95,Central,Online,Delivered
SO-002947,2025-03-09,CUS-0388,PRD-0273,30,861.12,25833.6,West,Distributor,Delivered
SO-002948,2025-09-11,CUS-0086,PRD-0383,13,4301.86,55924.18,North,Online,Processing
SO-002949,2026-02-27,CUS-0392,PRD-0339,9,1245.19,11206.71,East,Online,Cancelled
SO-002950,2024-12-14,CUS-0902,PRD-0225,29,5892.64,170886.56,West,Retail,Delivered
SO-002951,2024-12-06,CUS-0833,PRD-0209,22,352.28,7750.16,Central,Distributor,Shipped
SO-002952,2025-07-17,CUS-0312,PRD-0495,12,2733.86,32806.32,North,Distributor,Delivered
SO-002953,2026-08-05,CUS-0830,PRD-0001,19,4203.15,79859.85,West,Online,Delivered
SO-002954,2025-06-19,CUS-0646,PRD-0305,11,6071.0,66781.0,Central,Retail,Processing
SO-002955,2026-02-22,CUS-0172,PRD-0211,25,6127.17,153179.25,Central,Online,Delivered
SO-002956,2026-09-22,CUS-0944,PRD-0392,11,452.18,4973.98,East,Distributor,Delivered
SO-002957,2026-01-01,CUS-0072,PRD-0118,2,359.5,719.0,West,Distributor,Delivered
SO-002958,2024-11-24,CUS-0116,PRD-0322,29,7535.16,218519.64,West,Retail,Delivered
SO-002959,2025-03-13,CUS-0454,PRD-0128,17,1144.09,19449.53,East,Online,Delivered
SO-002960,2024-10-14,CUS-0609,PRD-0074,9,2056.74,18510.66,Central,Retail,Processing
SO-002961,2025-07-21,CUS-0925,PRD-0139,16,4770.83,76333.28,Central,Retail,Delivered
SO-002962,2025-11-19,CUS-0732,PRD-0014,24,6325.69,151816.56,East,Retail,Delivered
SO-002963,2026-09-06,CUS-0882,PRD-0309,20,6002.3,120046.0,North,Distributor,Shipped
SO-002964,2025-12-13,CUS-0931,PRD-0157,22,869.86,19136.92,South,Distributor,Delivered
SO-002965,2025-02-19,CUS-0869,PRD-0223,27,2183.08,58943.16,Central,Distributor,Cancelled
SO-002966,2026-02-07,CUS-0414,PRD-0195,7,1287.61,9013.27,East,Online,Delivered
SO-002967,2025-11-19,CUS-0299,PRD-0058,25,5929.25,148231.25,East,Distributor,Delivered
SO-002968,2025-12-01,CUS-0453,PRD-0070,10,1611.49,16114.9,West,Distributor,Delivered
SO-002969,2026-02-26,CUS-0086,PRD-0352,14,181.58,2542.12,North,Online,Processing
SO-002970,2026-01-25,CUS-0796,PRD-0428,27,6298.69,170064.63,South,Retail,Delivered
SO-002971,2025-05-04,CUS-0892,PRD-0347,1,3040.05,3040.05,Central,Distributor,Cancelled
SO-002972,2024-11-29,CUS-0257,PRD-0255,14,722.28,10111.92,East,Distributor,Delivered
SO-002973,2026-01-28,CUS-0455,PRD-0345,20,600.5,12010.0,West,Retail,Delivered
SO-002974,2026-03-12,CUS-0920,PRD-0332,4,4886.91,19547.64,East,Retail,Delivered
SO-002975,2024-10-05,CUS-0391,PRD-0368,8,7549.81,60398.48,North,Distributor,Delivered
SO-002976,2025-11-01,CUS-0400,PRD-0346,12,2442.74,29312.88,West,Online,Delivered
SO-002977,2025-08-17,CUS-0566,PRD-0057,20,2825.39,56507.8,East,Distributor,Delivered
SO-002978,2024-11-01,CUS-0277,PRD-0417,19,6674.74,126820.06,North,Retail,Cancelled
SO-002979,2026-04-24,CUS-0933,PRD-0124,8,4904.17,39233.36,South,Retail,Processing
SO-002980,2025-07-18,CUS-0351,PRD-0202,29,4934.46,143099.34,West,Retail,Processing
SO-002981,2026-08-28,CUS-0006,PRD-0063,27,3878.37,104715.99,Central,Online,Delivered
SO-002982,2024-11-17,CUS-0042,PRD-0135,28,5350.24,149806.72,Central,Online,Delivered
SO-002983,2026-06-18,CUS-0571,PRD-0436,21,4009.3,84195.3,West,Online,Delivered
SO-002984,2026-03-13,CUS-0579,PRD-0359,17,2454.17,41720.89,West,Distributor,Delivered
SO-002985,2024-10-18,CUS-0217,PRD-0255,11,722.28,7945.08,North,Retail,Delivered
SO-002986,2024-12-22,CUS-0837,PRD-0276,10,5881.03,58810.3,Central,Online,Delivered
SO-002987,2026-09-04,CUS-0589,PRD-0009,30,5286.07,158582.1,Central,Retail,Delivered
SO-002988,2025-01-07,CUS-0067,PRD-0025,2,6433.26,12866.52,North,Distributor,Delivered
SO-002989,2025-04-19,CUS-0708,PRD-0484,5,4236.53,21182.65,North,Distributor,Delivered
SO-002990,2026-01-27,CUS-0099,PRD-0238,9,6478.54,58306.86,South,Distributor,Delivered
SO-002991,2025-06-15,CUS-0576,PRD-0353,2,4876.74,9753.48,Central,Online,Delivered
SO-002992,2025-09-13,CUS-0548,PRD-0068,26,972.83,25293.58,South,Online,Delivered
SO-002993,2025-01-26,CUS-0352,PRD-0481,11,487.81,5365.91,North,Online,Processing
SO-002994,2026-05-18,CUS-0364,PRD-0321,30,6275.93,188277.9,North,Online,Delivered
SO-002995,2025-06-24,CUS-0302,PRD-0368,20,6291.51,125830.2,East,Retail,Delivered
SO-002996,2025-12-13,CUS-0157,PRD-0489,5,1309.19,6545.95,East,Retail,Delivered
SO-002997,2026-02-09,CUS-0565,PRD-0036,7,5615.22,39306.54,North,Retail,Delivered
SO-002998,2025-04-14,CUS-0857,PRD-0271,21,4508.65,94681.65,South,Online,Delivered
SO-002999,2026-03-01,CUS-0632,PRD-0308,5,3641.56,18207.8,South,Distributor,Shipped
SO-003000,2024-11-04,CUS-0944,PRD-0071,21,2864.26,60149.46,West,Online,Delivered
SO-003001,2025-03-14,CUS-0793,PRD-0132,30,280.75,8422.5,West,Distributor,Delivered
SO-003002,2025-04-15,CUS-0931,PRD-0433,13,1570.63,20418.19,East,Distributor,Delivered
SO-003003,2025-06-08,CUS-0172,PRD-0283,17,6186.51,105170.67,East,Online,Processing
SO-003004,2026-08-03,CUS-0541,PRD-0315,4,3215.25,12861.0,West,Retail,Processing
SO-003005,2025-04-27,CUS-0109,PRD-0340,6,4077.55,24465.3,East,Retail,Processing
SO-003006,2025-03-04,CUS-0244,PRD-0289,25,2175.15,54378.75,South,Distributor,Delivered
SO-003007,2024-12-03,CUS-0296,PRD-0002,9,2027.95,18251.55,West,Online,Delivered
SO-003008,2026-09-18,CUS-0323,PRD-0290,22,2230.85,49078.7,South,Retail,Shipped
SO-003009,2025-01-06,CUS-0782,PRD-0387,3,762.89,2288.67,Central,Distributor,Delivered
SO-003010,2026-08-07,CUS-0742,PRD-0300,10,313.9,3139.0,Central,Distributor,Processing
SO-003011,2025-11-05,CUS-0496,PRD-0009,21,6343.28,133208.88,West,Distributor,Delivered
SO-003012,2024-12-04,CUS-0151,PRD-0157,4,869.86,3479.44,South,Retail,Delivered
SO-003013,2026-02-16,CUS-0101,PRD-0434,5,6337.86,31689.3,Central,Online,Delivered
SO-003014,2025-01-26,CUS-0949,PRD-0132,18,280.75,5053.5,North,Distributor,Delivered
SO-003015,2024-11-26,CUS-0415,PRD-0346,23,2442.74,56183.02,West,Distributor,Delivered
SO-003016,2026-08-17,CUS-0662,PRD-0351,5,6359.51,31797.55,East,Retail,Delivered
SO-003017,2026-08-23,CUS-0284,PRD-0068,16,972.83,15565.28,North,Distributor,Processing
SO-003018,2024-10-01,CUS-0960,PRD-0237,26,4386.76,114055.76,West,Online,Delivered
SO-003019,2026-06-25,CUS-0671,PRD-0398,23,3571.18,82137.14,West,Online,Delivered
SO-003020,2025-06-12,CUS-0032,PRD-0174,27,5008.24,135222.48,East,Distributor,Delivered
SO-003021,2025-11-24,CUS-0422,PRD-0177,27,2232.98,60290.46,West,Distributor,Delivered
SO-003022,2025-05-25,CUS-0187,PRD-0344,7,5870.71,41094.97,North,Retail,Processing
SO-003023,2025-03-31,CUS-0260,PRD-0147,21,2693.29,56559.09,East,Distributor,Delivered
SO-003024,2026-07-15,CUS-0777,PRD-0433,12,1570.63,18847.56,East,Online,Delivered
SO-003025,2026-08-13,CUS-0052,PRD-0223,30,2183.08,65492.4,South,Distributor,Delivered
SO-003026,2025-10-18,CUS-0242,PRD-0132,19,336.9,6401.1,North,Online,Shipped
SO-003027,2024-10-24,CUS-0926,PRD-0081,24,6765.4,162369.6,North,Retail,Delivered
SO-003028,2024-11-11,CUS-0113,PRD-0174,4,6009.89,24039.56,North,Online,Delivered
SO-003029,2025-06-28,CUS-0312,PRD-0120,29,396.45,11497.05,Central,Retail,Delivered
SO-003030,2026-08-28,CUS-0114,PRD-0444,23,3927.95,90342.85,South,Distributor,Processing
SO-003031,2025-07-09,CUS-0571,PRD-0451,25,3229.85,80746.25,South,Online,Shipped
SO-003032,2026-08-15,CUS-0019,PRD-0423,3,711.1,2133.3,South,Retail,Cancelled
SO-003033,2025-01-06,CUS-0057,PRD-0480,12,4151.93,49823.16,West,Distributor,Delivered
SO-003034,2024-10-27,CUS-0163,PRD-0387,30,915.47,27464.1,West,Retail,Delivered
SO-003035,2026-08-01,CUS-0536,PRD-0179,16,2569.93,41118.88,East,Retail,Delivered
SO-003036,2025-04-05,CUS-0791,PRD-0035,14,3375.68,47259.52,Central,Distributor,Delivered
SO-003037,2024-12-19,CUS-0598,PRD-0402,19,556.55,10574.45,South,Online,Delivered
SO-003038,2026-08-05,CUS-0981,PRD-0004,17,3891.43,66154.31,Central,Distributor,Delivered
SO-003039,2024-10-11,CUS-0282,PRD-0190,6,3128.42,18770.52,Central,Online,Delivered
SO-003040,2024-12-15,CUS-0849,PRD-0127,17,6288.28,106900.76,Central,Distributor,Delivered
SO-003041,2025-07-07,CUS-0955,PRD-0086,15,6300.68,94510.2,Central,Distributor,Delivered
SO-003042,2026-06-27,CUS-0091,PRD-0473,22,784.86,17266.92,Central,Distributor,Delivered
SO-003043,2026-06-15,CUS-0687,PRD-0383,21,4301.86,90339.06,West,Online,Cancelled
SO-003044,2025-12-31,CUS-0233,PRD-0086,29,7560.82,219263.78,East,Online,Shipped
SO-003045,2026-06-08,CUS-0590,PRD-0070,29,1342.91,38944.39,West,Distributor,Delivered
SO-003046,2024-11-14,CUS-0837,PRD-0142,22,2103.1,46268.2,West,Distributor,Delivered
SO-003047,2025-01-09,CUS-0190,PRD-0246,3,2017.09,6051.27,Central,Retail,Delivered
SO-003048,2024-10-14,CUS-0448,PRD-0375,7,7152.22,50065.54,South,Online,Shipped
SO-003049,2025-01-25,CUS-0194,PRD-0044,27,150.67,4068.09,Central,Distributor,Cancelled
SO-003050,2026-05-22,CUS-0756,PRD-0017,29,3807.74,110424.46,Central,Retail,Cancelled
SO-003051,2025-11-06,CUS-0113,PRD-0333,27,5968.26,161143.02,East,Retail,Delivered
SO-003052,2026-01-25,CUS-0607,PRD-0132,23,280.75,6457.25,North,Distributor,Shipped
SO-003053,2025-10-10,CUS-0639,PRD-0457,5,3062.32,15311.6,South,Online,Delivered
SO-003054,2025-04-02,CUS-0237,PRD-0368,30,6291.51,188745.3,East,Online,Delivered
SO-003055,2025-11-05,CUS-0080,PRD-0195,30,1545.13,46353.9,Central,Retail,Delivered
SO-003056,2026-04-02,CUS-0211,PRD-0335,9,422.97,3806.73,East,Retail,Processing
SO-003057,2025-04-02,CUS-0691,PRD-0421,1,2848.48,2848.48,Central,Distributor,Delivered
SO-003058,2025-08-29,CUS-0617,PRD-0459,1,2659.35,2659.35,West,Retail,Delivered
SO-003059,2024-12-17,CUS-0862,PRD-0049,12,7176.97,86123.64,Central,Online,Delivered
SO-003060,2026-08-12,CUS-0290,PRD-0161,8,2769.99,22159.92,East,Distributor,Delivered
SO-003061,2026-04-28,CUS-0850,PRD-0479,10,2931.29,29312.9,Central,Retail,Delivered
SO-003062,2025-05-19,CUS-0455,PRD-0007,6,4691.05,28146.3,South,Online,Delivered
SO-003063,2026-07-21,CUS-0714,PRD-0154,11,2946.55,32412.05,East,Retail,Delivered
SO-003064,2024-12-01,CUS-0785,PRD-0395,2,4638.31,9276.62,West,Online,Delivered
SO-003065,2026-02-26,CUS-0244,PRD-0376,5,4177.52,20887.6,East,Distributor,Delivered
SO-003066,2024-11-02,CUS-0322,PRD-0056,2,1418.23,2836.46,North,Distributor,Processing
SO-003067,2026-04-18,CUS-0033,PRD-0086,4,6300.68,25202.72,Central,Retail,Delivered
SO-003068,2025-09-29,CUS-0040,PRD-0362,6,5713.06,34278.36,South,Distributor,Delivered
SO-003069,2026-02-15,CUS-0580,PRD-0205,8,3722.48,29779.84,East,Online,Delivered
SO-003070,2026-04-15,CUS-0072,PRD-0467,15,2905.25,43578.75,West,Online,Delivered
SO-003071,2026-02-13,CUS-0482,PRD-0499,8,2253.51,18028.08,South,Distributor,Delivered
SO-003072,2026-01-22,CUS-0096,PRD-0277,10,2927.41,29274.1,Central,Distributor,Cancelled
SO-003073,2024-10-27,CUS-0156,PRD-0480,25,4982.32,124558.0,East,Online,Delivered
SO-003074,2025-03-10,CUS-0927,PRD-0030,16,4305.15,68882.4,Central,Distributor,Delivered
SO-003075,2026-07-23,CUS-0985,PRD-0217,1,5541.8,5541.8,Central,Online,Delivered
SO-003076,2025-01-11,CUS-0622,PRD-0453,1,178.97,178.97,Central,Online,Delivered
SO-003077,2025-02-21,CUS-0473,PRD-0214,12,5261.22,63134.64,West,Online,Delivered
SO-003078,2025-06-09,CUS-0571,PRD-0243,24,1508.36,36200.64,West,Retail,Delivered
SO-003079,2026-01-12,CUS-0781,PRD-0330,16,358.68,5738.88,East,Online,Delivered
SO-003080,2026-09-11,CUS-0769,PRD-0199,19,5448.38,103519.22,North,Distributor,Shipped
SO-003081,2025-08-18,CUS-0763,PRD-0433,17,1570.63,26700.71,West,Distributor,Delivered
SO-003082,2025-04-09,CUS-0207,PRD-0437,14,1279.25,17909.5,North,Online,Delivered
SO-003083,2025-10-08,CUS-0266,PRD-0128,29,1372.91,39814.39,East,Distributor,Processing
SO-003084,2025-10-17,CUS-0885,PRD-0380,14,1950.82,27311.48,North,Retail,Delivered
SO-003085,2025-12-04,CUS-0210,PRD-0437,29,1535.1,44517.9,West,Retail,Delivered
SO-003086,2026-04-29,CUS-0004,PRD-0238,26,6478.54,168442.04,Central,Online,Delivered
SO-003087,2025-03-30,CUS-0799,PRD-0003,4,4440.58,17762.32,Central,Online,Delivered
SO-003088,2024-12-08,CUS-0528,PRD-0379,18,7768.86,139839.48,Central,Distributor,Delivered
SO-003089,2025-05-15,CUS-0892,PRD-0014,10,5271.41,52714.1,South,Distributor,Delivered
SO-003090,2024-10-26,CUS-0826,PRD-0415,25,4211.58,105289.5,East,Online,Delivered
SO-003091,2025-07-08,CUS-0391,PRD-0274,27,5916.59,159747.93,South,Online,Shipped
SO-003092,2025-06-05,CUS-0982,PRD-0434,30,6337.86,190135.8,Central,Distributor,Delivered
SO-003093,2025-03-20,CUS-0824,PRD-0461,6,3797.59,22785.54,West,Online,Processing
SO-003094,2026-08-15,CUS-0512,PRD-0103,21,5730.95,120349.95,West,Distributor,Delivered
SO-003095,2026-01-14,CUS-0246,PRD-0454,2,5018.01,10036.02,Central,Online,Delivered
SO-003096,2026-03-18,CUS-0771,PRD-0387,25,762.89,19072.25,Central,Online,Cancelled
SO-003097,2026-01-17,CUS-0033,PRD-0262,4,6436.49,25745.96,East,Distributor,Delivered
SO-003098,2025-08-10,CUS-0322,PRD-0007,15,4691.05,70365.75,East,Distributor,Delivered
SO-003099,2025-04-28,CUS-0331,PRD-0358,29,5153.45,149450.05,West,Distributor,Delivered
SO-003100,2025-05-18,CUS-0917,PRD-0336,15,2413.41,36201.15,North,Retail,Delivered
SO-003101,2025-01-23,CUS-0007,PRD-0336,6,2413.41,14480.46,North,Retail,Shipped
SO-003102,2026-01-22,CUS-0076,PRD-0073,4,516.1,2064.4,West,Distributor,Delivered
SO-003103,2024-11-19,CUS-0870,PRD-0088,5,539.29,2696.45,West,Online,Shipped
SO-003104,2025-10-20,CUS-0843,PRD-0279,1,4283.62,4283.62,North,Distributor,Processing
SO-003105,2025-05-20,CUS-0041,PRD-0244,3,4745.61,14236.83,North,Retail,Delivered
SO-003106,2026-03-26,CUS-0189,PRD-0217,1,5541.8,5541.8,West,Distributor,Processing
SO-003107,2026-03-26,CUS-0363,PRD-0448,7,2945.83,20620.81,North,Retail,Delivered
SO-003108,2025-01-24,CUS-0898,PRD-0496,27,463.57,12516.39,East,Online,Delivered
SO-003109,2026-01-24,CUS-0730,PRD-0335,6,422.97,2537.82,Central,Retail,Delivered
SO-003110,2025-12-22,CUS-0928,PRD-0104,22,1361.82,29960.04,East,Distributor,Delivered
SO-003111,2026-09-24,CUS-0182,PRD-0125,3,6348.43,19045.29,East,Online,Processing
SO-003112,2025-12-28,CUS-0455,PRD-0281,29,4770.79,138352.91,North,Distributor,Shipped
SO-003113,2026-01-13,CUS-0704,PRD-0080,23,2718.86,62533.78,South,Online,Shipped
SO-003114,2026-08-13,CUS-0774,PRD-0447,27,4346.55,117356.85,East,Retail,Delivered
SO-003115,2024-12-20,CUS-0877,PRD-0454,30,6021.61,180648.3,North,Retail,Processing
SO-003116,2026-03-13,CUS-0395,PRD-0019,2,5578.38,11156.76,North,Online,Delivered
SO-003117,2025-11-14,CUS-0039,PRD-0006,17,4757.83,80883.11,South,Online,Delivered
SO-003118,2026-07-01,CUS-0287,PRD-0409,11,6491.0,71401.0,West,Retail,Delivered
SO-003119,2025-01-02,CUS-0944,PRD-0430,11,1485.15,16336.65,South,Retail,Delivered
SO-003120,2025-11-07,CUS-0498,PRD-0068,25,1167.4,29185.0,West,Online,Delivered
SO-003121,2026-03-12,CUS-0646,PRD-0346,6,2035.62,12213.72,North,Online,Processing
SO-003122,2026-07-25,CUS-0718,PRD-0356,21,4447.37,93394.77,West,Online,Shipped
SO-003123,2026-04-18,CUS-0350,PRD-0113,13,4170.39,54215.07,North,Online,Delivered
SO-003124,2026-04-16,CUS-0839,PRD-0492,9,1708.12,15373.08,West,Retail,Delivered
SO-003125,2025-10-16,CUS-0096,PRD-0451,2,3875.82,7751.64,South,Online,Delivered
SO-003126,2026-05-03,CUS-0711,PRD-0440,1,1033.75,1033.75,East,Retail,Shipped
SO-003127,2026-09-26,CUS-0025,PRD-0398,19,3571.18,67852.42,East,Distributor,Delivered
SO-003128,2026-05-30,CUS-0888,PRD-0418,13,2869.54,37304.02,South,Distributor,Delivered
SO-003129,2025-12-22,CUS-0788,PRD-0060,5,7032.65,35163.25,South,Retail,Delivered
SO-003130,2026-09-15,CUS-0123,PRD-0002,10,1689.96,16899.6,East,Online,Delivered
SO-003131,2025-09-04,CUS-0354,PRD-0266,8,1657.94,13263.52,West,Retail,Delivered
SO-003132,2026-03-26,CUS-0590,PRD-0391,29,4351.84,126203.36,South,Online,Delivered
SO-003133,2026-03-29,CUS-0042,PRD-0139,11,4770.83,52479.13,West,Retail,Processing
SO-003134,2026-04-26,CUS-0490,PRD-0001,5,4203.15,21015.75,West,Online,Shipped
SO-003135,2025-09-09,CUS-0843,PRD-0224,22,1906.78,41949.16,East,Retail,Delivered
SO-003136,2026-05-22,CUS-0912,PRD-0484,15,4236.53,63547.95,West,Online,Cancelled
SO-003137,2026-05-22,CUS-0063,PRD-0325,17,4731.96,80443.32,North,Retail,Delivered
SO-003138,2025-03-30,CUS-0970,PRD-0202,9,4934.46,44410.14,West,Retail,Delivered
SO-003139,2024-11-22,CUS-0812,PRD-0486,20,4592.03,91840.6,North,Distributor,Processing
SO-003140,2026-06-23,CUS-0039,PRD-0369,2,705.22,1410.44,North,Online,Delivered
SO-003141,2025-10-18,CUS-0160,PRD-0435,19,5315.53,100995.07,Central,Online,Delivered
SO-003142,2026-09-27,CUS-0020,PRD-0372,18,2557.13,46028.34,South,Distributor,Delivered
SO-003143,2026-05-17,CUS-0371,PRD-0283,5,6186.51,30932.55,West,Distributor,Delivered
SO-003144,2026-01-30,CUS-0898,PRD-0440,11,1033.75,11371.25,Central,Retail,Delivered
SO-003145,2026-03-24,CUS-0560,PRD-0332,21,4886.91,102625.11,North,Distributor,Delivered
SO-003146,2026-03-21,CUS-0116,PRD-0009,29,5286.07,153296.03,Central,Retail,Shipped
SO-003147,2026-04-10,CUS-0231,PRD-0176,26,623.57,16212.82,South,Distributor,Processing
SO-003148,2025-04-05,CUS-0089,PRD-0043,29,1999.6,57988.4,North,Online,Delivered
SO-003149,2024-12-20,CUS-0240,PRD-0445,16,1359.24,21747.84,Central,Retail,Processing
SO-003150,2025-10-15,CUS-0289,PRD-0387,16,915.47,14647.52,North,Distributor,Delivered
SO-003151,2025-11-19,CUS-0803,PRD-0307,10,7648.99,76489.9,West,Retail,Delivered
SO-003152,2025-12-19,CUS-0627,PRD-0389,8,3199.37,25594.96,North,Distributor,Delivered
SO-003153,2026-01-03,CUS-0274,PRD-0413,24,1881.85,45164.4,North,Distributor,Delivered
SO-003154,2025-02-16,CUS-0573,PRD-0403,17,853.94,14516.98,South,Retail,Delivered
SO-003155,2026-02-18,CUS-0147,PRD-0081,25,5637.83,140945.75,North,Retail,Delivered
SO-003156,2025-01-24,CUS-0637,PRD-0448,25,2945.83,73645.75,South,Online,Delivered
SO-003157,2026-03-19,CUS-0487,PRD-0343,19,1756.43,33372.17,North,Distributor,Cancelled
SO-003158,2026-07-12,CUS-0461,PRD-0111,9,4509.36,40584.24,South,Retail,Delivered
SO-003159,2025-09-25,CUS-0511,PRD-0299,17,2920.8,49653.6,West,Distributor,Delivered
SO-003160,2025-01-12,CUS-0586,PRD-0200,20,4901.29,98025.8,East,Distributor,Delivered
SO-003161,2025-07-26,CUS-0072,PRD-0119,30,3649.58,109487.4,East,Online,Delivered
SO-003162,2025-06-04,CUS-0312,PRD-0080,29,2718.86,78846.94,Central,Retail,Cancelled
SO-003163,2025-08-11,CUS-0291,PRD-0175,1,4122.39,4122.39,East,Online,Delivered
SO-003164,2025-07-28,CUS-0561,PRD-0160,12,4023.81,48285.72,North,Distributor,Shipped
SO-003165,2026-02-08,CUS-0130,PRD-0065,14,559.34,7830.76,West,Distributor,Delivered
SO-003166,2024-12-14,CUS-0004,PRD-0417,30,6674.74,200242.2,North,Retail,Delivered
SO-003167,2025-10-25,CUS-0157,PRD-0401,12,2630.9,31570.8,South,Online,Shipped
SO-003168,2025-06-07,CUS-0031,PRD-0279,7,3569.68,24987.76,Central,Retail,Delivered
SO-003169,2026-03-29,CUS-0733,PRD-0343,17,1756.43,29859.31,West,Distributor,Delivered
SO-003170,2026-01-14,CUS-0641,PRD-0438,13,2366.01,30758.13,North,Retail,Delivered
SO-003171,2025-05-09,CUS-0472,PRD-0478,2,2188.84,4377.68,East,Distributor,Delivered
SO-003172,2025-09-03,CUS-0796,PRD-0173,22,1781.05,39183.1,West,Online,Delivered
SO-003173,2025-02-16,CUS-0508,PRD-0354,1,3997.01,3997.01,South,Online,Delivered
SO-003174,2025-04-12,CUS-0985,PRD-0113,25,4170.39,104259.75,East,Retail,Cancelled
SO-003175,2025-08-22,CUS-0877,PRD-0092,20,562.91,11258.2,North,Distributor,Delivered
SO-003176,2025-08-22,CUS-0445,PRD-0240,21,2083.18,43746.78,South,Retail,Delivered
SO-003177,2025-05-20,CUS-0557,PRD-0494,16,2448.03,39168.48,West,Online,Delivered
SO-003178,2026-02-27,CUS-0024,PRD-0458,7,3689.08,25823.56,Central,Online,Processing
SO-003179,2025-11-21,CUS-0433,PRD-0259,29,4712.8,136671.2,North,Retail,Delivered
SO-003180,2024-11-30,CUS-0454,PRD-0280,11,4727.39,52001.29,East,Distributor,Delivered
SO-003181,2025-03-08,CUS-0405,PRD-0490,12,789.31,9471.72,South,Distributor,Delivered
SO-003182,2025-12-08,CUS-0908,PRD-0434,20,7605.43,152108.6,North,Retail,Cancelled
SO-003183,2026-03-07,CUS-0592,PRD-0490,4,789.31,3157.24,North,Online,Delivered
SO-003184,2025-06-25,CUS-0578,PRD-0062,5,263.99,1319.95,West,Distributor,Shipped
SO-003185,2025-08-30,CUS-0666,PRD-0374,4,4076.51,16306.04,West,Online,Processing
SO-003186,2026-02-23,CUS-0892,PRD-0029,26,5712.46,148523.96,South,Distributor,Delivered
SO-003187,2026-04-13,CUS-0830,PRD-0498,25,1940.02,48500.5,Central,Online,Delivered
SO-003188,2024-11-19,CUS-0310,PRD-0471,2,4054.08,8108.16,South,Distributor,Cancelled
SO-003189,2025-09-16,CUS-0653,PRD-0103,20,5730.95,114619.0,Central,Distributor,Delivered
SO-003190,2026-09-06,CUS-0020,PRD-0447,15,4346.55,65198.25,West,Distributor,Delivered
SO-003191,2024-12-27,CUS-0387,PRD-0131,25,2488.88,62222.0,East,Distributor,Delivered
SO-003192,2025-04-29,CUS-0399,PRD-0328,28,5555.74,155560.72,South,Distributor,Delivered
SO-003193,2025-09-18,CUS-0205,PRD-0214,30,5261.22,157836.6,North,Online,Delivered
SO-003194,2025-06-12,CUS-0106,PRD-0409,7,6491.0,45437.0,West,Retail,Processing
SO-003195,2025-05-14,CUS-0451,PRD-0399,2,4340.93,8681.86,Central,Retail,Shipped
SO-003196,2026-03-23,CUS-0174,PRD-0471,23,3378.4,77703.2,North,Distributor,Delivered
SO-003197,2025-02-04,CUS-0672,PRD-0020,10,1900.69,19006.9,East,Distributor,Delivered
SO-003198,2026-08-24,CUS-0108,PRD-0431,16,5527.14,88434.24,South,Online,Delivered
SO-003199,2026-04-16,CUS-0731,PRD-0077,23,2952.74,67913.02,South,Retail,Cancelled
SO-003200,2025-02-11,CUS-0745,PRD-0188,20,5849.06,116981.2,North,Online,Delivered
SO-003201,2026-03-24,CUS-0714,PRD-0359,25,2454.17,61354.25,South,Retail,Delivered
SO-003202,2026-09-05,CUS-0241,PRD-0095,25,652.24,16306.0,East,Distributor,Delivered
SO-003203,2026-02-11,CUS-0073,PRD-0485,10,3914.29,39142.9,East,Retail,Delivered
SO-003204,2026-08-12,CUS-0519,PRD-0122,17,4378.36,74432.12,Central,Online,Delivered
SO-003205,2026-03-10,CUS-0190,PRD-0160,30,4023.81,120714.3,North,Retail,Delivered
SO-003206,2025-04-28,CUS-0083,PRD-0469,22,1541.41,33911.02,North,Online,Delivered
SO-003207,2026-02-11,CUS-0262,PRD-0058,2,4941.04,9882.08,West,Retail,Delivered
SO-003208,2026-08-18,CUS-0396,PRD-0414,24,4666.41,111993.84,West,Online,Processing
SO-003209,2026-09-30,CUS-0246,PRD-0410,3,4500.44,13501.32,North,Online,Delivered
SO-003210,2026-08-17,CUS-0331,PRD-0007,1,4691.05,4691.05,West,Retail,Delivered
SO-003211,2024-11-30,CUS-0377,PRD-0065,25,671.21,16780.25,West,Online,Delivered
SO-003212,2025-10-13,CUS-0839,PRD-0324,16,4176.37,66821.92,East,Online,Delivered
SO-003213,2024-11-06,CUS-0829,PRD-0381,12,3126.8,37521.6,North,Retail,Processing
SO-003214,2025-03-05,CUS-0422,PRD-0175,30,4122.39,123671.7,Central,Distributor,Delivered
SO-003215,2025-12-22,CUS-0150,PRD-0221,11,6333.88,69672.68,North,Online,Delivered
SO-003216,2025-05-17,CUS-0086,PRD-0073,7,516.1,3612.7,Central,Distributor,Delivered
SO-003217,2025-09-22,CUS-0440,PRD-0047,4,4009.13,16036.52,East,Online,Delivered
SO-003218,2025-11-02,CUS-0679,PRD-0448,12,3535.0,42420.0,East,Distributor,Delivered
SO-003219,2026-03-30,CUS-0857,PRD-0008,25,1534.21,38355.25,East,Distributor,Delivered
SO-003220,2025-11-19,CUS-0274,PRD-0386,17,3555.25,60439.25,North,Retail,Delivered
SO-003221,2024-10-14,CUS-0459,PRD-0434,29,7605.43,220557.47,South,Retail,Delivered
SO-003222,2025-05-20,CUS-0049,PRD-0210,30,4444.7,133341.0,West,Online,Delivered
SO-003223,2026-01-06,CUS-0869,PRD-0129,12,5685.71,68228.52,North,Retail,Shipped
SO-003224,2024-11-04,CUS-0079,PRD-0403,11,1024.73,11272.03,Central,Retail,Delivered
SO-003225,2025-02-23,CUS-0821,PRD-0056,8,1181.86,9454.88,North,Online,Delivered
SO-003226,2026-02-10,CUS-0445,PRD-0459,16,2659.35,42549.6,Central,Distributor,Delivered
SO-003227,2025-12-14,CUS-0060,PRD-0062,7,316.79,2217.53,North,Retail,Delivered
SO-003228,2026-09-29,CUS-0511,PRD-0493,7,3468.32,24278.24,South,Online,Processing
SO-003229,2025-02-14,CUS-0389,PRD-0124,27,4904.17,132412.59,West,Online,Processing
SO-003230,2025-08-18,CUS-0499,PRD-0045,16,4983.69,79739.04,South,Online,Delivered
SO-003231,2026-08-18,CUS-0162,PRD-0494,18,2448.03,44064.54,North,Retail,Delivered
SO-003232,2025-05-22,CUS-0243,PRD-0250,10,783.48,7834.8,East,Retail,Delivered
SO-003233,2025-01-03,CUS-0854,PRD-0223,28,2183.08,61126.24,East,Retail,Delivered
SO-003234,2025-06-09,CUS-0123,PRD-0038,10,534.68,5346.8,Central,Distributor,Delivered
SO-003235,2025-11-04,CUS-0391,PRD-0197,20,2735.86,54717.2,West,Retail,Delivered
SO-003236,2025-05-02,CUS-0339,PRD-0187,11,4891.68,53808.48,West,Retail,Delivered
SO-003237,2026-05-23,CUS-0767,PRD-0359,6,2454.17,14725.02,Central,Online,Delivered
SO-003238,2026-07-25,CUS-0292,PRD-0430,4,1485.15,5940.6,South,Distributor,Delivered
SO-003239,2026-03-21,CUS-0965,PRD-0420,25,2779.86,69496.5,East,Retail,Delivered
SO-003240,2024-10-26,CUS-0570,PRD-0459,17,3191.22,54250.74,North,Retail,Delivered
SO-003241,2026-04-07,CUS-0393,PRD-0228,24,3235.69,77656.56,East,Distributor,Delivered
SO-003242,2025-04-10,CUS-0444,PRD-0172,19,5845.22,111059.18,West,Distributor,Delivered
SO-003243,2026-06-27,CUS-0137,PRD-0179,13,2569.93,33409.09,Central,Distributor,Shipped
SO-003244,2026-01-26,CUS-0656,PRD-0345,27,600.5,16213.5,South,Online,Delivered
SO-003245,2026-07-20,CUS-0412,PRD-0230,5,3670.39,18351.95,East,Online,Delivered
SO-003246,2024-12-25,CUS-0664,PRD-0452,1,1841.64,1841.64,East,Distributor,Shipped
SO-003247,2026-08-23,CUS-0518,PRD-0219,27,4635.55,125159.85,South,Online,Shipped
SO-003248,2024-12-29,CUS-0321,PRD-0186,4,5915.57,23662.28,West,Online,Delivered
SO-003249,2025-07-03,CUS-0928,PRD-0316,10,4989.5,49895.0,West,Online,Cancelled
SO-003250,2026-04-14,CUS-0628,PRD-0480,26,4151.93,107950.18,West,Retail,Cancelled
SO-003251,2026-09-02,CUS-0477,PRD-0496,3,463.57,1390.71,East,Distributor,Delivered
SO-003252,2026-06-17,CUS-0997,PRD-0397,24,1896.25,45510.0,North,Online,Delivered
SO-003253,2026-07-09,CUS-0021,PRD-0076,10,1904.33,19043.3,East,Online,Processing
SO-003254,2025-09-27,CUS-0223,PRD-0401,7,2192.42,15346.94,Central,Retail,Cancelled
SO-003255,2026-03-19,CUS-0976,PRD-0062,15,263.99,3959.85,Central,Retail,Delivered
SO-003256,2025-03-06,CUS-0017,PRD-0144,1,2450.1,2450.1,South,Distributor,Delivered
SO-003257,2025-03-21,CUS-0713,PRD-0079,23,6302.5,144957.5,East,Distributor,Delivered
SO-003258,2025-08-14,CUS-0271,PRD-0175,13,4122.39,53591.07,West,Online,Delivered
SO-003259,2025-07-08,CUS-0718,PRD-0357,6,748.93,4493.58,East,Retail,Delivered
SO-003260,2025-11-07,CUS-0320,PRD-0457,2,3062.32,6124.64,West,Retail,Delivered
SO-003261,2025-09-26,CUS-0421,PRD-0475,22,1258.43,27685.46,North,Retail,Delivered
SO-003262,2024-12-18,CUS-0366,PRD-0264,22,7399.38,162786.36,Central,Retail,Delivered
SO-003263,2025-01-21,CUS-0057,PRD-0253,3,6124.57,18373.71,North,Distributor,Processing
SO-003264,2026-09-14,CUS-0909,PRD-0262,25,6436.49,160912.25,North,Distributor,Delivered
SO-003265,2025-12-11,CUS-0866,PRD-0253,21,7349.48,154339.08,South,Retail,Delivered
SO-003266,2025-09-05,CUS-0036,PRD-0264,29,6166.15,178818.35,South,Distributor,Delivered
SO-003267,2026-04-05,CUS-0710,PRD-0218,6,2891.54,17349.24,Central,Distributor,Delivered
SO-003268,2026-07-18,CUS-0918,PRD-0076,28,1904.33,53321.24,South,Distributor,Delivered
SO-003269,2025-01-05,CUS-0711,PRD-0083,19,6031.92,114606.48,Central,Retail,Delivered
SO-003270,2026-05-12,CUS-0227,PRD-0022,2,4600.6,9201.2,Central,Distributor,Delivered
SO-003271,2025-01-26,CUS-0518,PRD-0075,29,2987.67,86642.43,South,Retail,Delivered
SO-003272,2026-01-17,CUS-0098,PRD-0265,22,1474.23,32433.06,North,Distributor,Delivered
SO-003273,2025-08-11,CUS-0468,PRD-0485,28,3914.29,109600.12,North,Distributor,Delivered
SO-003274,2024-11-29,CUS-0633,PRD-0402,9,556.55,5008.95,North,Online,Shipped
SO-003275,2025-02-23,CUS-0913,PRD-0002,24,1689.96,40559.04,West,Retail,Delivered
SO-003276,2024-11-25,CUS-0598,PRD-0430,4,1782.18,7128.72,West,Online,Delivered
SO-003277,2025-01-04,CUS-0547,PRD-0195,23,1287.61,29615.03,North,Online,Delivered
SO-003278,2025-01-27,CUS-0478,PRD-0468,23,630.98,14512.54,West,Online,Delivered
SO-003279,2025-09-17,CUS-0664,PRD-0449,28,4938.99,138291.72,North,Online,Delivered
SO-003280,2025-10-31,CUS-0165,PRD-0164,10,6979.49,69794.9,South,Distributor,Delivered
SO-003281,2024-11-04,CUS-0682,PRD-0290,3,2677.02,8031.06,South,Online,Delivered
SO-003282,2026-04-24,CUS-0550,PRD-0451,17,3229.85,54907.45,North,Online,Shipped
SO-003283,2025-07-05,CUS-0657,PRD-0341,26,5944.72,154562.72,East,Distributor,Delivered
SO-003284,2026-07-28,CUS-0775,PRD-0316,12,4989.5,59874.0,East,Retail,Delivered
SO-003285,2025-10-29,CUS-0926,PRD-0470,29,4058.14,117686.06,East,Online,Delivered
SO-003286,2026-09-30,CUS-0019,PRD-0005,8,726.84,5814.72,West,Retail,Delivered
SO-003287,2025-12-06,CUS-0626,PRD-0356,28,5336.84,149431.52,South,Online,Delivered
SO-003288,2025-04-28,CUS-0571,PRD-0256,8,1080.39,8643.12,South,Retail,Delivered
SO-003289,2025-03-24,CUS-0444,PRD-0397,13,1896.25,24651.25,West,Online,Delivered
SO-003290,2026-09-26,CUS-0441,PRD-0487,18,5920.64,106571.52,Central,Distributor,Delivered
SO-003291,2025-06-27,CUS-0226,PRD-0212,20,3901.66,78033.2,West,Online,Delivered
SO-003292,2026-05-24,CUS-0467,PRD-0035,3,3375.68,10127.04,Central,Retail,Delivered
SO-003293,2025-04-14,CUS-0013,PRD-0038,22,534.68,11762.96,East,Retail,Delivered
SO-003294,2026-03-07,CUS-0711,PRD-0149,6,4444.52,26667.12,West,Distributor,Delivered
SO-003295,2026-01-30,CUS-0929,PRD-0113,27,4170.39,112600.53,East,Online,Delivered
SO-003296,2025-07-11,CUS-0958,PRD-0229,1,2297.96,2297.96,East,Online,Delivered
SO-003297,2025-06-07,CUS-0382,PRD-0029,25,5712.46,142811.5,West,Retail,Processing
SO-003298,2026-03-17,CUS-0871,PRD-0269,2,337.92,675.84,North,Online,Shipped
SO-003299,2024-11-11,CUS-0196,PRD-0280,19,4727.39,89820.41,South,Online,Delivered
SO-003300,2025-04-10,CUS-0718,PRD-0465,26,5430.01,141180.26,Central,Distributor,Delivered
SO-003301,2026-04-18,CUS-0437,PRD-0446,26,4423.18,115002.68,Central,Retail,Processing
SO-003302,2026-05-31,CUS-0034,PRD-0388,15,5873.8,88107.0,South,Distributor,Delivered
SO-003303,2026-02-05,CUS-0444,PRD-0406,4,1541.27,6165.08,East,Retail,Delivered
SO-003304,2025-11-24,CUS-0516,PRD-0031,24,1248.11,29954.64,West,Online,Processing
SO-003305,2025-01-29,CUS-0361,PRD-0185,13,3168.36,41188.68,Central,Online,Delivered
SO-003306,2025-10-10,CUS-0597,PRD-0108,28,2177.57,60971.96,Central,Distributor,Delivered
SO-003307,2025-05-20,CUS-0870,PRD-0161,30,2769.99,83099.7,West,Retail,Shipped
SO-003308,2026-03-26,CUS-0413,PRD-0306,22,4623.48,101716.56,Central,Online,Delivered
SO-003309,2026-06-12,CUS-0908,PRD-0286,10,1286.09,12860.9,West,Distributor,Processing
SO-003310,2025-03-03,CUS-0437,PRD-0132,21,280.75,5895.75,East,Retail,Delivered
SO-003311,2024-11-18,CUS-0591,PRD-0461,16,4557.11,72913.76,Central,Online,Delivered
SO-003312,2025-03-14,CUS-0851,PRD-0057,29,2825.39,81936.31,West,Distributor,Delivered
SO-003313,2026-07-03,CUS-0828,PRD-0301,14,4651.32,65118.48,Central,Distributor,Delivered
SO-003314,2026-08-10,CUS-0859,PRD-0405,6,3911.65,23469.9,North,Retail,Delivered
SO-003315,2024-11-27,CUS-0345,PRD-0222,27,3709.49,100156.23,West,Retail,Delivered
SO-003316,2024-10-05,CUS-0653,PRD-0157,28,869.86,24356.08,West,Retail,Delivered
SO-003317,2026-03-06,CUS-0544,PRD-0449,21,4938.99,103718.79,Central,Retail,Delivered
SO-003318,2026-01-29,CUS-0946,PRD-0381,2,2605.67,5211.34,East,Distributor,Delivered
SO-003319,2026-02-28,CUS-0381,PRD-0294,7,5639.48,39476.36,North,Distributor,Delivered
SO-003320,2026-01-17,CUS-0157,PRD-0388,14,5873.8,82233.2,Central,Online,Delivered
SO-003321,2026-03-13,CUS-0387,PRD-0296,22,3432.45,75513.9,West,Retail,Cancelled
SO-003322,2026-02-01,CUS-0057,PRD-0160,3,4023.81,12071.43,Central,Online,Delivered
SO-003323,2026-08-26,CUS-0709,PRD-0019,15,5578.38,83675.7,North,Retail,Delivered
SO-003324,2026-02-12,CUS-0186,PRD-0455,19,2220.14,42182.66,West,Distributor,Delivered
SO-003325,2025-03-27,CUS-0295,PRD-0014,4,5271.41,21085.64,East,Retail,Delivered
SO-003326,2026-05-01,CUS-0467,PRD-0080,29,2718.86,78846.94,North,Retail,Delivered
SO-003327,2024-12-25,CUS-0038,PRD-0073,19,619.32,11767.08,East,Online,Delivered
SO-003328,2026-08-25,CUS-0008,PRD-0243,9,1508.36,13575.24,East,Distributor,Cancelled
SO-003329,2025-12-17,CUS-0733,PRD-0413,26,2258.22,58713.72,West,Online,Delivered
SO-003330,2026-03-24,CUS-0817,PRD-0271,30,4508.65,135259.5,East,Distributor,Delivered
SO-003331,2026-01-23,CUS-0324,PRD-0092,20,562.91,11258.2,Central,Distributor,Delivered
SO-003332,2025-03-13,CUS-0547,PRD-0361,25,1248.83,31220.75,East,Distributor,Cancelled
SO-003333,2026-03-16,CUS-0343,PRD-0413,27,1881.85,50809.95,North,Online,Delivered
SO-003334,2026-02-27,CUS-0355,PRD-0352,8,181.58,1452.64,South,Retail,Delivered
SO-003335,2025-01-08,CUS-0508,PRD-0479,11,2931.29,32244.19,Central,Distributor,Cancelled
SO-003336,2025-10-30,CUS-0580,PRD-0448,16,3535.0,56560.0,Central,Retail,Shipped
SO-003337,2024-12-31,CUS-0325,PRD-0162,15,5647.03,84705.45,East,Online,Cancelled
SO-003338,2025-07-16,CUS-0720,PRD-0387,14,762.89,10680.46,West,Online,Delivered
SO-003339,2025-06-22,CUS-0277,PRD-0353,6,4876.74,29260.44,South,Retail,Delivered
SO-003340,2025-06-27,CUS-0020,PRD-0459,14,2659.35,37230.9,West,Online,Delivered
SO-003341,2025-10-09,CUS-0199,PRD-0271,7,5410.38,37872.66,North,Retail,Delivered
SO-003342,2024-11-25,CUS-0918,PRD-0076,5,2285.2,11426.0,South,Online,Delivered
SO-003343,2026-08-07,CUS-0784,PRD-0026,2,4490.99,8981.98,Central,Retail,Delivered
SO-003344,2025-02-08,CUS-0587,PRD-0311,18,2295.01,41310.18,West,Distributor,Delivered
SO-003345,2025-09-11,CUS-0615,PRD-0393,17,6428.79,109289.43,East,Distributor,Delivered
SO-003346,2026-08-10,CUS-0243,PRD-0240,4,2083.18,8332.72,North,Online,Processing
SO-003347,2026-06-19,CUS-0292,PRD-0128,16,1144.09,18305.44,South,Online,Delivered
SO-003348,2025-03-02,CUS-0629,PRD-0197,20,2279.88,45597.6,South,Retail,Delivered
SO-003349,2024-12-07,CUS-0651,PRD-0171,30,6504.88,195146.4,West,Distributor,Delivered
SO-003350,2025-11-08,CUS-0047,PRD-0007,16,5629.26,90068.16,North,Distributor,Delivered
SO-003351,2026-05-30,CUS-0985,PRD-0350,25,3791.55,94788.75,West,Distributor,Delivered
SO-003352,2026-03-09,CUS-0904,PRD-0327,11,4100.16,45101.76,South,Distributor,Delivered
SO-003353,2025-04-30,CUS-0934,PRD-0160,15,4023.81,60357.15,North,Online,Delivered
SO-003354,2026-06-09,CUS-0620,PRD-0156,15,1937.71,29065.65,West,Distributor,Delivered
SO-003355,2025-10-24,CUS-0538,PRD-0269,15,405.5,6082.5,East,Distributor,Delivered
SO-003356,2025-02-15,CUS-0927,PRD-0321,16,6275.93,100414.88,East,Online,Delivered
SO-003357,2026-06-02,CUS-0787,PRD-0374,28,4076.51,114142.28,East,Distributor,Delivered
SO-003358,2025-03-10,CUS-0926,PRD-0459,2,2659.35,5318.7,Central,Distributor,Delivered
SO-003359,2025-01-15,CUS-0012,PRD-0356,1,4447.37,4447.37,East,Online,Delivered
SO-003360,2025-12-20,CUS-0278,PRD-0497,11,2676.14,29437.54,East,Retail,Delivered
SO-003361,2025-09-14,CUS-0480,PRD-0012,1,720.79,720.79,North,Retail,Shipped
SO-003362,2026-09-24,CUS-0640,PRD-0488,21,2178.12,45740.52,West,Online,Delivered
SO-003363,2025-01-22,CUS-0744,PRD-0122,22,4378.36,96323.92,East,Distributor,Delivered
SO-003364,2024-12-21,CUS-0844,PRD-0392,5,542.62,2713.1,Central,Online,Shipped
SO-003365,2024-11-14,CUS-0333,PRD-0377,27,5118.78,138207.06,North,Online,Delivered
SO-003366,2026-09-15,CUS-0290,PRD-0232,6,3666.47,21998.82,East,Retail,Processing
SO-003367,2026-08-22,CUS-0894,PRD-0339,27,1245.19,33620.13,South,Online,Delivered
SO-003368,2024-12-17,CUS-0484,PRD-0373,26,5314.45,138175.7,North,Retail,Delivered
SO-003369,2025-10-11,CUS-0898,PRD-0433,7,1884.76,13193.32,West,Distributor,Delivered
SO-003370,2025-06-07,CUS-0239,PRD-0229,4,2297.96,9191.84,Central,Distributor,Delivered
SO-003371,2026-02-26,CUS-0960,PRD-0198,12,4920.31,59043.72,South,Retail,Delivered
SO-003372,2025-01-03,CUS-0349,PRD-0416,27,3986.57,107637.39,East,Distributor,Delivered
SO-003373,2025-12-27,CUS-0544,PRD-0006,30,4757.83,142734.9,East,Online,Shipped
SO-003374,2026-04-05,CUS-0820,PRD-0281,3,3975.66,11926.98,North,Online,Delivered
SO-003375,2026-06-20,CUS-0051,PRD-0163,9,2675.79,24082.11,East,Distributor,Delivered
SO-003376,2024-11-05,CUS-0907,PRD-0198,12,5904.37,70852.44,East,Retail,Delivered
SO-003377,2025-07-22,CUS-0158,PRD-0166,29,449.89,13046.81,Central,Distributor,Delivered
SO-003378,2025-10-15,CUS-0082,PRD-0271,11,5410.38,59514.18,Central,Distributor,Delivered
SO-003379,2025-05-13,CUS-0566,PRD-0250,18,783.48,14102.64,East,Online,Shipped
SO-003380,2025-02-18,CUS-0859,PRD-0109,4,1120.2,4480.8,West,Distributor,Delivered
SO-003381,2025-04-16,CUS-0142,PRD-0446,20,4423.18,88463.6,North,Retail,Delivered
SO-003382,2025-08-13,CUS-0909,PRD-0380,6,1625.68,9754.08,East,Retail,Delivered
SO-003383,2025-07-16,CUS-0923,PRD-0213,27,4571.12,123420.24,West,Online,Delivered
SO-003384,2026-06-17,CUS-0421,PRD-0419,21,2288.99,48068.79,East,Retail,Delivered
SO-003385,2025-11-06,CUS-0619,PRD-0241,23,5669.5,130398.5,Central,Distributor,Delivered
SO-003386,2025-10-03,CUS-0839,PRD-0141,8,3100.44,24803.52,West,Online,Delivered
SO-003387,2024-10-22,CUS-0963,PRD-0130,25,1681.54,42038.5,South,Distributor,Delivered
SO-003388,2026-05-01,CUS-0040,PRD-0438,30,2366.01,70980.3,Central,Online,Delivered
SO-003389,2026-05-10,CUS-0358,PRD-0421,26,2848.48,74060.48,West,Distributor,Delivered
SO-003390,2026-09-04,CUS-0898,PRD-0092,24,562.91,13509.84,East,Online,Cancelled
SO-003391,2026-07-13,CUS-0963,PRD-0291,11,4350.66,47857.26,North,Retail,Delivered
SO-003392,2025-12-21,CUS-0617,PRD-0480,28,4982.32,139504.96,North,Distributor,Shipped
SO-003393,2025-06-08,CUS-0083,PRD-0104,3,1134.85,3404.55,Central,Retail,Delivered
SO-003394,2026-09-27,CUS-0230,PRD-0012,11,720.79,7928.69,North,Distributor,Delivered
SO-003395,2025-03-25,CUS-0962,PRD-0291,24,4350.66,104415.84,North,Retail,Delivered
SO-003396,2025-05-11,CUS-0157,PRD-0015,6,925.14,5550.84,North,Online,Delivered
SO-003397,2026-09-28,CUS-0797,PRD-0306,9,4623.48,41611.32,East,Online,Delivered
SO-003398,2024-11-11,CUS-0677,PRD-0307,18,7648.99,137681.82,East,Distributor,Delivered
SO-003399,2025-12-18,CUS-0690,PRD-0040,24,7578.91,181893.84,East,Online,Delivered
SO-003400,2026-09-01,CUS-0956,PRD-0081,27,5637.83,152221.41,South,Online,Shipped
SO-003401,2025-02-12,CUS-0199,PRD-0244,16,4745.61,75929.76,East,Online,Delivered
SO-003402,2024-12-12,CUS-0244,PRD-0459,27,3191.22,86162.94,East,Online,Delivered
SO-003403,2025-03-18,CUS-0380,PRD-0341,13,5944.72,77281.36,South,Retail,Shipped
SO-003404,2025-09-18,CUS-0865,PRD-0302,6,217.1,1302.6,North,Online,Delivered
SO-003405,2025-01-31,CUS-0261,PRD-0215,7,2341.69,16391.83,West,Online,Shipped
SO-003406,2026-07-06,CUS-0028,PRD-0105,28,4026.39,112738.92,North,Retail,Delivered
SO-003407,2025-07-07,CUS-0218,PRD-0196,5,2215.24,11076.2,West,Retail,Delivered
SO-003408,2024-12-22,CUS-0894,PRD-0500,1,7163.62,7163.62,West,Distributor,Delivered
SO-003409,2025-01-20,CUS-0973,PRD-0368,27,6291.51,169870.77,North,Online,Delivered
SO-003410,2025-11-14,CUS-0731,PRD-0296,22,4118.94,90616.68,Central,Distributor,Delivered
SO-003411,2026-09-29,CUS-0519,PRD-0011,6,1120.4,6722.4,West,Distributor,Processing
SO-003412,2025-10-23,CUS-0757,PRD-0384,30,3275.64,98269.2,East,Retail,Delivered
SO-003413,2025-07-30,CUS-0847,PRD-0060,10,5860.54,58605.4,West,Retail,Cancelled
SO-003414,2026-07-07,CUS-0457,PRD-0127,3,5240.23,15720.69,Central,Distributor,Delivered
SO-003415,2025-08-23,CUS-0307,PRD-0041,13,4472.49,58142.37,West,Distributor,Processing
SO-003416,2025-04-12,CUS-0546,PRD-0240,29,2083.18,60412.22,South,Online,Delivered
SO-003417,2026-02-14,CUS-0869,PRD-0380,4,1625.68,6502.72,Central,Retail,Processing
SO-003418,2026-03-07,CUS-0335,PRD-0315,17,3215.25,54659.25,North,Online,Delivered
SO-003419,2026-08-12,CUS-0261,PRD-0354,10,3997.01,39970.1,East,Retail,Delivered
SO-003420,2026-01-17,CUS-0259,PRD-0414,27,4666.41,125993.07,North,Retail,Delivered
SO-003421,2025-01-07,CUS-0877,PRD-0250,29,783.48,22720.92,North,Online,Processing
SO-003422,2025-07-03,CUS-0863,PRD-0339,13,1245.19,16187.47,East,Online,Shipped
SO-003423,2026-05-30,CUS-0520,PRD-0323,13,5698.59,74081.67,North,Distributor,Delivered
SO-003424,2026-04-13,CUS-0248,PRD-0085,26,1116.05,29017.3,South,Distributor,Cancelled
SO-003425,2026-01-15,CUS-0602,PRD-0318,11,3772.35,41495.85,South,Retail,Delivered
SO-003426,2025-04-12,CUS-0536,PRD-0037,8,1149.08,9192.64,South,Distributor,Shipped
SO-003427,2026-03-25,CUS-0834,PRD-0201,3,1558.3,4674.9,West,Distributor,Processing
SO-003428,2026-04-10,CUS-0499,PRD-0100,4,3049.28,12197.12,South,Retail,Processing
SO-003429,2024-12-29,CUS-0731,PRD-0012,30,864.95,25948.5,Central,Retail,Processing
SO-003430,2025-07-05,CUS-0721,PRD-0390,11,6175.19,67927.09,South,Distributor,Delivered
SO-003431,2025-05-23,CUS-0429,PRD-0061,1,1709.16,1709.16,Central,Online,Delivered
SO-003432,2026-04-13,CUS-0217,PRD-0419,30,2288.99,68669.7,Central,Retail,Delivered
SO-003433,2025-05-13,CUS-0989,PRD-0477,7,4468.82,31281.74,South,Distributor,Delivered
SO-003434,2026-07-21,CUS-0909,PRD-0144,22,2450.1,53902.2,North,Online,Processing
SO-003435,2025-10-08,CUS-0445,PRD-0477,1,5362.58,5362.58,West,Online,Delivered
SO-003436,2026-03-05,CUS-0931,PRD-0096,4,3460.13,13840.52,North,Distributor,Delivered
SO-003437,2026-06-12,CUS-0223,PRD-0058,19,4941.04,93879.76,West,Distributor,Delivered
SO-003438,2025-08-16,CUS-0966,PRD-0489,30,1090.99,32729.7,Central,Online,Delivered
SO-003439,2026-08-12,CUS-0328,PRD-0038,21,534.68,11228.28,East,Distributor,Shipped
SO-003440,2025-08-02,CUS-0473,PRD-0171,8,5420.73,43365.84,East,Retail,Processing
SO-003441,2025-07-20,CUS-0901,PRD-0403,19,853.94,16224.86,Central,Distributor,Delivered
SO-003442,2025-09-19,CUS-0909,PRD-0486,19,3826.69,72707.11,West,Retail,Delivered
SO-003443,2025-12-22,CUS-0804,PRD-0016,26,4375.8,113770.8,East,Distributor,Delivered
SO-003444,2025-04-24,CUS-0912,PRD-0413,5,1881.85,9409.25,West,Retail,Delivered
SO-003445,2025-02-19,CUS-0827,PRD-0225,24,4910.53,117852.72,North,Online,Delivered
SO-003446,2026-03-04,CUS-0037,PRD-0073,12,516.1,6193.2,South,Retail,Delivered
SO-003447,2026-07-31,CUS-0301,PRD-0179,6,2569.93,15419.58,East,Distributor,Delivered
SO-003448,2026-04-24,CUS-0664,PRD-0279,10,3569.68,35696.8,East,Retail,Delivered
SO-003449,2026-04-24,CUS-0719,PRD-0189,5,1868.59,9342.95,West,Retail,Delivered
SO-003450,2024-10-03,CUS-0651,PRD-0488,5,2613.74,13068.7,North,Online,Delivered
SO-003451,2025-02-14,CUS-0372,PRD-0210,16,4444.7,71115.2,South,Retail,Delivered
SO-003452,2025-12-31,CUS-0160,PRD-0421,24,3418.18,82036.32,West,Retail,Cancelled
SO-003453,2024-12-02,CUS-0070,PRD-0250,17,940.18,15983.06,North,Distributor,Delivered
SO-003454,2025-09-15,CUS-0294,PRD-0434,5,6337.86,31689.3,West,Distributor,Delivered
SO-003455,2025-05-11,CUS-0956,PRD-0206,2,4585.59,9171.18,North,Retail,Shipped
SO-003456,2026-06-30,CUS-0078,PRD-0489,19,1090.99,20728.81,West,Online,Delivered
SO-003457,2026-08-01,CUS-0407,PRD-0415,20,3509.65,70193.0,East,Retail,Cancelled
SO-003458,2025-11-12,CUS-0390,PRD-0338,17,5367.68,91250.56,North,Distributor,Delivered
SO-003459,2024-12-21,CUS-0279,PRD-0010,13,5492.57,71403.41,East,Retail,Delivered
SO-003460,2024-12-27,CUS-0955,PRD-0190,16,3128.42,50054.72,South,Online,Delivered
SO-003461,2026-05-24,CUS-0438,PRD-0104,13,1134.85,14753.05,West,Retail,Delivered
SO-003462,2025-09-19,CUS-0977,PRD-0351,27,6359.51,171706.77,East,Online,Delivered
SO-003463,2025-07-07,CUS-0038,PRD-0153,17,4300.48,73108.16,South,Distributor,Delivered
SO-003464,2024-12-17,CUS-0244,PRD-0389,1,3199.37,3199.37,Central,Online,Delivered
SO-003465,2026-09-25,CUS-0252,PRD-0084,21,2824.56,59315.76,South,Online,Delivered
SO-003466,2025-01-15,CUS-0496,PRD-0464,29,1224.83,35520.07,East,Retail,Delivered
SO-003467,2026-01-01,CUS-0811,PRD-0417,10,5562.28,55622.8,East,Distributor,Delivered
SO-003468,2026-01-19,CUS-0462,PRD-0056,13,1181.86,15364.18,East,Online,Shipped
SO-003469,2025-05-15,CUS-0796,PRD-0298,25,1831.15,45778.75,East,Retail,Delivered
SO-003470,2025-07-25,CUS-0459,PRD-0112,1,3241.95,3241.95,West,Online,Shipped
SO-003471,2025-11-03,CUS-0813,PRD-0449,20,5926.79,118535.8,South,Online,Delivered
SO-003472,2025-11-11,CUS-0529,PRD-0362,17,6855.67,116546.39,West,Retail,Delivered
SO-003473,2025-09-17,CUS-0739,PRD-0010,4,4577.14,18308.56,North,Online,Delivered
SO-003474,2026-04-15,CUS-0337,PRD-0064,25,4638.95,115973.75,South,Distributor,Delivered
SO-003475,2026-01-27,CUS-0105,PRD-0368,23,6291.51,144704.73,Central,Online,Shipped
SO-003476,2026-03-05,CUS-0164,PRD-0299,1,2920.8,2920.8,North,Retail,Delivered
SO-003477,2026-09-14,CUS-0236,PRD-0376,23,4177.52,96082.96,South,Retail,Processing
SO-003478,2025-01-31,CUS-0359,PRD-0259,26,3927.33,102110.58,Central,Distributor,Processing
SO-003479,2025-11-07,CUS-0673,PRD-0046,16,6810.24,108963.84,West,Distributor,Delivered
SO-003480,2025-01-28,CUS-0507,PRD-0334,16,1189.75,19036.0,East,Distributor,Delivered
SO-003481,2025-01-07,CUS-0359,PRD-0402,13,463.79,6029.27,North,Online,Delivered
SO-003482,2026-02-18,CUS-0710,PRD-0487,17,5920.64,100650.88,West,Retail,Shipped
SO-003483,2025-12-13,CUS-0237,PRD-0181,5,4303.72,21518.6,Central,Distributor,Delivered
SO-003484,2024-11-19,CUS-0203,PRD-0442,14,3365.2,47112.8,South,Online,Delivered
SO-003485,2025-07-09,CUS-0227,PRD-0078,3,452.24,1356.72,East,Online,Delivered
SO-003486,2026-01-18,CUS-0672,PRD-0385,19,4527.09,86014.71,West,Online,Cancelled
SO-003487,2026-02-12,CUS-0850,PRD-0184,5,5587.39,27936.95,East,Online,Delivered
SO-003488,2025-10-30,CUS-0443,PRD-0369,20,846.26,16925.2,North,Distributor,Shipped
SO-003489,2026-06-20,CUS-0459,PRD-0287,27,4173.59,112686.93,North,Retail,Delivered
SO-003490,2025-12-31,CUS-0488,PRD-0421,1,3418.18,3418.18,West,Distributor,Delivered
SO-003491,2025-02-11,CUS-0580,PRD-0389,8,2666.14,21329.12,South,Retail,Delivered
SO-003492,2026-05-18,CUS-0905,PRD-0180,24,539.14,12939.36,North,Online,Delivered
SO-003493,2025-05-21,CUS-0603,PRD-0113,29,4170.39,120941.31,West,Online,Delivered
SO-003494,2024-10-17,CUS-0926,PRD-0402,14,556.55,7791.7,Central,Online,Delivered
SO-003495,2026-01-30,CUS-0701,PRD-0366,5,3113.27,15566.35,Central,Retail,Cancelled
SO-003496,2025-12-29,CUS-0031,PRD-0019,20,6694.06,133881.2,South,Retail,Delivered
SO-003497,2026-03-22,CUS-0009,PRD-0206,1,4585.59,4585.59,North,Retail,Delivered
SO-003498,2026-02-25,CUS-0367,PRD-0097,10,4396.16,43961.6,Central,Distributor,Delivered
SO-003499,2026-08-21,CUS-0305,PRD-0203,14,5475.89,76662.46,East,Retail,Delivered
SO-003500,2025-02-24,CUS-0930,PRD-0301,6,4651.32,27907.92,North,Online,Delivered
SO-003501,2025-06-22,CUS-0191,PRD-0433,30,1570.63,47118.9,Central,Retail,Delivered
SO-003502,2025-08-17,CUS-0807,PRD-0339,1,1245.19,1245.19,North,Retail,Delivered
SO-003503,2025-07-27,CUS-0299,PRD-0022,23,4600.6,105813.8,South,Distributor,Delivered
SO-003504,2026-07-11,CUS-0246,PRD-0438,3,2366.01,7098.03,West,Online,Delivered
SO-003505,2025-06-11,CUS-0020,PRD-0212,5,3901.66,19508.3,East,Online,Delivered
SO-003506,2025-11-04,CUS-0035,PRD-0155,18,3773.03,67914.54,Central,Retail,Delivered
SO-003507,2025-07-02,CUS-0683,PRD-0404,13,2985.52,38811.76,Central,Distributor,Delivered
SO-003508,2026-06-11,CUS-0028,PRD-0387,2,762.89,1525.78,West,Distributor,Cancelled
SO-003509,2026-08-19,CUS-0736,PRD-0161,8,2769.99,22159.92,North,Online,Cancelled
SO-003510,2025-04-03,CUS-0584,PRD-0085,4,1116.05,4464.2,North,Retail,Delivered
SO-003511,2025-02-06,CUS-0640,PRD-0167,30,3037.66,91129.8,Central,Online,Shipped
SO-003512,2024-11-04,CUS-0772,PRD-0490,28,947.17,26520.76,West,Distributor,Cancelled
SO-003513,2025-05-18,CUS-0827,PRD-0470,21,3381.78,71017.38,East,Distributor,Delivered
SO-003514,2026-01-26,CUS-0146,PRD-0290,1,2230.85,2230.85,Central,Online,Delivered
SO-003515,2025-09-14,CUS-0735,PRD-0061,28,1709.16,47856.48,East,Distributor,Delivered
SO-003516,2026-07-17,CUS-0697,PRD-0305,9,6071.0,54639.0,East,Online,Shipped
SO-003517,2026-02-16,CUS-0023,PRD-0195,27,1287.61,34765.47,Central,Retail,Processing
SO-003518,2025-07-29,CUS-0299,PRD-0202,14,4934.46,69082.44,Central,Distributor,Delivered
SO-003519,2025-06-09,CUS-0616,PRD-0279,21,3569.68,74963.28,South,Distributor,Delivered
SO-003520,2025-08-15,CUS-0104,PRD-0114,10,152.58,1525.8,East,Online,Delivered
SO-003521,2025-02-16,CUS-0276,PRD-0366,16,3113.27,49812.32,Central,Distributor,Shipped
SO-003522,2026-01-08,CUS-0954,PRD-0386,30,2962.71,88881.3,East,Online,Delivered
SO-003523,2026-04-10,CUS-0863,PRD-0412,21,4004.86,84102.06,South,Online,Delivered
SO-003524,2025-02-18,CUS-0716,PRD-0208,29,6275.27,181982.83,North,Retail,Delivered
SO-003525,2025-09-23,CUS-0640,PRD-0015,5,925.14,4625.7,South,Retail,Delivered
SO-003526,2026-05-22,CUS-0366,PRD-0497,29,2230.12,64673.48,West,Distributor,Delivered
SO-003527,2026-05-10,CUS-0302,PRD-0084,22,2824.56,62140.32,North,Distributor,Delivered
SO-003528,2024-12-24,CUS-0258,PRD-0314,18,6770.05,121860.9,South,Distributor,Delivered
SO-003529,2024-11-09,CUS-0340,PRD-0170,11,6385.91,70245.01,Central,Distributor,Delivered
SO-003530,2024-10-18,CUS-0389,PRD-0208,21,7530.32,158136.72,West,Distributor,Delivered
SO-003531,2025-06-19,CUS-0036,PRD-0406,22,1541.27,33907.94,South,Distributor,Processing
SO-003532,2026-09-13,CUS-0998,PRD-0430,11,1485.15,16336.65,South,Retail,Delivered
SO-003533,2024-10-13,CUS-0479,PRD-0498,29,2328.02,67512.58,West,Online,Delivered
SO-003534,2025-01-10,CUS-0224,PRD-0280,14,3939.49,55152.86,Central,Online,Delivered
SO-003535,2025-11-13,CUS-0866,PRD-0221,1,6333.88,6333.88,East,Retail,Shipped
SO-003536,2026-07-19,CUS-0947,PRD-0094,5,3817.71,19088.55,South,Distributor,Delivered
SO-003537,2025-08-14,CUS-0887,PRD-0151,8,5440.82,43526.56,Central,Retail,Processing
SO-003538,2024-11-18,CUS-0494,PRD-0464,28,1469.8,41154.4,West,Retail,Processing
SO-003539,2025-08-14,CUS-0786,PRD-0179,26,2569.93,66818.18,West,Distributor,Delivered
SO-003540,2026-07-11,CUS-0934,PRD-0277,13,2927.41,38056.33,Central,Retail,Delivered
SO-003541,2025-05-12,CUS-0466,PRD-0017,24,3807.74,91385.76,West,Distributor,Processing
SO-003542,2025-08-13,CUS-0460,PRD-0042,24,5025.97,120623.28,North,Online,Shipped
SO-003543,2026-09-20,CUS-0643,PRD-0231,4,675.35,2701.4,West,Retail,Delivered
SO-003544,2024-12-05,CUS-0755,PRD-0408,12,3657.28,43887.36,South,Distributor,Delivered
SO-003545,2025-08-26,CUS-0374,PRD-0194,8,4224.31,33794.48,Central,Online,Shipped
SO-003546,2025-06-25,CUS-0794,PRD-0161,29,2769.99,80329.71,Central,Retail,Delivered
SO-003547,2025-12-10,CUS-0874,PRD-0184,25,6704.87,167621.75,South,Distributor,Processing
SO-003548,2026-08-30,CUS-0146,PRD-0156,5,1937.71,9688.55,Central,Online,Processing
SO-003549,2025-10-23,CUS-0980,PRD-0377,7,5118.78,35831.46,Central,Retail,Delivered
SO-003550,2025-10-03,CUS-0642,PRD-0342,4,3681.02,14724.08,Central,Retail,Processing
SO-003551,2025-03-08,CUS-0102,PRD-0276,7,4900.86,34306.02,Central,Distributor,Processing
SO-003552,2026-07-25,CUS-0975,PRD-0295,14,3072.78,43018.92,North,Online,Delivered
SO-003553,2025-12-16,CUS-0803,PRD-0286,2,1543.31,3086.62,East,Distributor,Delivered
SO-003554,2025-12-30,CUS-0158,PRD-0252,11,2760.36,30363.96,South,Retail,Delivered
SO-003555,2026-01-04,CUS-0981,PRD-0196,7,2215.24,15506.68,West,Retail,Delivered
SO-003556,2026-05-31,CUS-0517,PRD-0369,19,705.22,13399.18,East,Online,Delivered
SO-003557,2026-06-25,CUS-0981,PRD-0344,26,5870.71,152638.46,Central,Distributor,Delivered
SO-003558,2026-09-21,CUS-0605,PRD-0021,5,2488.06,12440.3,East,Distributor,Delivered
SO-003559,2025-05-18,CUS-0403,PRD-0127,19,5240.23,99564.37,North,Retail,Delivered
SO-003560,2024-10-25,CUS-0463,PRD-0316,1,5987.4,5987.4,West,Online,Delivered
SO-003561,2026-06-21,CUS-0552,PRD-0081,9,5637.83,50740.47,West,Distributor,Delivered
SO-003562,2026-06-21,CUS-0902,PRD-0480,28,4151.93,116254.04,South,Online,Processing
SO-003563,2026-04-20,CUS-0381,PRD-0126,4,287.88,1151.52,East,Distributor,Shipped
SO-003564,2025-08-19,CUS-0334,PRD-0359,20,2454.17,49083.4,West,Distributor,Delivered
SO-003565,2026-08-26,CUS-0082,PRD-0033,20,4888.48,97769.6,South,Distributor,Cancelled
SO-003566,2026-07-06,CUS-0887,PRD-0306,10,4623.48,46234.8,South,Retail,Delivered
SO-003567,2026-01-24,CUS-0367,PRD-0396,1,5062.73,5062.73,East,Retail,Delivered
SO-003568,2025-11-26,CUS-0987,PRD-0348,26,7795.21,202675.46,North,Retail,Delivered
SO-003569,2026-07-20,CUS-0896,PRD-0415,5,3509.65,17548.25,West,Retail,Delivered
SO-003570,2026-06-04,CUS-0822,PRD-0472,2,4763.41,9526.82,Central,Online,Delivered
SO-003571,2026-02-28,CUS-0695,PRD-0253,17,6124.57,104117.69,North,Distributor,Delivered
SO-003572,2025-05-30,CUS-0413,PRD-0320,11,2589.33,28482.63,East,Online,Delivered
SO-003573,2025-04-07,CUS-0072,PRD-0124,13,4904.17,63754.21,Central,Distributor,Delivered
SO-003574,2024-11-23,CUS-0013,PRD-0420,29,3335.83,96739.07,South,Retail,Delivered
SO-003575,2025-01-16,CUS-0241,PRD-0266,16,1657.94,26527.04,West,Retail,Delivered
SO-003576,2026-08-04,CUS-0719,PRD-0183,20,5893.82,117876.4,Central,Online,Delivered
SO-003577,2025-07-27,CUS-0124,PRD-0024,14,1170.87,16392.18,East,Distributor,Delivered
SO-003578,2026-03-23,CUS-0427,PRD-0015,26,925.14,24053.64,South,Distributor,Delivered
SO-003579,2026-07-06,CUS-0861,PRD-0095,8,652.24,5217.92,West,Distributor,Delivered
SO-003580,2025-07-19,CUS-0405,PRD-0378,5,418.86,2094.3,North,Distributor,Delivered
SO-003581,2024-11-04,CUS-0274,PRD-0394,12,680.46,8165.52,South,Online,Shipped
SO-003582,2025-01-02,CUS-0612,PRD-0205,23,3722.48,85617.04,East,Online,Processing
SO-003583,2025-03-09,CUS-0121,PRD-0427,21,2382.42,50030.82,East,Distributor,Delivered
SO-003584,2025-05-17,CUS-0976,PRD-0303,9,1561.34,14052.06,East,Online,Delivered
SO-003585,2024-10-01,CUS-0810,PRD-0389,6,3199.37,19196.22,West,Retail,Delivered
SO-003586,2024-10-02,CUS-0684,PRD-0211,17,7352.6,124994.2,West,Online,Delivered
SO-003587,2026-05-01,CUS-0434,PRD-0145,21,4099.5,86089.5,Central,Distributor,Delivered
SO-003588,2026-09-04,CUS-0417,PRD-0458,20,3689.08,73781.6,East,Retail,Delivered
SO-003589,2026-02-25,CUS-0875,PRD-0494,24,2448.03,58752.72,North,Online,Delivered
SO-003590,2026-05-15,CUS-0804,PRD-0271,2,4508.65,9017.3,North,Online,Delivered
SO-003591,2025-04-03,CUS-0942,PRD-0377,10,4265.65,42656.5,East,Online,Shipped
SO-003592,2025-06-11,CUS-0972,PRD-0286,3,1286.09,3858.27,North,Online,Delivered
SO-003593,2025-12-30,CUS-0937,PRD-0330,7,430.42,3012.94,West,Distributor,Delivered
SO-003594,2026-05-15,CUS-0858,PRD-0028,21,1835.51,38545.71,West,Online,Delivered
SO-003595,2026-07-19,CUS-0011,PRD-0161,17,2769.99,47089.83,East,Distributor,Delivered
SO-003596,2025-09-25,CUS-0313,PRD-0006,23,3964.86,91191.78,Central,Online,Delivered
SO-003597,2025-01-26,CUS-0029,PRD-0137,18,1267.47,22814.46,Central,Retail,Delivered
SO-003598,2024-10-02,CUS-0193,PRD-0015,9,1110.17,9991.53,East,Distributor,Delivered
SO-003599,2026-04-02,CUS-0046,PRD-0235,5,1541.57,7707.85,East,Retail,Cancelled
SO-003600,2025-01-29,CUS-0973,PRD-0456,19,4888.48,92881.12,North,Distributor,Processing
SO-003601,2024-12-01,CUS-0139,PRD-0267,17,1352.53,22993.01,Central,Retail,Delivered
SO-003602,2026-07-21,CUS-0828,PRD-0070,28,1342.91,37601.48,West,Online,Delivered
SO-003603,2026-04-03,CUS-0530,PRD-0276,24,4900.86,117620.64,West,Retail,Delivered
SO-003604,2025-10-27,CUS-0218,PRD-0406,6,1849.52,11097.12,Central,Retail,Delivered
SO-003605,2025-09-26,CUS-0768,PRD-0047,5,4009.13,20045.65,East,Retail,Delivered
SO-003606,2024-10-16,CUS-0306,PRD-0499,2,2704.21,5408.42,West,Retail,Delivered
SO-003607,2026-09-19,CUS-0499,PRD-0464,6,1224.83,7348.98,West,Online,Delivered
SO-003608,2026-04-16,CUS-0236,PRD-0430,26,1485.15,38613.9,West,Distributor,Delivered
SO-003609,2025-07-27,CUS-0986,PRD-0343,6,1756.43,10538.58,West,Online,Processing
SO-003610,2025-08-30,CUS-0821,PRD-0498,27,1940.02,52380.54,East,Online,Processing
SO-003611,2025-01-15,CUS-0776,PRD-0019,26,5578.38,145037.88,East,Retail,Shipped
SO-003612,2024-11-29,CUS-0330,PRD-0230,24,4404.47,105707.28,Central,Retail,Delivered
SO-003613,2026-06-03,CUS-0349,PRD-0395,5,3865.26,19326.3,Central,Distributor,Delivered
SO-003614,2025-09-27,CUS-0433,PRD-0222,26,3091.24,80372.24,Central,Online,Delivered
SO-003615,2025-03-28,CUS-0268,PRD-0022,28,4600.6,128816.8,North,Distributor,Delivered
SO-003616,2025-04-09,CUS-0327,PRD-0427,16,2382.42,38118.72,West,Distributor,Delivered
SO-003617,2026-06-22,CUS-0831,PRD-0423,16,711.1,11377.6,West,Online,Cancelled
SO-003618,2026-07-01,CUS-0390,PRD-0361,24,1248.83,29971.92,North,Retail,Delivered
SO-003619,2025-01-13,CUS-0553,PRD-0403,3,853.94,2561.82,Central,Retail,Delivered
SO-003620,2026-01-08,CUS-0688,PRD-0370,15,1814.61,27219.15,East,Distributor,Delivered
SO-003621,2026-03-13,CUS-0018,PRD-0483,23,492.39,11324.97,South,Distributor,Delivered
SO-003622,2026-09-09,CUS-0375,PRD-0003,9,4440.58,39965.22,East,Retail,Shipped
SO-003623,2025-10-16,CUS-0035,PRD-0235,30,1849.88,55496.4,West,Retail,Shipped
SO-003624,2025-09-27,CUS-0892,PRD-0213,24,4571.12,109706.88,Central,Online,Delivered
SO-003625,2026-01-13,CUS-0163,PRD-0231,5,675.35,3376.75,South,Distributor,Cancelled
SO-003626,2026-09-06,CUS-0968,PRD-0048,27,4987.19,134654.13,East,Distributor,Cancelled
SO-003627,2026-05-02,CUS-0170,PRD-0475,8,1258.43,10067.44,West,Online,Delivered
SO-003628,2025-10-23,CUS-0062,PRD-0301,6,5581.58,33489.48,South,Online,Delivered
SO-003629,2025-01-28,CUS-0848,PRD-0252,27,2300.3,62108.1,East,Online,Processing
SO-003630,2026-01-08,CUS-0224,PRD-0174,11,5008.24,55090.64,West,Retail,Delivered
SO-003631,2025-06-16,CUS-0953,PRD-0060,8,5860.54,46884.32,Central,Online,Shipped
SO-003632,2025-06-01,CUS-0496,PRD-0079,27,6302.5,170167.5,North,Online,Delivered
SO-003633,2025-11-01,CUS-0031,PRD-0168,26,7707.44,200393.44,North,Online,Delivered
SO-003634,2025-11-06,CUS-0762,PRD-0055,28,1137.43,31848.04,North,Retail,Delivered
SO-003635,2026-04-27,CUS-0879,PRD-0158,18,1560.96,28097.28,East,Retail,Delivered
SO-003636,2026-05-29,CUS-0487,PRD-0483,15,492.39,7385.85,South,Retail,Delivered
SO-003637,2025-09-24,CUS-0057,PRD-0310,17,5633.85,95775.45,North,Distributor,Delivered
SO-003638,2025-09-05,CUS-0818,PRD-0458,22,3689.08,81159.76,North,Retail,Delivered
SO-003639,2025-06-07,CUS-0785,PRD-0388,1,5873.8,5873.8,North,Online,Delivered
SO-003640,2025-09-08,CUS-0513,PRD-0491,18,3343.98,60191.64,Central,Retail,Processing
SO-003641,2025-03-10,CUS-0880,PRD-0202,26,4934.46,128295.96,West,Distributor,Shipped
SO-003642,2025-11-23,CUS-0885,PRD-0224,30,2288.14,68644.2,Central,Distributor,Delivered
SO-003643,2024-10-11,CUS-0139,PRD-0305,27,7285.2,196700.4,East,Retail,Delivered
SO-003644,2026-02-04,CUS-0612,PRD-0500,19,5969.68,113423.92,South,Distributor,Delivered
SO-003645,2025-11-17,CUS-0795,PRD-0286,23,1543.31,35496.13,Central,Distributor,Delivered
SO-003646,2026-01-20,CUS-0480,PRD-0049,20,5980.81,119616.2,South,Retail,Delivered
SO-003647,2026-05-02,CUS-0453,PRD-0012,2,720.79,1441.58,Central,Distributor,Delivered
SO-003648,2026-07-13,CUS-0176,PRD-0190,10,2607.02,26070.2,West,Online,Delivered
SO-003649,2025-03-04,CUS-0505,PRD-0048,8,4987.19,39897.52,North,Retail,Delivered
SO-003650,2025-07-02,CUS-0735,PRD-0380,22,1625.68,35764.96,North,Retail,Delivered
SO-003651,2024-10-13,CUS-0253,PRD-0057,18,3390.47,61028.46,North,Retail,Delivered
SO-003652,2025-07-21,CUS-0620,PRD-0053,18,675.61,12160.98,Central,Online,Delivered
SO-003653,2024-10-14,CUS-0792,PRD-0439,9,4484.95,40364.55,West,Online,Shipped
SO-003654,2025-02-16,CUS-0567,PRD-0039,13,6475.29,84178.77,East,Distributor,Delivered
SO-003655,2024-11-16,CUS-0157,PRD-0169,12,7418.1,89017.2,East,Retail,Shipped
SO-003656,2025-11-25,CUS-0464,PRD-0468,20,757.18,15143.6,West,Online,Delivered
SO-003657,2025-02-13,CUS-0710,PRD-0485,24,3914.29,93942.96,West,Online,Delivered
SO-003658,2025-06-05,CUS-0782,PRD-0156,26,1937.71,50380.46,West,Distributor,Delivered
SO-003659,2026-01-11,CUS-0321,PRD-0140,22,3991.55,87814.1,West,Online,Delivered
SO-003660,2026-07-04,CUS-0214,PRD-0109,28,1120.2,31365.6,West,Retail,Delivered
SO-003661,2026-05-23,CUS-0141,PRD-0421,3,2848.48,8545.44,West,Retail,Cancelled
SO-003662,2025-02-15,CUS-0726,PRD-0221,26,5278.23,137233.98,West,Distributor,Delivered
SO-003663,2025-10-04,CUS-0753,PRD-0156,19,2325.25,44179.75,Central,Online,Delivered
SO-003664,2025-08-10,CUS-0695,PRD-0265,12,1474.23,17690.76,East,Online,Delivered
SO-003665,2025-06-07,CUS-0127,PRD-0010,17,4577.14,77811.38,Central,Retail,Processing
SO-003666,2026-03-09,CUS-0380,PRD-0189,28,1868.59,52320.52,South,Online,Delivered
SO-003667,2024-12-13,CUS-0932,PRD-0210,3,5333.64,16000.92,South,Retail,Delivered
SO-003668,2026-02-28,CUS-0140,PRD-0135,8,4458.53,35668.24,South,Online,Cancelled
SO-003669,2026-02-28,CUS-0224,PRD-0203,9,5475.89,49283.01,North,Online,Delivered
SO-003670,2025-11-14,CUS-0040,PRD-0423,22,853.32,18773.04,East,Retail,Delivered
SO-003671,2026-08-19,CUS-0560,PRD-0490,30,789.31,23679.3,East,Online,Delivered
SO-003672,2024-12-21,CUS-0679,PRD-0306,6,5548.18,33289.08,West,Retail,Delivered
SO-003673,2025-09-05,CUS-0636,PRD-0041,2,4472.49,8944.98,South,Distributor,Delivered
SO-003674,2026-02-10,CUS-0037,PRD-0195,22,1287.61,28327.42,East,Retail,Processing
SO-003675,2026-05-12,CUS-0666,PRD-0181,18,3586.43,64555.74,South,Online,Delivered
SO-003676,2025-09-17,CUS-0722,PRD-0341,27,5944.72,160507.44,East,Distributor,Processing
SO-003677,2025-10-07,CUS-0618,PRD-0005,18,872.21,15699.78,Central,Online,Shipped
SO-003678,2024-12-03,CUS-0266,PRD-0079,23,7563.0,173949.0,South,Distributor,Delivered
SO-003679,2025-05-21,CUS-0006,PRD-0321,29,6275.93,182001.97,West,Retail,Delivered
SO-003680,2025-06-22,CUS-0319,PRD-0229,10,2297.96,22979.6,Central,Online,Shipped
SO-003681,2024-11-06,CUS-0150,PRD-0362,15,6855.67,102835.05,Central,Online,Shipped
SO-003682,2025-01-23,CUS-0017,PRD-0486,28,3826.69,107147.32,North,Distributor,Delivered
SO-003683,2025-09-14,CUS-0647,PRD-0311,3,2295.01,6885.03,Central,Online,Shipped
SO-003684,2025-04-28,CUS-0590,PRD-0306,7,4623.48,32364.36,West,Distributor,Delivered
SO-003685,2025-05-16,CUS-0292,PRD-0281,25,3975.66,99391.5,Central,Distributor,Processing
SO-003686,2026-07-22,CUS-0369,PRD-0479,30,2931.29,87938.7,South,Online,Delivered
SO-003687,2024-12-28,CUS-0747,PRD-0245,18,2319.24,41746.32,South,Distributor,Processing
SO-003688,2024-11-20,CUS-0411,PRD-0116,25,5550.12,138753.0,West,Online,Processing
SO-003689,2026-09-22,CUS-0770,PRD-0185,27,3168.36,85545.72,North,Retail,Delivered
SO-003690,2024-12-03,CUS-0392,PRD-0214,18,6313.46,113642.28,West,Online,Delivered
SO-003691,2025-10-08,CUS-0654,PRD-0460,3,299.26,897.78,East,Distributor,Processing
SO-003692,2026-04-04,CUS-0400,PRD-0103,26,5730.95,149004.7,East,Online,Delivered
SO-003693,2026-09-11,CUS-0869,PRD-0057,29,2825.39,81936.31,East,Distributor,Processing
SO-003694,2024-11-16,CUS-0572,PRD-0007,30,5629.26,168877.8,North,Retail,Cancelled
SO-003695,2025-02-09,CUS-0922,PRD-0379,30,6474.05,194221.5,West,Retail,Delivered
SO-003696,2025-05-26,CUS-0049,PRD-0083,24,6031.92,144766.08,South,Retail,Delivered
SO-003697,2025-01-03,CUS-0779,PRD-0185,13,3168.36,41188.68,North,Online,Delivered
SO-003698,2025-05-04,CUS-0667,PRD-0325,14,4731.96,66247.44,East,Distributor,Delivered
SO-003699,2026-05-06,CUS-0874,PRD-0025,20,6433.26,128665.2,North,Online,Processing
SO-003700,2025-01-01,CUS-0413,PRD-0025,10,6433.26,64332.6,South,Distributor,Processing
SO-003701,2026-05-31,CUS-0536,PRD-0126,8,287.88,2303.04,Central,Online,Shipped
SO-003702,2026-03-15,CUS-0084,PRD-0032,30,4875.59,146267.7,North,Online,Delivered
SO-003703,2024-11-30,CUS-0809,PRD-0313,1,6557.66,6557.66,South,Online,Delivered
SO-003704,2025-09-29,CUS-0345,PRD-0452,11,1534.7,16881.7,South,Online,Delivered
SO-003705,2026-09-14,CUS-0672,PRD-0367,12,4933.94,59207.28,North,Retail,Processing
SO-003706,2025-10-26,CUS-0709,PRD-0139,4,5725.0,22900.0,Central,Online,Delivered
SO-003707,2025-01-20,CUS-0825,PRD-0380,19,1625.68,30887.92,South,Online,Delivered
SO-003708,2025-08-13,CUS-0995,PRD-0096,2,3460.13,6920.26,South,Online,Delivered
SO-003709,2024-10-17,CUS-0644,PRD-0469,1,1849.69,1849.69,West,Online,Processing
SO-003710,2025-07-03,CUS-0835,PRD-0208,17,6275.27,106679.59,East,Retail,Delivered
SO-003711,2025-07-22,CUS-0019,PRD-0196,9,2215.24,19937.16,East,Retail,Delivered
SO-003712,2025-08-02,CUS-0831,PRD-0230,27,3670.39,99100.53,East,Retail,Delivered
SO-003713,2026-04-04,CUS-0493,PRD-0296,30,3432.45,102973.5,West,Distributor,Shipped
SO-003714,2024-11-03,CUS-0377,PRD-0147,17,3231.95,54943.15,North,Distributor,Delivered
SO-003715,2024-12-04,CUS-0594,PRD-0224,30,2288.14,68644.2,Central,Distributor,Delivered
SO-003716,2024-12-01,CUS-0048,PRD-0296,25,4118.94,102973.5,East,Online,Delivered
SO-003717,2025-10-02,CUS-0310,PRD-0169,22,7418.1,163198.2,East,Online,Delivered
SO-003718,2025-07-15,CUS-0269,PRD-0035,4,3375.68,13502.72,Central,Retail,Delivered
SO-003719,2025-03-09,CUS-0883,PRD-0050,27,3242.42,87545.34,South,Retail,Cancelled
SO-003720,2025-09-28,CUS-0865,PRD-0127,16,5240.23,83843.68,South,Distributor,Delivered
SO-003721,2026-08-16,CUS-0442,PRD-0303,27,1561.34,42156.18,West,Distributor,Delivered
SO-003722,2025-10-11,CUS-0551,PRD-0221,23,6333.88,145679.24,Central,Retail,Shipped
SO-003723,2025-02-04,CUS-0984,PRD-0229,18,2297.96,41363.28,Central,Online,Delivered
SO-003724,2025-11-10,CUS-0001,PRD-0117,28,1011.16,28312.48,North,Online,Processing
SO-003725,2025-01-13,CUS-0924,PRD-0270,12,4608.03,55296.36,North,Distributor,Cancelled
SO-003726,2025-06-21,CUS-0005,PRD-0402,12,463.79,5565.48,Central,Online,Delivered
SO-003727,2025-02-26,CUS-0081,PRD-0054,24,6359.76,152634.24,South,Retail,Shipped
SO-003728,2025-06-04,CUS-0776,PRD-0041,15,4472.49,67087.35,Central,Distributor,Processing
SO-003729,2025-01-03,CUS-0155,PRD-0488,1,2178.12,2178.12,Central,Distributor,Delivered
SO-003730,2026-05-05,CUS-0735,PRD-0305,4,6071.0,24284.0,South,Distributor,Delivered
SO-003731,2024-12-22,CUS-0902,PRD-0144,27,2940.12,79383.24,North,Distributor,Delivered
SO-003732,2026-04-22,CUS-0823,PRD-0024,7,1170.87,8196.09,Central,Retail,Processing
SO-003733,2026-03-16,CUS-0440,PRD-0076,20,1904.33,38086.6,Central,Distributor,Processing
SO-003734,2025-02-19,CUS-0804,PRD-0290,21,2230.85,46847.85,West,Retail,Delivered
SO-003735,2025-09-30,CUS-0174,PRD-0287,5,4173.59,20867.95,East,Online,Cancelled
SO-003736,2024-11-26,CUS-0471,PRD-0072,29,6759.17,196015.93,Central,Distributor,Shipped
SO-003737,2025-09-28,CUS-0536,PRD-0043,30,1999.6,59988.0,West,Online,Delivered
SO-003738,2025-11-19,CUS-0100,PRD-0483,24,590.87,14180.88,South,Distributor,Delivered
SO-003739,2026-04-17,CUS-0750,PRD-0257,23,672.61,15470.03,North,Distributor,Delivered
SO-003740,2026-06-27,CUS-0591,PRD-0235,28,1541.57,43163.96,North,Retail,Delivered
SO-003741,2025-07-25,CUS-0342,PRD-0003,28,4440.58,124336.24,South,Online,Delivered
SO-003742,2024-12-08,CUS-0940,PRD-0233,8,5093.28,40746.24,South,Distributor,Shipped
SO-003743,2026-07-22,CUS-0894,PRD-0446,6,4423.18,26539.08,East,Retail,Delivered
SO-003744,2025-08-15,CUS-0429,PRD-0135,14,4458.53,62419.42,North,Distributor,Delivered
SO-003745,2025-03-25,CUS-0953,PRD-0311,10,2295.01,22950.1,East,Online,Delivered
SO-003746,2025-08-06,CUS-0561,PRD-0363,10,3326.43,33264.3,Central,Retail,Shipped
SO-003747,2025-08-13,CUS-0681,PRD-0412,3,4004.86,12014.58,South,Online,Delivered
SO-003748,2025-12-02,CUS-0407,PRD-0302,14,260.52,3647.28,North,Retail,Processing
SO-003749,2025-07-06,CUS-0238,PRD-0478,15,2188.84,32832.6,Central,Online,Delivered
SO-003750,2026-01-19,CUS-0516,PRD-0462,25,4649.5,116237.5,Central,Distributor,Delivered
SO-003751,2025-11-29,CUS-0021,PRD-0036,11,6738.26,74120.86,East,Distributor,Delivered
SO-003752,2025-09-10,CUS-0581,PRD-0429,17,2369.99,40289.83,North,Distributor,Delivered
SO-003753,2025-08-22,CUS-0980,PRD-0027,10,5364.88,53648.8,South,Distributor,Shipped
SO-003754,2026-09-04,CUS-0026,PRD-0358,3,5153.45,15460.35,South,Online,Cancelled
SO-003755,2025-11-25,CUS-0929,PRD-0291,17,5220.79,88753.43,Central,Online,Delivered
SO-003756,2026-05-12,CUS-0693,PRD-0335,18,422.97,7613.46,Central,Retail,Delivered
SO-003757,2026-04-16,CUS-0077,PRD-0243,15,1508.36,22625.4,North,Distributor,Processing
SO-003758,2024-12-14,CUS-0773,PRD-0187,25,5870.02,146750.5,North,Distributor,Delivered
SO-003759,2025-10-22,CUS-0442,PRD-0429,12,2843.99,34127.88,East,Distributor,Delivered
SO-003760,2025-12-03,CUS-0190,PRD-0242,23,5834.59,134195.57,Central,Retail,Processing
SO-003761,2026-05-11,CUS-0111,PRD-0315,16,3215.25,51444.0,North,Retail,Delivered
SO-003762,2025-09-07,CUS-0519,PRD-0201,4,1558.3,6233.2,East,Distributor,Delivered
SO-003763,2026-09-05,CUS-0265,PRD-0408,16,3047.73,48763.68,West,Distributor,Delivered
SO-003764,2025-01-29,CUS-0279,PRD-0366,22,3113.27,68491.94,East,Online,Delivered
SO-003765,2025-03-18,CUS-0591,PRD-0446,16,4423.18,70770.88,South,Online,Delivered
SO-003766,2026-03-23,CUS-0654,PRD-0418,15,2869.54,43043.1,South,Online,Shipped
SO-003767,2025-08-04,CUS-0603,PRD-0232,23,3666.47,84328.81,East,Online,Delivered
SO-003768,2025-03-01,CUS-0946,PRD-0470,5,3381.78,16908.9,North,Distributor,Delivered
SO-003769,2025-02-15,CUS-0755,PRD-0458,10,3689.08,36890.8,Central,Retail,Delivered
SO-003770,2026-07-11,CUS-0577,PRD-0263,19,4085.94,77632.86,East,Retail,Delivered
SO-003771,2025-08-05,CUS-0033,PRD-0140,4,3991.55,15966.2,East,Online,Shipped
SO-003772,2026-09-15,CUS-0191,PRD-0294,19,5639.48,107150.12,Central,Retail,Shipped
SO-003773,2026-08-30,CUS-0497,PRD-0434,30,6337.86,190135.8,Central,Online,Shipped
SO-003774,2025-12-02,CUS-0355,PRD-0146,16,4032.44,64519.04,Central,Distributor,Delivered
SO-003775,2025-04-07,CUS-0708,PRD-0099,21,3042.52,63892.92,South,Retail,Shipped
SO-003776,2025-10-25,CUS-0319,PRD-0153,16,5160.58,82569.28,South,Online,Delivered
SO-003777,2026-07-10,CUS-0831,PRD-0104,5,1134.85,5674.25,South,Retail,Delivered
SO-003778,2026-03-22,CUS-0283,PRD-0441,15,4882.73,73240.95,South,Retail,Processing
SO-003779,2026-09-06,CUS-0205,PRD-0217,1,5541.8,5541.8,East,Retail,Processing
SO-003780,2025-05-21,CUS-0158,PRD-0488,3,2178.12,6534.36,South,Distributor,Delivered
SO-003781,2026-05-09,CUS-0133,PRD-0050,14,3242.42,45393.88,West,Retail,Delivered
SO-003782,2025-07-28,CUS-0660,PRD-0413,26,1881.85,48928.1,North,Online,Delivered
SO-003783,2025-04-09,CUS-0771,PRD-0488,12,2178.12,26137.44,South,Online,Shipped
SO-003784,2026-06-17,CUS-0449,PRD-0203,20,5475.89,109517.8,North,Online,Delivered
SO-003785,2025-05-18,CUS-0702,PRD-0019,21,5578.38,117145.98,South,Distributor,Processing
SO-003786,2026-02-08,CUS-0751,PRD-0496,29,463.57,13443.53,East,Retail,Delivered
SO-003787,2024-11-18,CUS-0087,PRD-0359,13,2945.0,38285.0,North,Online,Delivered
SO-003788,2025-10-17,CUS-0720,PRD-0429,20,2843.99,56879.8,Central,Retail,Cancelled
SO-003789,2025-04-09,CUS-0410,PRD-0073,27,516.1,13934.7,Central,Online,Delivered
SO-003790,2026-03-31,CUS-0096,PRD-0174,21,5008.24,105173.04,West,Distributor,Delivered
SO-003791,2026-06-14,CUS-0991,PRD-0245,23,1932.7,44452.1,South,Online,Cancelled
SO-003792,2024-12-20,CUS-0229,PRD-0421,1,3418.18,3418.18,South,Retail,Shipped
SO-003793,2025-06-26,CUS-0026,PRD-0341,1,5944.72,5944.72,North,Distributor,Delivered
SO-003794,2025-11-23,CUS-0583,PRD-0180,15,646.97,9704.55,North,Online,Delivered
SO-003795,2026-07-18,CUS-0289,PRD-0303,6,1561.34,9368.04,Central,Online,Delivered
SO-003796,2026-07-08,CUS-0092,PRD-0351,7,6359.51,44516.57,Central,Online,Delivered
SO-003797,2025-01-18,CUS-0412,PRD-0128,24,1144.09,27458.16,West,Online,Delivered
SO-003798,2025-02-05,CUS-0543,PRD-0482,23,2107.3,48467.9,Central,Distributor,Shipped
SO-003799,2025-01-10,CUS-0410,PRD-0356,4,4447.37,17789.48,North,Retail,Shipped
SO-003800,2025-07-19,CUS-0562,PRD-0225,11,4910.53,54015.83,East,Distributor,Shipped
SO-003801,2025-10-03,CUS-0674,PRD-0328,18,6666.89,120004.02,East,Online,Cancelled
SO-003802,2026-03-22,CUS-0685,PRD-0086,8,6300.68,50405.44,West,Distributor,Delivered
SO-003803,2026-04-25,CUS-0815,PRD-0023,5,4174.81,20874.05,West,Distributor,Delivered
SO-003804,2024-11-23,CUS-0510,PRD-0295,18,3687.34,66372.12,East,Distributor,Delivered
SO-003805,2025-05-21,CUS-0287,PRD-0340,23,4077.55,93783.65,Central,Retail,Delivered
SO-003806,2024-10-24,CUS-0987,PRD-0282,27,1905.9,51459.3,South,Online,Delivered
SO-003807,2026-07-03,CUS-0937,PRD-0157,8,724.88,5799.04,East,Online,Processing
SO-003808,2025-09-24,CUS-0267,PRD-0272,8,3886.96,31095.68,West,Distributor,Delivered
SO-003809,2026-07-06,CUS-0120,PRD-0202,15,4934.46,74016.9,South,Distributor,Delivered
SO-003810,2025-10-05,CUS-0474,PRD-0124,25,5885.0,147125.0,West,Retail,Processing
SO-003811,2024-10-29,CUS-0379,PRD-0236,15,5231.3,78469.5,North,Retail,Delivered
SO-003812,2026-03-08,CUS-0928,PRD-0013,28,5528.54,154799.12,Central,Distributor,Shipped
SO-003813,2024-12-06,CUS-0117,PRD-0277,7,3512.89,24590.23,South,Online,Processing
SO-003814,2024-10-20,CUS-0229,PRD-0344,29,7044.85,204300.65,North,Retail,Delivered
SO-003815,2024-12-01,CUS-0674,PRD-0060,22,7032.65,154718.3,South,Retail,Delivered
SO-003816,2025-02-16,CUS-0760,PRD-0105,18,4026.39,72475.02,Central,Online,Delivered
SO-003817,2026-03-09,CUS-0809,PRD-0443,16,2487.24,39795.84,South,Online,Processing
SO-003818,2024-12-28,CUS-0814,PRD-0035,18,4050.82,72914.76,North,Distributor,Delivered
SO-003819,2026-06-04,CUS-0482,PRD-0456,22,4888.48,107546.56,West,Retail,Cancelled
SO-003820,2025-10-21,CUS-0938,PRD-0288,13,3748.76,48733.88,West,Online,Processing
SO-003821,2025-02-08,CUS-0987,PRD-0154,5,2946.55,14732.75,West,Retail,Cancelled
SO-003822,2026-04-09,CUS-0534,PRD-0185,24,3168.36,76040.64,Central,Online,Delivered
SO-003823,2026-04-10,CUS-0467,PRD-0241,15,4724.58,70868.7,Central,Retail,Shipped
SO-003824,2024-12-18,CUS-0009,PRD-0019,20,6694.06,133881.2,North,Retail,Delivered
SO-003825,2025-05-29,CUS-0993,PRD-0117,13,842.63,10954.19,West,Online,Shipped
SO-003826,2024-11-17,CUS-0788,PRD-0315,21,3858.3,81024.3,North,Retail,Delivered
SO-003827,2025-07-29,CUS-0519,PRD-0158,26,1560.96,40584.96,North,Distributor,Delivered
SO-003828,2025-12-18,CUS-0902,PRD-0408,1,3657.28,3657.28,South,Distributor,Delivered
SO-003829,2025-05-13,CUS-0161,PRD-0293,14,1737.78,24328.92,Central,Online,Delivered
SO-003830,2026-04-01,CUS-0046,PRD-0225,6,4910.53,29463.18,North,Retail,Delivered
SO-003831,2025-07-25,CUS-0487,PRD-0156,15,1937.71,29065.65,West,Distributor,Delivered
SO-003832,2025-08-18,CUS-0256,PRD-0410,13,4500.44,58505.72,East,Online,Processing
SO-003833,2025-11-10,CUS-0353,PRD-0407,26,5715.05,148591.3,East,Online,Delivered
SO-003834,2025-07-19,CUS-0187,PRD-0237,24,3655.63,87735.12,South,Distributor,Delivered
SO-003835,2025-09-27,CUS-0361,PRD-0248,15,1877.37,28160.55,North,Retail,Shipped
SO-003836,2025-04-08,CUS-0873,PRD-0251,14,1941.24,27177.36,East,Retail,Processing
SO-003837,2025-02-13,CUS-0542,PRD-0335,2,422.97,845.94,West,Online,Cancelled
SO-003838,2025-01-14,CUS-0597,PRD-0420,24,2779.86,66716.64,North,Distributor,Delivered
SO-003839,2024-12-19,CUS-0760,PRD-0473,3,941.83,2825.49,East,Retail,Processing
SO-003840,2025-04-02,CUS-0575,PRD-0450,19,2868.55,54502.45,South,Retail,Delivered
SO-003841,2025-04-21,CUS-0741,PRD-0030,15,4305.15,64577.25,West,Online,Delivered
SO-003842,2025-02-02,CUS-0890,PRD-0394,7,567.05,3969.35,Central,Retail,Delivered
SO-003843,2025-11-13,CUS-0750,PRD-0120,6,475.74,2854.44,North,Retail,Delivered
SO-003844,2024-10-21,CUS-0382,PRD-0438,9,2839.21,25552.89,West,Retail,Delivered
SO-003845,2025-07-03,CUS-0675,PRD-0137,8,1267.47,10139.76,Central,Retail,Shipped
SO-003846,2026-08-10,CUS-0267,PRD-0200,29,4901.29,142137.41,East,Distributor,Delivered
SO-003847,2024-12-23,CUS-0500,PRD-0372,10,3068.56,30685.6,South,Distributor,Delivered
SO-003848,2025-01-22,CUS-0939,PRD-0483,9,492.39,4431.51,Central,Retail,Delivered
SO-003849,2025-08-16,CUS-0277,PRD-0084,13,2824.56,36719.28,South,Distributor,Shipped
SO-003850,2024-12-11,CUS-0915,PRD-0088,14,539.29,7550.06,South,Online,Delivered
SO-003851,2026-07-24,CUS-0375,PRD-0112,10,3241.95,32419.5,South,Distributor,Delivered
SO-003852,2026-07-05,CUS-0515,PRD-0267,21,1127.11,23669.31,North,Distributor,Delivered
SO-003853,2025-10-17,CUS-0614,PRD-0159,19,342.7,6511.3,North,Distributor,Processing
SO-003854,2026-03-13,CUS-0490,PRD-0387,22,762.89,16783.58,Central,Retail,Delivered
SO-003855,2025-09-03,CUS-0126,PRD-0017,19,3807.74,72347.06,North,Online,Shipped
SO-003856,2025-05-10,CUS-0256,PRD-0014,29,5271.41,152870.89,Central,Online,Delivered
SO-003857,2026-03-06,CUS-0404,PRD-0392,3,452.18,1356.54,East,Online,Delivered
SO-003858,2026-01-12,CUS-0358,PRD-0135,28,4458.53,124838.84,South,Distributor,Cancelled
SO-003859,2025-02-08,CUS-0862,PRD-0408,27,3047.73,82288.71,East,Distributor,Delivered
SO-003860,2025-07-25,CUS-0338,PRD-0349,19,1641.0,31179.0,West,Retail,Delivered
SO-003861,2025-03-06,CUS-0756,PRD-0281,3,3975.66,11926.98,Central,Distributor,Delivered
SO-003862,2025-07-08,CUS-0095,PRD-0026,30,4490.99,134729.7,West,Retail,Delivered
SO-003863,2025-07-08,CUS-0480,PRD-0433,13,1570.63,20418.19,North,Retail,Delivered
SO-003864,2025-01-03,CUS-0864,PRD-0428,10,6298.69,62986.9,West,Online,Delivered
SO-003865,2024-12-04,CUS-0217,PRD-0017,11,4569.29,50262.19,South,Retail,Delivered
SO-003866,2025-02-28,CUS-0649,PRD-0303,4,1561.34,6245.36,South,Retail,Delivered
SO-003867,2025-05-27,CUS-0213,PRD-0471,21,3378.4,70946.4,West,Distributor,Delivered
SO-003868,2026-05-15,CUS-0719,PRD-0158,16,1560.96,24975.36,West,Distributor,Delivered
SO-003869,2024-11-08,CUS-0854,PRD-0457,8,3062.32,24498.56,East,Online,Delivered
SO-003870,2026-09-02,CUS-0763,PRD-0125,15,6348.43,95226.45,Central,Retail,Shipped
SO-003871,2024-10-05,CUS-0228,PRD-0217,12,6650.16,79801.92,North,Online,Delivered
SO-003872,2026-07-23,CUS-0584,PRD-0336,14,2413.41,33787.74,East,Online,Processing
SO-003873,2025-01-11,CUS-0025,PRD-0386,27,2962.71,79993.17,West,Online,Shipped
SO-003874,2025-03-25,CUS-0947,PRD-0077,30,2952.74,88582.2,West,Retail,Shipped
SO-003875,2026-05-26,CUS-0906,PRD-0193,4,3725.18,14900.72,North,Retail,Delivered
SO-003876,2026-04-24,CUS-0823,PRD-0094,24,3817.71,91625.04,North,Retail,Delivered
SO-003877,2025-03-07,CUS-0167,PRD-0148,16,940.82,15053.12,West,Online,Delivered
SO-003878,2025-08-02,CUS-0911,PRD-0284,13,386.28,5021.64,South,Distributor,Shipped
SO-003879,2024-12-08,CUS-0192,PRD-0085,29,1339.26,38838.54,South,Retail,Delivered
SO-003880,2026-04-19,CUS-0879,PRD-0231,9,675.35,6078.15,Central,Retail,Delivered
SO-003881,2026-02-23,CUS-0545,PRD-0329,21,6207.86,130365.06,Central,Online,Cancelled
SO-003882,2025-05-12,CUS-0744,PRD-0463,29,863.66,25046.14,West,Distributor,Delivered
SO-003883,2026-04-25,CUS-0623,PRD-0465,24,5430.01,130320.24,North,Distributor,Delivered
SO-003884,2025-11-20,CUS-0063,PRD-0239,29,2845.24,82511.96,South,Distributor,Delivered
SO-003885,2026-07-03,CUS-0737,PRD-0414,22,4666.41,102661.02,Central,Distributor,Processing
SO-003886,2025-08-09,CUS-0673,PRD-0015,10,925.14,9251.4,East,Distributor,Delivered
SO-003887,2024-12-15,CUS-0742,PRD-0373,16,5314.45,85031.2,East,Online,Shipped
SO-003888,2024-12-31,CUS-0019,PRD-0376,10,5013.02,50130.2,East,Distributor,Shipped
SO-003889,2025-05-27,CUS-0185,PRD-0041,11,4472.49,49197.39,Central,Retail,Delivered
SO-003890,2026-01-22,CUS-0048,PRD-0040,10,6315.76,63157.6,Central,Retail,Delivered
SO-003891,2025-05-07,CUS-0372,PRD-0115,2,1159.28,2318.56,Central,Online,Delivered
SO-003892,2026-01-26,CUS-0605,PRD-0378,15,418.86,6282.9,North,Retail,Shipped
SO-003893,2026-06-07,CUS-0444,PRD-0193,3,3725.18,11175.54,North,Retail,Delivered
SO-003894,2026-06-16,CUS-0987,PRD-0490,2,789.31,1578.62,South,Distributor,Delivered
SO-003895,2025-09-10,CUS-0397,PRD-0448,27,2945.83,79537.41,North,Retail,Delivered
SO-003896,2026-07-24,CUS-0362,PRD-0353,10,4876.74,48767.4,East,Distributor,Delivered
SO-003897,2025-08-02,CUS-0247,PRD-0464,29,1224.83,35520.07,Central,Distributor,Delivered
SO-003898,2025-04-04,CUS-0169,PRD-0382,18,2799.84,50397.12,West,Online,Delivered
SO-003899,2024-12-11,CUS-0246,PRD-0019,4,6694.06,26776.24,East,Distributor,Delivered
SO-003900,2025-04-04,CUS-0831,PRD-0014,6,5271.41,31628.46,East,Online,Delivered
SO-003901,2025-07-10,CUS-0572,PRD-0136,7,6112.94,42790.58,North,Retail,Delivered
SO-003902,2026-09-02,CUS-0710,PRD-0412,16,4004.86,64077.76,North,Distributor,Processing
SO-003903,2025-03-05,CUS-0290,PRD-0237,14,3655.63,51178.82,South,Distributor,Shipped
SO-003904,2025-06-15,CUS-0879,PRD-0419,22,2288.99,50357.78,East,Online,Delivered
SO-003905,2026-01-03,CUS-0653,PRD-0371,14,2477.89,34690.46,West,Distributor,Shipped
SO-003906,2026-08-16,CUS-0278,PRD-0442,21,2804.33,58890.93,South,Online,Delivered
SO-003907,2026-04-22,CUS-0152,PRD-0108,11,1814.64,19961.04,Central,Retail,Delivered
SO-003908,2026-08-18,CUS-0679,PRD-0011,8,1120.4,8963.2,North,Retail,Shipped
SO-003909,2025-12-25,CUS-0295,PRD-0077,19,3543.29,67322.51,Central,Retail,Processing
SO-003910,2024-10-04,CUS-0516,PRD-0187,30,5870.02,176100.6,East,Online,Delivered
SO-003911,2025-02-26,CUS-0712,PRD-0012,16,720.79,11532.64,Central,Retail,Delivered
SO-003912,2025-08-04,CUS-0264,PRD-0310,13,5633.85,73240.05,West,Distributor,Delivered
SO-003913,2025-03-16,CUS-0276,PRD-0168,20,6422.87,128457.4,South,Retail,Cancelled
SO-003914,2024-10-06,CUS-0913,PRD-0319,7,489.64,3427.48,South,Distributor,Delivered
SO-003915,2026-08-23,CUS-0248,PRD-0197,18,2279.88,41037.84,West,Distributor,Processing
SO-003916,2026-08-11,CUS-0445,PRD-0039,7,6475.29,45327.03,East,Online,Shipped
SO-003917,2026-02-08,CUS-0238,PRD-0439,27,3737.46,100911.42,West,Distributor,Delivered
SO-003918,2026-09-13,CUS-0155,PRD-0230,2,3670.39,7340.78,South,Distributor,Delivered
SO-003919,2026-07-30,CUS-0997,PRD-0026,8,4490.99,35927.92,South,Retail,Delivered
SO-003920,2026-06-04,CUS-0942,PRD-0481,24,487.81,11707.44,South,Online,Delivered
SO-003921,2026-01-31,CUS-0965,PRD-0380,23,1625.68,37390.64,West,Online,Delivered
SO-003922,2025-04-03,CUS-0985,PRD-0324,26,3480.31,90488.06,East,Online,Delivered
SO-003923,2026-03-08,CUS-0106,PRD-0041,7,4472.49,31307.43,South,Retail,Delivered
SO-003924,2025-06-07,CUS-0740,PRD-0344,14,5870.71,82189.94,Central,Online,Delivered
SO-003925,2025-12-11,CUS-0302,PRD-0416,14,4783.88,66974.32,Central,Retail,Shipped
SO-003926,2024-12-31,CUS-0915,PRD-0418,23,3443.45,79199.35,South,Retail,Processing
SO-003927,2024-11-20,CUS-0810,PRD-0083,4,7238.3,28953.2,West,Retail,Delivered
SO-003928,2026-07-08,CUS-0811,PRD-0403,2,853.94,1707.88,East,Online,Delivered
SO-003929,2025-10-20,CUS-0708,PRD-0135,23,5350.24,123055.52,East,Distributor,Processing
SO-003930,2026-06-21,CUS-0067,PRD-0424,9,2881.05,25929.45,Central,Retail,Delivered
SO-003931,2026-03-20,CUS-0032,PRD-0201,17,1558.3,26491.1,North,Distributor,Delivered
SO-003932,2025-09-03,CUS-0965,PRD-0492,21,1708.12,35870.52,West,Online,Cancelled
SO-003933,2024-11-13,CUS-0200,PRD-0013,23,6634.25,152587.75,South,Retail,Delivered
SO-003934,2025-10-19,CUS-0632,PRD-0349,26,1969.2,51199.2,West,Online,Delivered
SO-003935,2026-06-09,CUS-0477,PRD-0088,21,449.41,9437.61,East,Retail,Delivered
SO-003936,2026-06-12,CUS-0510,PRD-0186,4,4929.64,19718.56,North,Retail,Delivered
SO-003937,2025-08-29,CUS-0422,PRD-0328,20,5555.74,111114.8,East,Distributor,Delivered
SO-003938,2026-03-20,CUS-0838,PRD-0356,19,4447.37,84500.03,East,Retail,Delivered
SO-003939,2026-05-21,CUS-0128,PRD-0049,16,5980.81,95692.96,Central,Distributor,Delivered
SO-003940,2026-06-03,CUS-0655,PRD-0050,15,3242.42,48636.3,North,Retail,Delivered
SO-003941,2024-12-16,CUS-0310,PRD-0144,12,2940.12,35281.44,North,Online,Delivered
SO-003942,2025-02-15,CUS-0852,PRD-0226,29,4386.36,127204.44,North,Online,Delivered
SO-003943,2026-07-02,CUS-0776,PRD-0391,23,4351.84,100092.32,South,Distributor,Delivered
SO-003944,2026-01-25,CUS-0934,PRD-0488,10,2178.12,21781.2,West,Distributor,Cancelled
SO-003945,2025-04-18,CUS-0929,PRD-0214,25,5261.22,131530.5,Central,Distributor,Delivered
SO-003946,2024-11-30,CUS-0906,PRD-0137,15,1520.96,22814.4,North,Online,Shipped
SO-003947,2026-04-20,CUS-0463,PRD-0106,10,4384.29,43842.9,West,Distributor,Delivered
SO-003948,2025-04-15,CUS-0301,PRD-0075,18,2987.67,53778.06,East,Retail,Delivered
SO-003949,2025-10-28,CUS-0347,PRD-0366,27,3735.92,100869.84,East,Online,Delivered
SO-003950,2024-10-13,CUS-0275,PRD-0019,29,6694.06,194127.74,West,Retail,Shipped
SO-003951,2026-08-08,CUS-0735,PRD-0003,22,4440.58,97692.76,North,Distributor,Processing
SO-003952,2025-03-11,CUS-0536,PRD-0113,29,4170.39,120941.31,North,Distributor,Delivered
SO-003953,2025-05-21,CUS-0180,PRD-0404,8,2985.52,23884.16,East,Retail,Delivered
SO-003954,2025-05-04,CUS-0692,PRD-0308,24,3641.56,87397.44,Central,Online,Delivered
SO-003955,2025-05-22,CUS-0210,PRD-0108,22,1814.64,39922.08,South,Distributor,Delivered
SO-003956,2026-02-13,CUS-0156,PRD-0294,13,5639.48,73313.24,North,Retail,Shipped
SO-003957,2026-09-13,CUS-0083,PRD-0206,4,4585.59,18342.36,North,Online,Delivered
SO-003958,2025-12-15,CUS-0780,PRD-0337,24,2022.65,48543.6,South,Online,Delivered
SO-003959,2024-10-17,CUS-0828,PRD-0258,27,4421.92,119391.84,South,Retail,Delivered
SO-003960,2025-01-11,CUS-0935,PRD-0324,3,3480.31,10440.93,North,Retail,Delivered
SO-003961,2026-05-25,CUS-0892,PRD-0359,28,2454.17,68716.76,Central,Online,Shipped
SO-003962,2026-04-09,CUS-0248,PRD-0428,29,6298.69,182662.01,South,Online,Delivered
SO-003963,2025-05-28,CUS-0243,PRD-0344,3,5870.71,17612.13,Central,Online,Delivered
SO-003964,2025-01-06,CUS-0384,PRD-0153,16,4300.48,68807.68,South,Online,Delivered
SO-003965,2025-12-01,CUS-0506,PRD-0220,17,5765.14,98007.38,East,Online,Delivered
SO-003966,2026-03-06,CUS-0307,PRD-0097,19,4396.16,83527.04,West,Online,Delivered
SO-003967,2026-08-18,CUS-0228,PRD-0040,24,6315.76,151578.24,Central,Retail,Delivered
SO-003968,2025-03-18,CUS-0680,PRD-0470,6,3381.78,20290.68,West,Online,Processing
SO-003969,2026-01-21,CUS-0693,PRD-0003,15,4440.58,66608.7,South,Retail,Shipped
SO-003970,2025-07-24,CUS-0468,PRD-0141,1,2583.7,2583.7,South,Retail,Delivered
SO-003971,2025-10-26,CUS-0930,PRD-0272,16,4664.35,74629.6,South,Distributor,Delivered
SO-003972,2024-11-01,CUS-0510,PRD-0422,22,7445.26,163795.72,North,Retail,Delivered
SO-003973,2025-11-15,CUS-0002,PRD-0199,13,6538.06,84994.78,South,Retail,Processing
SO-003974,2025-09-30,CUS-0269,PRD-0323,3,5698.59,17095.77,Central,Retail,Delivered
SO-003975,2025-11-12,CUS-0937,PRD-0143,5,4130.27,20651.35,Central,Distributor,Delivered
SO-003976,2025-01-13,CUS-0674,PRD-0334,25,1189.75,29743.75,East,Online,Delivered
SO-003977,2026-05-15,CUS-0446,PRD-0316,28,4989.5,139706.0,West,Online,Shipped
SO-003978,2025-11-13,CUS-0710,PRD-0491,20,4012.78,80255.6,East,Retail,Delivered
SO-003979,2026-02-07,CUS-0760,PRD-0288,2,3123.97,6247.94,East,Online,Shipped
SO-003980,2026-06-21,CUS-0713,PRD-0334,14,1189.75,16656.5,North,Distributor,Delivered
SO-003981,2025-08-30,CUS-0369,PRD-0067,2,4391.39,8782.78,South,Retail,Delivered
SO-003982,2026-09-30,CUS-0181,PRD-0215,16,2341.69,37467.04,Central,Distributor,Delivered
SO-003983,2026-04-03,CUS-0463,PRD-0434,17,6337.86,107743.62,Central,Retail,Processing
SO-003984,2025-08-16,CUS-0641,PRD-0485,4,3914.29,15657.16,East,Distributor,Delivered
SO-003985,2025-05-26,CUS-0700,PRD-0272,7,3886.96,27208.72,South,Online,Delivered
SO-003986,2026-02-06,CUS-0259,PRD-0112,5,3241.95,16209.75,Central,Distributor,Delivered
SO-003987,2025-03-04,CUS-0837,PRD-0313,6,5464.72,32788.32,East,Retail,Delivered
SO-003988,2024-10-29,CUS-0814,PRD-0162,14,5647.03,79058.42,North,Distributor,Delivered
SO-003989,2025-04-03,CUS-0826,PRD-0007,16,4691.05,75056.8,East,Retail,Cancelled
SO-003990,2025-12-23,CUS-0989,PRD-0404,22,3582.62,78817.64,South,Online,Cancelled
SO-003991,2025-12-06,CUS-0394,PRD-0172,10,7014.26,70142.6,South,Distributor,Cancelled
SO-003992,2025-03-06,CUS-0119,PRD-0388,24,5873.8,140971.2,Central,Online,Delivered
SO-003993,2026-05-11,CUS-0759,PRD-0476,9,4935.81,44422.29,East,Online,Delivered
SO-003994,2026-03-02,CUS-0953,PRD-0276,14,4900.86,68612.04,Central,Retail,Delivered
SO-003995,2025-08-11,CUS-0694,PRD-0293,27,1737.78,46920.06,South,Retail,Cancelled
SO-003996,2025-09-10,CUS-0763,PRD-0445,23,1132.7,26052.1,North,Distributor,Delivered
SO-003997,2024-12-07,CUS-0161,PRD-0270,27,5529.64,149300.28,West,Online,Delivered
SO-003998,2025-05-03,CUS-0151,PRD-0331,28,4150.5,116214.0,North,Online,Delivered
SO-003999,2025-08-06,CUS-0787,PRD-0447,8,4346.55,34772.4,East,Distributor,Delivered
SO-004000,2026-01-03,CUS-0685,PRD-0462,1,4649.5,4649.5,North,Online,Delivered
SO-004001,2024-11-02,CUS-0379,PRD-0355,6,5022.31,30133.86,Central,Online,Delivered
SO-004002,2025-08-24,CUS-0376,PRD-0470,6,3381.78,20290.68,Central,Distributor,Delivered
SO-004003,2025-06-13,CUS-0885,PRD-0415,2,3509.65,7019.3,North,Distributor,Cancelled
SO-004004,2026-06-06,CUS-0121,PRD-0318,16,3772.35,60357.6,South,Online,Delivered
SO-004005,2025-02-08,CUS-0745,PRD-0091,8,5553.05,44424.4,South,Distributor,Delivered
SO-004006,2025-04-26,CUS-0155,PRD-0232,20,3666.47,73329.4,North,Retail,Delivered
SO-004007,2025-12-28,CUS-0899,PRD-0292,6,436.52,2619.12,South,Distributor,Delivered
SO-004008,2025-07-06,CUS-0028,PRD-0223,19,2183.08,41478.52,East,Online,Delivered
SO-004009,2025-03-04,CUS-0691,PRD-0416,11,3986.57,43852.27,West,Retail,Delivered
SO-004010,2025-01-10,CUS-0744,PRD-0342,13,3067.52,39877.76,East,Retail,Delivered
SO-004011,2026-03-06,CUS-0714,PRD-0407,25,4762.54,119063.5,West,Retail,Delivered
SO-004012,2025-03-17,CUS-0163,PRD-0471,27,3378.4,91216.8,West,Retail,Processing
SO-004013,2026-08-20,CUS-0356,PRD-0189,22,1868.59,41108.98,West,Online,Delivered
SO-004014,2026-02-16,CUS-0253,PRD-0013,2,5528.54,11057.08,South,Retail,Shipped
SO-004015,2026-02-13,CUS-0497,PRD-0367,30,4933.94,148018.2,North,Retail,Delivered
SO-004016,2025-07-31,CUS-0802,PRD-0118,30,359.5,10785.0,South,Retail,Processing
SO-004017,2025-09-21,CUS-0030,PRD-0441,27,4882.73,131833.71,West,Distributor,Processing
SO-004018,2024-11-19,CUS-0214,PRD-0323,15,6838.31,102574.65,South,Retail,Processing
SO-004019,2025-03-11,CUS-0797,PRD-0275,18,509.9,9178.2,Central,Online,Shipped
SO-004020,2026-03-11,CUS-0453,PRD-0276,13,4900.86,63711.18,East,Distributor,Delivered
SO-004021,2026-04-30,CUS-0752,PRD-0278,3,4587.31,13761.93,North,Online,Delivered
SO-004022,2025-06-01,CUS-0251,PRD-0172,26,5845.22,151975.72,North,Retail,Shipped
SO-004023,2026-07-06,CUS-0316,PRD-0497,7,2230.12,15610.84,North,Retail,Delivered
SO-004024,2025-11-12,CUS-0797,PRD-0154,3,3535.86,10607.58,North,Distributor,Delivered
SO-004025,2026-07-23,CUS-0777,PRD-0144,3,2450.1,7350.3,Central,Retail,Delivered
SO-004026,2025-12-26,CUS-0237,PRD-0310,10,6760.62,67606.2,West,Retail,Delivered
SO-004027,2026-07-21,CUS-0396,PRD-0443,14,2487.24,34821.36,East,Retail,Delivered
SO-004028,2025-09-19,CUS-0050,PRD-0427,8,2382.42,19059.36,South,Distributor,Delivered
SO-004029,2024-12-17,CUS-0813,PRD-0457,30,3062.32,91869.6,East,Distributor,Delivered
SO-004030,2026-08-25,CUS-0063,PRD-0415,23,3509.65,80721.95,East,Online,Delivered
SO-004031,2026-04-17,CUS-0822,PRD-0295,7,3072.78,21509.46,North,Online,Delivered
SO-004032,2026-03-08,CUS-0187,PRD-0161,17,2769.99,47089.83,South,Online,Delivered
SO-004033,2024-11-24,CUS-0062,PRD-0158,12,1873.15,22477.8,East,Retail,Processing
SO-004034,2025-05-07,CUS-0163,PRD-0032,22,4875.59,107262.98,East,Retail,Delivered
SO-004035,2025-06-19,CUS-0094,PRD-0346,15,2035.62,30534.3,Central,Online,Delivered
SO-004036,2025-04-14,CUS-0946,PRD-0356,2,4447.37,8894.74,West,Retail,Delivered
SO-004037,2025-04-01,CUS-0970,PRD-0256,11,1080.39,11884.29,North,Retail,Delivered
SO-004038,2026-06-07,CUS-0269,PRD-0008,15,1534.21,23013.15,Central,Retail,Delivered
SO-004039,2025-11-05,CUS-0545,PRD-0382,23,3359.81,77275.63,North,Retail,Processing
SO-004040,2024-11-07,CUS-0914,PRD-0172,19,7014.26,133270.94,Central,Online,Delivered
SO-004041,2026-05-31,CUS-0072,PRD-0115,26,1159.28,30141.28,East,Distributor,Delivered
SO-004042,2025-01-11,CUS-0007,PRD-0345,15,600.5,9007.5,West,Distributor,Delivered
SO-004043,2025-08-31,CUS-0755,PRD-0005,9,726.84,6541.56,South,Retail,Delivered
SO-004044,2025-01-31,CUS-0152,PRD-0049,11,5980.81,65788.91,Central,Distributor,Delivered
SO-004045,2025-12-09,CUS-0976,PRD-0038,25,641.62,16040.5,South,Distributor,Delivered
SO-004046,2026-07-04,CUS-0240,PRD-0460,10,249.38,2493.8,Central,Retail,Delivered
SO-004047,2025-08-02,CUS-0824,PRD-0356,21,4447.37,93394.77,West,Distributor,Delivered
SO-004048,2026-01-26,CUS-0634,PRD-0247,17,2055.44,34942.48,Central,Online,Delivered
SO-004049,2024-10-07,CUS-0665,PRD-0345,12,720.6,8647.2,Central,Online,Delivered
SO-004050,2026-03-19,CUS-0017,PRD-0332,8,4886.91,39095.28,East,Retail,Delivered
SO-004051,2025-07-01,CUS-0447,PRD-0225,1,4910.53,4910.53,South,Distributor,Delivered
SO-004052,2025-06-05,CUS-0145,PRD-0365,10,4885.58,48855.8,West,Online,Delivered
SO-004053,2025-05-19,CUS-0914,PRD-0172,10,5845.22,58452.2,West,Distributor,Delivered
SO-004054,2026-01-21,CUS-0996,PRD-0112,19,3241.95,61597.05,East,Distributor,Shipped
SO-004055,2026-04-16,CUS-0496,PRD-0475,13,1258.43,16359.59,West,Retail,Cancelled
SO-004056,2025-01-10,CUS-0192,PRD-0299,14,2920.8,40891.2,Central,Distributor,Processing
SO-004057,2026-02-07,CUS-0542,PRD-0123,9,5761.94,51857.46,West,Online,Shipped
SO-004058,2025-01-11,CUS-0404,PRD-0205,19,3722.48,70727.12,North,Retail,Delivered
SO-004059,2025-03-19,CUS-0913,PRD-0067,26,4391.39,114176.14,West,Retail,Shipped
SO-004060,2026-07-27,CUS-0089,PRD-0407,10,4762.54,47625.4,South,Online,Delivered
SO-004061,2025-06-20,CUS-0589,PRD-0487,13,5920.64,76968.32,Central,Distributor,Delivered
SO-004062,2026-06-21,CUS-0717,PRD-0500,10,5969.68,59696.8,West,Online,Delivered
SO-004063,2025-03-31,CUS-0407,PRD-0382,30,2799.84,83995.2,Central,Online,Processing
SO-004064,2025-07-13,CUS-0290,PRD-0076,7,1904.33,13330.31,Central,Online,Delivered
SO-004065,2026-01-13,CUS-0703,PRD-0111,8,4509.36,36074.88,West,Distributor,Delivered
SO-004066,2025-01-15,CUS-0262,PRD-0402,27,463.79,12522.33,West,Distributor,Cancelled
SO-004067,2024-11-17,CUS-0793,PRD-0061,29,2050.99,59478.71,South,Online,Delivered
SO-004068,2025-11-11,CUS-0544,PRD-0480,5,4982.32,24911.6,North,Online,Delivered
SO-004069,2025-11-16,CUS-0509,PRD-0090,30,590.78,17723.4,Central,Online,Delivered
SO-004070,2025-08-13,CUS-0040,PRD-0344,23,5870.71,135026.33,South,Retail,Delivered
SO-004071,2025-09-13,CUS-0690,PRD-0176,28,623.57,17459.96,South,Retail,Processing
SO-004072,2026-09-03,CUS-0297,PRD-0474,28,1235.19,34585.32,South,Distributor,Delivered
SO-004073,2025-08-18,CUS-0354,PRD-0055,21,947.86,19905.06,North,Online,Delivered
SO-004074,2024-10-05,CUS-0072,PRD-0272,24,4664.35,111944.4,West,Retail,Delivered
SO-004075,2026-05-22,CUS-0247,PRD-0264,12,6166.15,73993.8,West,Online,Delivered
SO-004076,2024-10-11,CUS-0130,PRD-0140,25,4789.86,119746.5,West,Online,Shipped
SO-004077,2025-07-11,CUS-0746,PRD-0473,1,784.86,784.86,North,Distributor,Delivered
SO-004078,2025-02-07,CUS-0139,PRD-0371,23,2477.89,56991.47,East,Distributor,Delivered
SO-004079,2025-09-03,CUS-0161,PRD-0284,11,386.28,4249.08,Central,Online,Delivered
SO-004080,2025-09-09,CUS-0953,PRD-0141,3,2583.7,7751.1,Central,Online,Delivered
SO-004081,2026-03-02,CUS-0776,PRD-0094,13,3817.71,49630.23,North,Retail,Delivered
SO-004082,2025-11-08,CUS-0179,PRD-0330,26,430.42,11190.92,East,Retail,Shipped
SO-004083,2025-10-21,CUS-0284,PRD-0062,15,316.79,4751.85,South,Retail,Delivered
SO-004084,2025-06-01,CUS-0331,PRD-0239,28,2371.03,66388.84,West,Retail,Cancelled
SO-004085,2026-04-18,CUS-0719,PRD-0291,29,4350.66,126169.14,West,Distributor,Processing
SO-004086,2025-05-04,CUS-0632,PRD-0151,21,5440.82,114257.22,North,Retail,Processing
SO-004087,2026-05-17,CUS-0766,PRD-0115,11,1159.28,12752.08,South,Retail,Cancelled
SO-004088,2026-03-31,CUS-0836,PRD-0167,2,3037.66,6075.32,North,Distributor,Delivered
SO-004089,2026-05-22,CUS-0112,PRD-0129,30,5685.71,170571.3,East,Retail,Shipped
SO-004090,2024-10-01,CUS-0280,PRD-0374,16,4891.81,78268.96,West,Distributor,Delivered
SO-004091,2025-09-12,CUS-0292,PRD-0406,16,1541.27,24660.32,East,Online,Delivered
SO-004092,2025-01-17,CUS-0821,PRD-0408,7,3047.73,21334.11,South,Online,Delivered
SO-004093,2025-06-04,CUS-0493,PRD-0040,22,6315.76,138946.72,East,Online,Delivered
SO-004094,2026-07-30,CUS-0748,PRD-0384,19,2729.7,51864.3,East,Retail,Delivered
SO-004095,2026-06-22,CUS-0987,PRD-0216,14,569.26,7969.64,South,Online,Delivered
SO-004096,2025-12-26,CUS-0566,PRD-0221,9,6333.88,57004.92,West,Retail,Delivered
SO-004097,2026-04-23,CUS-0822,PRD-0238,24,6478.54,155484.96,East,Distributor,Delivered
SO-004098,2026-02-01,CUS-0075,PRD-0259,11,3927.33,43200.63,North,Retail,Delivered
SO-004099,2026-05-19,CUS-0252,PRD-0236,8,4359.42,34875.36,West,Online,Delivered
SO-004100,2026-06-24,CUS-0245,PRD-0165,16,1524.02,24384.32,West,Retail,Delivered
SO-004101,2025-08-15,CUS-0626,PRD-0214,25,5261.22,131530.5,West,Retail,Processing
SO-004102,2024-12-07,CUS-0782,PRD-0387,11,915.47,10070.17,East,Distributor,Processing
SO-004103,2024-11-27,CUS-0604,PRD-0409,23,7789.2,179151.6,Central,Online,Delivered
SO-004104,2026-02-25,CUS-0764,PRD-0415,27,3509.65,94760.55,Central,Distributor,Shipped
SO-004105,2026-02-19,CUS-0432,PRD-0265,12,1474.23,17690.76,North,Online,Processing
SO-004106,2026-05-14,CUS-0791,PRD-0058,16,4941.04,79056.64,South,Online,Delivered
SO-004107,2025-08-11,CUS-0935,PRD-0055,25,947.86,23696.5,East,Online,Delivered
SO-004108,2025-06-18,CUS-0761,PRD-0047,1,4009.13,4009.13,West,Distributor,Delivered
SO-004109,2026-06-08,CUS-0178,PRD-0383,29,4301.86,124753.94,South,Online,Delivered
SO-004110,2024-11-13,CUS-0813,PRD-0219,1,5562.66,5562.66,Central,Retail,Delivered
SO-004111,2026-09-06,CUS-0435,PRD-0487,5,5920.64,29603.2,North,Online,Delivered
SO-004112,2025-10-03,CUS-0954,PRD-0245,29,2319.24,67257.96,North,Distributor,Delivered
SO-004113,2024-12-18,CUS-0463,PRD-0098,24,2186.35,52472.4,South,Online,Shipped
SO-004114,2025-08-18,CUS-0144,PRD-0139,20,4770.83,95416.6,South,Online,Delivered
SO-004115,2026-04-03,CUS-0655,PRD-0017,1,3807.74,3807.74,Central,Online,Delivered
SO-004116,2024-10-17,CUS-0345,PRD-0226,7,5263.63,36845.41,Central,Online,Delivered
SO-004117,2025-06-17,CUS-0560,PRD-0111,26,4509.36,117243.36,West,Retail,Shipped
SO-004118,2025-01-17,CUS-0396,PRD-0296,24,3432.45,82378.8,West,Distributor,Delivered
SO-004119,2026-02-21,CUS-0993,PRD-0382,4,2799.84,11199.36,South,Distributor,Delivered
SO-004120,2026-02-12,CUS-0469,PRD-0459,4,2659.35,10637.4,West,Retail,Delivered
SO-004121,2025-12-22,CUS-0750,PRD-0210,12,5333.64,64003.68,South,Retail,Delivered
SO-004122,2026-01-26,CUS-0116,PRD-0270,19,4608.03,87552.57,West,Distributor,Delivered
SO-004123,2025-02-11,CUS-0354,PRD-0412,26,4004.86,104126.36,South,Retail,Delivered
SO-004124,2024-10-06,CUS-0229,PRD-0383,9,5162.23,46460.07,South,Retail,Processing
SO-004125,2025-12-14,CUS-0749,PRD-0324,29,4176.37,121114.73,North,Online,Delivered
SO-004126,2025-10-18,CUS-0597,PRD-0114,1,183.1,183.1,West,Distributor,Processing
SO-004127,2025-10-22,CUS-0636,PRD-0204,24,1979.44,47506.56,Central,Distributor,Delivered
SO-004128,2026-04-19,CUS-0191,PRD-0321,24,6275.93,150622.32,East,Distributor,Delivered
SO-004129,2025-03-26,CUS-0066,PRD-0313,14,5464.72,76506.08,South,Distributor,Delivered
SO-004130,2024-12-26,CUS-0193,PRD-0174,21,6009.89,126207.69,South,Retail,Delivered
SO-004131,2025-03-28,CUS-0143,PRD-0127,19,5240.23,99564.37,Central,Online,Delivered
SO-004132,2025-02-23,CUS-0600,PRD-0390,23,6175.19,142029.37,North,Online,Processing
SO-004133,2026-08-02,CUS-0583,PRD-0213,24,4571.12,109706.88,Central,Online,Delivered
SO-004134,2025-05-08,CUS-0122,PRD-0156,25,1937.71,48442.75,Central,Retail,Delivered
SO-004135,2026-06-08,CUS-0878,PRD-0478,6,2188.84,13133.04,East,Distributor,Delivered
SO-004136,2026-03-30,CUS-0519,PRD-0340,5,4077.55,20387.75,Central,Online,Cancelled
SO-004137,2025-10-27,CUS-0703,PRD-0292,23,436.52,10039.96,East,Online,Delivered
SO-004138,2025-12-12,CUS-0866,PRD-0043,7,2399.52,16796.64,East,Online,Delivered
SO-004139,2025-05-20,CUS-0787,PRD-0010,16,4577.14,73234.24,Central,Online,Delivered
SO-004140,2024-12-03,CUS-0028,PRD-0167,12,3645.19,43742.28,West,Online,Delivered
SO-004141,2026-05-23,CUS-0291,PRD-0321,3,6275.93,18827.79,North,Distributor,Delivered
SO-004142,2026-07-06,CUS-0508,PRD-0263,5,4085.94,20429.7,East,Distributor,Delivered
SO-004143,2025-06-22,CUS-0637,PRD-0453,13,178.97,2326.61,South,Retail,Delivered
SO-004144,2026-02-06,CUS-0093,PRD-0066,29,581.36,16859.44,West,Distributor,Delivered
SO-004145,2026-09-27,CUS-0708,PRD-0284,2,386.28,772.56,South,Online,Delivered
SO-004146,2025-07-15,CUS-0962,PRD-0441,18,4882.73,87889.14,Central,Online,Processing
SO-004147,2025-10-02,CUS-0328,PRD-0225,1,5892.64,5892.64,East,Retail,Delivered
SO-004148,2026-03-03,CUS-0650,PRD-0197,19,2279.88,43317.72,Central,Online,Delivered
SO-004149,2025-08-04,CUS-0731,PRD-0256,13,1080.39,14045.07,North,Distributor,Delivered
SO-004150,2025-08-13,CUS-0031,PRD-0496,3,463.57,1390.71,East,Retail,Processing
SO-004151,2025-05-02,CUS-0754,PRD-0250,21,783.48,16453.08,South,Distributor,Delivered
SO-004152,2026-05-09,CUS-0945,PRD-0035,21,3375.68,70889.28,Central,Retail,Delivered
SO-004153,2024-10-28,CUS-0790,PRD-0328,28,6666.89,186672.92,North,Retail,Delivered
SO-004154,2026-08-15,CUS-0994,PRD-0199,21,5448.38,114415.98,West,Distributor,Delivered
SO-004155,2025-08-27,CUS-0368,PRD-0114,8,152.58,1220.64,South,Online,Delivered
SO-004156,2025-06-05,CUS-0344,PRD-0375,3,5960.18,17880.54,East,Retail,Delivered
SO-004157,2026-02-12,CUS-0277,PRD-0483,29,492.39,14279.31,South,Distributor,Delivered
SO-004158,2025-06-15,CUS-0113,PRD-0282,26,1588.25,41294.5,South,Retail,Delivered
SO-004159,2026-08-19,CUS-0913,PRD-0361,19,1248.83,23727.77,West,Distributor,Delivered
SO-004160,2026-07-23,CUS-0986,PRD-0177,24,1860.82,44659.68,East,Retail,Delivered
SO-004161,2026-04-11,CUS-0379,PRD-0414,25,4666.41,116660.25,East,Online,Delivered
SO-004162,2026-03-26,CUS-0420,PRD-0498,14,1940.02,27160.28,West,Retail,Cancelled
SO-004163,2025-11-22,CUS-0919,PRD-0043,18,2399.52,43191.36,North,Distributor,Cancelled
SO-004164,2025-04-20,CUS-0553,PRD-0451,8,3229.85,25838.8,West,Distributor,Delivered
SO-004165,2026-05-05,CUS-0387,PRD-0448,18,2945.83,53024.94,West,Distributor,Delivered
SO-004166,2026-06-18,CUS-0364,PRD-0153,4,4300.48,17201.92,West,Retail,Delivered
SO-004167,2026-01-17,CUS-0899,PRD-0258,7,3684.93,25794.51,West,Retail,Processing
SO-004168,2026-08-02,CUS-0913,PRD-0294,14,5639.48,78952.72,East,Online,Delivered
SO-004169,2026-06-29,CUS-0666,PRD-0173,2,1781.05,3562.1,Central,Distributor,Delivered
SO-004170,2025-10-27,CUS-0896,PRD-0286,10,1543.31,15433.1,East,Retail,Delivered
SO-004171,2024-10-29,CUS-0445,PRD-0281,17,4770.79,81103.43,West,Online,Delivered
SO-004172,2026-07-07,CUS-0336,PRD-0096,8,3460.13,27681.04,East,Retail,Delivered
SO-004173,2024-11-27,CUS-0367,PRD-0242,21,5834.59,122526.39,West,Retail,Delivered
SO-004174,2025-02-06,CUS-0367,PRD-0250,17,783.48,13319.16,West,Distributor,Delivered
SO-004175,2026-01-10,CUS-0248,PRD-0342,5,3067.52,15337.6,East,Retail,Delivered
SO-004176,2024-11-21,CUS-0792,PRD-0009,17,6343.28,107835.76,Central,Online,Delivered
SO-004177,2024-11-28,CUS-0383,PRD-0307,27,7648.99,206522.73,Central,Distributor,Delivered
SO-004178,2025-07-18,CUS-0165,PRD-0060,6,5860.54,35163.24,West,Online,Delivered
SO-004179,2025-01-27,CUS-0471,PRD-0228,29,3235.69,93835.01,North,Distributor,Delivered
SO-004180,2025-11-27,CUS-0511,PRD-0441,19,5859.28,111326.32,North,Retail,Delivered
SO-004181,2025-06-09,CUS-0384,PRD-0493,28,3468.32,97112.96,West,Distributor,Delivered
SO-004182,2026-06-24,CUS-0307,PRD-0082,28,2544.06,71233.68,East,Retail,Delivered
SO-004183,2025-05-19,CUS-0568,PRD-0350,18,3791.55,68247.9,East,Retail,Delivered
SO-004184,2026-07-09,CUS-0754,PRD-0178,29,643.28,18655.12,South,Distributor,Delivered
SO-004185,2024-11-16,CUS-0045,PRD-0099,24,3651.02,87624.48,Central,Online,Cancelled
SO-004186,2025-09-13,CUS-0159,PRD-0061,28,1709.16,47856.48,Central,Retail,Delivered
SO-004187,2026-04-05,CUS-0090,PRD-0465,16,5430.01,86880.16,East,Retail,Processing
SO-004188,2025-12-06,CUS-0181,PRD-0311,1,2754.01,2754.01,East,Distributor,Delivered
SO-004189,2025-05-12,CUS-0674,PRD-0323,21,5698.59,119670.39,South,Retail,Cancelled
SO-004190,2026-01-27,CUS-0187,PRD-0404,5,2985.52,14927.6,Central,Retail,Delivered
SO-004191,2026-05-08,CUS-0664,PRD-0403,14,853.94,11955.16,East,Online,Delivered
SO-004192,2024-11-10,CUS-0930,PRD-0438,2,2839.21,5678.42,South,Online,Delivered
SO-004193,2024-11-23,CUS-0040,PRD-0113,8,5004.47,40035.76,South,Retail,Delivered
SO-004194,2025-06-21,CUS-0991,PRD-0292,9,363.77,3273.93,South,Online,Delivered
SO-004195,2025-08-09,CUS-0325,PRD-0144,10,2450.1,24501.0,West,Online,Delivered
SO-004196,2026-08-21,CUS-0990,PRD-0224,14,1906.78,26694.92,North,Retail,Processing
SO-004197,2025-11-22,CUS-0102,PRD-0035,26,4050.82,105321.32,West,Distributor,Delivered
SO-004198,2026-05-02,CUS-0382,PRD-0146,3,3360.37,10081.11,Central,Retail,Shipped
SO-004199,2025-08-30,CUS-0954,PRD-0336,11,2413.41,26547.51,West,Online,Processing
SO-004200,2024-10-26,CUS-0656,PRD-0210,15,5333.64,80004.6,South,Distributor,Shipped
SO-004201,2025-03-16,CUS-0550,PRD-0162,26,4705.86,122352.36,East,Retail,Delivered
SO-004202,2025-07-29,CUS-0623,PRD-0167,16,3037.66,48602.56,North,Online,Delivered
SO-004203,2025-01-31,CUS-0281,PRD-0059,2,2671.58,5343.16,North,Retail,Processing
SO-004204,2026-08-31,CUS-0316,PRD-0173,7,1781.05,12467.35,East,Retail,Delivered
SO-004205,2024-11-09,CUS-0151,PRD-0023,5,5009.77,25048.85,West,Distributor,Delivered
SO-004206,2025-06-08,CUS-0254,PRD-0160,15,4023.81,60357.15,North,Retail,Processing
SO-004207,2026-09-09,CUS-0021,PRD-0001,23,4203.15,96672.45,West,Online,Processing
SO-004208,2025-10-06,CUS-0417,PRD-0377,8,5118.78,40950.24,South,Online,Delivered
SO-004209,2026-08-25,CUS-0831,PRD-0268,4,4521.3,18085.2,West,Online,Delivered
SO-004210,2025-09-07,CUS-0358,PRD-0316,4,4989.5,19958.0,North,Retail,Delivered
SO-004211,2025-10-06,CUS-0584,PRD-0332,27,5864.29,158335.83,East,Online,Delivered
SO-004212,2025-04-08,CUS-0026,PRD-0131,25,2074.07,51851.75,East,Distributor,Processing
SO-004213,2026-07-28,CUS-0032,PRD-0174,7,5008.24,35057.68,North,Online,Shipped
SO-004214,2025-04-21,CUS-0887,PRD-0399,11,4340.93,47750.23,South,Online,Delivered
SO-004215,2025-06-09,CUS-0739,PRD-0458,7,3689.08,25823.56,Central,Retail,Delivered
SO-004216,2025-08-30,CUS-0486,PRD-0123,21,5761.94,121000.74,South,Distributor,Processing
SO-004217,2026-09-20,CUS-0355,PRD-0402,21,463.79,9739.59,North,Retail,Delivered
SO-004218,2026-01-20,CUS-0724,PRD-0208,4,6275.27,25101.08,East,Retail,Delivered
SO-004219,2026-06-22,CUS-0272,PRD-0384,8,2729.7,21837.6,South,Distributor,Delivered
SO-004220,2026-06-04,CUS-0257,PRD-0146,27,3360.37,90729.99,South,Retail,Delivered
SO-004221,2025-01-23,CUS-0587,PRD-0419,11,2288.99,25178.89,West,Distributor,Delivered
SO-004222,2026-04-09,CUS-0787,PRD-0229,20,2297.96,45959.2,South,Distributor,Delivered
SO-004223,2026-09-30,CUS-0868,PRD-0360,14,5924.33,82940.62,Central,Distributor,Delivered
SO-004224,2025-07-15,CUS-0730,PRD-0209,15,293.57,4403.55,East,Retail,Delivered
SO-004225,2025-04-04,CUS-0459,PRD-0031,16,1040.09,16641.44,West,Retail,Delivered
SO-004226,2025-08-18,CUS-0841,PRD-0006,9,3964.86,35683.74,South,Online,Shipped
SO-004227,2025-10-26,CUS-0657,PRD-0275,22,611.88,13461.36,East,Retail,Processing
SO-004228,2025-02-22,CUS-0011,PRD-0342,23,3067.52,70552.96,North,Online,Delivered
SO-004229,2025-07-14,CUS-0007,PRD-0153,6,4300.48,25802.88,North,Distributor,Delivered
SO-004230,2025-06-14,CUS-0969,PRD-0297,28,4113.85,115187.8,North,Online,Delivered
SO-004231,2026-04-03,CUS-0736,PRD-0433,24,1570.63,37695.12,North,Online,Delivered
SO-004232,2026-06-18,CUS-0541,PRD-0087,5,518.3,2591.5,North,Distributor,Delivered
SO-004233,2026-08-19,CUS-0242,PRD-0487,14,5920.64,82888.96,South,Online,Delivered
SO-004234,2025-06-28,CUS-0993,PRD-0009,27,5286.07,142723.89,West,Distributor,Delivered
SO-004235,2025-09-01,CUS-0517,PRD-0390,19,6175.19,117328.61,North,Retail,Delivered
SO-004236,2026-08-23,CUS-0841,PRD-0471,7,3378.4,23648.8,West,Distributor,Processing
SO-004237,2026-06-21,CUS-0300,PRD-0449,11,4938.99,54328.89,South,Distributor,Processing
SO-004238,2026-03-13,CUS-0964,PRD-0463,29,863.66,25046.14,West,Online,Delivered
SO-004239,2024-10-25,CUS-0433,PRD-0085,25,1339.26,33481.5,North,Distributor,Delivered
SO-004240,2024-10-19,CUS-0918,PRD-0176,18,748.28,13469.04,North,Online,Delivered
SO-004241,2025-06-03,CUS-0542,PRD-0412,23,4004.86,92111.78,East,Distributor,Delivered
SO-004242,2025-02-24,CUS-0244,PRD-0430,12,1485.15,17821.8,Central,Retail,Delivered
SO-004243,2024-11-17,CUS-0268,PRD-0265,5,1769.08,8845.4,South,Distributor,Delivered
SO-004244,2025-06-02,CUS-0140,PRD-0159,4,285.58,1142.32,West,Retail,Cancelled
SO-004245,2024-10-15,CUS-0087,PRD-0476,11,5922.97,65152.67,South,Distributor,Delivered
SO-004246,2025-04-20,CUS-0828,PRD-0021,1,2488.06,2488.06,East,Retail,Delivered
SO-004247,2026-05-20,CUS-0872,PRD-0122,19,4378.36,83188.84,Central,Online,Delivered
SO-004248,2026-08-30,CUS-0716,PRD-0055,2,947.86,1895.72,West,Online,Shipped
SO-004249,2024-10-16,CUS-0973,PRD-0263,13,4903.13,63740.69,Central,Distributor,Delivered
SO-004250,2025-11-02,CUS-0512,PRD-0436,13,4811.16,62545.08,South,Online,Delivered
SO-004251,2025-04-29,CUS-0771,PRD-0335,29,422.97,12266.13,South,Online,Delivered
SO-004252,2026-03-10,CUS-0404,PRD-0422,20,6204.38,124087.6,West,Distributor,Delivered
SO-004253,2026-01-01,CUS-0588,PRD-0042,11,5025.97,55285.67,East,Retail,Delivered
SO-004254,2025-07-25,CUS-0864,PRD-0086,2,6300.68,12601.36,West,Retail,Processing
SO-004255,2025-08-20,CUS-0427,PRD-0168,22,6422.87,141303.14,Central,Distributor,Delivered
SO-004256,2024-12-03,CUS-0459,PRD-0240,27,2499.82,67495.14,Central,Retail,Delivered
SO-004257,2026-06-17,CUS-0487,PRD-0408,22,3047.73,67050.06,North,Retail,Delivered
SO-004258,2026-05-10,CUS-0970,PRD-0405,9,3911.65,35204.85,East,Distributor,Delivered
SO-004259,2025-08-19,CUS-0730,PRD-0321,27,6275.93,169450.11,West,Retail,Delivered
SO-004260,2025-05-20,CUS-0459,PRD-0261,23,5917.17,136094.91,Central,Distributor,Delivered
SO-004261,2026-05-13,CUS-0119,PRD-0214,8,5261.22,42089.76,North,Online,Delivered
SO-004262,2025-01-31,CUS-0945,PRD-0139,19,4770.83,90645.77,West,Online,Cancelled
SO-004263,2024-12-22,CUS-0965,PRD-0370,1,2177.53,2177.53,South,Retail,Shipped
SO-004264,2026-05-04,CUS-0819,PRD-0005,1,726.84,726.84,South,Distributor,Delivered
SO-004265,2025-12-01,CUS-0213,PRD-0072,26,6759.17,175738.42,West,Retail,Delivered
SO-004266,2025-10-18,CUS-0488,PRD-0440,13,1240.5,16126.5,East,Online,Delivered
SO-004267,2025-10-20,CUS-0244,PRD-0197,29,2735.86,79339.94,East,Distributor,Delivered
SO-004268,2025-10-15,CUS-0817,PRD-0456,16,5866.18,93858.88,North,Retail,Delivered
SO-004269,2025-01-09,CUS-0971,PRD-0179,25,2569.93,64248.25,North,Retail,Shipped
SO-004270,2026-06-12,CUS-0792,PRD-0153,9,4300.48,38704.32,East,Distributor,Delivered
SO-004271,2026-09-04,CUS-0623,PRD-0375,30,5960.18,178805.4,South,Online,Delivered
SO-004272,2026-08-28,CUS-0289,PRD-0349,9,1641.0,14769.0,South,Online,Cancelled
SO-004273,2026-06-08,CUS-0653,PRD-0459,5,2659.35,13296.75,West,Online,Delivered
SO-004274,2026-04-18,CUS-0883,PRD-0308,29,3641.56,105605.24,South,Retail,Delivered
SO-004275,2026-07-12,CUS-0247,PRD-0237,2,3655.63,7311.26,West,Retail,Shipped
SO-004276,2026-02-02,CUS-0130,PRD-0399,15,4340.93,65113.95,North,Retail,Delivered
SO-004277,2026-06-04,CUS-0146,PRD-0086,15,6300.68,94510.2,North,Retail,Cancelled
SO-004278,2025-06-09,CUS-0615,PRD-0240,15,2083.18,31247.7,Central,Retail,Delivered
SO-004279,2026-08-02,CUS-0097,PRD-0189,18,1868.59,33634.62,South,Retail,Delivered
SO-004280,2026-07-19,CUS-0252,PRD-0494,24,2448.03,58752.72,North,Retail,Delivered
SO-004281,2026-06-27,CUS-0256,PRD-0151,3,5440.82,16322.46,West,Retail,Shipped
SO-004282,2025-06-22,CUS-0187,PRD-0391,21,4351.84,91388.64,Central,Retail,Delivered
SO-004283,2026-05-27,CUS-0707,PRD-0202,16,4934.46,78951.36,North,Online,Delivered
SO-004284,2026-04-29,CUS-0268,PRD-0466,11,2911.86,32030.46,West,Online,Processing
SO-004285,2026-01-23,CUS-0434,PRD-0225,19,4910.53,93300.07,East,Distributor,Delivered
SO-004286,2025-09-07,CUS-0786,PRD-0363,25,3326.43,83160.75,East,Retail,Delivered
SO-004287,2025-04-12,CUS-0985,PRD-0041,4,4472.49,17889.96,West,Online,Delivered
SO-004288,2025-09-02,CUS-0863,PRD-0366,16,3113.27,49812.32,Central,Retail,Delivered
SO-004289,2026-06-12,CUS-0240,PRD-0473,28,784.86,21976.08,West,Online,Delivered
SO-004290,2024-10-12,CUS-0919,PRD-0386,8,3555.25,28442.0,East,Online,Shipped
SO-004291,2026-06-08,CUS-0700,PRD-0030,17,4305.15,73187.55,Central,Distributor,Delivered
SO-004292,2025-03-31,CUS-0103,PRD-0343,5,1756.43,8782.15,West,Online,Delivered
SO-004293,2026-02-22,CUS-0161,PRD-0203,29,5475.89,158800.81,East,Online,Delivered
SO-004294,2025-03-26,CUS-0423,PRD-0247,9,2055.44,18498.96,West,Online,Delivered
SO-004295,2026-05-29,CUS-0067,PRD-0443,3,2487.24,7461.72,North,Online,Processing
SO-004296,2026-06-12,CUS-0378,PRD-0356,4,4447.37,17789.48,South,Retail,Delivered
SO-004297,2025-05-28,CUS-0883,PRD-0069,20,3140.92,62818.4,North,Online,Delivered
SO-004298,2026-06-07,CUS-0128,PRD-0072,23,5632.64,129550.72,Central,Distributor,Delivered
SO-004299,2024-10-22,CUS-0182,PRD-0235,16,1849.88,29598.08,West,Retail,Delivered
SO-004300,2025-05-03,CUS-0640,PRD-0078,14,452.24,6331.36,East,Online,Cancelled
SO-004301,2025-08-28,CUS-0399,PRD-0166,12,449.89,5398.68,Central,Retail,Shipped
SO-004302,2025-09-25,CUS-0474,PRD-0380,14,1625.68,22759.52,Central,Online,Delivered
SO-004303,2026-06-17,CUS-0907,PRD-0335,4,422.97,1691.88,South,Online,Delivered
SO-004304,2024-12-25,CUS-0706,PRD-0212,10,4681.99,46819.9,East,Retail,Delivered
SO-004305,2025-12-20,CUS-0821,PRD-0293,7,2085.34,14597.38,Central,Distributor,Cancelled
SO-004306,2025-12-05,CUS-0377,PRD-0228,10,3882.83,38828.3,North,Retail,Delivered
SO-004307,2025-09-17,CUS-0434,PRD-0499,24,2253.51,54084.24,East,Distributor,Processing
SO-004308,2026-08-01,CUS-0722,PRD-0023,14,4174.81,58447.34,East,Online,Delivered
SO-004309,2025-09-14,CUS-0829,PRD-0238,5,6478.54,32392.7,North,Distributor,Delivered
SO-004310,2026-03-21,CUS-0360,PRD-0287,28,4173.59,116860.52,North,Distributor,Delivered
SO-004311,2025-10-17,CUS-0669,PRD-0393,27,7714.55,208292.85,South,Retail,Delivered
SO-004312,2024-11-07,CUS-0939,PRD-0490,15,947.17,14207.55,South,Retail,Delivered
SO-004313,2026-08-12,CUS-0699,PRD-0192,14,3532.37,49453.18,North,Retail,Delivered
SO-004314,2025-12-04,CUS-0378,PRD-0167,5,3645.19,18225.95,East,Retail,Delivered
SO-004315,2025-05-03,CUS-0689,PRD-0373,14,4428.71,62001.94,North,Retail,Delivered
SO-004316,2025-03-05,CUS-0555,PRD-0370,14,1814.61,25404.54,West,Distributor,Delivered
SO-004317,2024-12-07,CUS-0429,PRD-0342,10,3681.02,36810.2,North,Retail,Delivered
SO-004318,2026-03-06,CUS-0323,PRD-0085,3,1116.05,3348.15,South,Online,Delivered
SO-004319,2025-02-12,CUS-0418,PRD-0110,27,1471.72,39736.44,East,Distributor,Delivered
SO-004320,2025-05-09,CUS-0724,PRD-0217,15,5541.8,83127.0,East,Distributor,Cancelled
SO-004321,2024-12-01,CUS-0715,PRD-0400,28,269.6,7548.8,West,Retail,Delivered
SO-004322,2026-01-30,CUS-0285,PRD-0228,3,3235.69,9707.07,North,Retail,Processing
SO-004323,2026-02-03,CUS-0224,PRD-0109,11,1120.2,12322.2,West,Online,Delivered
SO-004324,2026-06-01,CUS-0259,PRD-0427,9,2382.42,21441.78,West,Distributor,Delivered
SO-004325,2025-08-15,CUS-0269,PRD-0068,10,972.83,9728.3,East,Distributor,Processing
SO-004326,2026-07-05,CUS-0246,PRD-0484,1,4236.53,4236.53,West,Retail,Delivered
SO-004327,2026-03-02,CUS-0126,PRD-0399,7,4340.93,30386.51,West,Retail,Delivered
SO-004328,2025-07-23,CUS-0833,PRD-0093,4,893.67,3574.68,East,Retail,Delivered
SO-004329,2025-09-03,CUS-0821,PRD-0092,24,562.91,13509.84,South,Online,Delivered
SO-004330,2026-02-20,CUS-0338,PRD-0300,21,313.9,6591.9,West,Retail,Delivered
SO-004331,2025-12-16,CUS-0931,PRD-0452,24,1841.64,44199.36,East,Online,Cancelled
SO-004332,2025-02-04,CUS-0076,PRD-0461,4,3797.59,15190.36,Central,Distributor,Delivered
SO-004333,2026-07-24,CUS-0673,PRD-0248,20,1877.37,37547.4,West,Online,Processing
SO-004334,2025-12-10,CUS-0621,PRD-0340,23,4893.06,112540.38,North,Online,Processing
SO-004335,2026-08-18,CUS-0885,PRD-0093,22,893.67,19660.74,East,Online,Delivered
SO-004336,2026-08-25,CUS-0444,PRD-0295,15,3072.78,46091.7,East,Online,Shipped
SO-004337,2026-03-20,CUS-0486,PRD-0250,28,783.48,21937.44,West,Retail,Delivered
SO-004338,2026-05-20,CUS-0706,PRD-0498,21,1940.02,40740.42,West,Distributor,Delivered
SO-004339,2025-12-19,CUS-0950,PRD-0246,3,2420.51,7261.53,Central,Distributor,Delivered
SO-004340,2025-07-31,CUS-0785,PRD-0216,23,569.26,13092.98,North,Retail,Delivered
SO-004341,2025-09-02,CUS-0096,PRD-0450,24,2868.55,68845.2,Central,Online,Delivered
SO-004342,2025-11-26,CUS-0514,PRD-0098,13,2186.35,28422.55,Central,Distributor,Delivered
SO-004343,2025-03-05,CUS-0304,PRD-0329,16,6207.86,99325.76,South,Distributor,Delivered
SO-004344,2026-08-23,CUS-0745,PRD-0254,11,5366.88,59035.68,West,Distributor,Delivered
SO-004345,2026-09-15,CUS-0028,PRD-0146,25,3360.37,84009.25,South,Distributor,Delivered
SO-004346,2025-10-01,CUS-0835,PRD-0025,17,7719.91,131238.47,Central,Retail,Delivered
SO-004347,2026-01-27,CUS-0588,PRD-0007,26,4691.05,121967.3,North,Distributor,Delivered
SO-004348,2024-11-09,CUS-0604,PRD-0131,6,2488.88,14933.28,South,Distributor,Cancelled
SO-004349,2026-09-14,CUS-0480,PRD-0235,23,1541.57,35456.11,West,Distributor,Shipped
SO-004350,2025-02-10,CUS-0890,PRD-0022,8,4600.6,36804.8,East,Retail,Delivered
SO-004351,2026-07-23,CUS-0476,PRD-0320,22,2589.33,56965.26,East,Distributor,Delivered
SO-004352,2026-08-19,CUS-0842,PRD-0174,26,5008.24,130214.24,Central,Online,Delivered
SO-004353,2026-09-05,CUS-0663,PRD-0485,26,3914.29,101771.54,South,Distributor,Delivered
SO-004354,2024-12-08,CUS-0500,PRD-0002,1,2027.95,2027.95,East,Distributor,Delivered
SO-004355,2024-11-18,CUS-0520,PRD-0467,25,3486.3,87157.5,Central,Distributor,Delivered
SO-004356,2025-12-02,CUS-0467,PRD-0475,14,1510.12,21141.68,East,Distributor,Shipped
SO-004357,2026-06-06,CUS-0416,PRD-0087,9,518.3,4664.7,South,Online,Delivered
SO-004358,2026-06-12,CUS-0324,PRD-0179,14,2569.93,35979.02,Central,Online,Delivered
SO-004359,2025-10-15,CUS-0249,PRD-0484,10,5083.84,50838.4,East,Online,Processing
SO-004360,2025-02-14,CUS-0782,PRD-0249,22,1990.91,43800.02,Central,Retail,Delivered
SO-004361,2025-04-10,CUS-0671,PRD-0068,1,972.83,972.83,South,Retail,Delivered
SO-004362,2026-01-09,CUS-0627,PRD-0369,23,705.22,16220.06,North,Online,Delivered
SO-004363,2026-08-14,CUS-0777,PRD-0447,27,4346.55,117356.85,East,Distributor,Processing
SO-004364,2025-05-30,CUS-0408,PRD-0205,16,3722.48,59559.68,North,Online,Delivered
SO-004365,2025-04-16,CUS-0236,PRD-0320,17,2589.33,44018.61,South,Online,Delivered
SO-004366,2025-04-29,CUS-0721,PRD-0303,20,1561.34,31226.8,North,Online,Delivered
SO-004367,2026-04-01,CUS-0092,PRD-0193,29,3725.18,108030.22,North,Online,Delivered
SO-004368,2025-03-13,CUS-0150,PRD-0358,28,5153.45,144296.6,East,Retail,Delivered
SO-004369,2026-04-03,CUS-0438,PRD-0493,18,3468.32,62429.76,East,Online,Processing
SO-004370,2026-09-30,CUS-0847,PRD-0332,23,4886.91,112398.93,South,Online,Delivered
SO-004371,2026-07-14,CUS-0757,PRD-0175,9,4122.39,37101.51,West,Distributor,Processing
SO-004372,2026-08-15,CUS-0993,PRD-0352,6,181.58,1089.48,West,Retail,Delivered
SO-004373,2025-09-17,CUS-0871,PRD-0059,19,2671.58,50760.02,West,Retail,Delivered
SO-004374,2024-12-23,CUS-0241,PRD-0412,9,4805.83,43252.47,East,Distributor,Cancelled
SO-004375,2026-02-07,CUS-0611,PRD-0484,10,4236.53,42365.3,West,Retail,Delivered
SO-004376,2025-08-17,CUS-0248,PRD-0109,21,1120.2,23524.2,Central,Retail,Delivered
SO-004377,2025-09-09,CUS-0762,PRD-0109,12,1120.2,13442.4,South,Retail,Delivered
SO-004378,2025-06-03,CUS-0954,PRD-0279,28,3569.68,99951.04,Central,Distributor,Delivered
SO-004379,2026-08-25,CUS-0275,PRD-0052,19,498.98,9480.62,South,Distributor,Delivered
SO-004380,2026-02-02,CUS-0844,PRD-0126,30,287.88,8636.4,North,Distributor,Delivered
SO-004381,2025-05-22,CUS-0068,PRD-0057,8,2825.39,22603.12,Central,Online,Delivered
SO-004382,2025-08-12,CUS-0588,PRD-0304,3,6162.78,18488.34,West,Distributor,Processing
SO-004383,2025-02-22,CUS-0283,PRD-0191,24,5484.02,131616.48,North,Distributor,Delivered
SO-004384,2025-02-04,CUS-0315,PRD-0262,21,6436.49,135166.29,East,Online,Delivered
SO-004385,2026-03-10,CUS-0922,PRD-0288,7,3123.97,21867.79,East,Distributor,Delivered
SO-004386,2025-12-03,CUS-0174,PRD-0105,16,4831.67,77306.72,East,Distributor,Delivered
SO-004387,2025-02-10,CUS-0051,PRD-0467,5,2905.25,14526.25,East,Distributor,Delivered
SO-004388,2024-10-29,CUS-0056,PRD-0099,15,3651.02,54765.3,South,Distributor,Shipped
SO-004389,2025-07-25,CUS-0568,PRD-0007,25,4691.05,117276.25,East,Online,Delivered
SO-004390,2025-03-26,CUS-0756,PRD-0500,14,5969.68,83575.52,South,Distributor,Processing
SO-004391,2025-04-03,CUS-0905,PRD-0201,28,1558.3,43632.4,North,Retail,Delivered
SO-004392,2025-03-13,CUS-0847,PRD-0015,5,925.14,4625.7,East,Retail,Shipped
SO-004393,2025-12-26,CUS-0753,PRD-0076,18,2285.2,41133.6,Central,Online,Delivered
SO-004394,2026-01-16,CUS-0357,PRD-0364,4,1766.9,7067.6,Central,Online,Delivered
SO-004395,2025-10-29,CUS-0592,PRD-0281,28,4770.79,133582.12,South,Retail,Delivered
SO-004396,2026-03-09,CUS-0916,PRD-0199,3,5448.38,16345.14,South,Distributor,Delivered
SO-004397,2025-08-22,CUS-0201,PRD-0276,21,4900.86,102918.06,West,Retail,Shipped
SO-004398,2024-12-30,CUS-0541,PRD-0326,13,727.99,9463.87,Central,Retail,Delivered
SO-004399,2025-06-25,CUS-0545,PRD-0097,22,4396.16,96715.52,East,Online,Delivered
SO-004400,2024-10-12,CUS-0407,PRD-0113,21,5004.47,105093.87,West,Distributor,Delivered
SO-004401,2025-01-15,CUS-0492,PRD-0010,27,4577.14,123582.78,South,Distributor,Delivered
SO-004402,2026-03-02,CUS-0294,PRD-0179,11,2569.93,28269.23,South,Distributor,Cancelled
SO-004403,2026-01-04,CUS-0308,PRD-0246,4,2017.09,8068.36,East,Online,Delivered
SO-004404,2025-12-27,CUS-0857,PRD-0146,26,4032.44,104843.44,West,Distributor,Delivered
SO-004405,2024-10-30,CUS-0764,PRD-0050,9,3890.9,35018.1,West,Distributor,Delivered
SO-004406,2026-03-17,CUS-0084,PRD-0145,4,4099.5,16398.0,North,Online,Delivered
SO-004407,2025-12-07,CUS-0819,PRD-0471,14,4054.08,56757.12,Central,Online,Delivered
SO-004408,2026-05-18,CUS-0065,PRD-0197,6,2279.88,13679.28,North,Distributor,Delivered
SO-004409,2026-04-22,CUS-0268,PRD-0258,21,3684.93,77383.53,Central,Retail,Delivered
SO-004410,2026-03-24,CUS-0144,PRD-0398,11,3571.18,39282.98,Central,Distributor,Delivered
SO-004411,2026-09-01,CUS-0520,PRD-0369,17,705.22,11988.74,South,Online,Shipped
SO-004412,2026-09-28,CUS-0546,PRD-0455,8,2220.14,17761.12,East,Online,Shipped
SO-004413,2025-06-01,CUS-0722,PRD-0360,11,5924.33,65167.63,South,Distributor,Delivered
SO-004414,2026-08-27,CUS-0011,PRD-0216,14,569.26,7969.64,Central,Distributor,Delivered
SO-004415,2026-05-03,CUS-0405,PRD-0500,27,5969.68,161181.36,East,Distributor,Processing
SO-004416,2024-11-21,CUS-0413,PRD-0346,23,2442.74,56183.02,West,Distributor,Delivered
SO-004417,2025-02-20,CUS-0584,PRD-0406,26,1541.27,40073.02,East,Retail,Delivered
SO-004418,2026-03-25,CUS-0135,PRD-0029,20,5712.46,114249.2,Central,Retail,Delivered
SO-004419,2026-07-02,CUS-0280,PRD-0098,16,1821.96,29151.36,South,Online,Delivered
SO-004420,2026-06-24,CUS-0690,PRD-0113,2,4170.39,8340.78,East,Online,Delivered
SO-004421,2025-04-02,CUS-0630,PRD-0077,17,2952.74,50196.58,Central,Retail,Delivered
SO-004422,2025-06-25,CUS-0501,PRD-0482,19,2107.3,40038.7,Central,Online,Delivered
SO-004423,2025-03-04,CUS-0500,PRD-0127,15,5240.23,78603.45,East,Retail,Processing
SO-004424,2025-12-18,CUS-0327,PRD-0407,30,5715.05,171451.5,East,Online,Processing
SO-004425,2026-05-21,CUS-0268,PRD-0433,30,1570.63,47118.9,South,Distributor,Delivered
SO-004426,2025-09-18,CUS-0794,PRD-0494,28,2448.03,68544.84,North,Online,Delivered
SO-004427,2025-02-16,CUS-0628,PRD-0134,11,2366.81,26034.91,West,Online,Delivered
SO-004428,2026-02-22,CUS-0408,PRD-0038,3,534.68,1604.04,South,Online,Delivered
SO-004429,2025-04-06,CUS-0995,PRD-0067,6,4391.39,26348.34,Central,Online,Shipped
SO-004430,2026-04-21,CUS-0384,PRD-0453,29,178.97,5190.13,Central,Retail,Delivered
SO-004431,2025-12-20,CUS-0482,PRD-0046,14,6810.24,95343.36,North,Retail,Shipped
SO-004432,2026-09-17,CUS-0167,PRD-0324,24,3480.31,83527.44,South,Online,Shipped
SO-004433,2026-03-09,CUS-0460,PRD-0360,5,5924.33,29621.65,East,Retail,Delivered
SO-004434,2025-03-25,CUS-0567,PRD-0286,25,1286.09,32152.25,East,Online,Delivered
SO-004435,2026-08-08,CUS-0319,PRD-0318,20,3772.35,75447.0,Central,Online,Delivered
SO-004436,2025-12-23,CUS-0566,PRD-0225,30,5892.64,176779.2,Central,Retail,Shipped
SO-004437,2026-09-29,CUS-0212,PRD-0055,30,947.86,28435.8,West,Retail,Delivered
SO-004438,2026-01-07,CUS-0941,PRD-0170,17,5321.59,90467.03,East,Distributor,Delivered
SO-004439,2026-06-06,CUS-0603,PRD-0469,22,1541.41,33911.02,West,Retail,Delivered
SO-004440,2026-04-27,CUS-0462,PRD-0207,5,3989.53,19947.65,South,Online,Delivered
SO-004441,2026-05-09,CUS-0930,PRD-0088,10,449.41,4494.1,South,Distributor,Delivered
SO-004442,2026-09-05,CUS-0692,PRD-0382,28,2799.84,78395.52,Central,Online,Delivered
SO-004443,2026-01-29,CUS-0219,PRD-0422,8,6204.38,49635.04,North,Distributor,Delivered
SO-004444,2025-09-22,CUS-0943,PRD-0332,7,4886.91,34208.37,West,Online,Delivered
SO-004445,2026-06-18,CUS-0924,PRD-0293,9,1737.78,15640.02,East,Online,Delivered
SO-004446,2026-01-17,CUS-0865,PRD-0433,13,1570.63,20418.19,South,Distributor,Shipped
SO-004447,2025-08-15,CUS-0154,PRD-0126,14,287.88,4030.32,South,Online,Delivered
SO-004448,2026-02-28,CUS-0295,PRD-0393,14,6428.79,90003.06,Central,Distributor,Cancelled
SO-004449,2025-12-04,CUS-0440,PRD-0147,19,3231.95,61407.05,East,Distributor,Delivered
SO-004450,2026-09-27,CUS-0109,PRD-0415,8,3509.65,28077.2,West,Online,Delivered
SO-004451,2026-08-07,CUS-0072,PRD-0403,15,853.94,12809.1,South,Online,Delivered
SO-004452,2024-11-29,CUS-0029,PRD-0221,13,6333.88,82340.44,East,Distributor,Shipped
SO-004453,2025-10-01,CUS-0865,PRD-0262,18,7723.79,139028.22,Central,Online,Delivered
SO-004454,2026-04-22,CUS-0432,PRD-0400,19,224.67,4268.73,East,Retail,Delivered
SO-004455,2026-06-27,CUS-0741,PRD-0386,22,2962.71,65179.62,Central,Distributor,Delivered
SO-004456,2026-06-15,CUS-0118,PRD-0391,1,4351.84,4351.84,East,Online,Delivered
SO-004457,2026-02-21,CUS-0914,PRD-0287,20,4173.59,83471.8,South,Online,Delivered
SO-004458,2025-05-23,CUS-0631,PRD-0462,7,4649.5,32546.5,South,Retail,Delivered
SO-004459,2026-05-20,CUS-0434,PRD-0009,25,5286.07,132151.75,South,Distributor,Delivered
SO-004460,2025-02-07,CUS-0475,PRD-0229,21,2297.96,48257.16,Central,Distributor,Shipped
SO-004461,2026-03-17,CUS-0365,PRD-0226,30,4386.36,131590.8,East,Online,Delivered
SO-004462,2024-10-14,CUS-0961,PRD-0294,28,6767.38,189486.64,South,Distributor,Delivered
SO-004463,2024-12-19,CUS-0967,PRD-0426,13,4449.52,57843.76,North,Online,Delivered
SO-004464,2026-03-07,CUS-0522,PRD-0488,7,2178.12,15246.84,Central,Online,Delivered
SO-004465,2026-05-14,CUS-0614,PRD-0132,21,280.75,5895.75,Central,Online,Delivered
SO-004466,2025-03-16,CUS-0126,PRD-0489,27,1090.99,29456.73,East,Online,Delivered
SO-004467,2026-08-20,CUS-0001,PRD-0427,10,2382.42,23824.2,South,Online,Delivered
SO-004468,2026-05-11,CUS-0873,PRD-0197,22,2279.88,50157.36,North,Distributor,Delivered
SO-004469,2024-10-25,CUS-0938,PRD-0383,8,5162.23,41297.84,North,Retail,Delivered
SO-004470,2025-01-24,CUS-0613,PRD-0409,21,6491.0,136311.0,Central,Online,Shipped
SO-004471,2025-07-14,CUS-0849,PRD-0169,12,6181.75,74181.0,North,Distributor,Cancelled
SO-004472,2026-03-10,CUS-0844,PRD-0093,14,893.67,12511.38,North,Distributor,Delivered
SO-004473,2026-01-15,CUS-0596,PRD-0394,12,567.05,6804.6,South,Distributor,Delivered
SO-004474,2025-04-24,CUS-0870,PRD-0372,19,2557.13,48585.47,Central,Online,Delivered
SO-004475,2026-06-06,CUS-0880,PRD-0322,22,6279.3,138144.6,North,Online,Delivered
SO-004476,2025-06-27,CUS-0924,PRD-0390,23,6175.19,142029.37,South,Retail,Cancelled
SO-004477,2025-01-17,CUS-0284,PRD-0308,27,3641.56,98322.12,Central,Distributor,Delivered
SO-004478,2026-01-07,CUS-0619,PRD-0397,1,1896.25,1896.25,Central,Distributor,Processing
SO-004479,2025-08-21,CUS-0591,PRD-0326,21,606.66,12739.86,Central,Online,Delivered
SO-004480,2025-04-16,CUS-0444,PRD-0409,2,6491.0,12982.0,South,Distributor,Delivered
SO-004481,2026-07-06,CUS-0562,PRD-0145,7,4099.5,28696.5,South,Retail,Delivered
SO-004482,2026-09-25,CUS-0343,PRD-0195,22,1287.61,28327.42,West,Online,Processing
SO-004483,2024-10-02,CUS-0778,PRD-0223,3,2619.7,7859.1,North,Distributor,Shipped
SO-004484,2026-08-01,CUS-0587,PRD-0428,13,6298.69,81882.97,North,Online,Delivered
SO-004485,2025-08-19,CUS-0775,PRD-0122,3,4378.36,13135.08,West,Online,Delivered
SO-004486,2025-05-27,CUS-0434,PRD-0410,22,4500.44,99009.68,East,Distributor,Delivered
SO-004487,2026-01-26,CUS-0082,PRD-0043,18,1999.6,35992.8,East,Online,Delivered
SO-004488,2026-09-17,CUS-0810,PRD-0368,16,6291.51,100664.16,North,Retail,Delivered
SO-004489,2025-04-13,CUS-0890,PRD-0486,24,3826.69,91840.56,Central,Retail,Delivered
SO-004490,2026-02-22,CUS-0460,PRD-0107,16,6065.28,97044.48,North,Online,Shipped
SO-004491,2025-02-06,CUS-0752,PRD-0207,6,3989.53,23937.18,West,Online,Delivered
SO-004492,2025-08-14,CUS-0898,PRD-0044,12,150.67,1808.04,Central,Distributor,Delivered
SO-004493,2025-07-04,CUS-0205,PRD-0404,30,2985.52,89565.6,East,Online,Delivered
SO-004494,2026-01-03,CUS-0885,PRD-0320,4,2589.33,10357.32,West,Online,Cancelled
SO-004495,2026-09-22,CUS-0863,PRD-0246,19,2017.09,38324.71,Central,Retail,Processing
SO-004496,2026-07-24,CUS-0016,PRD-0370,30,1814.61,54438.3,West,Retail,Delivered
SO-004497,2025-09-29,CUS-0211,PRD-0145,17,4099.5,69691.5,North,Retail,Shipped
SO-004498,2024-10-09,CUS-0086,PRD-0296,22,4118.94,90616.68,South,Retail,Delivered
SO-004499,2025-02-06,CUS-0604,PRD-0006,16,3964.86,63437.76,South,Retail,Shipped
SO-004500,2025-01-27,CUS-0939,PRD-0020,18,1900.69,34212.42,South,Retail,Cancelled
SO-004501,2026-04-01,CUS-0630,PRD-0025,4,6433.26,25733.04,East,Distributor,Delivered
SO-004502,2024-11-17,CUS-0405,PRD-0199,18,6538.06,117685.08,South,Online,Delivered
SO-004503,2025-05-19,CUS-0875,PRD-0014,10,5271.41,52714.1,East,Distributor,Delivered
SO-004504,2025-03-07,CUS-0161,PRD-0028,26,1835.51,47723.26,West,Retail,Shipped
SO-004505,2026-03-06,CUS-0481,PRD-0337,5,1685.54,8427.7,North,Online,Delivered
SO-004506,2024-12-03,CUS-0402,PRD-0133,20,2665.22,53304.4,South,Retail,Delivered
SO-004507,2026-03-04,CUS-0633,PRD-0304,16,6162.78,98604.48,Central,Retail,Delivered
SO-004508,2025-06-26,CUS-0557,PRD-0145,15,4099.5,61492.5,North,Online,Delivered
SO-004509,2025-11-15,CUS-0969,PRD-0120,25,475.74,11893.5,North,Distributor,Delivered
SO-004510,2026-04-28,CUS-0397,PRD-0022,22,4600.6,101213.2,South,Online,Delivered
SO-004511,2025-01-21,CUS-0484,PRD-0234,5,5180.98,25904.9,South,Retail,Processing
SO-004512,2026-03-10,CUS-0844,PRD-0074,22,1713.95,37706.9,North,Online,Delivered
SO-004513,2026-09-23,CUS-0833,PRD-0171,24,5420.73,130097.52,West,Online,Delivered
SO-004514,2025-12-17,CUS-0329,PRD-0274,1,7099.91,7099.91,East,Online,Delivered
SO-004515,2024-10-23,CUS-0583,PRD-0420,12,3335.83,40029.96,East,Online,Delivered
SO-004516,2026-05-16,CUS-0814,PRD-0385,26,4527.09,117704.34,East,Retail,Delivered
SO-004517,2025-05-15,CUS-0909,PRD-0242,2,4862.16,9724.32,West,Retail,Delivered
SO-004518,2026-04-07,CUS-0564,PRD-0169,28,6181.75,173089.0,West,Online,Shipped
SO-004519,2025-05-19,CUS-0997,PRD-0475,28,1258.43,35236.04,South,Online,Delivered
SO-004520,2025-11-02,CUS-0917,PRD-0097,3,5275.39,15826.17,Central,Retail,Delivered
SO-004521,2026-07-23,CUS-0134,PRD-0070,2,1342.91,2685.82,West,Retail,Delivered
SO-004522,2024-11-16,CUS-0615,PRD-0353,24,5852.09,140450.16,South,Retail,Delivered
SO-004523,2026-06-12,CUS-0306,PRD-0194,23,4224.31,97159.13,East,Distributor,Delivered
SO-004524,2026-06-12,CUS-0508,PRD-0461,7,3797.59,26583.13,Central,Online,Shipped
SO-004525,2025-11-22,CUS-0313,PRD-0365,29,5862.7,170018.3,Central,Online,Delivered
SO-004526,2025-09-26,CUS-0946,PRD-0370,20,1814.61,36292.2,West,Online,Delivered
SO-004527,2026-03-02,CUS-0626,PRD-0266,11,1657.94,18237.34,West,Retail,Delivered
SO-004528,2024-12-09,CUS-0364,PRD-0030,13,5166.18,67160.34,North,Online,Cancelled
SO-004529,2025-02-08,CUS-0463,PRD-0083,29,6031.92,174925.68,West,Online,Delivered
SO-004530,2024-11-17,CUS-0890,PRD-0277,13,3512.89,45667.57,North,Distributor,Delivered
SO-004531,2026-01-09,CUS-0858,PRD-0105,26,4026.39,104686.14,North,Retail,Delivered
SO-004532,2025-09-02,CUS-0629,PRD-0109,10,1120.2,11202.0,North,Retail,Delivered
SO-004533,2024-10-13,CUS-0166,PRD-0390,8,7410.23,59281.84,North,Retail,Delivered
SO-004534,2025-02-14,CUS-0634,PRD-0222,12,3091.24,37094.88,West,Online,Delivered
SO-004535,2026-08-25,CUS-0556,PRD-0338,9,4473.07,40257.63,South,Retail,Shipped
SO-004536,2025-02-17,CUS-0715,PRD-0480,23,4151.93,95494.39,East,Retail,Delivered
SO-004537,2026-04-14,CUS-0888,PRD-0227,20,3278.73,65574.6,North,Online,Cancelled
SO-004538,2026-01-09,CUS-0710,PRD-0477,7,4468.82,31281.74,North,Online,Delivered
SO-004539,2026-04-21,CUS-0656,PRD-0330,9,358.68,3228.12,South,Online,Processing
SO-004540,2026-09-10,CUS-0950,PRD-0313,5,5464.72,27323.6,East,Retail,Delivered
SO-004541,2026-08-17,CUS-0949,PRD-0083,19,6031.92,114606.48,West,Retail,Delivered
SO-004542,2024-12-24,CUS-0917,PRD-0451,7,3875.82,27130.74,North,Online,Delivered
SO-004543,2024-12-06,CUS-0789,PRD-0099,24,3651.02,87624.48,North,Distributor,Processing
SO-004544,2025-08-01,CUS-0056,PRD-0012,9,720.79,6487.11,Central,Distributor,Delivered
SO-004545,2024-12-11,CUS-0496,PRD-0033,19,5866.18,111457.42,West,Online,Delivered
SO-004546,2025-05-22,CUS-0825,PRD-0180,2,539.14,1078.28,Central,Retail,Delivered
SO-004547,2026-03-29,CUS-0478,PRD-0070,26,1342.91,34915.66,West,Retail,Delivered
SO-004548,2025-09-18,CUS-0733,PRD-0419,27,2288.99,61802.73,East,Online,Shipped
SO-004549,2025-06-22,CUS-0254,PRD-0249,21,1990.91,41809.11,North,Distributor,Processing
SO-004550,2026-05-30,CUS-0058,PRD-0068,8,972.83,7782.64,Central,Retail,Delivered
SO-004551,2026-05-20,CUS-0709,PRD-0092,30,562.91,16887.3,North,Distributor,Delivered
SO-004552,2024-11-07,CUS-0056,PRD-0378,1,502.63,502.63,North,Retail,Delivered
SO-004553,2025-03-27,CUS-0595,PRD-0315,3,3215.25,9645.75,South,Retail,Processing
SO-004554,2025-03-09,CUS-0638,PRD-0021,18,2488.06,44785.08,East,Distributor,Delivered
SO-004555,2024-11-15,CUS-0095,PRD-0355,27,5022.31,135602.37,Central,Online,Shipped
SO-004556,2026-05-01,CUS-0753,PRD-0377,25,4265.65,106641.25,Central,Retail,Delivered
SO-004557,2026-07-27,CUS-0272,PRD-0459,4,2659.35,10637.4,Central,Distributor,Delivered
SO-004558,2026-08-12,CUS-0107,PRD-0359,8,2454.17,19633.36,West,Distributor,Delivered
SO-004559,2024-11-01,CUS-0602,PRD-0476,25,5922.97,148074.25,East,Online,Delivered
SO-004560,2025-10-27,CUS-0386,PRD-0298,6,2197.38,13184.28,East,Distributor,Delivered
SO-004561,2026-06-07,CUS-0102,PRD-0373,22,4428.71,97431.62,Central,Online,Delivered
SO-004562,2025-01-08,CUS-0078,PRD-0127,14,5240.23,73363.22,North,Online,Delivered
SO-004563,2024-10-09,CUS-0112,PRD-0042,18,6031.16,108560.88,West,Retail,Processing
SO-004564,2025-06-01,CUS-0933,PRD-0451,5,3229.85,16149.25,East,Distributor,Delivered
SO-004565,2026-03-09,CUS-0735,PRD-0225,2,4910.53,9821.06,South,Distributor,Delivered
SO-004566,2025-03-09,CUS-0946,PRD-0120,23,396.45,9118.35,South,Distributor,Processing
SO-004567,2025-07-18,CUS-0995,PRD-0083,15,6031.92,90478.8,North,Distributor,Delivered
SO-004568,2025-02-09,CUS-0437,PRD-0002,12,1689.96,20279.52,West,Online,Delivered
SO-004569,2026-07-03,CUS-0965,PRD-0096,12,3460.13,41521.56,West,Distributor,Delivered
SO-004570,2024-10-04,CUS-0191,PRD-0284,4,463.54,1854.16,North,Retail,Delivered
SO-004571,2024-12-18,CUS-0388,PRD-0442,12,3365.2,40382.4,West,Distributor,Shipped
SO-004572,2025-01-03,CUS-0532,PRD-0014,26,5271.41,137056.66,East,Retail,Delivered
SO-004573,2025-05-12,CUS-0227,PRD-0397,14,1896.25,26547.5,East,Distributor,Delivered
SO-004574,2025-05-28,CUS-0678,PRD-0388,12,5873.8,70485.6,East,Online,Delivered
SO-004575,2026-05-15,CUS-0850,PRD-0374,6,4076.51,24459.06,North,Retail,Delivered
SO-004576,2025-04-02,CUS-0013,PRD-0267,14,1127.11,15779.54,West,Retail,Delivered
SO-004577,2025-04-21,CUS-0308,PRD-0007,9,4691.05,42219.45,North,Retail,Delivered
SO-004578,2026-04-28,CUS-0165,PRD-0056,23,1181.86,27182.78,Central,Distributor,Shipped
SO-004579,2025-01-13,CUS-0543,PRD-0296,13,3432.45,44621.85,Central,Online,Delivered
SO-004580,2026-02-15,CUS-0138,PRD-0097,30,4396.16,131884.8,East,Distributor,Delivered
SO-004581,2025-05-10,CUS-0598,PRD-0381,10,2605.67,26056.7,South,Online,Delivered
SO-004582,2026-01-24,CUS-0842,PRD-0012,29,720.79,20902.91,East,Retail,Delivered
SO-004583,2025-03-09,CUS-0301,PRD-0215,16,2341.69,37467.04,West,Retail,Delivered
SO-004584,2026-09-21,CUS-0854,PRD-0155,12,3144.19,37730.28,North,Online,Delivered
SO-004585,2025-03-17,CUS-0798,PRD-0377,23,4265.65,98109.95,North,Distributor,Delivered
SO-004586,2025-05-02,CUS-0427,PRD-0224,20,1906.78,38135.6,North,Retail,Cancelled
SO-004587,2026-01-18,CUS-0220,PRD-0120,14,396.45,5550.3,Central,Retail,Delivered
SO-004588,2025-07-20,CUS-0779,PRD-0005,8,726.84,5814.72,North,Distributor,Delivered
SO-004589,2025-07-16,CUS-0932,PRD-0356,22,4447.37,97842.14,West,Online,Cancelled
SO-004590,2025-02-08,CUS-0296,PRD-0386,5,2962.71,14813.55,South,Online,Processing
SO-004591,2025-12-29,CUS-0067,PRD-0056,1,1418.23,1418.23,West,Retail,Cancelled
SO-004592,2025-03-08,CUS-0665,PRD-0025,9,6433.26,57899.34,North,Retail,Delivered
SO-004593,2025-09-02,CUS-0518,PRD-0250,12,783.48,9401.76,West,Retail,Delivered
SO-004594,2026-03-06,CUS-0884,PRD-0325,13,4731.96,61515.48,North,Online,Delivered
SO-004595,2026-03-15,CUS-0025,PRD-0447,18,4346.55,78237.9,East,Online,Delivered
SO-004596,2026-08-11,CUS-0679,PRD-0375,24,5960.18,143044.32,East,Online,Delivered
SO-004597,2025-11-13,CUS-0257,PRD-0438,26,2839.21,73819.46,West,Online,Processing
SO-004598,2025-11-29,CUS-0098,PRD-0303,7,1873.61,13115.27,West,Online,Shipped
SO-004599,2025-04-25,CUS-0883,PRD-0093,26,893.67,23235.42,Central,Online,Delivered
SO-004600,2024-10-24,CUS-0943,PRD-0284,30,463.54,13906.2,North,Distributor,Delivered
SO-004601,2025-09-09,CUS-0037,PRD-0365,7,4885.58,34199.06,North,Retail,Delivered
SO-004602,2024-12-09,CUS-0946,PRD-0338,1,5367.68,5367.68,West,Distributor,Delivered
SO-004603,2025-12-20,CUS-0830,PRD-0247,11,2466.53,27131.83,West,Online,Delivered
SO-004604,2026-02-11,CUS-0749,PRD-0123,2,5761.94,11523.88,West,Online,Delivered
SO-004605,2026-04-22,CUS-0199,PRD-0358,17,5153.45,87608.65,Central,Retail,Delivered
SO-004606,2024-11-21,CUS-0088,PRD-0261,3,7100.6,21301.8,North,Online,Delivered
SO-004607,2024-10-26,CUS-0147,PRD-0096,4,4152.16,16608.64,North,Retail,Delivered
SO-004608,2026-07-23,CUS-0729,PRD-0150,8,3755.21,30041.68,East,Retail,Delivered
SO-004609,2026-01-04,CUS-0471,PRD-0432,21,2471.37,51898.77,West,Distributor,Delivered
SO-004610,2025-04-12,CUS-0391,PRD-0485,26,3914.29,101771.54,North,Retail,Cancelled
SO-004611,2024-12-13,CUS-0133,PRD-0005,7,872.21,6105.47,Central,Distributor,Delivered
SO-004612,2025-04-25,CUS-0371,PRD-0209,23,293.57,6752.11,South,Online,Delivered
SO-004613,2025-07-03,CUS-0814,PRD-0021,21,2488.06,52249.26,West,Retail,Delivered
SO-004614,2026-09-07,CUS-0762,PRD-0130,19,1401.28,26624.32,West,Retail,Processing
SO-004615,2026-04-29,CUS-0264,PRD-0054,11,6359.76,69957.36,West,Distributor,Cancelled
SO-004616,2025-03-29,CUS-0516,PRD-0052,2,498.98,997.96,South,Distributor,Processing
SO-004617,2025-03-30,CUS-0134,PRD-0245,13,1932.7,25125.1,South,Distributor,Delivered
SO-004618,2026-05-23,CUS-0316,PRD-0162,30,4705.86,141175.8,West,Online,Delivered
SO-004619,2024-12-11,CUS-0808,PRD-0142,27,2103.1,56783.7,East,Retail,Delivered
SO-004620,2024-11-27,CUS-0407,PRD-0208,6,7530.32,45181.92,East,Online,Delivered
SO-004621,2025-10-17,CUS-0660,PRD-0265,29,1769.08,51303.32,East,Distributor,Delivered
SO-004622,2024-12-22,CUS-0866,PRD-0129,27,6822.85,184216.95,South,Retail,Cancelled
SO-004623,2025-10-11,CUS-0380,PRD-0309,8,7202.76,57622.08,South,Retail,Delivered
SO-004624,2025-04-20,CUS-0888,PRD-0269,11,337.92,3717.12,South,Online,Cancelled
SO-004625,2026-08-21,CUS-0754,PRD-0397,25,1896.25,47406.25,South,Retail,Shipped
SO-004626,2025-09-02,CUS-0560,PRD-0264,6,6166.15,36996.9,East,Retail,Delivered
SO-004627,2026-05-10,CUS-0608,PRD-0264,9,6166.15,55495.35,Central,Distributor,Shipped
SO-004628,2025-09-03,CUS-0533,PRD-0407,16,4762.54,76200.64,West,Online,Delivered
SO-004629,2025-03-16,CUS-0659,PRD-0425,6,3674.09,22044.54,North,Online,Delivered
SO-004630,2025-02-27,CUS-0924,PRD-0362,4,5713.06,22852.24,South,Distributor,Delivered
SO-004631,2026-03-03,CUS-0776,PRD-0168,28,6422.87,179840.36,South,Retail,Delivered
SO-004632,2025-04-26,CUS-0077,PRD-0229,14,2297.96,32171.44,North,Distributor,Delivered
SO-004633,2025-06-09,CUS-0620,PRD-0016,4,3646.5,14586.0,West,Online,Delivered
SO-004634,2025-05-11,CUS-0709,PRD-0079,1,6302.5,6302.5,West,Retail,Delivered
SO-004635,2025-10-15,CUS-0621,PRD-0036,13,6738.26,87597.38,West,Online,Delivered
SO-004636,2025-08-20,CUS-0336,PRD-0284,10,386.28,3862.8,Central,Retail,Delivered
SO-004637,2025-07-08,CUS-0807,PRD-0088,19,449.41,8538.79,North,Distributor,Delivered
SO-004638,2025-10-11,CUS-0352,PRD-0254,16,6440.26,103044.16,South,Online,Delivered
SO-004639,2025-10-04,CUS-0600,PRD-0486,16,4592.03,73472.48,West,Distributor,Processing
SO-004640,2025-07-02,CUS-0998,PRD-0268,25,4521.3,113032.5,Central,Online,Delivered
SO-004641,2026-08-07,CUS-0167,PRD-0059,2,2671.58,5343.16,Central,Distributor,Processing
SO-004642,2025-12-20,CUS-0020,PRD-0026,22,5389.19,118562.18,West,Distributor,Processing
SO-004643,2025-02-17,CUS-0077,PRD-0137,5,1267.47,6337.35,West,Online,Delivered
SO-004644,2026-05-30,CUS-0250,PRD-0464,14,1224.83,17147.62,South,Distributor,Delivered
SO-004645,2025-12-26,CUS-0020,PRD-0176,4,748.28,2993.12,Central,Online,Delivered
SO-004646,2025-09-20,CUS-0828,PRD-0123,18,5761.94,103714.92,North,Distributor,Delivered
SO-004647,2026-03-25,CUS-0926,PRD-0268,8,4521.3,36170.4,North,Distributor,Delivered
SO-004648,2025-11-09,CUS-0445,PRD-0472,21,5716.09,120037.89,North,Online,Delivered
SO-004649,2024-12-24,CUS-0573,PRD-0264,28,7399.38,207182.64,East,Online,Delivered
SO-004650,2025-06-01,CUS-0730,PRD-0303,28,1561.34,43717.52,East,Online,Delivered
SO-004651,2025-04-08,CUS-0897,PRD-0443,16,2487.24,39795.84,Central,Retail,Delivered
SO-004652,2024-10-22,CUS-0001,PRD-0193,26,4470.22,116225.72,Central,Retail,Delivered
SO-004653,2025-05-03,CUS-0339,PRD-0211,28,6127.17,171560.76,South,Online,Delivered
SO-004654,2024-11-11,CUS-0383,PRD-0261,27,7100.6,191716.2,North,Online,Delivered
SO-004655,2026-07-30,CUS-0182,PRD-0226,30,4386.36,131590.8,Central,Retail,Delivered
SO-004656,2025-09-25,CUS-0757,PRD-0256,20,1080.39,21607.8,North,Retail,Delivered
SO-004657,2025-11-17,CUS-0022,PRD-0075,2,3585.2,7170.4,North,Online,Delivered
SO-004658,2025-08-04,CUS-0486,PRD-0157,25,724.88,18122.0,South,Distributor,Cancelled
SO-004659,2025-09-24,CUS-0880,PRD-0353,21,4876.74,102411.54,North,Retail,Delivered
SO-004660,2024-11-01,CUS-0012,PRD-0104,13,1361.82,17703.66,North,Retail,Delivered
SO-004661,2025-12-17,CUS-0640,PRD-0340,18,4893.06,88075.08,Central,Distributor,Delivered
SO-004662,2026-07-01,CUS-0926,PRD-0126,4,287.88,1151.52,North,Retail,Delivered
SO-004663,2025-10-16,CUS-0790,PRD-0475,8,1510.12,12080.96,East,Online,Delivered
SO-004664,2025-02-09,CUS-0485,PRD-0336,17,2413.41,41027.97,West,Retail,Delivered
SO-004665,2026-05-24,CUS-0904,PRD-0461,24,3797.59,91142.16,Central,Distributor,Delivered
SO-004666,2025-01-16,CUS-0844,PRD-0265,11,1474.23,16216.53,East,Distributor,Delivered
SO-004667,2025-09-17,CUS-0692,PRD-0420,17,2779.86,47257.62,West,Online,Delivered
SO-004668,2025-03-09,CUS-0616,PRD-0377,19,4265.65,81047.35,North,Online,Delivered
SO-004669,2025-01-12,CUS-0970,PRD-0372,19,2557.13,48585.47,East,Retail,Cancelled
SO-004670,2026-08-11,CUS-0506,PRD-0461,7,3797.59,26583.13,North,Retail,Delivered
SO-004671,2025-07-01,CUS-0638,PRD-0282,25,1588.25,39706.25,South,Distributor,Delivered
SO-004672,2026-07-04,CUS-0675,PRD-0105,13,4026.39,52343.07,South,Distributor,Delivered
SO-004673,2024-11-17,CUS-0139,PRD-0413,11,2258.22,24840.42,West,Online,Delivered
SO-004674,2024-11-22,CUS-0998,PRD-0436,7,4811.16,33678.12,Central,Distributor,Delivered
SO-004675,2026-01-13,CUS-0117,PRD-0163,20,2675.79,53515.8,West,Retail,Cancelled
SO-004676,2025-05-30,CUS-0201,PRD-0244,10,4745.61,47456.1,North,Distributor,Delivered
SO-004677,2025-09-18,CUS-0376,PRD-0218,25,2891.54,72288.5,South,Distributor,Processing
SO-004678,2025-03-17,CUS-0313,PRD-0087,18,518.3,9329.4,Central,Online,Shipped
SO-004679,2025-10-11,CUS-0247,PRD-0417,10,6674.74,66747.4,East,Online,Delivered
SO-004680,2025-06-07,CUS-0694,PRD-0020,9,1900.69,17106.21,North,Distributor,Cancelled
SO-004681,2025-12-19,CUS-0135,PRD-0006,12,4757.83,57093.96,East,Retail,Processing
SO-004682,2026-02-22,CUS-0874,PRD-0373,15,4428.71,66430.65,North,Distributor,Delivered
SO-004683,2025-11-18,CUS-0694,PRD-0284,10,463.54,4635.4,Central,Distributor,Processing
SO-004684,2026-03-13,CUS-0669,PRD-0136,8,6112.94,48903.52,Central,Distributor,Delivered
SO-004685,2024-12-09,CUS-0514,PRD-0047,1,4810.96,4810.96,East,Distributor,Delivered
SO-004686,2025-12-27,CUS-0529,PRD-0220,25,5765.14,144128.5,East,Distributor,Delivered
SO-004687,2025-01-08,CUS-0692,PRD-0421,3,2848.48,8545.44,North,Online,Shipped
SO-004688,2025-06-14,CUS-0348,PRD-0024,5,1170.87,5854.35,North,Online,Delivered
SO-004689,2026-01-17,CUS-0037,PRD-0357,9,748.93,6740.37,Central,Distributor,Processing
SO-004690,2024-10-10,CUS-0106,PRD-0252,1,2760.36,2760.36,North,Distributor,Delivered
SO-004691,2024-11-01,CUS-0872,PRD-0369,11,846.26,9308.86,East,Retail,Delivered
SO-004692,2025-12-26,CUS-0749,PRD-0173,30,2137.26,64117.8,East,Retail,Cancelled
SO-004693,2024-10-25,CUS-0939,PRD-0203,8,6571.07,52568.56,Central,Retail,Cancelled
SO-004694,2025-06-04,CUS-0540,PRD-0234,11,5180.98,56990.78,Central,Retail,Delivered
SO-004695,2026-06-28,CUS-0616,PRD-0451,30,3229.85,96895.5,South,Retail,Processing
SO-004696,2026-03-25,CUS-0808,PRD-0476,19,4935.81,93780.39,West,Online,Processing
SO-004697,2025-01-03,CUS-0162,PRD-0294,12,5639.48,67673.76,North,Retail,Delivered
SO-004698,2025-09-21,CUS-0679,PRD-0006,20,3964.86,79297.2,Central,Distributor,Delivered
SO-004699,2026-04-20,CUS-0811,PRD-0488,27,2178.12,58809.24,East,Online,Delivered
SO-004700,2025-09-07,CUS-0390,PRD-0069,28,3140.92,87945.76,Central,Online,Delivered
SO-004701,2026-02-16,CUS-0400,PRD-0403,7,853.94,5977.58,South,Retail,Delivered
SO-004702,2025-10-24,CUS-0509,PRD-0104,1,1361.82,1361.82,North,Online,Delivered
SO-004703,2024-10-12,CUS-0379,PRD-0449,8,5926.79,47414.32,West,Retail,Delivered
SO-004704,2025-12-17,CUS-0415,PRD-0336,1,2896.09,2896.09,Central,Retail,Delivered
SO-004705,2025-12-20,CUS-0935,PRD-0319,14,489.64,6854.96,East,Distributor,Delivered
SO-004706,2026-05-30,CUS-0158,PRD-0407,23,4762.54,109538.42,North,Retail,Delivered
SO-004707,2026-07-17,CUS-0976,PRD-0052,28,498.98,13971.44,Central,Retail,Shipped
SO-004708,2024-10-05,CUS-0681,PRD-0450,17,3442.26,58518.42,South,Distributor,Delivered
SO-004709,2025-12-15,CUS-0562,PRD-0276,14,5881.03,82334.42,South,Online,Delivered
SO-004710,2025-12-16,CUS-0548,PRD-0125,24,7618.12,182834.88,West,Distributor,Delivered
SO-004711,2025-05-21,CUS-0722,PRD-0007,4,4691.05,18764.2,West,Online,Cancelled
SO-004712,2026-04-08,CUS-0581,PRD-0297,3,4113.85,12341.55,South,Online,Processing
SO-004713,2025-10-22,CUS-0958,PRD-0305,26,7285.2,189415.2,North,Online,Delivered
SO-004714,2026-08-12,CUS-0883,PRD-0366,19,3113.27,59152.13,East,Online,Delivered
SO-004715,2025-04-02,CUS-0871,PRD-0002,19,1689.96,32109.24,Central,Retail,Cancelled
SO-004716,2025-03-13,CUS-0487,PRD-0110,11,1471.72,16188.92,East,Online,Delivered
SO-004717,2026-01-01,CUS-0041,PRD-0032,24,4875.59,117014.16,West,Retail,Delivered
SO-004718,2026-03-24,CUS-0211,PRD-0416,21,3986.57,83717.97,Central,Retail,Delivered
SO-004719,2026-08-29,CUS-0807,PRD-0396,7,5062.73,35439.11,Central,Online,Delivered
SO-004720,2026-07-09,CUS-0446,PRD-0465,13,5430.01,70590.13,East,Retail,Delivered
SO-004721,2025-09-20,CUS-0309,PRD-0415,1,3509.65,3509.65,North,Retail,Shipped
SO-004722,2026-06-02,CUS-0656,PRD-0462,18,4649.5,83691.0,South,Distributor,Delivered
SO-004723,2026-01-11,CUS-0060,PRD-0008,8,1534.21,12273.68,North,Retail,Delivered
SO-004724,2024-10-05,CUS-0623,PRD-0388,27,7048.56,190311.12,West,Online,Delivered
SO-004725,2026-03-18,CUS-0146,PRD-0065,9,559.34,5034.06,Central,Retail,Delivered
SO-004726,2025-12-13,CUS-0530,PRD-0143,1,4130.27,4130.27,West,Distributor,Delivered
SO-004727,2026-08-16,CUS-0438,PRD-0347,3,3040.05,9120.15,North,Distributor,Delivered
SO-004728,2025-01-17,CUS-0534,PRD-0021,5,2488.06,12440.3,North,Retail,Delivered
SO-004729,2026-05-24,CUS-0706,PRD-0476,10,4935.81,49358.1,South,Distributor,Delivered
SO-004730,2025-09-12,CUS-0882,PRD-0429,19,2369.99,45029.81,West,Distributor,Delivered
SO-004731,2026-07-17,CUS-0729,PRD-0318,26,3772.35,98081.1,East,Online,Processing
SO-004732,2024-12-26,CUS-0496,PRD-0174,18,6009.89,108178.02,North,Online,Delivered
SO-004733,2025-08-06,CUS-0497,PRD-0300,23,313.9,7219.7,South,Online,Delivered
SO-004734,2026-09-18,CUS-0736,PRD-0309,14,6002.3,84032.2,East,Distributor,Cancelled
SO-004735,2026-02-11,CUS-0525,PRD-0323,23,5698.59,131067.57,Central,Distributor,Delivered
SO-004736,2024-12-21,CUS-0640,PRD-0296,27,4118.94,111211.38,Central,Retail,Delivered
SO-004737,2025-11-16,CUS-0054,PRD-0133,10,2665.22,26652.2,South,Online,Delivered
SO-004738,2025-01-18,CUS-0270,PRD-0439,12,3737.46,44849.52,South,Online,Delivered
SO-004739,2026-01-29,CUS-0560,PRD-0384,15,2729.7,40945.5,West,Distributor,Delivered
SO-004740,2025-12-01,CUS-0283,PRD-0080,27,3262.63,88091.01,North,Retail,Delivered
SO-004741,2026-05-12,CUS-0407,PRD-0337,24,1685.54,40452.96,North,Distributor,Delivered
SO-004742,2026-06-15,CUS-0030,PRD-0313,28,5464.72,153012.16,Central,Online,Delivered
SO-004743,2025-11-18,CUS-0489,PRD-0007,23,5629.26,129472.98,North,Retail,Delivered
SO-004744,2025-12-31,CUS-0368,PRD-0224,21,2288.14,48050.94,South,Distributor,Delivered
SO-004745,2025-04-01,CUS-0426,PRD-0292,22,363.77,8002.94,North,Distributor,Delivered
SO-004746,2025-07-05,CUS-0149,PRD-0458,23,3689.08,84848.84,Central,Retail,Delivered
SO-004747,2026-05-23,CUS-0694,PRD-0091,2,5553.05,11106.1,East,Online,Delivered
SO-004748,2025-11-11,CUS-0245,PRD-0159,6,342.7,2056.2,North,Online,Shipped
SO-004749,2026-04-14,CUS-0230,PRD-0373,15,4428.71,66430.65,South,Distributor,Delivered
SO-004750,2025-03-07,CUS-0100,PRD-0294,26,5639.48,146626.48,West,Online,Delivered
SO-004751,2025-05-11,CUS-0331,PRD-0395,24,3865.26,92766.24,East,Retail,Delivered
SO-004752,2025-06-28,CUS-0918,PRD-0432,2,2471.37,4942.74,West,Distributor,Delivered
SO-004753,2024-12-22,CUS-0740,PRD-0302,6,260.52,1563.12,South,Retail,Delivered
SO-004754,2025-01-09,CUS-0207,PRD-0065,1,559.34,559.34,Central,Distributor,Delivered
SO-004755,2025-07-18,CUS-0485,PRD-0435,26,4429.61,115169.86,Central,Retail,Delivered
SO-004756,2025-11-02,CUS-0214,PRD-0034,25,3209.02,80225.5,Central,Online,Delivered
SO-004757,2025-01-25,CUS-0846,PRD-0006,19,3964.86,75332.34,South,Distributor,Delivered
SO-004758,2025-01-27,CUS-0548,PRD-0129,15,5685.71,85285.65,North,Distributor,Delivered
SO-004759,2026-04-24,CUS-0430,PRD-0383,17,4301.86,73131.62,North,Retail,Delivered
SO-004760,2026-03-16,CUS-0231,PRD-0354,4,3997.01,15988.04,West,Retail,Delivered
SO-004761,2025-12-27,CUS-0568,PRD-0331,8,4980.6,39844.8,Central,Online,Processing
SO-004762,2025-12-30,CUS-0941,PRD-0012,13,864.95,11244.35,West,Retail,Delivered
SO-004763,2026-01-07,CUS-0619,PRD-0470,20,3381.78,67635.6,West,Distributor,Delivered
SO-004764,2025-10-08,CUS-0350,PRD-0035,8,4050.82,32406.56,Central,Retail,Delivered
SO-004765,2024-10-26,CUS-0466,PRD-0384,23,3275.64,75339.72,Central,Retail,Shipped
SO-004766,2026-06-09,CUS-0015,PRD-0117,17,842.63,14324.71,North,Retail,Delivered
SO-004767,2025-03-26,CUS-0191,PRD-0426,14,3707.93,51911.02,East,Distributor,Delivered
SO-004768,2025-03-01,CUS-0166,PRD-0274,5,5916.59,29582.95,Central,Online,Shipped
SO-004769,2025-07-21,CUS-0091,PRD-0012,13,720.79,9370.27,Central,Distributor,Delivered
SO-004770,2025-01-29,CUS-0985,PRD-0448,29,2945.83,85429.07,West,Online,Delivered
SO-004771,2025-06-05,CUS-0056,PRD-0460,22,249.38,5486.36,Central,Distributor,Delivered
SO-004772,2025-01-27,CUS-0438,PRD-0290,10,2230.85,22308.5,South,Distributor,Cancelled
SO-004773,2025-11-18,CUS-0612,PRD-0380,3,1950.82,5852.46,South,Online,Delivered
SO-004774,2026-01-26,CUS-0640,PRD-0143,17,3441.89,58512.13,South,Online,Delivered
SO-004775,2024-12-16,CUS-0917,PRD-0028,1,2202.61,2202.61,North,Online,Delivered
SO-004776,2025-11-08,CUS-0816,PRD-0057,26,3390.47,88152.22,South,Online,Delivered
SO-004777,2025-04-30,CUS-0873,PRD-0136,17,6112.94,103919.98,South,Retail,Delivered
SO-004778,2026-07-25,CUS-0158,PRD-0203,29,5475.89,158800.81,East,Retail,Delivered
SO-004779,2025-08-17,CUS-0854,PRD-0023,18,4174.81,75146.58,Central,Distributor,Delivered
SO-004780,2026-01-18,CUS-0446,PRD-0321,26,6275.93,163174.18,South,Retail,Delivered
SO-004781,2025-05-07,CUS-0412,PRD-0353,10,4876.74,48767.4,Central,Distributor,Delivered
SO-004782,2025-08-22,CUS-0679,PRD-0322,19,6279.3,119306.7,Central,Online,Delivered
SO-004783,2025-08-27,CUS-0107,PRD-0401,10,2192.42,21924.2,East,Online,Delivered
SO-004784,2026-02-23,CUS-0817,PRD-0012,1,720.79,720.79,South,Distributor,Delivered
SO-004785,2025-01-21,CUS-0107,PRD-0198,24,4920.31,118087.44,South,Online,Delivered
SO-004786,2026-04-01,CUS-0830,PRD-0150,5,3755.21,18776.05,South,Retail,Delivered
SO-004787,2024-11-22,CUS-0589,PRD-0335,14,507.56,7105.84,Central,Online,Delivered
SO-004788,2025-07-22,CUS-0223,PRD-0078,4,452.24,1808.96,West,Distributor,Delivered
SO-004789,2026-08-04,CUS-0629,PRD-0156,23,1937.71,44567.33,East,Online,Delivered
SO-004790,2025-06-01,CUS-0897,PRD-0342,3,3067.52,9202.56,North,Retail,Delivered
SO-004791,2026-05-11,CUS-0097,PRD-0417,18,5562.28,100121.04,North,Online,Cancelled
SO-004792,2026-09-02,CUS-0670,PRD-0453,8,178.97,1431.76,South,Distributor,Delivered
SO-004793,2024-11-02,CUS-0794,PRD-0455,14,2664.17,37298.38,East,Online,Delivered
SO-004794,2026-02-18,CUS-0406,PRD-0444,10,3927.95,39279.5,North,Retail,Cancelled
SO-004795,2026-05-25,CUS-0080,PRD-0089,12,5986.5,71838.0,Central,Distributor,Delivered
SO-004796,2026-03-16,CUS-0916,PRD-0266,26,1657.94,43106.44,Central,Retail,Processing
SO-004797,2026-09-03,CUS-0536,PRD-0258,7,3684.93,25794.51,West,Online,Delivered
SO-004798,2026-06-16,CUS-0395,PRD-0106,26,4384.29,113991.54,South,Retail,Delivered
SO-004799,2025-11-05,CUS-0377,PRD-0037,24,1378.9,33093.6,West,Retail,Delivered
SO-004800,2025-10-19,CUS-0636,PRD-0379,24,7768.86,186452.64,North,Retail,Delivered
SO-004801,2025-04-23,CUS-0546,PRD-0424,4,2881.05,11524.2,West,Retail,Shipped
SO-004802,2024-10-21,CUS-0282,PRD-0094,3,4581.25,13743.75,North,Distributor,Delivered
SO-004803,2026-07-27,CUS-0525,PRD-0106,14,4384.29,61380.06,West,Retail,Delivered
SO-004804,2026-05-08,CUS-0672,PRD-0326,28,606.66,16986.48,West,Online,Delivered
SO-004805,2025-06-25,CUS-0069,PRD-0264,22,6166.15,135655.3,South,Online,Shipped
SO-004806,2024-10-02,CUS-0336,PRD-0105,27,4831.67,130455.09,North,Distributor,Delivered
SO-004807,2026-09-16,CUS-0441,PRD-0235,2,1541.57,3083.14,Central,Distributor,Cancelled
SO-004808,2025-08-14,CUS-0906,PRD-0154,28,2946.55,82503.4,North,Retail,Shipped
SO-004809,2026-01-19,CUS-0262,PRD-0220,3,4804.28,14412.84,West,Online,Delivered
SO-004810,2025-08-22,CUS-0068,PRD-0178,20,643.28,12865.6,South,Online,Delivered
SO-004811,2026-07-29,CUS-0509,PRD-0077,16,2952.74,47243.84,North,Online,Shipped
SO-004812,2024-11-22,CUS-0311,PRD-0148,24,1128.98,27095.52,Central,Retail,Delivered
SO-004813,2025-11-16,CUS-0717,PRD-0257,15,807.13,12106.95,South,Distributor,Processing
SO-004814,2026-07-28,CUS-0161,PRD-0175,19,4122.39,78325.41,South,Distributor,Delivered
SO-004815,2026-03-11,CUS-0087,PRD-0314,14,5641.71,78983.94,East,Online,Delivered
SO-004816,2024-11-07,CUS-0661,PRD-0134,27,2840.17,76684.59,East,Retail,Delivered
SO-004817,2025-06-04,CUS-0178,PRD-0026,8,4490.99,35927.92,North,Distributor,Delivered
SO-004818,2025-04-07,CUS-0892,PRD-0324,5,3480.31,17401.55,West,Online,Delivered
SO-004819,2024-10-10,CUS-0056,PRD-0417,14,6674.74,93446.36,East,Distributor,Delivered
SO-004820,2026-04-09,CUS-0196,PRD-0410,9,4500.44,40503.96,North,Retail,Shipped
SO-004821,2025-09-03,CUS-0839,PRD-0436,21,4009.3,84195.3,Central,Distributor,Delivered
SO-004822,2025-08-21,CUS-0645,PRD-0339,24,1245.19,29884.56,Central,Distributor,Delivered
SO-004823,2026-08-23,CUS-0925,PRD-0379,11,6474.05,71214.55,Central,Retail,Delivered
SO-004824,2025-06-14,CUS-0162,PRD-0415,27,3509.65,94760.55,Central,Online,Delivered
SO-004825,2025-03-24,CUS-0177,PRD-0186,21,4929.64,103522.44,Central,Retail,Shipped
SO-004826,2025-06-05,CUS-0045,PRD-0410,14,4500.44,63006.16,West,Retail,Delivered
SO-004827,2025-01-18,CUS-0495,PRD-0440,29,1033.75,29978.75,North,Online,Delivered
SO-004828,2025-02-28,CUS-0901,PRD-0288,7,3123.97,21867.79,East,Retail,Delivered
SO-004829,2025-03-11,CUS-0184,PRD-0047,6,4009.13,24054.78,South,Distributor,Delivered
SO-004830,2025-06-19,CUS-0474,PRD-0473,27,784.86,21191.22,North,Online,Delivered
SO-004831,2026-02-03,CUS-0627,PRD-0281,9,3975.66,35780.94,East,Online,Delivered
SO-004832,2025-12-08,CUS-0108,PRD-0025,7,7719.91,54039.37,South,Online,Delivered
SO-004833,2025-09-07,CUS-0271,PRD-0142,28,1752.58,49072.24,East,Online,Delivered
SO-004834,2026-06-03,CUS-0545,PRD-0188,5,5849.06,29245.3,North,Retail,Delivered
SO-004835,2025-05-08,CUS-0972,PRD-0012,3,720.79,2162.37,East,Retail,Delivered
SO-004836,2025-07-08,CUS-0728,PRD-0116,2,4625.1,9250.2,East,Retail,Delivered
SO-004837,2025-10-24,CUS-0190,PRD-0293,9,2085.34,18768.06,West,Online,Delivered
SO-004838,2025-10-19,CUS-0194,PRD-0035,6,4050.82,24304.92,Central,Retail,Delivered
SO-004839,2025-10-09,CUS-0596,PRD-0156,21,2325.25,48830.25,Central,Online,Delivered
SO-004840,2026-01-29,CUS-0656,PRD-0284,27,386.28,10429.56,East,Online,Delivered
SO-004841,2025-11-04,CUS-0008,PRD-0142,4,2103.1,8412.4,South,Distributor,Delivered
SO-004842,2025-05-19,CUS-0390,PRD-0269,8,337.92,2703.36,North,Retail,Delivered
SO-004843,2026-02-17,CUS-0150,PRD-0104,24,1134.85,27236.4,South,Distributor,Cancelled
SO-004844,2026-07-22,CUS-0215,PRD-0031,5,1040.09,5200.45,Central,Distributor,Processing
SO-004845,2025-04-03,CUS-0236,PRD-0191,23,5484.02,126132.46,North,Retail,Delivered
SO-004846,2026-03-01,CUS-0281,PRD-0394,29,567.05,16444.45,South,Distributor,Cancelled
SO-004847,2024-10-16,CUS-0709,PRD-0111,12,5411.23,64934.76,West,Retail,Delivered
SO-004848,2025-01-19,CUS-0235,PRD-0226,15,4386.36,65795.4,West,Retail,Delivered
SO-004849,2025-01-19,CUS-0815,PRD-0460,20,249.38,4987.6,Central,Retail,Shipped
SO-004850,2025-02-21,CUS-0634,PRD-0244,25,4745.61,118640.25,North,Retail,Cancelled
SO-004851,2024-10-18,CUS-0529,PRD-0190,15,3128.42,46926.3,West,Retail,Delivered
SO-004852,2026-07-04,CUS-0412,PRD-0312,12,5356.9,64282.8,Central,Online,Cancelled
SO-004853,2026-03-19,CUS-0632,PRD-0025,29,6433.26,186564.54,Central,Distributor,Delivered
SO-004854,2025-04-28,CUS-0718,PRD-0459,22,2659.35,58505.7,South,Online,Delivered
SO-004855,2026-09-06,CUS-0627,PRD-0316,20,4989.5,99790.0,East,Retail,Delivered
SO-004856,2025-03-04,CUS-0915,PRD-0130,8,1401.28,11210.24,East,Online,Delivered
SO-004857,2025-02-06,CUS-0584,PRD-0348,28,6496.01,181888.28,South,Distributor,Delivered
SO-004858,2025-07-11,CUS-0547,PRD-0124,4,4904.17,19616.68,North,Distributor,Processing
SO-004859,2024-10-08,CUS-0536,PRD-0227,23,3934.48,90493.04,Central,Distributor,Delivered
SO-004860,2026-03-11,CUS-0061,PRD-0163,3,2675.79,8027.37,South,Online,Processing
SO-004861,2026-08-30,CUS-0504,PRD-0181,27,3586.43,96833.61,North,Retail,Delivered
SO-004862,2026-01-28,CUS-0606,PRD-0348,4,6496.01,25984.04,Central,Distributor,Delivered
SO-004863,2026-04-08,CUS-0222,PRD-0115,16,1159.28,18548.48,East,Retail,Processing
SO-004864,2025-10-31,CUS-0046,PRD-0437,8,1535.1,12280.8,North,Retail,Shipped
SO-004865,2026-04-17,CUS-0878,PRD-0195,16,1287.61,20601.76,North,Online,Delivered
SO-004866,2026-04-02,CUS-0347,PRD-0267,5,1127.11,5635.55,East,Online,Delivered
SO-004867,2025-12-29,CUS-0871,PRD-0266,14,1989.53,27853.42,East,Distributor,Shipped
SO-004868,2025-06-17,CUS-0081,PRD-0391,30,4351.84,130555.2,West,Online,Delivered
SO-004869,2026-02-03,CUS-0489,PRD-0038,23,534.68,12297.64,East,Retail,Delivered
SO-004870,2025-12-20,CUS-0946,PRD-0222,12,3709.49,44513.88,East,Retail,Delivered
SO-004871,2025-10-08,CUS-0016,PRD-0014,25,6325.69,158142.25,West,Retail,Delivered
SO-004872,2026-06-10,CUS-0964,PRD-0497,26,2230.12,57983.12,West,Retail,Delivered
SO-004873,2025-04-10,CUS-0450,PRD-0092,22,562.91,12384.02,South,Retail,Delivered
SO-004874,2025-09-16,CUS-0201,PRD-0406,19,1541.27,29284.13,South,Retail,Shipped
SO-004875,2026-05-05,CUS-0411,PRD-0105,11,4026.39,44290.29,South,Distributor,Delivered
SO-004876,2025-05-04,CUS-0644,PRD-0410,25,4500.44,112511.0,Central,Distributor,Delivered
SO-004877,2025-09-06,CUS-0095,PRD-0203,14,5475.89,76662.46,North,Online,Delivered
SO-004878,2025-05-08,CUS-0529,PRD-0082,10,2544.06,25440.6,Central,Distributor,Delivered
SO-004879,2025-07-09,CUS-0402,PRD-0110,2,1471.72,2943.44,Central,Retail,Shipped
SO-004880,2026-04-18,CUS-0046,PRD-0229,7,2297.96,16085.72,West,Retail,Cancelled
SO-004881,2025-07-04,CUS-0669,PRD-0425,4,3674.09,14696.36,East,Retail,Processing
SO-004882,2026-01-06,CUS-0774,PRD-0372,22,2557.13,56256.86,South,Distributor,Delivered
SO-004883,2025-03-06,CUS-0851,PRD-0329,25,6207.86,155196.5,West,Distributor,Processing
SO-004884,2025-11-24,CUS-0924,PRD-0026,29,5389.19,156286.51,South,Distributor,Delivered
SO-004885,2025-10-19,CUS-0754,PRD-0375,2,7152.22,14304.44,Central,Distributor,Delivered
SO-004886,2026-07-11,CUS-0922,PRD-0426,26,3707.93,96406.18,West,Online,Delivered
SO-004887,2026-01-20,CUS-0574,PRD-0131,1,2074.07,2074.07,Central,Online,Delivered
SO-004888,2025-08-18,CUS-0850,PRD-0244,8,4745.61,37964.88,West,Online,Shipped
SO-004889,2025-10-06,CUS-0171,PRD-0456,15,5866.18,87992.7,West,Online,Shipped
SO-004890,2025-03-30,CUS-0766,PRD-0420,10,2779.86,27798.6,North,Online,Delivered
SO-004891,2026-03-23,CUS-0793,PRD-0488,7,2178.12,15246.84,East,Retail,Delivered
SO-004892,2024-12-12,CUS-0023,PRD-0135,30,5350.24,160507.2,South,Retail,Delivered
SO-004893,2024-10-11,CUS-0749,PRD-0190,11,3128.42,34412.62,Central,Retail,Cancelled
SO-004894,2026-01-03,CUS-0136,PRD-0471,5,3378.4,16892.0,Central,Online,Delivered
SO-004895,2025-07-19,CUS-0529,PRD-0336,9,2413.41,21720.69,East,Online,Cancelled
SO-004896,2024-11-15,CUS-0689,PRD-0432,30,2965.64,88969.2,East,Distributor,Delivered
SO-004897,2025-08-09,CUS-0267,PRD-0213,25,4571.12,114278.0,East,Online,Processing
SO-004898,2025-12-13,CUS-0094,PRD-0209,12,352.28,4227.36,South,Retail,Delivered
SO-004899,2025-11-17,CUS-0203,PRD-0374,27,4891.81,132078.87,East,Distributor,Processing
SO-004900,2025-04-19,CUS-0641,PRD-0013,15,5528.54,82928.1,East,Distributor,Delivered
SO-004901,2025-03-09,CUS-0723,PRD-0214,11,5261.22,57873.42,North,Retail,Delivered
SO-004902,2025-08-10,CUS-0630,PRD-0440,17,1033.75,17573.75,North,Online,Cancelled
SO-004903,2026-05-20,CUS-0111,PRD-0227,11,3278.73,36066.03,East,Online,Delivered
SO-004904,2026-06-28,CUS-0242,PRD-0187,26,4891.68,127183.68,South,Retail,Shipped
SO-004905,2026-05-08,CUS-0628,PRD-0353,13,4876.74,63397.62,South,Online,Delivered
SO-004906,2025-09-09,CUS-0161,PRD-0295,23,3072.78,70673.94,North,Online,Delivered
SO-004907,2025-11-01,CUS-0701,PRD-0124,14,5885.0,82390.0,South,Distributor,Delivered
SO-004908,2024-10-03,CUS-0862,PRD-0107,20,7278.34,145566.8,West,Online,Delivered
SO-004909,2024-10-11,CUS-0251,PRD-0149,16,5333.42,85334.72,Central,Retail,Shipped
SO-004910,2026-07-06,CUS-0436,PRD-0280,5,3939.49,19697.45,North,Online,Processing
SO-004911,2025-09-14,CUS-0639,PRD-0131,4,2074.07,8296.28,South,Online,Shipped
SO-004912,2025-07-02,CUS-0505,PRD-0027,9,5364.88,48283.92,West,Online,Delivered
SO-004913,2025-06-27,CUS-0484,PRD-0122,9,4378.36,39405.24,East,Retail,Delivered
SO-004914,2026-08-28,CUS-0314,PRD-0276,3,4900.86,14702.58,West,Distributor,Cancelled
SO-004915,2025-11-13,CUS-0350,PRD-0288,19,3748.76,71226.44,East,Online,Delivered
SO-004916,2025-03-08,CUS-0151,PRD-0160,28,4023.81,112666.68,West,Online,Delivered
SO-004917,2026-09-16,CUS-0144,PRD-0265,26,1474.23,38329.98,South,Distributor,Delivered
SO-004918,2026-09-11,CUS-0062,PRD-0257,9,672.61,6053.49,West,Retail,Delivered
SO-004919,2025-09-27,CUS-0211,PRD-0039,26,6475.29,168357.54,Central,Retail,Delivered
SO-004920,2025-05-26,CUS-0947,PRD-0368,24,6291.51,150996.24,North,Online,Delivered
SO-004921,2026-04-28,CUS-0714,PRD-0457,12,2551.93,30623.16,Central,Distributor,Delivered
SO-004922,2025-09-10,CUS-0915,PRD-0314,13,5641.71,73342.23,East,Online,Shipped
SO-004923,2026-06-20,CUS-0046,PRD-0212,28,3901.66,109246.48,East,Retail,Delivered
SO-004924,2026-07-08,CUS-0105,PRD-0312,7,5356.9,37498.3,South,Distributor,Delivered
SO-004925,2026-06-15,CUS-0958,PRD-0278,29,4587.31,133031.99,Central,Retail,Delivered
SO-004926,2024-11-04,CUS-0908,PRD-0466,26,3494.23,90849.98,North,Retail,Shipped
SO-004927,2025-02-03,CUS-0699,PRD-0236,19,4359.42,82828.98,Central,Retail,Delivered
SO-004928,2026-06-01,CUS-0817,PRD-0312,25,5356.9,133922.5,South,Distributor,Delivered
SO-004929,2024-10-01,CUS-0829,PRD-0250,2,940.18,1880.36,West,Online,Delivered
SO-004930,2025-01-10,CUS-0585,PRD-0493,17,3468.32,58961.44,East,Online,Delivered
SO-004931,2025-08-19,CUS-0711,PRD-0371,14,2477.89,34690.46,East,Retail,Processing
SO-004932,2024-10-18,CUS-0996,PRD-0281,30,4770.79,143123.7,East,Retail,Delivered
SO-004933,2025-01-29,CUS-0577,PRD-0363,27,3326.43,89813.61,South,Retail,Delivered
SO-004934,2025-12-08,CUS-0782,PRD-0193,22,4470.22,98344.84,South,Online,Delivered
SO-004935,2025-12-12,CUS-0188,PRD-0499,2,2704.21,5408.42,East,Distributor,Delivered
SO-004936,2026-09-07,CUS-0337,PRD-0230,6,3670.39,22022.34,South,Online,Delivered
SO-004937,2025-11-25,CUS-0024,PRD-0496,13,556.28,7231.64,South,Distributor,Delivered
SO-004938,2024-12-09,CUS-0259,PRD-0092,25,675.49,16887.25,West,Online,Delivered
SO-004939,2026-06-17,CUS-0875,PRD-0046,20,5675.2,113504.0,East,Online,Shipped
SO-004940,2024-11-22,CUS-0309,PRD-0385,27,5432.51,146677.77,East,Retail,Delivered
SO-004941,2026-04-18,CUS-0784,PRD-0229,29,2297.96,66640.84,West,Retail,Delivered
SO-004942,2026-02-11,CUS-0179,PRD-0453,1,178.97,178.97,South,Online,Delivered
SO-004943,2025-10-06,CUS-0034,PRD-0288,29,3748.76,108714.04,West,Distributor,Delivered
SO-004944,2025-10-26,CUS-0738,PRD-0476,11,5922.97,65152.67,East,Retail,Delivered
SO-004945,2026-08-11,CUS-0413,PRD-0238,24,6478.54,155484.96,East,Online,Delivered
SO-004946,2025-12-23,CUS-0749,PRD-0460,6,299.26,1795.56,South,Retail,Delivered
SO-004947,2026-02-09,CUS-0875,PRD-0420,4,2779.86,11119.44,West,Online,Delivered
SO-004948,2025-05-30,CUS-0865,PRD-0209,1,293.57,293.57,East,Online,Delivered
SO-004949,2025-06-30,CUS-0101,PRD-0366,21,3113.27,65378.67,Central,Distributor,Delivered
SO-004950,2026-07-23,CUS-0565,PRD-0346,13,2035.62,26463.06,East,Online,Delivered
SO-004951,2024-10-27,CUS-0887,PRD-0141,23,3100.44,71310.12,South,Online,Delivered
SO-004952,2025-03-05,CUS-0040,PRD-0337,30,1685.54,50566.2,East,Online,Shipped
SO-004953,2025-08-17,CUS-0532,PRD-0458,23,3689.08,84848.84,Central,Distributor,Delivered
SO-004954,2026-04-14,CUS-0202,PRD-0262,18,6436.49,115856.82,North,Retail,Processing
SO-004955,2025-01-31,CUS-0040,PRD-0109,23,1120.2,25764.6,South,Online,Delivered
SO-004956,2026-06-21,CUS-0941,PRD-0195,8,1287.61,10300.88,South,Retail,Shipped
SO-004957,2025-05-02,CUS-0135,PRD-0035,3,3375.68,10127.04,South,Online,Delivered
SO-004958,2025-04-24,CUS-0053,PRD-0272,7,3886.96,27208.72,East,Online,Delivered
SO-004959,2026-06-21,CUS-0903,PRD-0154,4,2946.55,11786.2,East,Distributor,Processing
SO-004960,2026-09-14,CUS-0117,PRD-0357,1,748.93,748.93,West,Online,Delivered
SO-004961,2025-01-09,CUS-0718,PRD-0326,9,606.66,5459.94,North,Distributor,Delivered
SO-004962,2024-10-23,CUS-0529,PRD-0250,12,940.18,11282.16,West,Online,Delivered
SO-004963,2026-07-17,CUS-0979,PRD-0467,30,2905.25,87157.5,South,Distributor,Delivered
SO-004964,2025-09-02,CUS-0806,PRD-0191,21,5484.02,115164.42,Central,Retail,Shipped
SO-004965,2025-07-19,CUS-0002,PRD-0475,18,1258.43,22651.74,South,Online,Processing
SO-004966,2025-01-08,CUS-0359,PRD-0193,4,3725.18,14900.72,South,Retail,Shipped
SO-004967,2026-07-28,CUS-0481,PRD-0456,2,4888.48,9776.96,East,Online,Delivered
SO-004968,2026-03-19,CUS-0995,PRD-0256,3,1080.39,3241.17,West,Online,Delivered
SO-004969,2024-10-19,CUS-0720,PRD-0065,8,671.21,5369.68,Central,Retail,Delivered
SO-004970,2024-11-17,CUS-0048,PRD-0325,23,5678.35,130602.05,Central,Online,Shipped
SO-004971,2025-07-05,CUS-0576,PRD-0129,11,5685.71,62542.81,East,Retail,Cancelled
SO-004972,2025-04-22,CUS-0654,PRD-0358,27,5153.45,139143.15,East,Online,Delivered
SO-004973,2026-03-13,CUS-0883,PRD-0355,5,4185.26,20926.3,Central,Online,Delivered
SO-004974,2025-12-22,CUS-0382,PRD-0491,15,4012.78,60191.7,West,Retail,Delivered
SO-004975,2026-04-13,CUS-0399,PRD-0451,20,3229.85,64597.0,North,Retail,Delivered
SO-004976,2026-09-06,CUS-0199,PRD-0436,9,4009.3,36083.7,West,Distributor,Cancelled
SO-004977,2024-12-14,CUS-0018,PRD-0022,13,5520.72,71769.36,North,Distributor,Delivered
SO-004978,2024-10-05,CUS-0880,PRD-0099,21,3651.02,76671.42,Central,Retail,Delivered
SO-004979,2025-08-14,CUS-0641,PRD-0265,9,1474.23,13268.07,East,Retail,Delivered
SO-004980,2025-03-06,CUS-0491,PRD-0113,23,4170.39,95918.97,Central,Online,Delivered
SO-004981,2026-08-10,CUS-0352,PRD-0141,30,2583.7,77511.0,East,Online,Delivered
SO-004982,2025-09-10,CUS-0876,PRD-0055,21,947.86,19905.06,North,Online,Shipped
SO-004983,2024-10-27,CUS-0568,PRD-0284,2,463.54,927.08,Central,Distributor,Delivered
SO-004984,2025-12-11,CUS-0282,PRD-0411,3,717.76,2153.28,North,Online,Shipped
SO-004985,2026-01-20,CUS-0312,PRD-0149,7,4444.52,31111.64,East,Distributor,Delivered
SO-004986,2025-12-28,CUS-0698,PRD-0034,6,3209.02,19254.12,South,Online,Cancelled
SO-004987,2025-01-19,CUS-0863,PRD-0150,23,3755.21,86369.83,West,Distributor,Delivered
SO-004988,2025-07-28,CUS-0501,PRD-0368,16,6291.51,100664.16,West,Distributor,Delivered
SO-004989,2026-08-01,CUS-0648,PRD-0136,29,6112.94,177275.26,South,Online,Delivered
SO-004990,2024-12-24,CUS-0847,PRD-0460,6,299.26,1795.56,East,Retail,Shipped
SO-004991,2024-12-31,CUS-0252,PRD-0339,1,1494.23,1494.23,Central,Distributor,Delivered
SO-004992,2025-09-09,CUS-0028,PRD-0465,19,5430.01,103170.19,North,Retail,Processing
SO-004993,2025-05-31,CUS-0143,PRD-0033,12,4888.48,58661.76,West,Distributor,Delivered
SO-004994,2025-09-05,CUS-0527,PRD-0115,27,1159.28,31300.56,East,Retail,Processing
SO-004995,2024-12-23,CUS-0713,PRD-0359,13,2945.0,38285.0,North,Distributor,Delivered
SO-004996,2026-04-27,CUS-0690,PRD-0381,15,2605.67,39085.05,South,Distributor,Delivered
SO-004997,2026-03-09,CUS-0948,PRD-0289,19,2175.15,41327.85,North,Retail,Shipped
SO-004998,2024-11-03,CUS-0568,PRD-0462,17,5579.4,94849.8,West,Online,Delivered
SO-004999,2024-11-21,CUS-0343,PRD-0081,27,6765.4,182665.8,West,Online,Delivered
SO-005000,2026-01-19,CUS-0125,PRD-0183,1,5893.82,5893.82,North,Distributor,Processing
SO-005001,2026-02-06,CUS-0761,PRD-0133,9,2221.02,19989.18,North,Online,Delivered
SO-005002,2025-05-16,CUS-0965,PRD-0061,28,1709.16,47856.48,Central,Distributor,Delivered
SO-005003,2025-11-02,CUS-0594,PRD-0304,9,7395.34,66558.06,Central,Distributor,Delivered
SO-005004,2024-10-12,CUS-0083,PRD-0261,6,7100.6,42603.6,North,Retail,Delivered
SO-005005,2025-08-11,CUS-0378,PRD-0343,15,1756.43,26346.45,Central,Online,Delivered
SO-005006,2024-10-08,CUS-0995,PRD-0311,16,2754.01,44064.16,Central,Distributor,Delivered
SO-005007,2025-08-18,CUS-0152,PRD-0423,3,711.1,2133.3,East,Distributor,Delivered
SO-005008,2026-07-09,CUS-0038,PRD-0129,23,5685.71,130771.33,North,Distributor,Delivered
SO-005009,2025-12-23,CUS-0591,PRD-0003,30,5328.7,159861.0,South,Retail,Shipped
SO-005010,2025-02-24,CUS-0016,PRD-0005,24,726.84,17444.16,East,Distributor,Delivered
SO-005011,2026-07-01,CUS-0127,PRD-0300,12,313.9,3766.8,North,Online,Delivered
SO-005012,2025-12-20,CUS-0172,PRD-0136,26,7335.53,190723.78,East,Retail,Delivered
SO-005013,2025-10-04,CUS-0941,PRD-0400,7,269.6,1887.2,South,Retail,Delivered
SO-005014,2025-10-23,CUS-0262,PRD-0457,13,3062.32,39810.16,Central,Distributor,Delivered
SO-005015,2025-09-30,CUS-0972,PRD-0441,15,4882.73,73240.95,South,Retail,Processing
SO-005016,2024-10-31,CUS-0271,PRD-0332,18,5864.29,105557.22,West,Online,Delivered
SO-005017,2024-12-12,CUS-0393,PRD-0125,22,7618.12,167598.64,West,Distributor,Delivered
SO-005018,2025-12-14,CUS-0634,PRD-0346,13,2442.74,31755.62,West,Online,Processing
SO-005019,2025-04-08,CUS-0339,PRD-0166,7,449.89,3149.23,East,Distributor,Delivered
SO-005020,2026-01-15,CUS-0293,PRD-0364,15,1766.9,26503.5,West,Distributor,Cancelled
SO-005021,2025-04-16,CUS-0274,PRD-0154,28,2946.55,82503.4,South,Distributor,Delivered
SO-005022,2025-09-25,CUS-0255,PRD-0042,7,5025.97,35181.79,North,Distributor,Processing
SO-005023,2026-02-06,CUS-0802,PRD-0045,2,4983.69,9967.38,West,Online,Delivered
SO-005024,2026-05-19,CUS-0294,PRD-0142,4,1752.58,7010.32,North,Distributor,Processing
SO-005025,2025-05-07,CUS-0889,PRD-0065,17,559.34,9508.78,East,Online,Delivered
SO-005026,2026-06-29,CUS-0391,PRD-0094,15,3817.71,57265.65,Central,Retail,Delivered
SO-005027,2026-02-20,CUS-0700,PRD-0301,24,4651.32,111631.68,North,Online,Shipped
SO-005028,2026-03-22,CUS-0356,PRD-0405,15,3911.65,58674.75,Central,Distributor,Delivered
SO-005029,2026-03-22,CUS-0895,PRD-0151,22,5440.82,119698.04,East,Online,Shipped
SO-005030,2025-08-31,CUS-0332,PRD-0161,20,2769.99,55399.8,West,Online,Processing
SO-005031,2025-08-10,CUS-0039,PRD-0399,27,4340.93,117205.11,Central,Retail,Delivered
SO-005032,2025-08-28,CUS-0800,PRD-0121,3,5856.15,17568.45,South,Retail,Delivered
SO-005033,2025-09-08,CUS-0487,PRD-0219,6,4635.55,27813.3,West,Distributor,Shipped
SO-005034,2025-05-12,CUS-0329,PRD-0389,5,2666.14,13330.7,Central,Retail,Delivered
SO-005035,2026-03-01,CUS-0449,PRD-0393,25,6428.79,160719.75,East,Retail,Delivered
SO-005036,2025-11-11,CUS-0835,PRD-0011,27,1344.48,36300.96,North,Online,Delivered
SO-005037,2024-10-04,CUS-0298,PRD-0261,28,7100.6,198816.8,Central,Retail,Delivered
SO-005038,2026-05-29,CUS-0140,PRD-0049,30,5980.81,179424.3,Central,Distributor,Delivered
SO-005039,2025-10-18,CUS-0123,PRD-0353,17,5852.09,99485.53,West,Retail,Delivered
SO-005040,2024-11-15,CUS-0340,PRD-0150,4,4506.25,18025.0,South,Retail,Delivered
SO-005041,2024-11-10,CUS-0546,PRD-0107,1,7278.34,7278.34,Central,Online,Delivered
SO-005042,2025-10-05,CUS-0824,PRD-0117,10,1011.16,10111.6,North,Online,Processing
SO-005043,2026-08-28,CUS-0412,PRD-0362,26,5713.06,148539.56,East,Distributor,Delivered
SO-005044,2026-08-22,CUS-0395,PRD-0440,15,1033.75,15506.25,Central,Online,Delivered
SO-005045,2026-06-16,CUS-0101,PRD-0193,1,3725.18,3725.18,Central,Retail,Delivered
SO-005046,2025-12-16,CUS-0318,PRD-0141,26,3100.44,80611.44,West,Distributor,Processing
SO-005047,2024-12-21,CUS-0679,PRD-0084,24,3389.47,81347.28,South,Online,Cancelled
SO-005048,2025-02-15,CUS-0272,PRD-0169,24,6181.75,148362.0,Central,Distributor,Delivered
SO-005049,2026-01-01,CUS-0649,PRD-0475,17,1258.43,21393.31,North,Retail,Processing
SO-005050,2025-10-09,CUS-0080,PRD-0329,3,7449.43,22348.29,North,Online,Delivered
SO-005051,2025-01-20,CUS-0501,PRD-0398,30,3571.18,107135.4,East,Retail,Delivered
SO-005052,2025-08-30,CUS-0177,PRD-0036,22,5615.22,123534.84,North,Online,Delivered
SO-005053,2025-09-17,CUS-0337,PRD-0283,13,6186.51,80424.63,Central,Retail,Delivered
SO-005054,2026-04-07,CUS-0665,PRD-0239,3,2371.03,7113.09,West,Online,Delivered
SO-005055,2025-07-28,CUS-0548,PRD-0103,3,5730.95,17192.85,East,Online,Delivered
SO-005056,2026-01-05,CUS-0983,PRD-0278,24,4587.31,110095.44,Central,Online,Delivered
SO-005057,2025-01-13,CUS-0294,PRD-0021,5,2488.06,12440.3,West,Retail,Processing
SO-005058,2024-10-03,CUS-0648,PRD-0353,2,5852.09,11704.18,East,Retail,Delivered
SO-005059,2026-09-17,CUS-0916,PRD-0125,29,6348.43,184104.47,West,Distributor,Delivered
SO-005060,2026-04-28,CUS-0282,PRD-0315,10,3215.25,32152.5,North,Distributor,Delivered
SO-005061,2026-06-07,CUS-0589,PRD-0031,21,1040.09,21841.89,West,Online,Delivered
SO-005062,2026-06-14,CUS-0186,PRD-0009,6,5286.07,31716.42,North,Distributor,Cancelled
SO-005063,2026-04-18,CUS-0084,PRD-0250,29,783.48,22720.92,South,Online,Processing
SO-005064,2025-06-23,CUS-0536,PRD-0055,30,947.86,28435.8,South,Online,Delivered
SO-005065,2026-06-29,CUS-0805,PRD-0355,13,4185.26,54408.38,West,Online,Delivered
SO-005066,2025-04-09,CUS-0279,PRD-0169,13,6181.75,80362.75,Central,Distributor,Delivered
SO-005067,2024-12-21,CUS-0974,PRD-0479,21,3517.55,73868.55,West,Distributor,Delivered
SO-005068,2026-06-30,CUS-0391,PRD-0419,26,2288.99,59513.74,South,Retail,Delivered
SO-005069,2025-07-16,CUS-0493,PRD-0196,24,2215.24,53165.76,Central,Retail,Delivered
SO-005070,2024-12-06,CUS-0167,PRD-0444,24,4713.54,113124.96,Central,Online,Delivered
SO-005071,2024-10-15,CUS-0971,PRD-0316,24,5987.4,143697.6,West,Distributor,Delivered
SO-005072,2026-02-15,CUS-0409,PRD-0230,8,3670.39,29363.12,East,Retail,Delivered
SO-005073,2025-09-15,CUS-0365,PRD-0294,3,5639.48,16918.44,North,Distributor,Delivered
SO-005074,2025-12-13,CUS-0755,PRD-0469,26,1849.69,48091.94,East,Retail,Delivered
SO-005075,2025-01-18,CUS-0370,PRD-0198,8,4920.31,39362.48,East,Online,Delivered
SO-005076,2025-12-04,CUS-0870,PRD-0214,19,6313.46,119955.74,North,Distributor,Delivered
SO-005077,2026-04-16,CUS-0820,PRD-0219,12,4635.55,55626.6,West,Distributor,Delivered
SO-005078,2025-07-08,CUS-0831,PRD-0435,30,4429.61,132888.3,East,Online,Delivered
SO-005079,2026-01-03,CUS-0994,PRD-0379,16,6474.05,103584.8,South,Online,Delivered
SO-005080,2024-11-10,CUS-0612,PRD-0232,17,4399.76,74795.92,North,Online,Delivered
SO-005081,2026-09-24,CUS-0347,PRD-0367,18,4933.94,88810.92,North,Retail,Delivered
SO-005082,2025-09-13,CUS-0593,PRD-0385,29,4527.09,131285.61,West,Retail,Delivered
SO-005083,2026-07-18,CUS-0806,PRD-0071,25,2386.88,59672.0,East,Retail,Delivered
SO-005084,2024-11-10,CUS-0884,PRD-0363,7,3991.72,27942.04,North,Retail,Delivered
SO-005085,2025-07-09,CUS-0831,PRD-0102,9,1819.32,16373.88,South,Distributor,Processing
SO-005086,2026-07-04,CUS-0459,PRD-0400,13,224.67,2920.71,South,Distributor,Delivered
SO-005087,2025-12-16,CUS-0934,PRD-0142,18,2103.1,37855.8,Central,Distributor,Delivered
SO-005088,2025-01-12,CUS-0834,PRD-0131,22,2074.07,45629.54,South,Retail,Delivered
SO-005089,2026-01-24,CUS-0333,PRD-0270,13,4608.03,59904.39,East,Distributor,Delivered
SO-005090,2025-05-14,CUS-0093,PRD-0426,3,3707.93,11123.79,South,Distributor,Delivered
SO-005091,2026-01-15,CUS-0105,PRD-0056,14,1181.86,16546.04,East,Online,Delivered
SO-005092,2026-03-29,CUS-0763,PRD-0049,28,5980.81,167462.68,West,Online,Delivered
SO-005093,2025-05-24,CUS-0636,PRD-0298,8,1831.15,14649.2,West,Distributor,Delivered
SO-005094,2026-09-12,CUS-0922,PRD-0064,8,4638.95,37111.6,Central,Distributor,Delivered
SO-005095,2025-11-25,CUS-0863,PRD-0477,9,5362.58,48263.22,East,Online,Delivered
SO-005096,2026-09-20,CUS-0856,PRD-0463,16,863.66,13818.56,Central,Online,Delivered
SO-005097,2026-04-29,CUS-0341,PRD-0396,4,5062.73,20250.92,South,Retail,Shipped
SO-005098,2024-11-25,CUS-0244,PRD-0452,9,1841.64,16574.76,West,Distributor,Delivered
SO-005099,2025-08-10,CUS-0062,PRD-0486,21,3826.69,80360.49,Central,Retail,Delivered
SO-005100,2026-04-30,CUS-0359,PRD-0365,2,4885.58,9771.16,South,Retail,Processing
SO-005101,2026-07-02,CUS-0725,PRD-0255,7,601.9,4213.3,North,Distributor,Delivered
SO-005102,2025-03-09,CUS-0203,PRD-0479,23,2931.29,67419.67,South,Retail,Delivered
SO-005103,2025-10-16,CUS-0449,PRD-0489,16,1309.19,20947.04,West,Distributor,Delivered
SO-005104,2026-01-19,CUS-0203,PRD-0448,15,2945.83,44187.45,East,Online,Delivered
SO-005105,2025-05-06,CUS-0013,PRD-0070,10,1342.91,13429.1,East,Online,Delivered
SO-005106,2026-01-14,CUS-0132,PRD-0114,12,152.58,1830.96,West,Retail,Delivered
SO-005107,2025-06-25,CUS-0381,PRD-0124,8,4904.17,39233.36,South,Distributor,Delivered
SO-005108,2026-07-12,CUS-0364,PRD-0438,27,2366.01,63882.27,North,Retail,Delivered
SO-005109,2026-04-26,CUS-0179,PRD-0498,3,1940.02,5820.06,Central,Online,Shipped
SO-005110,2026-01-18,CUS-0451,PRD-0400,24,224.67,5392.08,West,Online,Processing
SO-005111,2026-02-06,CUS-0869,PRD-0400,3,224.67,674.01,Central,Online,Delivered
SO-005112,2025-06-17,CUS-0469,PRD-0224,8,1906.78,15254.24,East,Online,Delivered
SO-005113,2026-09-03,CUS-0710,PRD-0482,11,2107.3,23180.3,South,Distributor,Delivered
SO-005114,2025-07-04,CUS-0665,PRD-0386,3,2962.71,8888.13,East,Online,Shipped
SO-005115,2026-06-17,CUS-0994,PRD-0105,17,4026.39,68448.63,East,Distributor,Delivered
SO-005116,2026-02-18,CUS-0249,PRD-0281,11,3975.66,43732.26,West,Retail,Delivered
SO-005117,2025-12-17,CUS-0286,PRD-0417,26,6674.74,173543.24,East,Retail,Delivered
SO-005118,2026-06-23,CUS-0279,PRD-0396,9,5062.73,45564.57,North,Online,Delivered
SO-005119,2025-04-30,CUS-0495,PRD-0058,6,4941.04,29646.24,South,Distributor,Delivered
SO-005120,2024-10-30,CUS-0399,PRD-0205,28,4466.98,125075.44,North,Retail,Delivered
SO-005121,2025-03-11,CUS-0254,PRD-0066,14,581.36,8139.04,West,Online,Processing
SO-005122,2025-01-29,CUS-0283,PRD-0103,1,5730.95,5730.95,East,Distributor,Shipped
SO-005123,2024-10-26,CUS-0917,PRD-0055,10,1137.43,11374.3,Central,Online,Delivered
SO-005124,2025-08-04,CUS-0889,PRD-0271,17,4508.65,76647.05,West,Distributor,Delivered
SO-005125,2024-11-28,CUS-0487,PRD-0065,1,671.21,671.21,South,Distributor,Delivered
SO-005126,2024-12-06,CUS-0752,PRD-0043,10,2399.52,23995.2,North,Retail,Shipped
SO-005127,2026-07-20,CUS-0737,PRD-0043,8,1999.6,15996.8,East,Distributor,Delivered
SO-005128,2026-06-15,CUS-0252,PRD-0094,6,3817.71,22906.26,South,Distributor,Delivered
SO-005129,2026-02-08,CUS-0126,PRD-0404,6,2985.52,17913.12,West,Retail,Delivered
SO-005130,2025-11-05,CUS-0758,PRD-0263,24,4903.13,117675.12,South,Online,Processing
SO-005131,2026-04-04,CUS-0205,PRD-0324,2,3480.31,6960.62,South,Online,Delivered
SO-005132,2026-01-31,CUS-0497,PRD-0330,13,358.68,4662.84,East,Online,Delivered
SO-005133,2024-12-24,CUS-0506,PRD-0032,5,5850.71,29253.55,West,Distributor,Delivered
SO-005134,2025-07-05,CUS-0463,PRD-0478,27,2188.84,59098.68,East,Retail,Delivered
SO-005135,2024-10-06,CUS-0309,PRD-0198,10,5904.37,59043.7,East,Retail,Delivered
SO-005136,2026-08-27,CUS-0391,PRD-0103,27,5730.95,154735.65,Central,Distributor,Delivered
SO-005137,2026-03-25,CUS-0594,PRD-0363,24,3326.43,79834.32,Central,Distributor,Delivered
SO-005138,2026-02-19,CUS-0754,PRD-0268,11,4521.3,49734.3,West,Retail,Delivered
SO-005139,2026-01-24,CUS-0630,PRD-0315,29,3215.25,93242.25,East,Online,Delivered
SO-005140,2026-06-02,CUS-0517,PRD-0254,13,5366.88,69769.44,Central,Retail,Delivered
SO-005141,2026-01-07,CUS-0791,PRD-0494,20,2448.03,48960.6,East,Retail,Delivered
SO-005142,2025-04-21,CUS-0037,PRD-0069,23,3140.92,72241.16,South,Retail,Delivered
SO-005143,2026-07-30,CUS-0917,PRD-0284,20,386.28,7725.6,North,Retail,Delivered
SO-005144,2025-10-26,CUS-0013,PRD-0202,26,5921.35,153955.1,North,Distributor,Delivered
SO-005145,2025-07-19,CUS-0599,PRD-0176,29,623.57,18083.53,South,Online,Delivered
SO-005146,2026-05-28,CUS-0986,PRD-0423,29,711.1,20621.9,Central,Retail,Delivered
SO-005147,2026-09-12,CUS-0033,PRD-0267,30,1127.11,33813.3,East,Retail,Delivered
SO-005148,2025-01-25,CUS-0045,PRD-0029,2,5712.46,11424.92,South,Online,Delivered
SO-005149,2025-05-10,CUS-0815,PRD-0280,1,3939.49,3939.49,South,Distributor,Delivered
SO-005150,2025-06-24,CUS-0746,PRD-0408,1,3047.73,3047.73,Central,Distributor,Processing
SO-005151,2025-01-15,CUS-0685,PRD-0225,13,4910.53,63836.89,South,Retail,Cancelled
SO-005152,2024-12-30,CUS-0743,PRD-0183,23,7072.58,162669.34,North,Retail,Processing
SO-005153,2026-05-20,CUS-0984,PRD-0344,13,5870.71,76319.23,East,Retail,Delivered
SO-005154,2026-02-25,CUS-0791,PRD-0266,18,1657.94,29842.92,South,Online,Shipped
SO-005155,2025-01-24,CUS-0407,PRD-0321,11,6275.93,69035.23,North,Online,Delivered
SO-005156,2026-01-12,CUS-0053,PRD-0048,25,4987.19,124679.75,East,Retail,Delivered
SO-005157,2026-05-12,CUS-0850,PRD-0094,22,3817.71,83989.62,North,Distributor,Shipped
SO-005158,2024-10-20,CUS-0982,PRD-0386,25,3555.25,88881.25,West,Distributor,Delivered
SO-005159,2025-09-04,CUS-0222,PRD-0230,11,3670.39,40374.29,East,Distributor,Delivered
SO-005160,2024-11-16,CUS-0105,PRD-0419,1,2746.79,2746.79,North,Online,Delivered
SO-005161,2026-02-24,CUS-0150,PRD-0494,14,2448.03,34272.42,East,Online,Processing
SO-005162,2024-10-15,CUS-0886,PRD-0139,6,5725.0,34350.0,Central,Distributor,Delivered
SO-005163,2024-12-13,CUS-0452,PRD-0231,10,810.42,8104.2,West,Online,Delivered
SO-005164,2026-06-01,CUS-0262,PRD-0307,7,6374.16,44619.12,East,Distributor,Delivered
SO-005165,2025-04-09,CUS-0124,PRD-0170,12,5321.59,63859.08,West,Distributor,Delivered
SO-005166,2025-12-24,CUS-0251,PRD-0057,16,3390.47,54247.52,East,Distributor,Delivered
SO-005167,2026-04-23,CUS-0552,PRD-0142,5,1752.58,8762.9,South,Distributor,Delivered
SO-005168,2025-05-01,CUS-0591,PRD-0137,20,1267.47,25349.4,Central,Retail,Shipped
SO-005169,2025-05-28,CUS-0402,PRD-0379,11,6474.05,71214.55,North,Retail,Delivered
SO-005170,2025-04-17,CUS-0240,PRD-0442,25,2804.33,70108.25,West,Online,Delivered
SO-005171,2025-07-10,CUS-0228,PRD-0447,20,4346.55,86931.0,South,Online,Shipped
SO-005172,2025-09-25,CUS-0158,PRD-0172,26,5845.22,151975.72,South,Retail,Processing
SO-005173,2025-01-06,CUS-0709,PRD-0231,1,675.35,675.35,South,Retail,Delivered
SO-005174,2025-12-10,CUS-0949,PRD-0008,7,1841.05,12887.35,Central,Retail,Delivered
SO-005175,2024-12-19,CUS-0715,PRD-0395,3,4638.31,13914.93,East,Retail,Processing
SO-005176,2025-05-23,CUS-0370,PRD-0084,1,2824.56,2824.56,South,Retail,Processing
SO-005177,2026-05-13,CUS-0856,PRD-0361,20,1248.83,24976.6,North,Retail,Cancelled
SO-005178,2024-11-27,CUS-0740,PRD-0231,8,810.42,6483.36,East,Retail,Delivered
SO-005179,2026-01-10,CUS-0143,PRD-0044,7,150.67,1054.69,South,Online,Delivered
SO-005180,2025-06-22,CUS-0648,PRD-0185,22,3168.36,69703.92,Central,Online,Delivered
SO-005181,2025-08-20,CUS-0850,PRD-0468,17,630.98,10726.66,Central,Distributor,Delivered
SO-005182,2025-03-11,CUS-0979,PRD-0003,13,4440.58,57727.54,Central,Online,Delivered
SO-005183,2026-02-24,CUS-0725,PRD-0279,7,3569.68,24987.76,South,Distributor,Delivered
SO-005184,2025-04-04,CUS-0838,PRD-0310,30,5633.85,169015.5,East,Retail,Delivered
SO-005185,2026-01-06,CUS-0971,PRD-0256,13,1080.39,14045.07,West,Online,Delivered
SO-005186,2025-10-13,CUS-0422,PRD-0250,23,940.18,21624.14,East,Retail,Delivered
SO-005187,2025-05-17,CUS-0898,PRD-0031,19,1040.09,19761.71,North,Distributor,Processing
SO-005188,2026-03-22,CUS-0644,PRD-0243,1,1508.36,1508.36,Central,Distributor,Delivered
SO-005189,2026-05-08,CUS-0758,PRD-0450,3,2868.55,8605.65,North,Online,Shipped
SO-005190,2026-08-11,CUS-0087,PRD-0118,20,359.5,7190.0,East,Distributor,Delivered
SO-005191,2024-11-24,CUS-0816,PRD-0493,12,4161.98,49943.76,Central,Distributor,Delivered
SO-005192,2025-12-30,CUS-0711,PRD-0347,29,3648.06,105793.74,North,Distributor,Cancelled
SO-005193,2026-04-24,CUS-0326,PRD-0051,5,5727.46,28637.3,South,Distributor,Delivered
SO-005194,2026-05-19,CUS-0891,PRD-0004,30,3891.43,116742.9,East,Distributor,Delivered
SO-005195,2024-11-17,CUS-0130,PRD-0204,16,1979.44,31671.04,West,Online,Delivered
SO-005196,2024-10-12,CUS-0184,PRD-0182,11,1737.05,19107.55,East,Retail,Delivered
SO-005197,2026-09-15,CUS-0010,PRD-0021,11,2488.06,27368.66,West,Online,Delivered
SO-005198,2026-05-04,CUS-0903,PRD-0291,24,4350.66,104415.84,West,Distributor,Delivered
SO-005199,2026-02-08,CUS-0861,PRD-0366,3,3113.27,9339.81,South,Online,Processing
SO-005200,2025-06-10,CUS-0672,PRD-0096,11,3460.13,38061.43,Central,Online,Delivered
SO-005201,2025-07-13,CUS-0614,PRD-0372,16,2557.13,40914.08,South,Distributor,Delivered
SO-005202,2024-10-06,CUS-0647,PRD-0322,9,7535.16,67816.44,Central,Distributor,Delivered
SO-005203,2025-12-04,CUS-0225,PRD-0227,6,3934.48,23606.88,Central,Retail,Delivered
SO-005204,2025-04-01,CUS-0163,PRD-0152,26,1468.87,38190.62,East,Online,Delivered
SO-005205,2026-07-27,CUS-0569,PRD-0388,23,5873.8,135097.4,North,Retail,Delivered
SO-005206,2026-04-23,CUS-0374,PRD-0148,13,940.82,12230.66,East,Retail,Delivered
SO-005207,2026-03-15,CUS-0316,PRD-0376,2,4177.52,8355.04,East,Online,Delivered
SO-005208,2025-08-24,CUS-0218,PRD-0133,16,2221.02,35536.32,South,Online,Cancelled
SO-005209,2025-07-17,CUS-0601,PRD-0233,21,4244.4,89132.4,South,Distributor,Processing
SO-005210,2025-01-13,CUS-0904,PRD-0104,2,1134.85,2269.7,South,Retail,Delivered
SO-005211,2026-05-15,CUS-0055,PRD-0257,23,672.61,15470.03,West,Retail,Delivered
SO-005212,2024-10-16,CUS-0583,PRD-0051,16,6872.95,109967.2,North,Retail,Delivered
SO-005213,2026-09-27,CUS-0864,PRD-0435,16,4429.61,70873.76,South,Online,Delivered
SO-005214,2025-09-09,CUS-0946,PRD-0416,17,3986.57,67771.69,Central,Retail,Delivered
SO-005215,2026-02-01,CUS-0929,PRD-0197,13,2279.88,29638.44,East,Retail,Delivered
SO-005216,2025-03-21,CUS-0396,PRD-0028,2,1835.51,3671.02,North,Retail,Processing
SO-005217,2026-06-12,CUS-0033,PRD-0096,17,3460.13,58822.21,South,Online,Delivered
SO-005218,2025-03-10,CUS-0819,PRD-0172,30,5845.22,175356.6,West,Online,Delivered
SO-005219,2026-07-27,CUS-0214,PRD-0043,11,1999.6,21995.6,East,Distributor,Delivered
SO-005220,2024-11-30,CUS-0977,PRD-0207,2,4787.44,9574.88,North,Distributor,Shipped
SO-005221,2025-01-15,CUS-0187,PRD-0219,11,4635.55,50991.05,Central,Distributor,Shipped
SO-005222,2026-09-18,CUS-0404,PRD-0467,25,2905.25,72631.25,North,Online,Shipped
SO-005223,2025-09-24,CUS-0069,PRD-0235,9,1541.57,13874.13,East,Distributor,Delivered
SO-005224,2026-05-31,CUS-0511,PRD-0479,30,2931.29,87938.7,Central,Retail,Delivered
SO-005225,2025-09-11,CUS-0041,PRD-0062,9,263.99,2375.91,East,Retail,Delivered
SO-005226,2026-07-23,CUS-0098,PRD-0365,12,4885.58,58626.96,East,Distributor,Processing
SO-005227,2026-09-19,CUS-0009,PRD-0261,7,5917.17,41420.19,East,Online,Delivered
SO-005228,2025-07-22,CUS-0818,PRD-0096,2,3460.13,6920.26,East,Retail,Processing
SO-005229,2025-07-31,CUS-0950,PRD-0052,24,498.98,11975.52,South,Online,Delivered
SO-005230,2026-05-01,CUS-0853,PRD-0284,9,386.28,3476.52,North,Distributor,Processing
SO-005231,2024-11-18,CUS-0347,PRD-0264,3,7399.38,22198.14,Central,Online,Delivered
SO-005232,2025-04-19,CUS-0620,PRD-0276,6,4900.86,29405.16,East,Online,Delivered
SO-005233,2025-09-25,CUS-0342,PRD-0254,15,5366.88,80503.2,West,Retail,Delivered
SO-005234,2024-11-06,CUS-0556,PRD-0125,21,7618.12,159980.52,Central,Retail,Cancelled
SO-005235,2026-02-09,CUS-0239,PRD-0144,30,2450.1,73503.0,North,Online,Delivered
SO-005236,2026-05-11,CUS-0506,PRD-0172,10,5845.22,58452.2,South,Retail,Processing
SO-005237,2026-05-24,CUS-0026,PRD-0179,13,2569.93,33409.09,East,Online,Shipped
SO-005238,2025-08-10,CUS-0518,PRD-0389,4,2666.14,10664.56,Central,Online,Processing
SO-005239,2025-10-10,CUS-0485,PRD-0113,10,5004.47,50044.7,West,Online,Delivered
SO-005240,2026-08-22,CUS-0921,PRD-0366,14,3113.27,43585.78,South,Online,Delivered
SO-005241,2026-04-20,CUS-0820,PRD-0438,26,2366.01,61516.26,West,Online,Delivered
SO-005242,2025-11-25,CUS-0569,PRD-0410,20,5400.53,108010.6,Central,Online,Delivered
SO-005243,2026-04-25,CUS-0573,PRD-0202,30,4934.46,148033.8,Central,Retail,Delivered
SO-005244,2025-01-02,CUS-0053,PRD-0490,16,789.31,12628.96,East,Distributor,Delivered
SO-005245,2025-08-15,CUS-0699,PRD-0431,7,5527.14,38689.98,South,Online,Delivered
SO-005246,2026-03-02,CUS-0786,PRD-0372,27,2557.13,69042.51,East,Retail,Delivered
SO-005247,2025-11-04,CUS-0596,PRD-0353,11,5852.09,64372.99,East,Online,Cancelled
SO-005248,2025-04-19,CUS-0217,PRD-0020,3,1900.69,5702.07,South,Distributor,Delivered
SO-005249,2026-08-29,CUS-0802,PRD-0375,20,5960.18,119203.6,North,Online,Delivered
SO-005250,2025-11-30,CUS-0148,PRD-0190,5,3128.42,15642.1,North,Online,Delivered
SO-005251,2025-10-23,CUS-0618,PRD-0416,28,4783.88,133948.64,North,Distributor,Delivered
SO-005252,2025-12-26,CUS-0254,PRD-0106,1,5261.15,5261.15,Central,Retail,Delivered
SO-005253,2026-09-02,CUS-0528,PRD-0047,23,4009.13,92209.99,North,Retail,Processing
SO-005254,2025-01-24,CUS-0314,PRD-0220,2,4804.28,9608.56,South,Distributor,Delivered
SO-005255,2026-06-16,CUS-0631,PRD-0051,18,5727.46,103094.28,South,Distributor,Processing
SO-005256,2024-12-09,CUS-0964,PRD-0064,9,5566.74,50100.66,Central,Online,Shipped
SO-005257,2024-12-21,CUS-0866,PRD-0093,25,1072.4,26810.0,Central,Retail,Processing
SO-005258,2025-06-23,CUS-0046,PRD-0390,18,6175.19,111153.42,South,Online,Delivered
SO-005259,2025-04-05,CUS-0201,PRD-0131,16,2074.07,33185.12,East,Online,Delivered
SO-005260,2024-10-08,CUS-0828,PRD-0043,12,2399.52,28794.24,South,Distributor,Processing
SO-005261,2025-03-01,CUS-0932,PRD-0116,26,4625.1,120252.6,West,Distributor,Delivered
SO-005262,2025-04-26,CUS-0329,PRD-0198,17,4920.31,83645.27,West,Distributor,Delivered
SO-005263,2026-06-23,CUS-0494,PRD-0253,21,6124.57,128615.97,West,Online,Shipped
SO-005264,2026-06-29,CUS-0455,PRD-0218,4,2891.54,11566.16,West,Online,Shipped
SO-005265,2026-05-28,CUS-0811,PRD-0405,20,3911.65,78233.0,South,Retail,Shipped
SO-005266,2025-12-01,CUS-0149,PRD-0312,6,6428.28,38569.68,North,Online,Delivered
SO-005267,2025-12-15,CUS-0374,PRD-0407,12,5715.05,68580.6,South,Retail,Shipped
SO-005268,2026-04-16,CUS-0938,PRD-0341,15,5944.72,89170.8,East,Distributor,Delivered
SO-005269,2026-03-02,CUS-0268,PRD-0497,13,2230.12,28991.56,South,Retail,Shipped
SO-005270,2026-07-03,CUS-0449,PRD-0263,24,4085.94,98062.56,East,Retail,Delivered
SO-005271,2026-06-16,CUS-0067,PRD-0113,6,4170.39,25022.34,East,Distributor,Cancelled
SO-005272,2025-08-07,CUS-0433,PRD-0474,13,1235.19,16057.47,Central,Distributor,Delivered
SO-005273,2025-10-14,CUS-0411,PRD-0031,11,1248.11,13729.21,South,Distributor,Delivered
SO-005274,2026-05-17,CUS-0986,PRD-0421,16,2848.48,45575.68,Central,Online,Delivered
SO-005275,2025-06-22,CUS-0244,PRD-0191,15,5484.02,82260.3,Central,Retail,Delivered
SO-005276,2025-08-31,CUS-0270,PRD-0388,25,5873.8,146845.0,Central,Retail,Processing
SO-005277,2025-12-10,CUS-0644,PRD-0171,11,6504.88,71553.68,West,Retail,Delivered
SO-005278,2025-07-09,CUS-0166,PRD-0169,19,6181.75,117453.25,East,Retail,Delivered
SO-005279,2026-01-04,CUS-0422,PRD-0495,21,2733.86,57411.06,East,Online,Shipped
SO-005280,2025-06-03,CUS-0803,PRD-0156,24,1937.71,46505.04,South,Retail,Delivered
SO-005281,2025-01-31,CUS-0265,PRD-0363,13,3326.43,43243.59,West,Retail,Delivered
SO-005282,2026-06-03,CUS-0528,PRD-0094,8,3817.71,30541.68,East,Retail,Delivered
SO-005283,2024-12-28,CUS-0478,PRD-0304,7,7395.34,51767.38,South,Distributor,Shipped
SO-005284,2026-03-18,CUS-0215,PRD-0325,19,4731.96,89907.24,North,Online,Delivered
SO-005285,2025-10-19,CUS-0749,PRD-0059,21,3205.9,67323.9,South,Distributor,Delivered
SO-005286,2025-03-03,CUS-0932,PRD-0018,25,4342.25,108556.25,East,Retail,Delivered
SO-005287,2026-09-06,CUS-0996,PRD-0320,15,2589.33,38839.95,West,Distributor,Shipped
SO-005288,2025-12-26,CUS-0973,PRD-0208,23,7530.32,173197.36,Central,Online,Delivered
SO-005289,2025-10-25,CUS-0779,PRD-0029,15,6854.95,102824.25,Central,Online,Delivered
SO-005290,2025-11-01,CUS-0280,PRD-0327,13,4920.19,63962.47,Central,Retail,Delivered
SO-005291,2025-05-22,CUS-0867,PRD-0319,12,408.03,4896.36,East,Online,Delivered
SO-005292,2024-10-11,CUS-0099,PRD-0023,17,5009.77,85166.09,West,Retail,Delivered
SO-005293,2026-09-22,CUS-0037,PRD-0145,1,4099.5,4099.5,West,Retail,Shipped
SO-005294,2025-09-07,CUS-0734,PRD-0186,19,4929.64,93663.16,West,Distributor,Cancelled
SO-005295,2025-02-03,CUS-0747,PRD-0414,18,4666.41,83995.38,South,Distributor,Delivered
SO-005296,2026-04-24,CUS-0382,PRD-0255,12,601.9,7222.8,North,Retail,Delivered
SO-005297,2025-02-28,CUS-0384,PRD-0312,30,5356.9,160707.0,North,Retail,Cancelled
SO-005298,2025-04-06,CUS-0190,PRD-0153,25,4300.48,107512.0,North,Distributor,Delivered
SO-005299,2025-04-22,CUS-0224,PRD-0482,10,2107.3,21073.0,North,Retail,Delivered
SO-005300,2026-06-30,CUS-0173,PRD-0218,26,2891.54,75180.04,South,Distributor,Delivered
SO-005301,2026-06-22,CUS-0226,PRD-0345,24,600.5,14412.0,South,Retail,Delivered
SO-005302,2025-01-18,CUS-0634,PRD-0250,29,783.48,22720.92,East,Retail,Delivered
SO-005303,2025-09-06,CUS-0131,PRD-0435,18,4429.61,79732.98,East,Retail,Delivered
SO-005304,2025-01-04,CUS-0500,PRD-0032,2,4875.59,9751.18,West,Online,Cancelled
SO-005305,2024-11-12,CUS-0441,PRD-0068,12,1167.4,14008.8,South,Retail,Processing
SO-005306,2025-10-18,CUS-0169,PRD-0281,3,4770.79,14312.37,North,Retail,Delivered
SO-005307,2025-03-16,CUS-0011,PRD-0154,10,2946.55,29465.5,East,Online,Cancelled
SO-005308,2025-09-27,CUS-0833,PRD-0431,18,5527.14,99488.52,North,Retail,Delivered
SO-005309,2025-04-13,CUS-0944,PRD-0141,7,2583.7,18085.9,South,Online,Delivered
SO-005310,2026-08-02,CUS-0569,PRD-0420,14,2779.86,38918.04,West,Online,Cancelled
SO-005311,2025-03-26,CUS-0550,PRD-0096,6,3460.13,20760.78,North,Distributor,Delivered
SO-005312,2026-05-30,CUS-0007,PRD-0411,25,598.13,14953.25,West,Distributor,Delivered
SO-005313,2026-08-22,CUS-0812,PRD-0422,5,6204.38,31021.9,South,Retail,Delivered
SO-005314,2026-05-28,CUS-0145,PRD-0290,7,2230.85,15615.95,East,Retail,Delivered
SO-005315,2025-07-28,CUS-0021,PRD-0294,11,5639.48,62034.28,Central,Retail,Delivered
SO-005316,2025-08-18,CUS-0132,PRD-0122,4,4378.36,17513.44,North,Distributor,Processing
SO-005317,2025-07-04,CUS-0947,PRD-0098,11,1821.96,20041.56,Central,Online,Delivered
SO-005318,2025-11-05,CUS-0361,PRD-0243,27,1810.03,48870.81,Central,Online,Delivered
SO-005319,2026-01-01,CUS-0275,PRD-0472,16,4763.41,76214.56,West,Distributor,Delivered
SO-005320,2024-11-25,CUS-0463,PRD-0036,24,6738.26,161718.24,North,Online,Delivered
SO-005321,2025-01-26,CUS-0441,PRD-0010,16,4577.14,73234.24,North,Online,Delivered
SO-005322,2025-12-21,CUS-0490,PRD-0095,24,782.69,18784.56,South,Online,Delivered
SO-005323,2025-09-10,CUS-0226,PRD-0136,13,6112.94,79468.22,South,Online,Delivered
SO-005324,2025-08-07,CUS-0261,PRD-0004,6,3891.43,23348.58,East,Distributor,Delivered
SO-005325,2025-12-12,CUS-0054,PRD-0159,2,342.7,685.4,South,Distributor,Delivered
SO-005326,2026-08-10,CUS-0439,PRD-0117,23,842.63,19380.49,East,Online,Delivered
SO-005327,2025-10-21,CUS-0973,PRD-0179,27,3083.92,83265.84,East,Distributor,Delivered
SO-005328,2025-11-07,CUS-0616,PRD-0210,11,5333.64,58670.04,West,Distributor,Delivered
SO-005329,2025-02-28,CUS-0645,PRD-0439,22,3737.46,82224.12,North,Online,Delivered
SO-005330,2025-11-06,CUS-0764,PRD-0102,29,2183.18,63312.22,South,Retail,Delivered
SO-005331,2025-04-14,CUS-0413,PRD-0362,16,5713.06,91408.96,East,Retail,Delivered
SO-005332,2025-03-08,CUS-0777,PRD-0003,27,4440.58,119895.66,West,Distributor,Delivered
SO-005333,2025-07-05,CUS-0954,PRD-0079,9,6302.5,56722.5,Central,Online,Delivered
SO-005334,2025-11-13,CUS-0947,PRD-0269,7,405.5,2838.5,Central,Online,Delivered
SO-005335,2025-07-07,CUS-0642,PRD-0440,9,1033.75,9303.75,North,Distributor,Delivered
SO-005336,2025-02-26,CUS-0456,PRD-0454,4,5018.01,20072.04,North,Distributor,Delivered
SO-005337,2026-09-01,CUS-0432,PRD-0355,3,4185.26,12555.78,South,Retail,Delivered
SO-005338,2026-02-13,CUS-0810,PRD-0125,14,6348.43,88878.02,Central,Distributor,Delivered
SO-005339,2026-06-30,CUS-0215,PRD-0048,21,4987.19,104730.99,North,Retail,Delivered
SO-005340,2025-07-24,CUS-0810,PRD-0408,6,3047.73,18286.38,West,Retail,Delivered
SO-005341,2026-02-03,CUS-0020,PRD-0411,28,598.13,16747.64,West,Distributor,Delivered
SO-005342,2024-12-11,CUS-0983,PRD-0391,15,5222.21,78333.15,West,Retail,Delivered
SO-005343,2025-01-05,CUS-0419,PRD-0210,17,4444.7,75559.9,East,Distributor,Delivered
SO-005344,2025-03-09,CUS-0283,PRD-0179,16,2569.93,41118.88,East,Online,Delivered
SO-005345,2025-12-28,CUS-0341,PRD-0492,9,2049.74,18447.66,South,Online,Cancelled
SO-005346,2024-10-16,CUS-0760,PRD-0104,16,1361.82,21789.12,South,Distributor,Delivered
SO-005347,2025-05-27,CUS-0655,PRD-0270,16,4608.03,73728.48,South,Retail,Delivered
SO-005348,2025-10-20,CUS-0689,PRD-0145,15,4919.4,73791.0,North,Distributor,Delivered
SO-005349,2026-06-13,CUS-0410,PRD-0206,16,4585.59,73369.44,East,Retail,Delivered
SO-005350,2024-12-20,CUS-0552,PRD-0393,14,7714.55,108003.7,West,Online,Delivered
SO-005351,2025-09-27,CUS-0012,PRD-0479,21,2931.29,61557.09,Central,Distributor,Delivered
SO-005352,2025-11-04,CUS-0150,PRD-0234,25,6217.18,155429.5,Central,Distributor,Delivered
SO-005353,2025-03-05,CUS-0198,PRD-0494,21,2448.03,51408.63,South,Online,Shipped
SO-005354,2026-07-24,CUS-0309,PRD-0408,16,3047.73,48763.68,South,Online,Delivered
SO-005355,2024-12-15,CUS-0500,PRD-0485,9,4697.15,42274.35,West,Online,Delivered
SO-005356,2025-12-11,CUS-0221,PRD-0150,28,4506.25,126175.0,East,Online,Delivered
SO-005357,2025-06-05,CUS-0757,PRD-0262,19,6436.49,122293.31,North,Retail,Delivered
SO-005358,2025-01-26,CUS-0658,PRD-0109,23,1120.2,25764.6,South,Distributor,Shipped
SO-005359,2026-03-14,CUS-0531,PRD-0453,18,178.97,3221.46,South,Online,Delivered
SO-005360,2025-06-15,CUS-0608,PRD-0467,23,2905.25,66820.75,South,Online,Delivered
SO-005361,2025-07-05,CUS-0328,PRD-0487,9,5920.64,53285.76,East,Online,Delivered
SO-005362,2024-10-08,CUS-0047,PRD-0320,10,3107.2,31072.0,West,Retail,Shipped
SO-005363,2025-10-04,CUS-0018,PRD-0498,1,2328.02,2328.02,East,Online,Delivered
SO-005364,2025-11-16,CUS-0762,PRD-0347,30,3648.06,109441.8,West,Distributor,Shipped
SO-005365,2026-03-15,CUS-0640,PRD-0500,3,5969.68,17909.04,West,Online,Delivered
SO-005366,2025-01-15,CUS-0842,PRD-0442,1,2804.33,2804.33,West,Online,Delivered
SO-005367,2026-07-29,CUS-0875,PRD-0429,15,2369.99,35549.85,East,Retail,Processing
SO-005368,2024-10-31,CUS-0133,PRD-0326,2,727.99,1455.98,North,Distributor,Delivered
SO-005369,2026-09-24,CUS-0213,PRD-0031,11,1040.09,11440.99,Central,Online,Delivered
SO-005370,2024-10-10,CUS-0418,PRD-0406,6,1849.52,11097.12,South,Retail,Delivered
SO-005371,2024-12-03,CUS-0526,PRD-0129,29,6822.85,197862.65,East,Distributor,Delivered
SO-005372,2024-10-29,CUS-0497,PRD-0320,16,3107.2,49715.2,South,Retail,Delivered
SO-005373,2026-03-14,CUS-0107,PRD-0064,12,4638.95,55667.4,North,Distributor,Delivered
SO-005374,2026-07-01,CUS-0845,PRD-0016,29,3646.5,105748.5,South,Distributor,Delivered
SO-005375,2025-04-25,CUS-0936,PRD-0190,12,2607.02,31284.24,Central,Distributor,Delivered
SO-005376,2024-11-03,CUS-0632,PRD-0118,10,431.4,4314.0,West,Distributor,Delivered
SO-005377,2025-12-24,CUS-0472,PRD-0042,7,6031.16,42218.12,South,Online,Delivered
SO-005378,2025-10-10,CUS-0264,PRD-0197,17,2735.86,46509.62,Central,Online,Delivered
SO-005379,2026-03-25,CUS-0356,PRD-0476,5,4935.81,24679.05,East,Distributor,Delivered
SO-005380,2025-05-24,CUS-0473,PRD-0087,4,518.3,2073.2,West,Retail,Processing
SO-005381,2026-05-19,CUS-0829,PRD-0010,5,4577.14,22885.7,South,Distributor,Processing
SO-005382,2025-12-03,CUS-0384,PRD-0037,10,1378.9,13789.0,North,Online,Delivered
SO-005383,2026-06-15,CUS-0978,PRD-0366,20,3113.27,62265.4,Central,Online,Delivered
SO-005384,2026-02-28,CUS-0738,PRD-0357,3,748.93,2246.79,West,Distributor,Delivered
SO-005385,2026-04-27,CUS-0094,PRD-0104,26,1134.85,29506.1,West,Retail,Processing
SO-005386,2026-04-11,CUS-0732,PRD-0184,28,5587.39,156446.92,West,Retail,Delivered
SO-005387,2025-03-07,CUS-0018,PRD-0197,4,2279.88,9119.52,South,Retail,Delivered
SO-005388,2025-03-28,CUS-0068,PRD-0272,5,3886.96,19434.8,West,Retail,Delivered
SO-005389,2026-08-17,CUS-0793,PRD-0364,7,1766.9,12368.3,South,Online,Delivered
SO-005390,2026-08-09,CUS-0110,PRD-0087,19,518.3,9847.7,Central,Distributor,Delivered
SO-005391,2025-10-05,CUS-0961,PRD-0358,13,6184.14,80393.82,South,Distributor,Processing
SO-005392,2025-05-12,CUS-0422,PRD-0430,20,1485.15,29703.0,West,Distributor,Delivered
SO-005393,2026-04-21,CUS-0791,PRD-0298,20,1831.15,36623.0,Central,Retail,Processing
SO-005394,2026-02-02,CUS-0498,PRD-0368,26,6291.51,163579.26,South,Distributor,Shipped
SO-005395,2025-10-16,CUS-0808,PRD-0360,19,7109.2,135074.8,East,Distributor,Shipped
SO-005396,2025-01-11,CUS-0543,PRD-0029,26,5712.46,148523.96,West,Online,Processing
SO-005397,2025-12-24,CUS-0504,PRD-0265,5,1769.08,8845.4,South,Distributor,Delivered
SO-005398,2025-03-25,CUS-0673,PRD-0357,14,748.93,10485.02,South,Retail,Delivered
SO-005399,2025-07-07,CUS-0847,PRD-0388,22,5873.8,129223.6,South,Retail,Delivered
SO-005400,2025-01-03,CUS-0361,PRD-0082,10,2544.06,25440.6,South,Distributor,Delivered
SO-005401,2026-05-31,CUS-0890,PRD-0318,6,3772.35,22634.1,North,Retail,Cancelled
SO-005402,2025-07-12,CUS-0007,PRD-0128,28,1144.09,32034.52,East,Retail,Delivered
SO-005403,2026-01-17,CUS-0769,PRD-0339,20,1245.19,24903.8,South,Online,Delivered
SO-005404,2025-08-03,CUS-0914,PRD-0425,28,3674.09,102874.52,North,Online,Delivered
SO-005405,2025-02-25,CUS-0326,PRD-0012,23,720.79,16578.17,South,Retail,Delivered
SO-005406,2025-01-31,CUS-0644,PRD-0352,13,181.58,2360.54,East,Distributor,Delivered
SO-005407,2025-05-24,CUS-0987,PRD-0156,3,1937.71,5813.13,East,Retail,Delivered
SO-005408,2026-02-19,CUS-0956,PRD-0463,20,863.66,17273.2,Central,Retail,Delivered
SO-005409,2025-05-05,CUS-0184,PRD-0047,16,4009.13,64146.08,Central,Retail,Delivered
SO-005410,2024-12-02,CUS-0801,PRD-0307,20,7648.99,152979.8,South,Retail,Delivered
SO-005411,2025-12-15,CUS-0175,PRD-0112,21,3890.34,81697.14,Central,Distributor,Delivered
SO-005412,2026-05-03,CUS-0158,PRD-0411,30,598.13,17943.9,Central,Retail,Delivered
SO-005413,2026-08-02,CUS-0139,PRD-0193,7,3725.18,26076.26,West,Online,Shipped
SO-005414,2026-03-15,CUS-0697,PRD-0198,12,4920.31,59043.72,North,Distributor,Delivered
SO-005415,2026-03-23,CUS-0315,PRD-0030,29,4305.15,124849.35,Central,Retail,Processing
SO-005416,2026-02-27,CUS-0780,PRD-0435,15,4429.61,66444.15,West,Online,Cancelled
SO-005417,2026-03-01,CUS-0524,PRD-0001,1,4203.15,4203.15,West,Distributor,Delivered
SO-005418,2026-07-17,CUS-0917,PRD-0408,20,3047.73,60954.6,East,Retail,Delivered
SO-005419,2025-12-10,CUS-0949,PRD-0333,25,5968.26,149206.5,Central,Online,Delivered
SO-005420,2025-10-25,CUS-0879,PRD-0152,25,1762.64,44066.0,South,Online,Delivered
SO-005421,2026-04-18,CUS-0183,PRD-0441,22,4882.73,107420.06,Central,Distributor,Delivered
SO-005422,2026-09-18,CUS-0054,PRD-0343,9,1756.43,15807.87,West,Online,Delivered
SO-005423,2025-11-14,CUS-0883,PRD-0158,13,1873.15,24350.95,East,Online,Delivered
SO-005424,2024-12-10,CUS-0353,PRD-0219,23,5562.66,127941.18,East,Retail,Delivered
SO-005425,2025-03-12,CUS-0943,PRD-0359,11,2454.17,26995.87,North,Retail,Delivered
SO-005426,2025-01-01,CUS-0921,PRD-0218,21,2891.54,60722.34,South,Online,Delivered
SO-005427,2026-03-26,CUS-0169,PRD-0476,13,4935.81,64165.53,West,Online,Delivered
SO-005428,2026-06-18,CUS-0987,PRD-0130,26,1401.28,36433.28,East,Retail,Delivered
SO-005429,2026-04-26,CUS-0656,PRD-0255,29,601.9,17455.1,Central,Distributor,Delivered
SO-005430,2026-04-03,CUS-0530,PRD-0221,4,5278.23,21112.92,Central,Retail,Delivered
SO-005431,2025-04-25,CUS-0826,PRD-0248,20,1877.37,37547.4,West,Online,Shipped
SO-005432,2025-08-27,CUS-0814,PRD-0323,14,5698.59,79780.26,South,Online,Delivered
SO-005433,2025-10-12,CUS-0700,PRD-0321,25,7531.12,188278.0,North,Distributor,Delivered
SO-005434,2025-11-07,CUS-0708,PRD-0354,13,4796.41,62353.33,North,Online,Delivered
SO-005435,2025-09-01,CUS-0386,PRD-0270,5,4608.03,23040.15,West,Distributor,Delivered
SO-005436,2025-01-27,CUS-0245,PRD-0130,23,1401.28,32229.44,Central,Distributor,Processing
SO-005437,2025-06-22,CUS-0993,PRD-0464,27,1224.83,33070.41,East,Distributor,Delivered
SO-005438,2025-06-29,CUS-0842,PRD-0051,26,5727.46,148913.96,Central,Retail,Delivered
SO-005439,2025-03-26,CUS-0326,PRD-0378,19,418.86,7958.34,South,Distributor,Delivered
SO-005440,2025-08-04,CUS-0262,PRD-0405,26,3911.65,101702.9,Central,Retail,Delivered
SO-005441,2025-04-02,CUS-0753,PRD-0197,13,2279.88,29638.44,South,Online,Cancelled
SO-005442,2025-12-04,CUS-0349,PRD-0166,13,539.87,7018.31,Central,Distributor,Delivered
SO-005443,2025-01-23,CUS-0573,PRD-0479,13,2931.29,38106.77,East,Retail,Delivered
SO-005444,2025-03-24,CUS-0183,PRD-0204,15,1649.53,24742.95,North,Retail,Delivered
SO-005445,2025-10-19,CUS-0644,PRD-0008,25,1841.05,46026.25,North,Retail,Delivered
SO-005446,2026-09-29,CUS-0932,PRD-0407,28,4762.54,133351.12,South,Retail,Delivered
SO-005447,2025-03-02,CUS-0935,PRD-0361,6,1248.83,7492.98,South,Retail,Delivered
SO-005448,2025-08-16,CUS-0956,PRD-0182,30,1447.54,43426.2,South,Retail,Shipped
SO-005449,2024-10-12,CUS-0539,PRD-0321,7,7531.12,52717.84,South,Distributor,Shipped
SO-005450,2026-04-09,CUS-0113,PRD-0329,14,6207.86,86910.04,South,Online,Delivered
SO-005451,2026-03-06,CUS-0480,PRD-0312,20,5356.9,107138.0,North,Distributor,Delivered
SO-005452,2025-09-04,CUS-0999,PRD-0425,28,3674.09,102874.52,East,Retail,Delivered
SO-005453,2026-05-08,CUS-0213,PRD-0397,25,1896.25,47406.25,North,Online,Shipped
SO-005454,2026-06-26,CUS-0305,PRD-0340,30,4077.55,122326.5,East,Distributor,Processing
SO-005455,2026-03-10,CUS-0233,PRD-0185,4,3168.36,12673.44,North,Online,Delivered
SO-005456,2025-10-15,CUS-0317,PRD-0122,24,5254.03,126096.72,West,Distributor,Shipped
SO-005457,2025-09-23,CUS-0747,PRD-0284,9,386.28,3476.52,West,Online,Shipped
SO-005458,2026-06-23,CUS-0812,PRD-0339,19,1245.19,23658.61,East,Distributor,Delivered
SO-005459,2026-03-15,CUS-0854,PRD-0257,24,672.61,16142.64,East,Distributor,Delivered
SO-005460,2025-12-17,CUS-0116,PRD-0002,22,2027.95,44614.9,Central,Distributor,Delivered
SO-005461,2026-06-09,CUS-0629,PRD-0344,12,5870.71,70448.52,East,Retail,Delivered
SO-005462,2026-04-06,CUS-0710,PRD-0412,27,4004.86,108131.22,South,Distributor,Delivered
SO-005463,2025-06-29,CUS-0641,PRD-0210,15,4444.7,66670.5,East,Online,Delivered
SO-005464,2025-07-01,CUS-0908,PRD-0144,10,2450.1,24501.0,North,Online,Delivered
SO-005465,2025-04-15,CUS-0421,PRD-0314,10,5641.71,56417.1,North,Retail,Delivered
SO-005466,2025-10-16,CUS-0865,PRD-0050,20,3890.9,77818.0,North,Online,Cancelled
SO-005467,2025-03-20,CUS-0749,PRD-0139,15,4770.83,71562.45,West,Distributor,Delivered
SO-005468,2025-02-01,CUS-0750,PRD-0222,13,3091.24,40186.12,West,Distributor,Cancelled
SO-005469,2025-04-03,CUS-0201,PRD-0408,2,3047.73,6095.46,South,Distributor,Delivered
SO-005470,2025-10-19,CUS-0510,PRD-0391,27,5222.21,140999.67,East,Online,Delivered
SO-005471,2025-10-07,CUS-0739,PRD-0047,15,4810.96,72164.4,West,Online,Delivered
SO-005472,2025-05-13,CUS-0248,PRD-0275,9,509.9,4589.1,South,Retail,Delivered
SO-005473,2025-04-01,CUS-0943,PRD-0111,29,4509.36,130771.44,North,Distributor,Delivered
SO-005474,2025-03-10,CUS-0629,PRD-0437,23,1279.25,29422.75,South,Distributor,Processing
SO-005475,2025-05-24,CUS-0429,PRD-0034,28,2674.18,74877.04,West,Retail,Shipped
SO-005476,2026-03-10,CUS-0265,PRD-0366,20,3113.27,62265.4,Central,Retail,Shipped
SO-005477,2025-08-10,CUS-0646,PRD-0348,22,6496.01,142912.22,Central,Online,Delivered
SO-005478,2025-04-07,CUS-0934,PRD-0113,3,4170.39,12511.17,North,Retail,Delivered
SO-005479,2025-11-17,CUS-0154,PRD-0115,6,1391.14,8346.84,South,Online,Delivered
SO-005480,2025-02-02,CUS-0867,PRD-0363,16,3326.43,53222.88,North,Online,Delivered
SO-005481,2025-08-14,CUS-0862,PRD-0353,7,4876.74,34137.18,East,Distributor,Delivered
SO-005482,2026-08-12,CUS-0928,PRD-0227,11,3278.73,36066.03,North,Retail,Delivered
SO-005483,2025-07-04,CUS-0572,PRD-0482,28,2107.3,59004.4,East,Online,Delivered
SO-005484,2026-05-12,CUS-0711,PRD-0013,22,5528.54,121627.88,South,Distributor,Delivered
SO-005485,2025-11-12,CUS-0591,PRD-0326,29,727.99,21111.71,South,Online,Delivered
SO-005486,2026-02-20,CUS-0327,PRD-0125,26,6348.43,165059.18,South,Distributor,Delivered
SO-005487,2026-07-18,CUS-0516,PRD-0020,11,1900.69,20907.59,South,Online,Delivered
SO-005488,2025-12-06,CUS-0719,PRD-0466,5,3494.23,17471.15,East,Distributor,Delivered
SO-005489,2024-10-19,CUS-0742,PRD-0100,18,3659.14,65864.52,East,Retail,Delivered
SO-005490,2024-10-12,CUS-0714,PRD-0456,7,5866.18,41063.26,West,Retail,Delivered
SO-005491,2024-12-15,CUS-0517,PRD-0098,3,2186.35,6559.05,East,Distributor,Delivered
SO-005492,2026-06-20,CUS-0209,PRD-0143,27,3441.89,92931.03,North,Online,Delivered
SO-005493,2025-05-12,CUS-0091,PRD-0094,18,3817.71,68718.78,South,Retail,Delivered
SO-005494,2026-06-25,CUS-0106,PRD-0486,27,3826.69,103320.63,North,Distributor,Delivered
SO-005495,2024-12-17,CUS-0666,PRD-0080,25,3262.63,81565.75,Central,Distributor,Delivered
SO-005496,2025-09-27,CUS-0604,PRD-0139,12,4770.83,57249.96,South,Distributor,Shipped
SO-005497,2025-02-10,CUS-0403,PRD-0446,18,4423.18,79617.24,Central,Retail,Delivered
SO-005498,2025-04-29,CUS-0248,PRD-0421,24,2848.48,68363.52,West,Distributor,Processing
SO-005499,2026-07-21,CUS-0684,PRD-0219,9,4635.55,41719.95,East,Distributor,Delivered
SO-005500,2026-05-03,CUS-0096,PRD-0142,8,1752.58,14020.64,South,Distributor,Delivered
SO-005501,2025-06-13,CUS-0201,PRD-0094,18,3817.71,68718.78,East,Retail,Delivered
SO-005502,2025-04-14,CUS-0106,PRD-0225,29,4910.53,142405.37,East,Distributor,Processing
SO-005503,2025-05-04,CUS-0861,PRD-0240,24,2083.18,49996.32,North,Retail,Delivered
SO-005504,2026-03-27,CUS-0545,PRD-0031,13,1040.09,13521.17,Central,Online,Cancelled
SO-005505,2025-05-15,CUS-0459,PRD-0007,22,4691.05,103203.1,South,Retail,Delivered
SO-005506,2025-03-15,CUS-0861,PRD-0360,19,5924.33,112562.27,South,Distributor,Delivered
SO-005507,2026-02-24,CUS-0620,PRD-0128,30,1144.09,34322.7,South,Distributor,Shipped
SO-005508,2025-06-10,CUS-0059,PRD-0329,16,6207.86,99325.76,South,Distributor,Delivered
SO-005509,2025-08-01,CUS-0183,PRD-0208,9,6275.27,56477.43,East,Online,Processing
SO-005510,2024-12-12,CUS-0876,PRD-0035,29,4050.82,117473.78,North,Retail,Delivered
SO-005511,2025-03-31,CUS-0142,PRD-0380,26,1625.68,42267.68,South,Online,Delivered
SO-005512,2026-03-05,CUS-0749,PRD-0256,29,1080.39,31331.31,East,Retail,Delivered
SO-005513,2024-12-08,CUS-0938,PRD-0200,2,5881.55,11763.1,East,Retail,Delivered
SO-005514,2025-05-18,CUS-0932,PRD-0379,3,6474.05,19422.15,North,Distributor,Delivered
SO-005515,2026-04-23,CUS-0145,PRD-0110,2,1471.72,2943.44,South,Retail,Delivered
SO-005516,2025-03-12,CUS-0575,PRD-0149,4,4444.52,17778.08,Central,Distributor,Delivered
SO-005517,2026-03-19,CUS-0435,PRD-0455,24,2220.14,53283.36,Central,Online,Delivered
SO-005518,2025-07-23,CUS-0077,PRD-0402,26,463.79,12058.54,West,Distributor,Cancelled
SO-005519,2026-02-12,CUS-0579,PRD-0348,12,6496.01,77952.12,Central,Distributor,Delivered
SO-005520,2025-07-06,CUS-0080,PRD-0025,12,6433.26,77199.12,East,Online,Delivered
SO-005521,2026-02-28,CUS-0091,PRD-0108,10,1814.64,18146.4,Central,Online,Delivered
SO-005522,2025-04-21,CUS-0486,PRD-0455,28,2220.14,62163.92,Central,Online,Cancelled
SO-005523,2026-07-12,CUS-0331,PRD-0466,5,2911.86,14559.3,East,Online,Delivered
SO-005524,2025-05-02,CUS-0219,PRD-0329,1,6207.86,6207.86,West,Retail,Delivered
SO-005525,2026-03-11,CUS-0272,PRD-0486,25,3826.69,95667.25,East,Online,Delivered
SO-005526,2025-09-10,CUS-0998,PRD-0329,16,6207.86,99325.76,North,Retail,Shipped
SO-005527,2025-01-03,CUS-0246,PRD-0457,24,2551.93,61246.32,East,Online,Delivered
SO-005528,2025-07-11,CUS-0853,PRD-0111,10,4509.36,45093.6,West,Distributor,Delivered
SO-005529,2025-08-25,CUS-0339,PRD-0261,3,5917.17,17751.51,West,Online,Delivered
SO-005530,2026-07-06,CUS-0270,PRD-0486,5,3826.69,19133.45,West,Distributor,Shipped
SO-005531,2026-06-25,CUS-0629,PRD-0090,14,492.32,6892.48,East,Retail,Shipped
SO-005532,2024-12-27,CUS-0990,PRD-0294,27,6767.38,182719.26,South,Distributor,Delivered
SO-005533,2026-04-26,CUS-0343,PRD-0154,19,2946.55,55984.45,North,Retail,Delivered
SO-005534,2025-08-06,CUS-0769,PRD-0292,30,363.77,10913.1,East,Online,Delivered
SO-005535,2024-11-16,CUS-0541,PRD-0491,5,4012.78,20063.9,North,Distributor,Delivered
SO-005536,2024-11-24,CUS-0897,PRD-0085,12,1339.26,16071.12,East,Retail,Delivered
SO-005537,2026-05-26,CUS-0378,PRD-0321,26,6275.93,163174.18,South,Online,Delivered
SO-005538,2025-11-29,CUS-0610,PRD-0370,3,2177.53,6532.59,Central,Retail,Delivered
SO-005539,2025-07-03,CUS-0315,PRD-0247,13,2055.44,26720.72,West,Retail,Delivered
SO-005540,2025-11-14,CUS-0981,PRD-0001,12,5043.78,60525.36,Central,Retail,Delivered
SO-005541,2025-01-30,CUS-0781,PRD-0403,15,853.94,12809.1,East,Online,Processing
SO-005542,2026-04-02,CUS-0090,PRD-0049,1,5980.81,5980.81,North,Online,Delivered
SO-005543,2025-07-05,CUS-0446,PRD-0383,1,4301.86,4301.86,Central,Retail,Processing
SO-005544,2025-02-17,CUS-0768,PRD-0115,21,1159.28,24344.88,East,Retail,Delivered
SO-005545,2026-06-16,CUS-0440,PRD-0140,23,3991.55,91805.65,East,Retail,Delivered
SO-005546,2026-02-11,CUS-0159,PRD-0163,11,2675.79,29433.69,West,Distributor,Shipped
SO-005547,2025-05-08,CUS-0728,PRD-0087,3,518.3,1554.9,East,Retail,Delivered
SO-005548,2024-11-13,CUS-0293,PRD-0328,14,6666.89,93336.46,West,Online,Delivered
SO-005549,2026-03-31,CUS-0906,PRD-0250,10,783.48,7834.8,North,Retail,Shipped
SO-005550,2026-08-21,CUS-0688,PRD-0414,6,4666.41,27998.46,North,Online,Delivered
SO-005551,2025-08-18,CUS-0621,PRD-0244,22,4745.61,104403.42,West,Distributor,Shipped
SO-005552,2026-01-02,CUS-0880,PRD-0171,3,5420.73,16262.19,North,Distributor,Processing
SO-005553,2024-11-03,CUS-0829,PRD-0237,12,4386.76,52641.12,South,Online,Delivered
SO-005554,2026-08-01,CUS-0297,PRD-0486,16,3826.69,61227.04,North,Online,Delivered
SO-005555,2026-06-30,CUS-0920,PRD-0100,20,3049.28,60985.6,East,Retail,Delivered
SO-005556,2025-10-12,CUS-0426,PRD-0492,12,2049.74,24596.88,Central,Distributor,Processing
SO-005557,2026-01-16,CUS-0563,PRD-0413,26,1881.85,48928.1,Central,Retail,Shipped
SO-005558,2025-10-10,CUS-0694,PRD-0177,12,2232.98,26795.76,South,Distributor,Delivered
SO-005559,2025-12-30,CUS-0313,PRD-0032,4,5850.71,23402.84,East,Retail,Processing
SO-005560,2026-07-12,CUS-0265,PRD-0032,21,4875.59,102387.39,East,Retail,Delivered
SO-005561,2025-03-19,CUS-0609,PRD-0086,15,6300.68,94510.2,South,Retail,Delivered
SO-005562,2025-09-26,CUS-0563,PRD-0312,27,5356.9,144636.3,Central,Distributor,Delivered
SO-005563,2025-04-23,CUS-0778,PRD-0437,14,1279.25,17909.5,South,Retail,Delivered
SO-005564,2025-09-25,CUS-0617,PRD-0379,13,6474.05,84162.65,East,Online,Delivered
SO-005565,2025-07-05,CUS-0530,PRD-0222,1,3091.24,3091.24,South,Distributor,Delivered
SO-005566,2025-05-17,CUS-0174,PRD-0116,16,4625.1,74001.6,West,Distributor,Shipped
SO-005567,2024-11-02,CUS-0735,PRD-0241,30,5669.5,170085.0,South,Distributor,Delivered
SO-005568,2025-01-29,CUS-0749,PRD-0259,24,3927.33,94255.92,South,Distributor,Delivered
SO-005569,2024-11-14,CUS-0528,PRD-0454,21,6021.61,126453.81,North,Retail,Shipped
SO-005570,2026-03-27,CUS-0670,PRD-0476,17,4935.81,83908.77,West,Retail,Delivered
SO-005571,2026-03-20,CUS-0289,PRD-0155,4,3144.19,12576.76,North,Online,Delivered
SO-005572,2026-03-22,CUS-0804,PRD-0465,21,5430.01,114030.21,South,Online,Delivered
SO-005573,2026-05-16,CUS-0849,PRD-0225,18,4910.53,88389.54,South,Online,Shipped
SO-005574,2025-11-15,CUS-0129,PRD-0297,24,4936.62,118478.88,West,Online,Delivered
SO-005575,2026-07-09,CUS-0358,PRD-0055,20,947.86,18957.2,Central,Online,Delivered
SO-005576,2025-09-11,CUS-0584,PRD-0392,22,452.18,9947.96,South,Retail,Cancelled
SO-005577,2024-10-28,CUS-0515,PRD-0355,2,5022.31,10044.62,Central,Retail,Delivered
SO-005578,2025-09-30,CUS-0172,PRD-0349,17,1641.0,27897.0,South,Retail,Delivered
SO-005579,2025-08-13,CUS-0275,PRD-0182,5,1447.54,7237.7,West,Retail,Delivered
SO-005580,2025-03-02,CUS-0197,PRD-0444,30,3927.95,117838.5,South,Distributor,Shipped
SO-005581,2024-11-15,CUS-0076,PRD-0335,30,507.56,15226.8,West,Distributor,Delivered
SO-005582,2026-03-28,CUS-0184,PRD-0401,5,2192.42,10962.1,Central,Distributor,Delivered
SO-005583,2025-06-30,CUS-0986,PRD-0208,24,6275.27,150606.48,East,Retail,Delivered
SO-005584,2026-05-10,CUS-0415,PRD-0176,13,623.57,8106.41,West,Online,Delivered
SO-005585,2025-01-12,CUS-0882,PRD-0348,16,6496.01,103936.16,West,Retail,Delivered
SO-005586,2026-05-23,CUS-0741,PRD-0179,23,2569.93,59108.39,Central,Retail,Delivered
SO-005587,2026-03-03,CUS-0018,PRD-0309,28,6002.3,168064.4,East,Distributor,Delivered
SO-005588,2026-03-23,CUS-0357,PRD-0450,26,2868.55,74582.3,Central,Online,Processing
SO-005589,2025-02-07,CUS-0665,PRD-0247,6,2055.44,12332.64,West,Retail,Delivered
SO-005590,2025-06-17,CUS-0188,PRD-0165,19,1524.02,28956.38,West,Online,Delivered
SO-005591,2026-08-20,CUS-0438,PRD-0139,13,4770.83,62020.79,North,Retail,Delivered
SO-005592,2025-07-05,CUS-0680,PRD-0229,23,2297.96,52853.08,Central,Distributor,Delivered
SO-005593,2025-12-12,CUS-0874,PRD-0473,3,941.83,2825.49,Central,Distributor,Delivered
SO-005594,2026-08-08,CUS-0447,PRD-0288,26,3123.97,81223.22,North,Online,Delivered
SO-005595,2026-02-09,CUS-0577,PRD-0488,3,2178.12,6534.36,Central,Retail,Shipped
SO-005596,2026-08-07,CUS-0841,PRD-0380,8,1625.68,13005.44,Central,Distributor,Delivered
SO-005597,2025-06-02,CUS-0677,PRD-0184,17,5587.39,94985.63,West,Retail,Cancelled
SO-005598,2026-09-01,CUS-0510,PRD-0244,28,4745.61,132877.08,East,Retail,Delivered
SO-005599,2024-12-22,CUS-0937,PRD-0371,4,2973.47,11893.88,Central,Distributor,Delivered
SO-005600,2025-03-30,CUS-0011,PRD-0370,24,1814.61,43550.64,South,Retail,Delivered
SO-005601,2026-02-02,CUS-0618,PRD-0312,21,5356.9,112494.9,East,Online,Shipped
SO-005602,2025-12-16,CUS-0229,PRD-0432,21,2965.64,62278.44,East,Online,Delivered
SO-005603,2025-11-06,CUS-0474,PRD-0274,12,7099.91,85198.92,Central,Distributor,Delivered
SO-005604,2025-12-26,CUS-0009,PRD-0052,26,598.78,15568.28,South,Distributor,Delivered
SO-005605,2025-05-10,CUS-0687,PRD-0249,21,1990.91,41809.11,North,Distributor,Delivered
SO-005606,2026-03-23,CUS-0417,PRD-0197,19,2279.88,43317.72,East,Retail,Delivered
SO-005607,2025-01-13,CUS-0587,PRD-0496,2,463.57,927.14,West,Online,Processing
SO-005608,2024-10-20,CUS-0016,PRD-0190,5,3128.42,15642.1,West,Retail,Delivered
SO-005609,2025-06-04,CUS-0563,PRD-0450,1,2868.55,2868.55,East,Online,Delivered
SO-005610,2025-08-14,CUS-0817,PRD-0365,7,4885.58,34199.06,West,Distributor,Delivered
SO-005611,2024-11-20,CUS-0503,PRD-0452,6,1841.64,11049.84,East,Retail,Delivered
SO-005612,2025-12-28,CUS-0770,PRD-0233,2,5093.28,10186.56,North,Online,Delivered
SO-005613,2025-09-26,CUS-0276,PRD-0257,16,672.61,10761.76,North,Retail,Delivered
SO-005614,2025-08-20,CUS-0376,PRD-0320,10,2589.33,25893.3,South,Online,Processing
SO-005615,2025-05-14,CUS-0325,PRD-0274,23,5916.59,136081.57,West,Retail,Delivered
SO-005616,2026-01-10,CUS-0644,PRD-0062,24,263.99,6335.76,Central,Retail,Delivered
SO-005617,2025-09-03,CUS-0433,PRD-0272,8,3886.96,31095.68,West,Distributor,Delivered
SO-005618,2025-11-19,CUS-0601,PRD-0441,21,5859.28,123044.88,North,Retail,Delivered
SO-005619,2024-10-22,CUS-0407,PRD-0018,9,5210.7,46896.3,North,Retail,Delivered
SO-005620,2024-11-27,CUS-0149,PRD-0204,1,1979.44,1979.44,West,Retail,Shipped
SO-005621,2026-08-05,CUS-0657,PRD-0296,24,3432.45,82378.8,South,Distributor,Delivered
SO-005622,2025-03-26,CUS-0029,PRD-0325,4,4731.96,18927.84,Central,Distributor,Delivered
SO-005623,2026-05-05,CUS-0979,PRD-0260,21,5071.17,106494.57,East,Retail,Delivered
SO-005624,2026-09-21,CUS-0552,PRD-0480,13,4151.93,53975.09,East,Retail,Delivered
SO-005625,2025-02-24,CUS-0566,PRD-0494,5,2448.03,12240.15,North,Distributor,Shipped
SO-005626,2026-06-07,CUS-0940,PRD-0217,25,5541.8,138545.0,South,Retail,Delivered
SO-005627,2024-12-02,CUS-0259,PRD-0053,23,810.73,18646.79,South,Distributor,Processing
SO-005628,2026-05-15,CUS-0386,PRD-0192,17,3532.37,60050.29,North,Retail,Delivered
SO-005629,2025-06-14,CUS-0743,PRD-0314,13,5641.71,73342.23,East,Retail,Delivered
SO-005630,2025-12-10,CUS-0977,PRD-0245,27,2319.24,62619.48,East,Retail,Delivered
SO-005631,2025-07-01,CUS-0899,PRD-0160,3,4023.81,12071.43,East,Online,Delivered
SO-005632,2026-02-05,CUS-0157,PRD-0102,12,1819.32,21831.84,South,Retail,Delivered
SO-005633,2026-09-09,CUS-0207,PRD-0273,15,861.12,12916.8,West,Online,Processing
SO-005634,2026-09-19,CUS-0470,PRD-0358,19,5153.45,97915.55,Central,Online,Delivered
SO-005635,2026-05-02,CUS-0471,PRD-0058,20,4941.04,98820.8,Central,Retail,Delivered
SO-005636,2026-08-17,CUS-0491,PRD-0229,8,2297.96,18383.68,West,Online,Delivered
SO-005637,2026-01-18,CUS-0292,PRD-0421,21,2848.48,59818.08,North,Retail,Delivered
SO-005638,2025-07-05,CUS-0089,PRD-0149,16,4444.52,71112.32,West,Distributor,Delivered
SO-005639,2025-07-05,CUS-0267,PRD-0126,20,287.88,5757.6,Central,Distributor,Delivered
SO-005640,2025-08-05,CUS-0300,PRD-0179,4,2569.93,10279.72,East,Retail,Cancelled
SO-005641,2024-10-15,CUS-0917,PRD-0266,1,1989.53,1989.53,West,Distributor,Delivered
SO-005642,2024-10-17,CUS-0404,PRD-0286,6,1543.31,9259.86,West,Online,Delivered
SO-005643,2025-09-24,CUS-0758,PRD-0023,23,4174.81,96020.63,West,Retail,Delivered
SO-005644,2026-07-19,CUS-0755,PRD-0410,18,4500.44,81007.92,East,Distributor,Delivered
SO-005645,2026-01-16,CUS-0982,PRD-0483,29,492.39,14279.31,West,Online,Delivered
SO-005646,2026-08-15,CUS-0240,PRD-0343,16,1756.43,28102.88,East,Distributor,Delivered
SO-005647,2025-07-03,CUS-0479,PRD-0220,6,4804.28,28825.68,West,Online,Delivered
SO-005648,2025-01-18,CUS-0150,PRD-0190,14,2607.02,36498.28,North,Distributor,Delivered
SO-005649,2025-04-27,CUS-0436,PRD-0142,16,1752.58,28041.28,Central,Online,Delivered
SO-005650,2025-03-20,CUS-0627,PRD-0040,30,6315.76,189472.8,East,Online,Delivered
SO-005651,2025-11-11,CUS-0548,PRD-0009,24,6343.28,152238.72,West,Distributor,Processing
SO-005652,2025-01-08,CUS-0638,PRD-0253,21,6124.57,128615.97,Central,Distributor,Delivered
SO-005653,2026-08-31,CUS-0857,PRD-0154,24,2946.55,70717.2,North,Distributor,Delivered
SO-005654,2026-02-19,CUS-0054,PRD-0069,11,3140.92,34550.12,West,Distributor,Delivered
SO-005655,2026-02-04,CUS-0916,PRD-0368,18,6291.51,113247.18,Central,Distributor,Delivered
SO-005656,2025-09-08,CUS-0375,PRD-0119,17,3649.58,62042.86,North,Retail,Delivered
SO-005657,2025-09-28,CUS-0181,PRD-0348,14,6496.01,90944.14,North,Online,Delivered
SO-005658,2026-08-18,CUS-0256,PRD-0255,23,601.9,13843.7,East,Retail,Delivered
SO-005659,2025-10-28,CUS-0096,PRD-0095,11,782.69,8609.59,South,Online,Delivered
SO-005660,2025-04-22,CUS-0231,PRD-0172,17,5845.22,99368.74,South,Retail,Delivered
SO-005661,2026-03-04,CUS-0330,PRD-0233,15,4244.4,63666.0,Central,Online,Delivered
SO-005662,2025-05-22,CUS-0361,PRD-0245,23,1932.7,44452.1,West,Online,Delivered
SO-005663,2026-01-14,CUS-0368,PRD-0336,14,2413.41,33787.74,Central,Online,Processing
SO-005664,2026-09-28,CUS-0115,PRD-0431,2,5527.14,11054.28,West,Retail,Delivered
SO-005665,2026-09-24,CUS-0618,PRD-0416,8,3986.57,31892.56,North,Retail,Delivered
SO-005666,2025-05-25,CUS-0223,PRD-0448,3,2945.83,8837.49,South,Retail,Delivered
SO-005667,2026-05-05,CUS-0944,PRD-0069,2,3140.92,6281.84,Central,Online,Delivered
SO-005668,2026-04-29,CUS-0625,PRD-0196,12,2215.24,26582.88,South,Online,Delivered
SO-005669,2025-07-19,CUS-0343,PRD-0482,8,2107.3,16858.4,Central,Retail,Delivered
SO-005670,2025-09-12,CUS-0997,PRD-0028,10,1835.51,18355.1,North,Distributor,Processing
SO-005671,2026-08-30,CUS-0323,PRD-0192,3,3532.37,10597.11,South,Distributor,Shipped
SO-005672,2026-05-19,CUS-0131,PRD-0319,20,408.03,8160.6,South,Online,Processing
SO-005673,2025-06-16,CUS-0309,PRD-0075,17,2987.67,50790.39,Central,Retail,Delivered
SO-005674,2025-08-28,CUS-0927,PRD-0474,10,1235.19,12351.9,East,Retail,Delivered
SO-005675,2025-02-05,CUS-0680,PRD-0486,10,3826.69,38266.9,South,Distributor,Processing
SO-005676,2026-07-29,CUS-0059,PRD-0051,27,5727.46,154641.42,Central,Retail,Delivered
SO-005677,2024-10-31,CUS-0113,PRD-0327,30,4920.19,147605.7,North,Online,Delivered
SO-005678,2026-05-04,CUS-0021,PRD-0172,13,5845.22,75987.86,East,Online,Delivered
SO-005679,2025-02-24,CUS-0780,PRD-0051,2,5727.46,11454.92,South,Online,Cancelled
SO-005680,2025-10-29,CUS-0370,PRD-0411,28,717.76,20097.28,South,Retail,Processing
SO-005681,2026-08-13,CUS-0354,PRD-0036,29,5615.22,162841.38,Central,Online,Delivered
SO-005682,2025-05-05,CUS-0008,PRD-0450,11,2868.55,31554.05,North,Distributor,Delivered
SO-005683,2026-04-27,CUS-0761,PRD-0013,25,5528.54,138213.5,South,Distributor,Delivered
SO-005684,2026-03-05,CUS-0344,PRD-0310,27,5633.85,152113.95,East,Retail,Delivered
SO-005685,2026-08-05,CUS-0341,PRD-0430,8,1485.15,11881.2,North,Online,Delivered
SO-005686,2026-05-17,CUS-0685,PRD-0208,17,6275.27,106679.59,North,Online,Delivered
SO-005687,2026-03-31,CUS-0698,PRD-0455,29,2220.14,64384.06,East,Distributor,Delivered
SO-005688,2025-11-30,CUS-0588,PRD-0375,13,7152.22,92978.86,South,Retail,Delivered
SO-005689,2025-08-30,CUS-0505,PRD-0159,30,285.58,8567.4,Central,Retail,Shipped
SO-005690,2025-09-25,CUS-0842,PRD-0354,25,3997.01,99925.25,Central,Retail,Delivered
SO-005691,2025-11-19,CUS-0495,PRD-0405,21,4693.98,98573.58,North,Retail,Delivered
SO-005692,2025-05-27,CUS-0333,PRD-0044,2,150.67,301.34,East,Retail,Delivered
SO-005693,2026-09-17,CUS-0658,PRD-0070,30,1342.91,40287.3,Central,Retail,Shipped
SO-005694,2025-11-17,CUS-0793,PRD-0165,13,1828.82,23774.66,North,Online,Delivered
SO-005695,2025-10-23,CUS-0086,PRD-0058,10,5929.25,59292.5,West,Online,Delivered
SO-005696,2026-06-26,CUS-0173,PRD-0372,25,2557.13,63928.25,West,Distributor,Shipped
SO-005697,2026-05-14,CUS-0352,PRD-0041,22,4472.49,98394.78,South,Retail,Delivered
SO-005698,2026-02-02,CUS-0465,PRD-0263,18,4085.94,73546.92,Central,Retail,Delivered
SO-005699,2026-04-15,CUS-0519,PRD-0169,24,6181.75,148362.0,East,Distributor,Delivered
SO-005700,2025-05-10,CUS-0529,PRD-0270,21,4608.03,96768.63,North,Online,Cancelled
SO-005701,2024-12-09,CUS-0224,PRD-0441,28,5859.28,164059.84,East,Online,Delivered
SO-005702,2026-04-25,CUS-0220,PRD-0315,3,3215.25,9645.75,Central,Online,Delivered
SO-005703,2026-04-18,CUS-0844,PRD-0243,11,1508.36,16591.96,South,Distributor,Delivered
SO-005704,2025-06-13,CUS-0727,PRD-0133,26,2221.02,57746.52,North,Retail,Delivered
SO-005705,2025-06-28,CUS-0146,PRD-0014,3,5271.41,15814.23,East,Online,Processing
SO-005706,2025-03-01,CUS-0354,PRD-0021,23,2488.06,57225.38,South,Distributor,Delivered
SO-005707,2025-11-12,CUS-0085,PRD-0418,26,3443.45,89529.7,North,Distributor,Processing
SO-005708,2026-05-08,CUS-0961,PRD-0453,3,178.97,536.91,Central,Retail,Delivered
SO-005709,2025-06-22,CUS-0230,PRD-0068,2,972.83,1945.66,East,Retail,Delivered
SO-005710,2025-02-08,CUS-0516,PRD-0068,30,972.83,29184.9,Central,Retail,Processing
SO-005711,2024-10-06,CUS-0976,PRD-0427,1,2858.9,2858.9,South,Online,Processing
SO-005712,2025-08-16,CUS-0185,PRD-0115,5,1159.28,5796.4,South,Distributor,Delivered
SO-005713,2026-06-09,CUS-0309,PRD-0002,8,1689.96,13519.68,Central,Online,Shipped
SO-005714,2026-02-26,CUS-0041,PRD-0350,19,3791.55,72039.45,West,Retail,Delivered
SO-005715,2025-04-05,CUS-0760,PRD-0460,19,249.38,4738.22,North,Distributor,Processing
SO-005716,2025-07-09,CUS-0280,PRD-0065,12,559.34,6712.08,North,Online,Delivered
SO-005717,2024-10-15,CUS-0399,PRD-0239,12,2845.24,34142.88,Central,Distributor,Shipped
SO-005718,2026-03-01,CUS-0150,PRD-0113,23,4170.39,95918.97,South,Distributor,Delivered
SO-005719,2026-06-19,CUS-0060,PRD-0347,17,3040.05,51680.85,Central,Online,Delivered
SO-005720,2024-11-09,CUS-0897,PRD-0453,29,214.76,6228.04,South,Retail,Shipped
SO-005721,2026-01-10,CUS-0369,PRD-0034,30,2674.18,80225.4,Central,Distributor,Delivered
SO-005722,2025-10-20,CUS-0556,PRD-0143,14,4130.27,57823.78,East,Online,Delivered
SO-005723,2024-12-31,CUS-0643,PRD-0273,25,1033.34,25833.5,North,Distributor,Delivered
SO-005724,2025-07-22,CUS-0099,PRD-0455,12,2220.14,26641.68,West,Distributor,Delivered
SO-005725,2025-11-17,CUS-0215,PRD-0418,27,3443.45,92973.15,West,Retail,Delivered
SO-005726,2025-11-09,CUS-0934,PRD-0211,22,7352.6,161757.2,North,Online,Delivered
SO-005727,2026-05-11,CUS-0176,PRD-0069,19,3140.92,59677.48,South,Retail,Delivered
SO-005728,2026-02-19,CUS-0225,PRD-0470,27,3381.78,91308.06,East,Distributor,Delivered
SO-005729,2026-03-31,CUS-0322,PRD-0046,12,5675.2,68102.4,North,Online,Delivered
SO-005730,2025-10-26,CUS-0692,PRD-0073,6,619.32,3715.92,West,Distributor,Delivered
SO-005731,2026-03-04,CUS-0796,PRD-0035,14,3375.68,47259.52,North,Distributor,Processing
SO-005732,2026-01-18,CUS-0985,PRD-0405,8,3911.65,31293.2,North,Retail,Delivered
SO-005733,2025-05-28,CUS-0115,PRD-0440,11,1033.75,11371.25,Central,Online,Delivered
SO-005734,2024-11-28,CUS-0983,PRD-0312,2,6428.28,12856.56,North,Retail,Shipped
SO-005735,2024-10-17,CUS-0078,PRD-0268,9,5425.56,48830.04,South,Distributor,Cancelled
SO-005736,2026-03-16,CUS-0692,PRD-0277,13,2927.41,38056.33,West,Retail,Shipped
SO-005737,2024-10-04,CUS-0014,PRD-0052,10,598.78,5987.8,Central,Online,Delivered
SO-005738,2026-05-19,CUS-0531,PRD-0295,19,3072.78,58382.82,South,Retail,Processing
SO-005739,2025-10-28,CUS-0073,PRD-0018,25,5210.7,130267.5,Central,Online,Delivered
SO-005740,2025-10-12,CUS-0066,PRD-0060,5,7032.65,35163.25,East,Retail,Delivered
SO-005741,2025-03-24,CUS-0220,PRD-0092,25,562.91,14072.75,West,Retail,Delivered
SO-005742,2026-02-01,CUS-0398,PRD-0493,24,3468.32,83239.68,East,Online,Delivered
SO-005743,2026-08-04,CUS-0038,PRD-0452,19,1534.7,29159.3,South,Online,Delivered
SO-005744,2025-01-06,CUS-0359,PRD-0075,2,2987.67,5975.34,West,Retail,Processing
SO-005745,2025-07-26,CUS-0525,PRD-0084,28,2824.56,79087.68,Central,Distributor,Shipped
SO-005746,2025-05-20,CUS-0367,PRD-0500,13,5969.68,77605.84,West,Retail,Delivered
SO-005747,2024-10-22,CUS-0086,PRD-0050,25,3890.9,97272.5,East,Retail,Shipped
SO-005748,2025-05-18,CUS-0812,PRD-0500,7,5969.68,41787.76,Central,Retail,Delivered
SO-005749,2025-02-04,CUS-0962,PRD-0415,11,3509.65,38606.15,South,Retail,Delivered
SO-005750,2024-11-11,CUS-0268,PRD-0140,3,4789.86,14369.58,North,Distributor,Delivered
SO-005751,2026-06-07,CUS-0243,PRD-0153,28,4300.48,120413.44,South,Distributor,Delivered
SO-005752,2025-01-11,CUS-0267,PRD-0496,12,463.57,5562.84,North,Retail,Delivered
SO-005753,2025-11-23,CUS-0911,PRD-0258,14,4421.92,61906.88,West,Online,Delivered
SO-005754,2025-11-05,CUS-0931,PRD-0127,16,6288.28,100612.48,East,Retail,Delivered
SO-005755,2024-12-08,CUS-0161,PRD-0226,1,5263.63,5263.63,East,Retail,Delivered
SO-005756,2025-09-27,CUS-0745,PRD-0110,27,1471.72,39736.44,Central,Retail,Delivered
SO-005757,2026-02-18,CUS-0709,PRD-0366,9,3113.27,28019.43,West,Distributor,Delivered
SO-005758,2026-01-31,CUS-0134,PRD-0074,13,1713.95,22281.35,South,Online,Delivered
SO-005759,2025-02-28,CUS-0468,PRD-0115,29,1159.28,33619.12,Central,Distributor,Shipped
SO-005760,2026-03-16,CUS-0749,PRD-0081,14,5637.83,78929.62,Central,Retail,Shipped
SO-005761,2026-02-27,CUS-0328,PRD-0123,18,5761.94,103714.92,East,Retail,Shipped
SO-005762,2026-05-09,CUS-0144,PRD-0389,24,2666.14,63987.36,North,Retail,Delivered
SO-005763,2025-03-18,CUS-0624,PRD-0082,25,2544.06,63601.5,South,Distributor,Delivered
SO-005764,2025-08-15,CUS-0894,PRD-0208,25,6275.27,156881.75,Central,Online,Delivered
SO-005765,2026-02-07,CUS-0740,PRD-0330,20,358.68,7173.6,West,Retail,Shipped
SO-005766,2024-11-15,CUS-0136,PRD-0342,14,3681.02,51534.28,Central,Retail,Delivered
SO-005767,2026-07-11,CUS-0834,PRD-0254,11,5366.88,59035.68,West,Online,Delivered
SO-005768,2025-09-06,CUS-0740,PRD-0080,23,2718.86,62533.78,South,Retail,Delivered
SO-005769,2026-07-06,CUS-0872,PRD-0122,26,4378.36,113837.36,South,Online,Processing
SO-005770,2026-05-04,CUS-0048,PRD-0407,2,4762.54,9525.08,Central,Distributor,Shipped
SO-005771,2025-06-01,CUS-0461,PRD-0311,2,2295.01,4590.02,East,Distributor,Delivered
SO-005772,2026-09-07,CUS-0867,PRD-0353,12,4876.74,58520.88,South,Distributor,Delivered
SO-005773,2026-03-16,CUS-0558,PRD-0455,17,2220.14,37742.38,South,Online,Processing
SO-005774,2025-08-29,CUS-0411,PRD-0049,16,5980.81,95692.96,Central,Retail,Delivered
SO-005775,2026-06-18,CUS-0088,PRD-0407,5,4762.54,23812.7,North,Distributor,Processing
SO-005776,2026-04-19,CUS-0816,PRD-0023,14,4174.81,58447.34,South,Online,Delivered
SO-005777,2026-01-06,CUS-0775,PRD-0184,28,5587.39,156446.92,West,Online,Cancelled
SO-005778,2026-01-24,CUS-0643,PRD-0165,13,1524.02,19812.26,North,Online,Delivered
SO-005779,2026-09-11,CUS-0184,PRD-0452,19,1534.7,29159.3,Central,Distributor,Delivered
SO-005780,2025-06-12,CUS-0094,PRD-0339,7,1245.19,8716.33,Central,Online,Processing
SO-005781,2026-08-28,CUS-0636,PRD-0423,11,711.1,7822.1,Central,Distributor,Delivered
SO-005782,2025-11-10,CUS-0007,PRD-0108,24,2177.57,52261.68,East,Distributor,Delivered
SO-005783,2026-04-28,CUS-0287,PRD-0427,21,2382.42,50030.82,North,Online,Delivered
SO-005784,2026-05-25,CUS-0833,PRD-0433,9,1570.63,14135.67,East,Retail,Processing
SO-005785,2026-04-10,CUS-0685,PRD-0177,17,1860.82,31633.94,East,Retail,Shipped
SO-005786,2026-09-26,CUS-0788,PRD-0153,30,4300.48,129014.4,North,Online,Processing
SO-005787,2026-02-24,CUS-0632,PRD-0228,6,3235.69,19414.14,North,Distributor,Shipped
SO-005788,2025-07-28,CUS-0400,PRD-0454,10,5018.01,50180.1,East,Online,Shipped
SO-005789,2025-04-24,CUS-0873,PRD-0459,23,2659.35,61165.05,South,Distributor,Shipped
SO-005790,2026-09-23,CUS-0503,PRD-0455,6,2220.14,13320.84,North,Retail,Delivered
SO-005791,2024-12-05,CUS-0677,PRD-0084,23,3389.47,77957.81,West,Distributor,Delivered
SO-005792,2026-09-02,CUS-0914,PRD-0001,20,4203.15,84063.0,Central,Retail,Delivered
SO-005793,2025-11-25,CUS-0036,PRD-0227,25,3934.48,98362.0,West,Distributor,Delivered
SO-005794,2025-02-21,CUS-0146,PRD-0357,18,748.93,13480.74,West,Retail,Delivered
SO-005795,2025-09-24,CUS-0817,PRD-0063,28,3878.37,108594.36,West,Retail,Delivered
SO-005796,2025-01-12,CUS-0266,PRD-0014,15,5271.41,79071.15,Central,Retail,Delivered
SO-005797,2024-11-24,CUS-0306,PRD-0412,4,4805.83,19223.32,South,Distributor,Delivered
SO-005798,2026-07-26,CUS-0268,PRD-0490,25,789.31,19732.75,South,Distributor,Processing
SO-005799,2026-02-11,CUS-0437,PRD-0340,29,4077.55,118248.95,South,Retail,Delivered
SO-005800,2025-03-09,CUS-0935,PRD-0310,5,5633.85,28169.25,South,Distributor,Delivered
SO-005801,2025-12-01,CUS-0816,PRD-0253,25,7349.48,183737.0,South,Online,Delivered
SO-005802,2025-07-16,CUS-0970,PRD-0220,8,4804.28,38434.24,Central,Online,Delivered
SO-005803,2024-12-08,CUS-0725,PRD-0392,21,542.62,11395.02,South,Online,Delivered
SO-005804,2025-08-05,CUS-0272,PRD-0336,11,2413.41,26547.51,East,Online,Processing
SO-005805,2026-05-07,CUS-0610,PRD-0440,26,1033.75,26877.5,West,Distributor,Delivered
SO-005806,2026-02-07,CUS-0448,PRD-0061,21,1709.16,35892.36,West,Distributor,Delivered
SO-005807,2025-09-25,CUS-0710,PRD-0146,16,3360.37,53765.92,South,Retail,Processing
SO-005808,2025-02-09,CUS-0287,PRD-0438,13,2366.01,30758.13,South,Distributor,Cancelled
SO-005809,2026-07-26,CUS-0096,PRD-0221,24,5278.23,126677.52,North,Online,Processing
SO-005810,2025-01-04,CUS-0608,PRD-0188,3,5849.06,17547.18,East,Retail,Delivered
SO-005811,2025-06-28,CUS-0283,PRD-0233,10,4244.4,42444.0,East,Retail,Delivered
SO-005812,2025-07-22,CUS-0186,PRD-0065,10,559.34,5593.4,Central,Distributor,Delivered
SO-005813,2026-01-21,CUS-0825,PRD-0313,8,5464.72,43717.76,West,Distributor,Cancelled
SO-005814,2025-09-04,CUS-0663,PRD-0318,9,3772.35,33951.15,South,Distributor,Delivered
SO-005815,2024-10-01,CUS-0048,PRD-0340,29,4893.06,141898.74,East,Distributor,Delivered
SO-005816,2026-05-01,CUS-0482,PRD-0029,30,5712.46,171373.8,North,Retail,Shipped
SO-005817,2025-08-04,CUS-0632,PRD-0246,22,2017.09,44375.98,East,Online,Delivered
SO-005818,2026-08-24,CUS-0630,PRD-0207,27,3989.53,107717.31,North,Distributor,Delivered
SO-005819,2025-01-30,CUS-0909,PRD-0007,18,4691.05,84438.9,South,Distributor,Delivered
SO-005820,2024-11-17,CUS-0254,PRD-0077,25,3543.29,88582.25,North,Online,Delivered
SO-005821,2025-04-01,CUS-0016,PRD-0187,1,4891.68,4891.68,North,Retail,Delivered
SO-005822,2024-10-28,CUS-0316,PRD-0210,27,5333.64,144008.28,East,Online,Delivered
SO-005823,2026-08-29,CUS-0099,PRD-0213,29,4571.12,132562.48,Central,Distributor,Delivered
SO-005824,2026-04-01,CUS-0464,PRD-0386,23,2962.71,68142.33,North,Online,Shipped
SO-005825,2024-12-26,CUS-0552,PRD-0222,21,3709.49,77899.29,East,Online,Processing
SO-005826,2025-02-10,CUS-0925,PRD-0326,12,606.66,7279.92,West,Online,Shipped
SO-005827,2025-05-31,CUS-0350,PRD-0040,30,6315.76,189472.8,North,Online,Delivered
SO-005828,2024-11-21,CUS-0664,PRD-0175,12,4946.87,59362.44,North,Distributor,Cancelled
SO-005829,2026-09-24,CUS-0227,PRD-0041,26,4472.49,116284.74,West,Online,Delivered
SO-005830,2025-11-13,CUS-0530,PRD-0432,13,2965.64,38553.32,North,Retail,Delivered
SO-005831,2025-04-07,CUS-0710,PRD-0340,13,4077.55,53008.15,West,Retail,Shipped
SO-005832,2025-10-18,CUS-0111,PRD-0022,8,5520.72,44165.76,South,Retail,Delivered
SO-005833,2025-10-23,CUS-0351,PRD-0192,3,4238.84,12716.52,Central,Online,Processing
SO-005834,2025-03-28,CUS-0702,PRD-0365,28,4885.58,136796.24,East,Online,Delivered
SO-005835,2026-08-25,CUS-0528,PRD-0363,11,3326.43,36590.73,West,Distributor,Delivered
SO-005836,2026-05-13,CUS-0346,PRD-0405,17,3911.65,66498.05,South,Retail,Processing
SO-005837,2025-02-08,CUS-0804,PRD-0279,27,3569.68,96381.36,North,Distributor,Delivered
SO-005838,2025-09-22,CUS-0940,PRD-0497,22,2230.12,49062.64,South,Retail,Delivered
SO-005839,2025-09-25,CUS-0242,PRD-0100,22,3049.28,67084.16,North,Distributor,Delivered
SO-005840,2025-12-09,CUS-0983,PRD-0244,24,5694.73,136673.52,South,Online,Delivered
SO-005841,2025-08-18,CUS-0389,PRD-0150,25,3755.21,93880.25,West,Retail,Processing
SO-005842,2026-05-22,CUS-0848,PRD-0230,16,3670.39,58726.24,North,Online,Shipped
SO-005843,2024-10-30,CUS-0556,PRD-0340,12,4893.06,58716.72,North,Retail,Shipped
SO-005844,2025-11-13,CUS-0139,PRD-0317,28,7286.72,204028.16,East,Retail,Delivered
SO-005845,2025-07-27,CUS-0834,PRD-0341,19,5944.72,112949.68,East,Distributor,Processing
SO-005846,2024-10-26,CUS-0563,PRD-0404,12,3582.62,42991.44,Central,Distributor,Delivered
SO-005847,2026-02-18,CUS-0573,PRD-0118,15,359.5,5392.5,Central,Retail,Shipped
SO-005848,2026-09-25,CUS-0581,PRD-0090,2,492.32,984.64,West,Distributor,Cancelled
SO-005849,2026-04-24,CUS-0411,PRD-0387,11,762.89,8391.79,East,Retail,Delivered
SO-005850,2025-06-13,CUS-0010,PRD-0481,27,487.81,13170.87,East,Retail,Delivered
SO-005851,2026-08-19,CUS-0067,PRD-0329,9,6207.86,55870.74,South,Distributor,Delivered
SO-005852,2026-02-14,CUS-0962,PRD-0209,7,293.57,2054.99,West,Distributor,Delivered
SO-005853,2025-08-18,CUS-0294,PRD-0202,16,4934.46,78951.36,West,Retail,Delivered
SO-005854,2026-03-08,CUS-0789,PRD-0343,24,1756.43,42154.32,West,Distributor,Delivered
SO-005855,2024-12-21,CUS-0591,PRD-0336,15,2896.09,43441.35,Central,Distributor,Delivered
SO-005856,2026-01-01,CUS-0241,PRD-0252,14,2300.3,32204.2,East,Distributor,Delivered
SO-005857,2025-01-10,CUS-0242,PRD-0014,12,5271.41,63256.92,Central,Online,Delivered
SO-005858,2025-08-27,CUS-0079,PRD-0497,12,2230.12,26761.44,North,Distributor,Delivered
SO-005859,2025-07-27,CUS-0823,PRD-0036,20,5615.22,112304.4,East,Online,Shipped
SO-005860,2025-08-22,CUS-0154,PRD-0310,25,5633.85,140846.25,Central,Online,Delivered
SO-005861,2025-10-28,CUS-0673,PRD-0362,13,6855.67,89123.71,West,Online,Delivered
SO-005862,2024-12-31,CUS-0497,PRD-0452,7,1841.64,12891.48,Central,Distributor,Delivered
SO-005863,2025-07-22,CUS-0317,PRD-0316,10,4989.5,49895.0,Central,Distributor,Delivered
SO-005864,2026-08-05,CUS-0200,PRD-0352,10,181.58,1815.8,East,Retail,Delivered
SO-005865,2025-06-14,CUS-0975,PRD-0387,26,762.89,19835.14,Central,Retail,Delivered
SO-005866,2025-01-25,CUS-0246,PRD-0201,25,1558.3,38957.5,Central,Distributor,Delivered
SO-005867,2026-06-13,CUS-0894,PRD-0083,1,6031.92,6031.92,West,Retail,Delivered
SO-005868,2024-10-29,CUS-0126,PRD-0052,22,598.78,13173.16,Central,Retail,Delivered
SO-005869,2025-10-13,CUS-0166,PRD-0425,21,4408.91,92587.11,North,Online,Delivered
SO-005870,2024-11-09,CUS-0127,PRD-0004,28,4669.72,130752.16,North,Distributor,Delivered
SO-005871,2026-02-02,CUS-0592,PRD-0266,23,1657.94,38132.62,East,Retail,Delivered
SO-005872,2026-05-07,CUS-0277,PRD-0036,30,5615.22,168456.6,North,Retail,Shipped
SO-005873,2025-12-16,CUS-0018,PRD-0047,17,4810.96,81786.32,South,Retail,Delivered
SO-005874,2026-01-01,CUS-0133,PRD-0467,24,2905.25,69726.0,West,Retail,Delivered
SO-005875,2025-01-16,CUS-0039,PRD-0202,17,4934.46,83885.82,Central,Distributor,Delivered
SO-005876,2025-04-05,CUS-0028,PRD-0312,6,5356.9,32141.4,North,Retail,Processing
SO-005877,2026-07-13,CUS-0867,PRD-0050,20,3242.42,64848.4,North,Distributor,Delivered
SO-005878,2025-01-21,CUS-0580,PRD-0348,19,6496.01,123424.19,North,Retail,Shipped
SO-005879,2024-10-15,CUS-0490,PRD-0310,3,6760.62,20281.86,Central,Online,Delivered
SO-005880,2025-07-19,CUS-0083,PRD-0185,21,3168.36,66535.56,Central,Retail,Delivered
SO-005881,2026-07-16,CUS-0090,PRD-0447,18,4346.55,78237.9,East,Retail,Shipped
SO-005882,2024-11-28,CUS-0201,PRD-0334,23,1427.7,32837.1,Central,Distributor,Processing
SO-005883,2025-11-26,CUS-0476,PRD-0168,15,7707.44,115611.6,East,Distributor,Processing
SO-005884,2025-12-30,CUS-0636,PRD-0076,29,2285.2,66270.8,Central,Distributor,Delivered
SO-005885,2025-11-22,CUS-0945,PRD-0463,29,1036.39,30055.31,North,Retail,Delivered
SO-005886,2025-02-07,CUS-0364,PRD-0082,20,2544.06,50881.2,North,Retail,Processing
SO-005887,2026-07-15,CUS-0899,PRD-0103,24,5730.95,137542.8,West,Distributor,Delivered
SO-005888,2025-02-23,CUS-0423,PRD-0408,7,3047.73,21334.11,North,Retail,Delivered
SO-005889,2026-01-22,CUS-0487,PRD-0417,5,5562.28,27811.4,Central,Retail,Delivered
SO-005890,2025-02-16,CUS-0589,PRD-0330,2,358.68,717.36,East,Online,Delivered
SO-005891,2025-03-21,CUS-0014,PRD-0091,25,5553.05,138826.25,Central,Distributor,Delivered
SO-005892,2024-12-10,CUS-0569,PRD-0401,27,2630.9,71034.3,Central,Distributor,Delivered
SO-005893,2026-05-10,CUS-0054,PRD-0375,17,5960.18,101323.06,Central,Distributor,Delivered
SO-005894,2025-05-13,CUS-0522,PRD-0059,22,2671.58,58774.76,East,Online,Delivered
SO-005895,2026-05-01,CUS-0300,PRD-0093,10,893.67,8936.7,East,Distributor,Delivered
SO-005896,2026-08-05,CUS-0138,PRD-0366,11,3113.27,34245.97,East,Distributor,Shipped
SO-005897,2025-04-27,CUS-0103,PRD-0339,17,1245.19,21168.23,North,Online,Delivered
SO-005898,2024-11-09,CUS-0698,PRD-0196,17,2658.29,45190.93,West,Distributor,Processing
SO-005899,2024-12-17,CUS-0079,PRD-0425,7,4408.91,30862.37,Central,Retail,Delivered
SO-005900,2024-12-22,CUS-0909,PRD-0087,28,621.96,17414.88,South,Retail,Shipped
SO-005901,2026-06-03,CUS-0618,PRD-0335,14,422.97,5921.58,South,Distributor,Processing
SO-005902,2025-03-24,CUS-0769,PRD-0254,12,5366.88,64402.56,Central,Distributor,Processing
SO-005903,2024-12-17,CUS-0202,PRD-0228,12,3882.83,46593.96,West,Online,Delivered
SO-005904,2025-11-17,CUS-0217,PRD-0027,28,6437.86,180260.08,West,Online,Delivered
SO-005905,2025-07-27,CUS-0554,PRD-0214,13,5261.22,68395.86,South,Distributor,Delivered
SO-005906,2025-08-31,CUS-0279,PRD-0337,9,1685.54,15169.86,West,Retail,Delivered
SO-005907,2025-03-30,CUS-0692,PRD-0479,30,2931.29,87938.7,South,Online,Delivered
SO-005908,2025-02-27,CUS-0210,PRD-0481,12,487.81,5853.72,South,Distributor,Delivered
SO-005909,2025-09-10,CUS-0018,PRD-0004,12,3891.43,46697.16,West,Retail,Delivered
SO-005910,2026-04-23,CUS-0588,PRD-0403,19,853.94,16224.86,Central,Retail,Delivered
SO-005911,2025-08-17,CUS-0220,PRD-0438,3,2366.01,7098.03,East,Distributor,Delivered
SO-005912,2026-02-19,CUS-0070,PRD-0490,15,789.31,11839.65,East,Distributor,Delivered
SO-005913,2025-06-15,CUS-0660,PRD-0124,15,4904.17,73562.55,South,Online,Delivered
SO-005914,2025-10-01,CUS-0423,PRD-0225,12,5892.64,70711.68,North,Distributor,Delivered
SO-005915,2025-08-30,CUS-0460,PRD-0280,21,3939.49,82729.29,South,Retail,Delivered
SO-005916,2025-02-07,CUS-0197,PRD-0133,1,2221.02,2221.02,West,Distributor,Delivered
SO-005917,2025-02-24,CUS-0349,PRD-0280,28,3939.49,110305.72,East,Distributor,Delivered
SO-005918,2025-09-10,CUS-0256,PRD-0381,23,2605.67,59930.41,West,Retail,Delivered
SO-005919,2025-08-15,CUS-0780,PRD-0445,26,1132.7,29450.2,South,Retail,Delivered
SO-005920,2026-09-05,CUS-0120,PRD-0073,17,516.1,8773.7,East,Online,Delivered
SO-005921,2025-09-20,CUS-0913,PRD-0311,14,2295.01,32130.14,Central,Online,Delivered
SO-005922,2026-08-27,CUS-0646,PRD-0195,4,1287.61,5150.44,South,Distributor,Processing
SO-005923,2026-09-05,CUS-0123,PRD-0373,13,4428.71,57573.23,East,Retail,Delivered
SO-005924,2026-02-18,CUS-0976,PRD-0404,16,2985.52,47768.32,West,Retail,Delivered
SO-005925,2026-05-06,CUS-0312,PRD-0130,6,1401.28,8407.68,Central,Online,Delivered
SO-005926,2025-07-05,CUS-0298,PRD-0254,14,5366.88,75136.32,South,Distributor,Delivered
SO-005927,2026-06-18,CUS-0608,PRD-0176,22,623.57,13718.54,Central,Retail,Delivered
SO-005928,2025-02-17,CUS-0198,PRD-0270,6,4608.03,27648.18,East,Online,Delivered
SO-005929,2026-04-23,CUS-0719,PRD-0306,3,4623.48,13870.44,South,Distributor,Delivered
SO-005930,2026-06-05,CUS-0520,PRD-0178,11,643.28,7076.08,Central,Retail,Delivered
SO-005931,2025-10-03,CUS-0429,PRD-0036,4,6738.26,26953.04,North,Retail,Delivered
SO-005932,2025-10-12,CUS-0170,PRD-0305,22,7285.2,160274.4,East,Online,Delivered
SO-005933,2026-05-15,CUS-0373,PRD-0419,15,2288.99,34334.85,West,Distributor,Delivered
SO-005934,2026-05-07,CUS-0448,PRD-0469,25,1541.41,38535.25,South,Retail,Shipped
SO-005935,2025-02-26,CUS-0899,PRD-0458,8,3689.08,29512.64,South,Retail,Delivered
SO-005936,2026-03-02,CUS-0212,PRD-0175,26,4122.39,107182.14,East,Distributor,Delivered
SO-005937,2025-04-14,CUS-0172,PRD-0136,30,6112.94,183388.2,East,Retail,Delivered
SO-005938,2024-10-24,CUS-0059,PRD-0343,4,2107.72,8430.88,North,Retail,Delivered
SO-005939,2024-11-25,CUS-0671,PRD-0115,28,1391.14,38951.92,West,Distributor,Delivered
SO-005940,2025-01-15,CUS-0660,PRD-0331,5,4150.5,20752.5,Central,Online,Cancelled
SO-005941,2025-10-10,CUS-0642,PRD-0403,26,1024.73,26642.98,East,Online,Delivered
SO-005942,2025-01-01,CUS-0588,PRD-0493,12,3468.32,41619.84,Central,Online,Shipped
SO-005943,2026-03-12,CUS-0757,PRD-0388,11,5873.8,64611.8,South,Retail,Delivered
SO-005944,2026-03-04,CUS-0498,PRD-0368,18,6291.51,113247.18,Central,Online,Processing
SO-005945,2025-12-31,CUS-0523,PRD-0309,18,7202.76,129649.68,North,Retail,Delivered
SO-005946,2024-10-09,CUS-0041,PRD-0353,19,5852.09,111189.71,Central,Distributor,Delivered
SO-005947,2025-06-09,CUS-0459,PRD-0061,11,1709.16,18800.76,East,Online,Shipped
SO-005948,2025-01-25,CUS-0462,PRD-0476,20,4935.81,98716.2,Central,Retail,Delivered
SO-005949,2025-12-01,CUS-0969,PRD-0118,7,431.4,3019.8,West,Distributor,Delivered
SO-005950,2024-11-18,CUS-0224,PRD-0023,12,5009.77,60117.24,North,Retail,Delivered
SO-005951,2025-08-06,CUS-0887,PRD-0141,26,2583.7,67176.2,West,Retail,Processing
SO-005952,2025-09-06,CUS-0506,PRD-0499,13,2253.51,29295.63,North,Online,Delivered
SO-005953,2025-01-21,CUS-0268,PRD-0001,6,4203.15,25218.9,North,Online,Shipped
SO-005954,2025-02-27,CUS-0635,PRD-0324,16,3480.31,55684.96,North,Online,Delivered
SO-005955,2026-08-28,CUS-0534,PRD-0366,21,3113.27,65378.67,Central,Distributor,Delivered
SO-005956,2026-03-09,CUS-0861,PRD-0173,28,1781.05,49869.4,Central,Distributor,Delivered
SO-005957,2026-01-20,CUS-0883,PRD-0144,25,2450.1,61252.5,South,Retail,Delivered
SO-005958,2026-05-12,CUS-0813,PRD-0164,8,5816.24,46529.92,North,Online,Delivered
SO-005959,2026-05-06,CUS-0322,PRD-0198,28,4920.31,137768.68,South,Retail,Delivered
SO-005960,2025-03-25,CUS-0561,PRD-0046,13,5675.2,73777.6,North,Retail,Delivered
SO-005961,2025-12-11,CUS-0508,PRD-0264,16,7399.38,118390.08,South,Online,Delivered
SO-005962,2026-02-02,CUS-0566,PRD-0231,20,675.35,13507.0,South,Distributor,Delivered
SO-005963,2026-01-01,CUS-0040,PRD-0286,22,1286.09,28293.98,West,Retail,Shipped
SO-005964,2026-03-06,CUS-0207,PRD-0375,13,5960.18,77482.34,South,Online,Shipped
SO-005965,2026-06-21,CUS-0907,PRD-0037,26,1149.08,29876.08,West,Distributor,Delivered
SO-005966,2024-12-09,CUS-0230,PRD-0065,24,671.21,16109.04,South,Online,Delivered
SO-005967,2024-10-25,CUS-0525,PRD-0402,5,556.55,2782.75,East,Distributor,Cancelled
SO-005968,2024-11-06,CUS-0355,PRD-0471,20,4054.08,81081.6,Central,Distributor,Delivered
SO-005969,2025-08-02,CUS-0200,PRD-0426,1,3707.93,3707.93,South,Distributor,Delivered
SO-005970,2026-06-26,CUS-0548,PRD-0189,5,1868.59,9342.95,Central,Online,Delivered
SO-005971,2025-11-23,CUS-0876,PRD-0206,7,5502.71,38518.97,North,Online,Delivered
SO-005972,2025-11-29,CUS-0065,PRD-0317,7,7286.72,51007.04,South,Retail,Delivered
SO-005973,2025-04-16,CUS-0263,PRD-0355,11,4185.26,46037.86,Central,Online,Delivered
SO-005974,2025-06-08,CUS-0526,PRD-0497,28,2230.12,62443.36,South,Retail,Shipped
SO-005975,2025-05-19,CUS-0292,PRD-0393,16,6428.79,102860.64,West,Online,Delivered
SO-005976,2025-06-06,CUS-0915,PRD-0500,15,5969.68,89545.2,Central,Distributor,Processing
SO-005977,2024-12-05,CUS-0982,PRD-0242,6,5834.59,35007.54,West,Distributor,Delivered
SO-005978,2026-05-24,CUS-0060,PRD-0167,12,3037.66,36451.92,South,Online,Delivered
SO-005979,2026-04-22,CUS-0892,PRD-0005,28,726.84,20351.52,South,Online,Delivered
SO-005980,2025-01-27,CUS-0541,PRD-0062,29,263.99,7655.71,West,Online,Delivered
SO-005981,2026-07-15,CUS-0983,PRD-0351,25,6359.51,158987.75,West,Retail,Delivered
SO-005982,2026-09-27,CUS-0778,PRD-0427,15,2382.42,35736.3,Central,Retail,Delivered
SO-005983,2025-12-29,CUS-0809,PRD-0240,15,2499.82,37497.3,West,Online,Delivered
SO-005984,2025-06-25,CUS-0475,PRD-0271,13,4508.65,58612.45,East,Distributor,Delivered
SO-005985,2026-03-13,CUS-0365,PRD-0438,20,2366.01,47320.2,North,Distributor,Delivered
SO-005986,2025-04-21,CUS-0017,PRD-0477,21,4468.82,93845.22,North,Distributor,Delivered
SO-005987,2026-01-23,CUS-0404,PRD-0437,24,1279.25,30702.0,East,Distributor,Shipped
SO-005988,2026-02-14,CUS-0372,PRD-0190,7,2607.02,18249.14,South,Distributor,Delivered
SO-005989,2025-05-16,CUS-0232,PRD-0279,24,3569.68,85672.32,Central,Online,Delivered
SO-005990,2025-02-19,CUS-0649,PRD-0332,1,4886.91,4886.91,East,Online,Delivered
SO-005991,2025-08-07,CUS-0006,PRD-0182,4,1447.54,5790.16,North,Distributor,Delivered
SO-005992,2025-03-15,CUS-0106,PRD-0262,18,6436.49,115856.82,Central,Retail,Delivered
SO-005993,2025-06-08,CUS-0864,PRD-0200,21,4901.29,102927.09,Central,Distributor,Delivered
SO-005994,2026-01-23,CUS-0371,PRD-0039,8,6475.29,51802.32,East,Distributor,Processing
SO-005995,2026-09-13,CUS-0099,PRD-0043,1,1999.6,1999.6,South,Retail,Processing
SO-005996,2025-04-26,CUS-0088,PRD-0014,24,5271.41,126513.84,Central,Online,Delivered
SO-005997,2025-08-31,CUS-0515,PRD-0169,23,6181.75,142180.25,Central,Online,Delivered
SO-005998,2026-03-04,CUS-0169,PRD-0070,19,1342.91,25515.29,Central,Retail,Delivered
SO-005999,2025-11-30,CUS-0523,PRD-0162,1,5647.03,5647.03,Central,Retail,Delivered
SO-006000,2026-06-22,CUS-0425,PRD-0131,30,2074.07,62222.1,East,Online,Delivered
SO-006001,2025-07-26,CUS-0020,PRD-0227,9,3278.73,29508.57,East,Retail,Processing
SO-006002,2025-07-24,CUS-0627,PRD-0126,9,287.88,2590.92,South,Online,Delivered
SO-006003,2025-07-13,CUS-0142,PRD-0205,17,3722.48,63282.16,West,Online,Delivered
SO-006004,2024-11-28,CUS-0752,PRD-0153,10,5160.58,51605.8,South,Retail,Delivered
SO-006005,2026-03-11,CUS-0440,PRD-0284,10,386.28,3862.8,West,Online,Delivered
SO-006006,2024-12-27,CUS-0817,PRD-0248,25,2252.84,56321.0,North,Distributor,Processing
SO-006007,2026-04-11,CUS-0871,PRD-0199,9,5448.38,49035.42,North,Retail,Delivered
SO-006008,2025-07-15,CUS-0651,PRD-0226,24,4386.36,105272.64,Central,Online,Delivered
SO-006009,2025-05-01,CUS-0748,PRD-0124,6,4904.17,29425.02,East,Online,Delivered
SO-006010,2026-05-07,CUS-0762,PRD-0257,10,672.61,6726.1,Central,Retail,Delivered
SO-006011,2026-05-28,CUS-0974,PRD-0122,9,4378.36,39405.24,South,Online,Delivered
SO-006012,2025-05-12,CUS-0499,PRD-0461,5,3797.59,18987.95,South,Retail,Delivered
SO-006013,2025-10-05,CUS-0943,PRD-0321,4,7531.12,30124.48,West,Retail,Delivered
SO-006014,2025-12-01,CUS-0837,PRD-0478,1,2626.61,2626.61,West,Online,Delivered
SO-006015,2025-08-25,CUS-0962,PRD-0260,15,5071.17,76067.55,Central,Distributor,Delivered
SO-006016,2025-12-13,CUS-0100,PRD-0122,15,5254.03,78810.45,West,Online,Delivered
SO-006017,2026-01-27,CUS-0476,PRD-0149,26,4444.52,115557.52,North,Retail,Processing
SO-006018,2024-10-07,CUS-0589,PRD-0072,19,6759.17,128424.23,North,Distributor,Processing
SO-006019,2025-09-14,CUS-0360,PRD-0394,22,567.05,12475.1,East,Distributor,Delivered
SO-006020,2025-08-30,CUS-0121,PRD-0254,6,5366.88,32201.28,South,Retail,Delivered
SO-006021,2025-03-28,CUS-0355,PRD-0410,12,4500.44,54005.28,East,Distributor,Delivered
SO-006022,2026-07-12,CUS-0232,PRD-0179,19,2569.93,48828.67,East,Online,Delivered
SO-006023,2025-09-02,CUS-0200,PRD-0315,8,3215.25,25722.0,East,Online,Delivered
SO-006024,2026-08-15,CUS-0415,PRD-0014,22,5271.41,115971.02,West,Distributor,Shipped
SO-006025,2024-12-07,CUS-0322,PRD-0406,9,1849.52,16645.68,West,Retail,Delivered
SO-006026,2025-11-20,CUS-0520,PRD-0186,30,5915.57,177467.1,South,Online,Delivered
SO-006027,2024-11-17,CUS-0252,PRD-0308,16,4369.87,69917.92,North,Retail,Delivered
SO-006028,2025-09-06,CUS-0288,PRD-0110,19,1471.72,27962.68,East,Retail,Delivered
SO-006029,2025-03-24,CUS-0359,PRD-0015,23,925.14,21278.22,North,Distributor,Delivered
SO-006030,2026-07-21,CUS-0625,PRD-0302,5,217.1,1085.5,South,Distributor,Delivered
SO-006031,2026-01-24,CUS-0675,PRD-0129,16,5685.71,90971.36,West,Online,Delivered
SO-006032,2026-07-12,CUS-0792,PRD-0466,5,2911.86,14559.3,East,Online,Delivered
SO-006033,2025-01-05,CUS-0223,PRD-0369,6,705.22,4231.32,South,Online,Delivered
SO-006034,2025-07-15,CUS-0846,PRD-0279,28,3569.68,99951.04,North,Online,Delivered
SO-006035,2026-06-26,CUS-0729,PRD-0408,13,3047.73,39620.49,South,Retail,Delivered
SO-006036,2025-12-08,CUS-0906,PRD-0016,12,4375.8,52509.6,North,Online,Delivered
SO-006037,2025-05-08,CUS-0677,PRD-0046,5,5675.2,28376.0,North,Retail,Shipped
SO-006038,2024-12-18,CUS-0321,PRD-0030,25,5166.18,129154.5,Central,Distributor,Delivered
SO-006039,2025-11-17,CUS-0238,PRD-0348,3,7795.21,23385.63,West,Retail,Shipped
SO-006040,2025-06-23,CUS-0213,PRD-0070,14,1342.91,18800.74,North,Distributor,Delivered
SO-006041,2025-11-07,CUS-0556,PRD-0182,22,1737.05,38215.1,West,Online,Delivered
SO-006042,2026-07-30,CUS-0365,PRD-0165,28,1524.02,42672.56,East,Distributor,Delivered
SO-006043,2024-11-10,CUS-0601,PRD-0428,12,7558.43,90701.16,South,Distributor,Delivered
SO-006044,2025-02-08,CUS-0549,PRD-0218,27,2891.54,78071.58,Central,Online,Delivered
SO-006045,2025-07-26,CUS-0475,PRD-0369,10,705.22,7052.2,West,Distributor,Processing
SO-006046,2025-12-07,CUS-0060,PRD-0209,18,352.28,6341.04,West,Retail,Delivered
SO-006047,2024-11-29,CUS-0515,PRD-0425,27,4408.91,119040.57,West,Retail,Delivered
SO-006048,2025-11-12,CUS-0380,PRD-0489,23,1309.19,30111.37,South,Online,Delivered
SO-006049,2026-03-28,CUS-0346,PRD-0168,21,6422.87,134880.27,Central,Distributor,Delivered
SO-006050,2024-12-02,CUS-0980,PRD-0096,14,4152.16,58130.24,West,Retail,Cancelled
SO-006051,2026-03-10,CUS-0293,PRD-0123,9,5761.94,51857.46,South,Distributor,Shipped
SO-006052,2026-03-19,CUS-0511,PRD-0251,28,1941.24,54354.72,Central,Distributor,Delivered
SO-006053,2026-06-29,CUS-0863,PRD-0104,13,1134.85,14753.05,West,Distributor,Delivered
SO-006054,2026-07-28,CUS-0240,PRD-0287,1,4173.59,4173.59,North,Retail,Delivered
SO-006055,2026-05-21,CUS-0614,PRD-0039,27,6475.29,174832.83,South,Distributor,Delivered
SO-006056,2025-12-31,CUS-0649,PRD-0491,8,4012.78,32102.24,North,Online,Delivered
SO-006057,2025-02-20,CUS-0089,PRD-0425,19,3674.09,69807.71,South,Retail,Delivered
SO-006058,2026-07-22,CUS-0558,PRD-0222,6,3091.24,18547.44,South,Online,Processing
SO-006059,2025-07-23,CUS-0110,PRD-0206,25,4585.59,114639.75,West,Retail,Delivered
SO-006060,2025-09-24,CUS-0759,PRD-0332,14,4886.91,68416.74,East,Distributor,Delivered
SO-006061,2025-02-21,CUS-0854,PRD-0195,14,1287.61,18026.54,West,Distributor,Cancelled
SO-006062,2025-01-09,CUS-0308,PRD-0276,3,4900.86,14702.58,East,Online,Delivered
SO-006063,2024-11-29,CUS-0395,PRD-0006,15,4757.83,71367.45,East,Distributor,Delivered
SO-006064,2024-11-27,CUS-0621,PRD-0223,23,2619.7,60253.1,North,Online,Shipped
SO-006065,2025-10-31,CUS-0159,PRD-0049,24,7176.97,172247.28,South,Retail,Cancelled
SO-006066,2025-08-12,CUS-0877,PRD-0397,16,1896.25,30340.0,West,Online,Shipped
SO-006067,2025-02-06,CUS-1000,PRD-0386,26,2962.71,77030.46,Central,Retail,Delivered
SO-006068,2025-03-13,CUS-0919,PRD-0175,10,4122.39,41223.9,East,Retail,Shipped
SO-006069,2025-11-19,CUS-0129,PRD-0238,22,7774.25,171033.5,South,Distributor,Shipped
SO-006070,2024-12-27,CUS-0675,PRD-0490,30,947.17,28415.1,North,Distributor,Delivered
SO-006071,2026-05-22,CUS-0537,PRD-0251,27,1941.24,52413.48,Central,Retail,Delivered
SO-006072,2025-07-23,CUS-0064,PRD-0101,27,596.67,16110.09,South,Online,Delivered
SO-006073,2026-06-19,CUS-0229,PRD-0335,17,422.97,7190.49,West,Online,Shipped
SO-006074,2025-03-10,CUS-0653,PRD-0281,12,3975.66,47707.92,West,Distributor,Delivered
SO-006075,2026-09-01,CUS-0944,PRD-0409,12,6491.0,77892.0,South,Online,Delivered
SO-006076,2026-01-24,CUS-0979,PRD-0020,29,1900.69,55120.01,North,Retail,Delivered
SO-006077,2024-11-17,CUS-0304,PRD-0381,5,3126.8,15634.0,East,Online,Cancelled
SO-006078,2024-10-17,CUS-0420,PRD-0274,25,7099.91,177497.75,East,Retail,Delivered
SO-006079,2025-10-11,CUS-0378,PRD-0439,26,4484.95,116608.7,West,Distributor,Delivered
SO-006080,2026-01-19,CUS-0764,PRD-0115,6,1159.28,6955.68,South,Retail,Shipped
SO-006081,2025-12-29,CUS-0363,PRD-0178,18,771.94,13894.92,South,Retail,Delivered
SO-006082,2025-11-08,CUS-0064,PRD-0339,18,1494.23,26896.14,South,Distributor,Shipped
SO-006083,2026-01-12,CUS-0899,PRD-0396,6,5062.73,30376.38,South,Online,Delivered
SO-006084,2026-02-06,CUS-0200,PRD-0465,27,5430.01,146610.27,East,Distributor,Shipped
SO-006085,2026-05-01,CUS-0532,PRD-0289,19,2175.15,41327.85,South,Online,Delivered
SO-006086,2025-10-23,CUS-0830,PRD-0340,27,4893.06,132112.62,South,Retail,Delivered
SO-006087,2026-02-03,CUS-0768,PRD-0010,28,4577.14,128159.92,Central,Retail,Cancelled
SO-006088,2025-02-19,CUS-0660,PRD-0130,26,1401.28,36433.28,South,Retail,Delivered
SO-006089,2024-12-10,CUS-0025,PRD-0072,12,6759.17,81110.04,North,Retail,Delivered
SO-006090,2026-05-12,CUS-0373,PRD-0380,28,1625.68,45519.04,East,Retail,Delivered
SO-006091,2026-08-25,CUS-0091,PRD-0295,19,3072.78,58382.82,Central,Distributor,Delivered
SO-006092,2026-03-26,CUS-0540,PRD-0250,22,783.48,17236.56,East,Distributor,Delivered
SO-006093,2026-01-18,CUS-0400,PRD-0220,2,4804.28,9608.56,South,Distributor,Delivered
SO-006094,2026-05-26,CUS-0209,PRD-0222,14,3091.24,43277.36,South,Retail,Shipped
SO-006095,2026-03-15,CUS-0750,PRD-0213,20,4571.12,91422.4,East,Online,Processing
SO-006096,2025-10-27,CUS-0579,PRD-0304,9,7395.34,66558.06,South,Distributor,Shipped
SO-006097,2026-02-05,CUS-0454,PRD-0045,25,4983.69,124592.25,North,Retail,Processing
SO-006098,2025-02-27,CUS-0840,PRD-0321,29,6275.93,182001.97,East,Distributor,Delivered
SO-006099,2025-04-30,CUS-0182,PRD-0268,18,4521.3,81383.4,East,Retail,Delivered
SO-006100,2026-08-01,CUS-0321,PRD-0205,30,3722.48,111674.4,East,Distributor,Processing
SO-006101,2025-03-31,CUS-0096,PRD-0110,15,1471.72,22075.8,Central,Online,Delivered
SO-006102,2026-03-07,CUS-0925,PRD-0395,25,3865.26,96631.5,North,Online,Processing
SO-006103,2025-03-28,CUS-0428,PRD-0362,16,5713.06,91408.96,North,Online,Delivered
SO-006104,2025-11-11,CUS-0802,PRD-0431,12,6632.57,79590.84,North,Distributor,Delivered
SO-006105,2026-05-26,CUS-0427,PRD-0215,3,2341.69,7025.07,South,Retail,Delivered
SO-006106,2026-01-24,CUS-0277,PRD-0123,27,5761.94,155572.38,Central,Online,Delivered
SO-006107,2024-12-08,CUS-0423,PRD-0295,5,3687.34,18436.7,South,Online,Delivered
SO-006108,2025-11-25,CUS-0938,PRD-0463,30,1036.39,31091.7,West,Online,Delivered
SO-006109,2025-03-08,CUS-0993,PRD-0312,14,5356.9,74996.6,South,Online,Delivered
SO-006110,2024-11-30,CUS-0623,PRD-0200,22,5881.55,129394.1,East,Retail,Delivered
SO-006111,2025-11-08,CUS-0981,PRD-0173,11,2137.26,23509.86,West,Distributor,Delivered
SO-006112,2026-07-28,CUS-0119,PRD-0153,4,4300.48,17201.92,North,Online,Delivered
SO-006113,2026-09-18,CUS-0515,PRD-0362,23,5713.06,131400.38,East,Retail,Delivered
SO-006114,2025-02-13,CUS-0403,PRD-0285,14,3435.8,48101.2,North,Distributor,Delivered
SO-006115,2025-11-15,CUS-0555,PRD-0060,30,7032.65,210979.5,North,Retail,Delivered
SO-006116,2025-06-09,CUS-0013,PRD-0379,24,6474.05,155377.2,North,Online,Delivered
SO-006117,2024-10-19,CUS-0391,PRD-0359,3,2945.0,8835.0,Central,Retail,Delivered
SO-006118,2025-05-15,CUS-0853,PRD-0177,29,1860.82,53963.78,South,Distributor,Delivered
SO-006119,2025-09-26,CUS-0801,PRD-0403,18,853.94,15370.92,South,Online,Delivered
SO-006120,2025-01-14,CUS-0818,PRD-0470,14,3381.78,47344.92,East,Retail,Delivered
SO-006121,2025-03-15,CUS-0728,PRD-0418,29,2869.54,83216.66,West,Retail,Delivered
SO-006122,2026-01-06,CUS-0711,PRD-0460,8,249.38,1995.04,North,Retail,Delivered
SO-006123,2025-04-26,CUS-0998,PRD-0476,25,4935.81,123395.25,South,Online,Delivered
SO-006124,2024-11-23,CUS-0872,PRD-0002,20,2027.95,40559.0,West,Distributor,Delivered
SO-006125,2025-11-24,CUS-0162,PRD-0369,24,846.26,20310.24,Central,Distributor,Processing
SO-006126,2025-06-26,CUS-0123,PRD-0368,5,6291.51,31457.55,West,Online,Processing
SO-006127,2025-09-21,CUS-0608,PRD-0208,14,6275.27,87853.78,Central,Retail,Delivered
SO-006128,2025-11-30,CUS-0769,PRD-0300,4,376.68,1506.72,South,Online,Delivered
SO-006129,2026-08-23,CUS-0665,PRD-0380,20,1625.68,32513.6,East,Retail,Processing
SO-006130,2026-08-07,CUS-0633,PRD-0007,18,4691.05,84438.9,South,Distributor,Delivered
SO-006131,2026-03-13,CUS-0808,PRD-0369,6,705.22,4231.32,Central,Distributor,Shipped
SO-006132,2024-12-04,CUS-0582,PRD-0075,4,3585.2,14340.8,South,Distributor,Delivered
SO-006133,2025-09-08,CUS-0960,PRD-0049,25,5980.81,149520.25,North,Retail,Delivered
SO-006134,2026-01-17,CUS-0269,PRD-0016,2,3646.5,7293.0,Central,Distributor,Delivered
SO-006135,2025-11-12,CUS-0984,PRD-0451,17,3875.82,65888.94,North,Online,Shipped
SO-006136,2026-07-29,CUS-0442,PRD-0335,13,422.97,5498.61,East,Retail,Delivered
SO-006137,2025-08-11,CUS-0394,PRD-0154,8,2946.55,23572.4,West,Distributor,Delivered
SO-006138,2026-01-17,CUS-0046,PRD-0073,1,516.1,516.1,North,Distributor,Delivered
SO-006139,2025-10-13,CUS-0188,PRD-0374,28,4891.81,136970.68,North,Online,Processing
SO-006140,2026-09-20,CUS-0952,PRD-0182,17,1447.54,24608.18,East,Retail,Delivered
SO-006141,2026-08-09,CUS-0037,PRD-0165,18,1524.02,27432.36,South,Online,Delivered
SO-006142,2024-10-02,CUS-0300,PRD-0418,12,3443.45,41321.4,East,Retail,Delivered
SO-006143,2026-03-23,CUS-0435,PRD-0142,13,1752.58,22783.54,West,Online,Delivered
SO-006144,2025-10-17,CUS-0943,PRD-0313,6,6557.66,39345.96,Central,Distributor,Delivered
SO-006145,2026-01-09,CUS-0568,PRD-0413,21,1881.85,39518.85,South,Retail,Delivered
SO-006146,2025-12-07,CUS-0638,PRD-0284,3,463.54,1390.62,South,Distributor,Delivered
SO-006147,2026-09-22,CUS-0946,PRD-0494,30,2448.03,73440.9,West,Distributor,Delivered
SO-006148,2024-12-12,CUS-1000,PRD-0374,8,4891.81,39134.48,South,Online,Delivered
SO-006149,2026-09-12,CUS-0708,PRD-0381,25,2605.67,65141.75,South,Distributor,Delivered
SO-006150,2026-06-14,CUS-0706,PRD-0370,14,1814.61,25404.54,South,Distributor,Delivered
SO-006151,2026-02-21,CUS-0485,PRD-0103,4,5730.95,22923.8,South,Retail,Delivered
SO-006152,2026-09-28,CUS-0935,PRD-0304,19,6162.78,117092.82,North,Retail,Cancelled
SO-006153,2025-07-24,CUS-0132,PRD-0254,17,5366.88,91236.96,East,Online,Delivered
SO-006154,2025-01-09,CUS-0626,PRD-0440,13,1033.75,13438.75,West,Retail,Delivered
SO-006155,2025-11-13,CUS-0055,PRD-0326,10,727.99,7279.9,Central,Online,Delivered
SO-006156,2025-04-13,CUS-0269,PRD-0468,7,630.98,4416.86,North,Online,Shipped
SO-006157,2024-12-03,CUS-0187,PRD-0366,13,3735.92,48566.96,East,Online,Delivered
SO-006158,2026-03-09,CUS-0204,PRD-0372,7,2557.13,17899.91,South,Distributor,Delivered
SO-006159,2025-12-25,CUS-0985,PRD-0083,21,7238.3,152004.3,West,Retail,Processing
SO-006160,2026-04-03,CUS-0566,PRD-0335,19,422.97,8036.43,North,Online,Delivered
SO-006161,2025-05-17,CUS-0598,PRD-0115,11,1159.28,12752.08,East,Distributor,Delivered
SO-006162,2025-12-19,CUS-0996,PRD-0025,12,7719.91,92638.92,North,Distributor,Delivered
SO-006163,2026-09-13,CUS-0099,PRD-0251,10,1941.24,19412.4,South,Online,Delivered
SO-006164,2025-01-20,CUS-0820,PRD-0032,23,4875.59,112138.57,South,Online,Delivered
SO-006165,2026-03-05,CUS-0370,PRD-0372,1,2557.13,2557.13,West,Online,Delivered
SO-006166,2025-04-11,CUS-0687,PRD-0491,28,3343.98,93631.44,East,Retail,Delivered
SO-006167,2025-10-07,CUS-0612,PRD-0299,18,3504.96,63089.28,West,Distributor,Delivered
SO-006168,2026-06-07,CUS-0005,PRD-0155,18,3144.19,56595.42,Central,Distributor,Delivered
SO-006169,2026-05-22,CUS-0365,PRD-0340,29,4077.55,118248.95,East,Distributor,Shipped
SO-006170,2026-09-27,CUS-0862,PRD-0466,29,2911.86,84443.94,Central,Retail,Delivered
SO-006171,2026-06-23,CUS-0933,PRD-0463,11,863.66,9500.26,Central,Retail,Delivered
SO-006172,2025-07-13,CUS-0003,PRD-0141,20,2583.7,51674.0,East,Retail,Processing
SO-006173,2024-12-11,CUS-0886,PRD-0057,29,3390.47,98323.63,South,Retail,Shipped
SO-006174,2026-07-28,CUS-0578,PRD-0398,4,3571.18,14284.72,East,Retail,Delivered
SO-006175,2026-01-24,CUS-0562,PRD-0243,18,1508.36,27150.48,Central,Distributor,Processing
SO-006176,2024-10-20,CUS-0121,PRD-0354,30,4796.41,143892.3,West,Online,Delivered
SO-006177,2025-03-31,CUS-0208,PRD-0349,18,1641.0,29538.0,West,Retail,Delivered
SO-006178,2025-12-29,CUS-0913,PRD-0005,15,872.21,13083.15,West,Distributor,Delivered
SO-006179,2024-10-12,CUS-0984,PRD-0163,12,3210.95,38531.4,East,Online,Cancelled
SO-006180,2026-04-05,CUS-0736,PRD-0380,28,1625.68,45519.04,East,Distributor,Processing
SO-006181,2024-11-17,CUS-0463,PRD-0005,12,872.21,10466.52,South,Distributor,Delivered
SO-006182,2024-10-30,CUS-0985,PRD-0196,11,2658.29,29241.19,East,Distributor,Delivered
SO-006183,2024-12-07,CUS-0949,PRD-0344,20,7044.85,140897.0,East,Online,Delivered
SO-006184,2025-09-04,CUS-0277,PRD-0022,28,4600.6,128816.8,West,Retail,Delivered
SO-006185,2025-05-18,CUS-0865,PRD-0406,16,1541.27,24660.32,West,Online,Delivered
SO-006186,2025-09-29,CUS-0630,PRD-0142,29,1752.58,50824.82,Central,Online,Delivered
SO-006187,2025-09-30,CUS-0275,PRD-0310,29,5633.85,163381.65,East,Retail,Delivered
SO-006188,2025-02-16,CUS-0821,PRD-0046,23,5675.2,130529.6,South,Retail,Processing
SO-006189,2026-09-29,CUS-0381,PRD-0224,29,1906.78,55296.62,North,Retail,Delivered
SO-006190,2025-10-22,CUS-0363,PRD-0298,16,2197.38,35158.08,North,Online,Delivered
SO-006191,2025-02-22,CUS-0380,PRD-0172,3,5845.22,17535.66,West,Distributor,Shipped
SO-006192,2026-01-15,CUS-0020,PRD-0001,10,4203.15,42031.5,Central,Retail,Delivered
SO-006193,2025-11-20,CUS-0968,PRD-0104,23,1361.82,31321.86,East,Retail,Cancelled
SO-006194,2025-02-05,CUS-0381,PRD-0232,14,3666.47,51330.58,North,Retail,Delivered
SO-006195,2025-04-02,CUS-0344,PRD-0499,16,2253.51,36056.16,West,Distributor,Processing
SO-006196,2025-05-29,CUS-0297,PRD-0220,16,4804.28,76868.48,East,Retail,Processing
SO-006197,2026-04-07,CUS-0663,PRD-0478,5,2188.84,10944.2,West,Online,Delivered
SO-006198,2026-02-04,CUS-0975,PRD-0415,1,3509.65,3509.65,West,Online,Processing
SO-006199,2025-11-28,CUS-0945,PRD-0131,25,2488.88,62222.0,Central,Retail,Delivered
SO-006200,2025-03-14,CUS-0109,PRD-0471,3,3378.4,10135.2,West,Online,Delivered
SO-006201,2025-06-25,CUS-0439,PRD-0080,29,2718.86,78846.94,Central,Online,Delivered
SO-006202,2025-04-10,CUS-0088,PRD-0369,12,705.22,8462.64,North,Retail,Shipped
SO-006203,2024-11-27,CUS-0757,PRD-0257,30,807.13,24213.9,East,Retail,Cancelled
SO-006204,2026-05-25,CUS-0938,PRD-0485,19,3914.29,74371.51,West,Online,Delivered
SO-006205,2025-03-27,CUS-0388,PRD-0386,18,2962.71,53328.78,West,Distributor,Cancelled
SO-006206,2025-07-13,CUS-0144,PRD-0441,10,4882.73,48827.3,West,Distributor,Delivered
SO-006207,2025-01-03,CUS-0422,PRD-0310,8,5633.85,45070.8,West,Retail,Delivered
SO-006208,2025-07-29,CUS-0527,PRD-0316,23,4989.5,114758.5,West,Distributor,Delivered
SO-006209,2026-03-03,CUS-0747,PRD-0489,30,1090.99,32729.7,East,Distributor,Cancelled
SO-006210,2026-09-18,CUS-0286,PRD-0156,16,1937.71,31003.36,Central,Retail,Delivered
SO-006211,2026-08-06,CUS-0981,PRD-0071,30,2386.88,71606.4,West,Distributor,Delivered
SO-006212,2025-03-27,CUS-0235,PRD-0012,6,720.79,4324.74,West,Online,Processing
SO-006213,2026-06-24,CUS-0633,PRD-0268,25,4521.3,113032.5,South,Distributor,Processing
SO-006214,2025-11-29,CUS-0131,PRD-0192,2,4238.84,8477.68,North,Distributor,Cancelled
SO-006215,2025-05-10,CUS-0853,PRD-0145,12,4099.5,49194.0,East,Retail,Delivered
SO-006216,2024-11-30,CUS-0422,PRD-0365,24,5862.7,140704.8,East,Distributor,Delivered
SO-006217,2025-02-21,CUS-0010,PRD-0464,18,1224.83,22046.94,East,Distributor,Delivered
SO-006218,2025-04-26,CUS-0384,PRD-0004,30,3891.43,116742.9,North,Distributor,Processing
SO-006219,2025-01-27,CUS-0330,PRD-0312,15,5356.9,80353.5,South,Retail,Shipped
SO-006220,2026-01-13,CUS-0611,PRD-0383,5,4301.86,21509.3,Central,Retail,Delivered
SO-006221,2025-10-25,CUS-0583,PRD-0013,18,6634.25,119416.5,East,Retail,Delivered
SO-006222,2026-05-11,CUS-0583,PRD-0463,12,863.66,10363.92,South,Retail,Delivered
SO-006223,2025-08-31,CUS-0451,PRD-0492,19,1708.12,32454.28,Central,Online,Processing
SO-006224,2026-03-17,CUS-0454,PRD-0107,16,6065.28,97044.48,North,Retail,Delivered
SO-006225,2025-01-27,CUS-0737,PRD-0374,17,4076.51,69300.67,North,Distributor,Processing
SO-006226,2026-07-03,CUS-0409,PRD-0424,10,2881.05,28810.5,Central,Online,Delivered
SO-006227,2025-09-08,CUS-0919,PRD-0155,28,3144.19,88037.32,West,Distributor,Delivered
SO-006228,2026-06-18,CUS-0247,PRD-0359,16,2454.17,39266.72,North,Retail,Delivered
SO-006229,2025-03-16,CUS-0540,PRD-0465,5,5430.01,27150.05,South,Retail,Delivered
SO-006230,2026-07-24,CUS-0679,PRD-0387,17,762.89,12969.13,West,Retail,Shipped
SO-006231,2024-12-05,CUS-0700,PRD-0128,26,1372.91,35695.66,East,Online,Processing
SO-006232,2024-12-24,CUS-0417,PRD-0244,7,5694.73,39863.11,South,Distributor,Delivered
SO-006233,2025-07-24,CUS-0005,PRD-0424,13,2881.05,37453.65,Central,Distributor,Delivered
SO-006234,2025-06-10,CUS-0314,PRD-0173,11,1781.05,19591.55,West,Online,Delivered
SO-006235,2024-11-30,CUS-0627,PRD-0467,15,3486.3,52294.5,Central,Online,Delivered
SO-006236,2025-10-23,CUS-0361,PRD-0246,29,2420.51,70194.79,North,Retail,Delivered
SO-006237,2025-02-13,CUS-0508,PRD-0359,26,2454.17,63808.42,South,Retail,Delivered
SO-006238,2026-08-23,CUS-0312,PRD-0094,4,3817.71,15270.84,East,Distributor,Delivered
SO-006239,2026-01-18,CUS-0663,PRD-0265,10,1474.23,14742.3,Central,Distributor,Cancelled
SO-006240,2026-09-15,CUS-0981,PRD-0250,7,783.48,5484.36,Central,Distributor,Delivered
SO-006241,2026-07-23,CUS-0215,PRD-0412,17,4004.86,68082.62,West,Online,Cancelled
SO-006242,2024-11-25,CUS-0169,PRD-0255,4,722.28,2889.12,Central,Retail,Delivered
SO-006243,2026-03-01,CUS-0429,PRD-0209,9,293.57,2642.13,East,Online,Delivered
SO-006244,2025-02-25,CUS-0636,PRD-0201,22,1558.3,34282.6,South,Online,Delivered
SO-006245,2026-04-08,CUS-0175,PRD-0492,9,1708.12,15373.08,North,Retail,Delivered
SO-006246,2025-03-27,CUS-0957,PRD-0464,30,1224.83,36744.9,North,Distributor,Delivered
SO-006247,2026-08-13,CUS-0335,PRD-0300,22,313.9,6905.8,West,Distributor,Delivered
SO-006248,2025-12-22,CUS-0527,PRD-0301,16,5581.58,89305.28,South,Distributor,Delivered
SO-006249,2026-02-15,CUS-0818,PRD-0320,21,2589.33,54375.93,East,Online,Delivered
SO-006250,2025-04-07,CUS-0722,PRD-0286,1,1286.09,1286.09,South,Online,Delivered
SO-006251,2025-01-01,CUS-0355,PRD-0001,4,4203.15,16812.6,Central,Online,Processing
SO-006252,2025-03-16,CUS-0834,PRD-0321,18,6275.93,112966.74,West,Online,Shipped
SO-006253,2026-06-30,CUS-0388,PRD-0196,28,2215.24,62026.72,South,Retail,Delivered
SO-006254,2026-04-20,CUS-0717,PRD-0098,23,1821.96,41905.08,Central,Distributor,Delivered
SO-006255,2025-06-28,CUS-0289,PRD-0344,18,5870.71,105672.78,North,Online,Shipped
SO-006256,2025-01-28,CUS-0852,PRD-0496,25,463.57,11589.25,North,Retail,Delivered
SO-006257,2026-04-28,CUS-0089,PRD-0035,18,3375.68,60762.24,South,Retail,Delivered
SO-006258,2026-04-19,CUS-0529,PRD-0016,6,3646.5,21879.0,North,Distributor,Delivered
SO-006259,2025-12-25,CUS-0698,PRD-0123,4,6914.33,27657.32,East,Online,Shipped
SO-006260,2025-12-13,CUS-0937,PRD-0216,7,683.11,4781.77,North,Distributor,Delivered
SO-006261,2024-11-22,CUS-0289,PRD-0167,24,3645.19,87484.56,North,Online,Delivered
SO-006262,2025-10-22,CUS-0913,PRD-0027,30,6437.86,193135.8,South,Online,Delivered
SO-006263,2025-12-29,CUS-0343,PRD-0194,5,5069.17,25345.85,West,Online,Shipped
SO-006264,2026-07-23,CUS-0582,PRD-0464,27,1224.83,33070.41,South,Distributor,Cancelled
SO-006265,2025-08-25,CUS-0280,PRD-0236,4,4359.42,17437.68,South,Distributor,Delivered
SO-006266,2025-08-24,CUS-0132,PRD-0035,2,3375.68,6751.36,East,Retail,Delivered
SO-006267,2026-09-08,CUS-0693,PRD-0061,11,1709.16,18800.76,South,Online,Delivered
SO-006268,2025-01-16,CUS-0083,PRD-0373,17,4428.71,75288.07,West,Online,Delivered
SO-006269,2025-05-10,CUS-0427,PRD-0484,4,4236.53,16946.12,East,Retail,Delivered
SO-006270,2026-05-15,CUS-0024,PRD-0209,30,293.57,8807.1,Central,Retail,Delivered
SO-006271,2025-04-15,CUS-0879,PRD-0447,18,4346.55,78237.9,South,Online,Processing
SO-006272,2025-07-06,CUS-0937,PRD-0067,15,4391.39,65870.85,West,Distributor,Processing
SO-006273,2026-04-10,CUS-0466,PRD-0209,9,293.57,2642.13,South,Retail,Delivered
SO-006274,2025-09-22,CUS-0238,PRD-0053,15,675.61,10134.15,East,Distributor,Delivered
SO-006275,2025-11-29,CUS-0810,PRD-0108,29,2177.57,63149.53,South,Online,Shipped
SO-006276,2026-07-28,CUS-0118,PRD-0066,19,581.36,11045.84,Central,Distributor,Cancelled
SO-006277,2026-01-18,CUS-0879,PRD-0328,14,5555.74,77780.36,Central,Online,Delivered
SO-006278,2026-04-18,CUS-0145,PRD-0431,24,5527.14,132651.36,East,Retail,Processing
SO-006279,2025-06-02,CUS-0746,PRD-0071,23,2386.88,54898.24,South,Online,Delivered
SO-006280,2025-05-23,CUS-0677,PRD-0146,7,3360.37,23522.59,South,Retail,Delivered
SO-006281,2026-05-22,CUS-0665,PRD-0042,28,5025.97,140727.16,Central,Online,Delivered
SO-006282,2024-11-07,CUS-0207,PRD-0117,26,1011.16,26290.16,West,Retail,Delivered
SO-006283,2025-06-23,CUS-0990,PRD-0494,14,2448.03,34272.42,South,Retail,Delivered
SO-006284,2025-12-17,CUS-0807,PRD-0353,1,5852.09,5852.09,East,Distributor,Delivered
SO-006285,2025-05-13,CUS-0421,PRD-0187,15,4891.68,73375.2,Central,Online,Cancelled
SO-006286,2025-03-28,CUS-0401,PRD-0216,11,569.26,6261.86,West,Online,Delivered
SO-006287,2026-08-03,CUS-0191,PRD-0243,17,1508.36,25642.12,East,Distributor,Delivered
SO-006288,2025-04-03,CUS-0316,PRD-0089,3,5986.5,17959.5,Central,Retail,Delivered
SO-006289,2026-06-21,CUS-0870,PRD-0367,19,4933.94,93744.86,North,Distributor,Delivered
SO-006290,2026-09-11,CUS-0956,PRD-0264,1,6166.15,6166.15,East,Online,Cancelled
SO-006291,2025-05-27,CUS-0832,PRD-0029,11,5712.46,62837.06,North,Retail,Delivered
SO-006292,2026-03-11,CUS-0741,PRD-0180,23,539.14,12400.22,North,Retail,Delivered
SO-006293,2024-10-11,CUS-0616,PRD-0441,23,5859.28,134763.44,East,Online,Delivered
SO-006294,2026-06-24,CUS-0832,PRD-0432,8,2471.37,19770.96,South,Retail,Cancelled
SO-006295,2024-11-26,CUS-0974,PRD-0319,6,489.64,2937.84,West,Distributor,Delivered
SO-006296,2025-07-07,CUS-0043,PRD-0237,23,3655.63,84079.49,North,Online,Processing
SO-006297,2026-08-15,CUS-0363,PRD-0178,7,643.28,4502.96,Central,Retail,Delivered
SO-006298,2025-05-23,CUS-0704,PRD-0268,21,4521.3,94947.3,Central,Online,Delivered
SO-006299,2024-12-23,CUS-0834,PRD-0273,21,1033.34,21700.14,West,Distributor,Delivered
SO-006300,2024-12-23,CUS-0359,PRD-0287,10,5008.31,50083.1,West,Online,Cancelled
SO-006301,2026-03-06,CUS-0315,PRD-0220,5,4804.28,24021.4,South,Retail,Delivered
SO-006302,2026-09-13,CUS-0056,PRD-0301,30,4651.32,139539.6,North,Retail,Delivered
SO-006303,2024-12-28,CUS-0879,PRD-0140,30,4789.86,143695.8,South,Online,Delivered
SO-006304,2026-01-13,CUS-0246,PRD-0158,12,1560.96,18731.52,West,Online,Processing
SO-006305,2026-06-13,CUS-0491,PRD-0483,1,492.39,492.39,North,Online,Delivered
SO-006306,2024-10-31,CUS-0159,PRD-0499,29,2704.21,78422.09,South,Distributor,Processing
SO-006307,2026-06-12,CUS-0855,PRD-0383,18,4301.86,77433.48,Central,Distributor,Shipped
SO-006308,2024-10-01,CUS-0888,PRD-0373,7,5314.45,37201.15,Central,Distributor,Delivered
SO-006309,2025-10-23,CUS-0211,PRD-0263,30,4903.13,147093.9,South,Distributor,Delivered
SO-006310,2025-01-04,CUS-0984,PRD-0256,24,1080.39,25929.36,East,Retail,Delivered
SO-006311,2026-09-13,CUS-0135,PRD-0325,5,4731.96,23659.8,Central,Distributor,Delivered
SO-006312,2025-05-17,CUS-0291,PRD-0272,10,3886.96,38869.6,South,Online,Delivered
SO-006313,2025-09-29,CUS-0009,PRD-0081,11,5637.83,62016.13,Central,Distributor,Delivered
SO-006314,2025-12-30,CUS-0894,PRD-0096,17,4152.16,70586.72,South,Online,Delivered
SO-006315,2025-11-03,CUS-0988,PRD-0360,28,7109.2,199057.6,West,Distributor,Delivered
SO-006316,2025-01-30,CUS-0497,PRD-0351,5,6359.51,31797.55,Central,Online,Delivered
SO-006317,2025-09-06,CUS-0558,PRD-0172,22,5845.22,128594.84,South,Retail,Delivered
SO-006318,2025-08-05,CUS-0093,PRD-0212,29,3901.66,113148.14,East,Retail,Delivered
SO-006319,2025-10-17,CUS-0904,PRD-0145,18,4919.4,88549.2,Central,Distributor,Cancelled
SO-006320,2026-09-12,CUS-0368,PRD-0090,24,492.32,11815.68,South,Distributor,Shipped
SO-006321,2025-01-14,CUS-0181,PRD-0001,1,4203.15,4203.15,Central,Distributor,Delivered
SO-006322,2025-05-14,CUS-0363,PRD-0241,7,4724.58,33072.06,West,Retail,Delivered
SO-006323,2025-04-05,CUS-0375,PRD-0407,9,4762.54,42862.86,Central,Online,Cancelled
SO-006324,2025-02-07,CUS-0720,PRD-0201,5,1558.3,7791.5,West,Retail,Delivered
SO-006325,2025-05-07,CUS-0348,PRD-0356,30,4447.37,133421.1,South,Retail,Delivered
SO-006326,2026-01-01,CUS-0415,PRD-0098,9,1821.96,16397.64,East,Online,Delivered
SO-006327,2026-09-14,CUS-0840,PRD-0278,23,4587.31,105508.13,East,Retail,Delivered
SO-006328,2026-01-16,CUS-0181,PRD-0212,6,3901.66,23409.96,Central,Retail,Delivered
SO-006329,2026-01-09,CUS-0128,PRD-0439,11,3737.46,41112.06,North,Retail,Shipped
SO-006330,2025-12-24,CUS-0627,PRD-0212,27,4681.99,126413.73,South,Online,Delivered
SO-006331,2026-03-21,CUS-0919,PRD-0250,8,783.48,6267.84,North,Retail,Delivered
SO-006332,2026-03-10,CUS-0840,PRD-0189,9,1868.59,16817.31,East,Distributor,Delivered
SO-006333,2025-05-24,CUS-0795,PRD-0241,23,4724.58,108665.34,North,Retail,Delivered
SO-006334,2025-06-09,CUS-0501,PRD-0181,30,3586.43,107592.9,South,Retail,Delivered
SO-006335,2024-10-17,CUS-0410,PRD-0333,13,5968.26,77587.38,North,Distributor,Cancelled
SO-006336,2025-03-27,CUS-0756,PRD-0301,19,4651.32,88375.08,North,Online,Shipped
SO-006337,2026-02-16,CUS-0915,PRD-0025,21,6433.26,135098.46,East,Retail,Delivered
SO-006338,2025-08-30,CUS-0091,PRD-0228,27,3235.69,87363.63,Central,Online,Delivered
SO-006339,2025-07-08,CUS-0173,PRD-0167,3,3037.66,9112.98,North,Distributor,Processing
SO-006340,2025-10-18,CUS-0260,PRD-0465,11,6516.01,71676.11,South,Distributor,Cancelled
SO-006341,2025-06-18,CUS-0762,PRD-0132,19,280.75,5334.25,East,Online,Delivered
SO-006342,2025-09-28,CUS-0928,PRD-0375,4,5960.18,23840.72,Central,Distributor,Delivered
SO-006343,2026-05-22,CUS-0937,PRD-0305,1,6071.0,6071.0,Central,Retail,Delivered
SO-006344,2026-04-23,CUS-0809,PRD-0224,23,1906.78,43855.94,South,Distributor,Processing
SO-006345,2026-02-20,CUS-0913,PRD-0158,3,1560.96,4682.88,South,Retail,Delivered
SO-006346,2025-05-06,CUS-0102,PRD-0327,23,4100.16,94303.68,West,Distributor,Delivered
SO-006347,2025-08-02,CUS-0396,PRD-0265,15,1474.23,22113.45,Central,Retail,Delivered
SO-006348,2026-09-09,CUS-0239,PRD-0345,10,600.5,6005.0,West,Retail,Delivered
SO-006349,2025-11-26,CUS-0123,PRD-0111,3,5411.23,16233.69,West,Retail,Delivered
SO-006350,2025-03-07,CUS-0028,PRD-0077,23,2952.74,67913.02,South,Online,Delivered
SO-006351,2026-06-11,CUS-0322,PRD-0037,26,1149.08,29876.08,South,Retail,Delivered
SO-006352,2024-10-09,CUS-0340,PRD-0291,20,5220.79,104415.8,West,Online,Delivered
SO-006353,2025-07-23,CUS-0549,PRD-0087,5,518.3,2591.5,South,Retail,Shipped
SO-006354,2024-11-11,CUS-0796,PRD-0376,13,5013.02,65169.26,East,Retail,Delivered
SO-006355,2025-12-22,CUS-0012,PRD-0167,29,3645.19,105710.51,South,Distributor,Delivered
SO-006356,2026-01-16,CUS-0178,PRD-0447,11,4346.55,47812.05,West,Retail,Delivered
SO-006357,2026-07-03,CUS-0121,PRD-0471,1,3378.4,3378.4,North,Distributor,Delivered
SO-006358,2024-12-21,CUS-0488,PRD-0431,29,6632.57,192344.53,North,Online,Delivered
SO-006359,2025-12-27,CUS-0680,PRD-0064,12,5566.74,66800.88,West,Retail,Delivered
SO-006360,2026-07-12,CUS-0021,PRD-0132,6,280.75,1684.5,East,Online,Processing
SO-006361,2025-02-10,CUS-0706,PRD-0206,16,4585.59,73369.44,East,Retail,Processing
SO-006362,2026-04-15,CUS-0319,PRD-0154,24,2946.55,70717.2,South,Distributor,Processing
SO-006363,2025-06-24,CUS-0740,PRD-0163,18,2675.79,48164.22,West,Distributor,Delivered
SO-006364,2026-01-14,CUS-0114,PRD-0258,1,3684.93,3684.93,North,Retail,Delivered
SO-006365,2024-12-23,CUS-0251,PRD-0182,6,1737.05,10422.3,East,Distributor,Delivered
SO-006366,2026-09-14,CUS-0878,PRD-0189,5,1868.59,9342.95,South,Distributor,Delivered
SO-006367,2026-05-02,CUS-0578,PRD-0071,18,2386.88,42963.84,West,Online,Delivered
SO-006368,2025-09-04,CUS-0677,PRD-0132,28,280.75,7861.0,West,Online,Processing
SO-006369,2026-07-21,CUS-0422,PRD-0339,14,1245.19,17432.66,West,Retail,Processing
SO-006370,2026-07-29,CUS-0927,PRD-0457,5,2551.93,12759.65,West,Online,Delivered
SO-006371,2026-06-04,CUS-0346,PRD-0342,16,3067.52,49080.32,East,Retail,Delivered
SO-006372,2025-05-30,CUS-0223,PRD-0161,16,2769.99,44319.84,South,Retail,Cancelled
SO-006373,2025-03-29,CUS-0764,PRD-0138,19,820.52,15589.88,West,Distributor,Delivered
SO-006374,2026-03-09,CUS-0181,PRD-0454,28,5018.01,140504.28,Central,Distributor,Delivered
SO-006375,2025-04-25,CUS-0734,PRD-0286,2,1286.09,2572.18,West,Retail,Delivered
SO-006376,2025-03-12,CUS-0949,PRD-0388,3,5873.8,17621.4,Central,Distributor,Delivered
SO-006377,2025-09-02,CUS-0900,PRD-0278,2,4587.31,9174.62,East,Online,Delivered
SO-006378,2026-02-19,CUS-0737,PRD-0209,10,293.57,2935.7,Central,Retail,Delivered
SO-006379,2025-11-05,CUS-0088,PRD-0398,24,4285.42,102850.08,North,Online,Shipped
SO-006380,2026-07-06,CUS-0761,PRD-0074,19,1713.95,32565.05,South,Retail,Processing
SO-006381,2025-05-27,CUS-0373,PRD-0410,6,4500.44,27002.64,Central,Online,Delivered
SO-006382,2025-09-24,CUS-0278,PRD-0229,27,2297.96,62044.92,North,Online,Delivered
SO-006383,2025-09-19,CUS-0921,PRD-0452,5,1534.7,7673.5,Central,Online,Delivered
SO-006384,2024-10-10,CUS-0577,PRD-0254,22,6440.26,141685.72,North,Online,Cancelled
SO-006385,2026-01-14,CUS-0984,PRD-0132,15,280.75,4211.25,East,Online,Delivered
SO-006386,2026-08-10,CUS-0139,PRD-0331,2,4150.5,8301.0,East,Distributor,Delivered
SO-006387,2025-12-18,CUS-0379,PRD-0313,6,6557.66,39345.96,North,Distributor,Delivered
SO-006388,2026-03-19,CUS-0248,PRD-0266,22,1657.94,36474.68,Central,Distributor,Delivered
SO-006389,2025-08-07,CUS-0465,PRD-0472,19,4763.41,90504.79,South,Online,Processing
SO-006390,2025-05-31,CUS-0201,PRD-0445,3,1132.7,3398.1,North,Online,Processing
SO-006391,2026-01-21,CUS-0144,PRD-0247,19,2055.44,39053.36,West,Retail,Processing
SO-006392,2025-11-15,CUS-0897,PRD-0491,6,4012.78,24076.68,South,Distributor,Delivered
SO-006393,2026-05-12,CUS-0221,PRD-0309,6,6002.3,36013.8,Central,Retail,Delivered
SO-006394,2025-06-04,CUS-0280,PRD-0381,4,2605.67,10422.68,North,Distributor,Delivered
SO-006395,2025-12-27,CUS-0840,PRD-0437,25,1535.1,38377.5,West,Distributor,Delivered
SO-006396,2025-03-10,CUS-0437,PRD-0088,19,449.41,8538.79,West,Distributor,Delivered
SO-006397,2026-01-23,CUS-0561,PRD-0295,25,3072.78,76819.5,West,Distributor,Delivered
SO-006398,2024-10-31,CUS-0417,PRD-0104,1,1361.82,1361.82,Central,Retail,Delivered
SO-006399,2026-04-28,CUS-0612,PRD-0474,8,1235.19,9881.52,East,Online,Delivered
SO-006400,2025-03-21,CUS-0397,PRD-0090,13,492.32,6400.16,North,Retail,Cancelled
SO-006401,2025-04-12,CUS-0376,PRD-0002,20,1689.96,33799.2,West,Retail,Cancelled
SO-006402,2025-05-12,CUS-0216,PRD-0158,11,1560.96,17170.56,West,Online,Delivered
SO-006403,2025-01-20,CUS-0240,PRD-0498,20,1940.02,38800.4,East,Retail,Delivered
SO-006404,2025-09-30,CUS-0009,PRD-0139,29,4770.83,138354.07,East,Online,Delivered
SO-006405,2026-06-04,CUS-0995,PRD-0172,5,5845.22,29226.1,West,Retail,Shipped
SO-006406,2025-06-05,CUS-0733,PRD-0014,2,5271.41,10542.82,North,Distributor,Delivered
SO-006407,2025-12-26,CUS-0286,PRD-0367,19,5920.73,112493.87,East,Retail,Delivered
SO-006408,2025-05-25,CUS-0418,PRD-0220,20,4804.28,96085.6,Central,Online,Delivered
SO-006409,2026-07-30,CUS-0804,PRD-0004,19,3891.43,73937.17,Central,Retail,Delivered
SO-006410,2026-04-30,CUS-0668,PRD-0265,19,1474.23,28010.37,Central,Online,Shipped
SO-006411,2026-06-19,CUS-0475,PRD-0133,27,2221.02,59967.54,North,Online,Delivered
SO-006412,2026-06-10,CUS-0953,PRD-0418,4,2869.54,11478.16,West,Online,Delivered
SO-006413,2025-02-01,CUS-0023,PRD-0221,9,5278.23,47504.07,West,Online,Processing
SO-006414,2025-11-15,CUS-0706,PRD-0304,14,7395.34,103534.76,South,Distributor,Delivered
SO-006415,2025-01-07,CUS-0276,PRD-0417,28,5562.28,155743.84,Central,Retail,Delivered
SO-006416,2026-08-05,CUS-0779,PRD-0125,1,6348.43,6348.43,Central,Retail,Delivered
SO-006417,2026-03-17,CUS-0877,PRD-0003,18,4440.58,79930.44,Central,Online,Delivered
SO-006418,2025-01-07,CUS-0558,PRD-0109,19,1120.2,21283.8,West,Retail,Delivered
SO-006419,2025-06-06,CUS-0170,PRD-0293,30,1737.78,52133.4,East,Online,Delivered
SO-006420,2025-08-27,CUS-0681,PRD-0496,16,463.57,7417.12,West,Online,Delivered
SO-006421,2026-06-29,CUS-0719,PRD-0490,12,789.31,9471.72,North,Retail,Delivered
SO-006422,2026-06-09,CUS-0517,PRD-0406,11,1541.27,16953.97,South,Online,Shipped
SO-006423,2026-06-28,CUS-0001,PRD-0012,11,720.79,7928.69,Central,Distributor,Delivered
SO-006424,2026-09-26,CUS-0665,PRD-0392,22,452.18,9947.96,East,Distributor,Delivered
SO-006425,2025-07-13,CUS-0545,PRD-0325,19,4731.96,89907.24,East,Online,Delivered
SO-006426,2026-01-09,CUS-0359,PRD-0380,18,1625.68,29262.24,Central,Retail,Delivered
SO-006427,2025-11-13,CUS-0430,PRD-0252,30,2760.36,82810.8,North,Retail,Shipped
SO-006428,2025-04-24,CUS-0429,PRD-0334,23,1189.75,27364.25,South,Online,Delivered
SO-006429,2026-02-02,CUS-0471,PRD-0472,3,4763.41,14290.23,North,Online,Delivered
SO-006430,2026-03-31,CUS-0875,PRD-0173,19,1781.05,33839.95,East,Distributor,Delivered
SO-006431,2026-07-12,CUS-0015,PRD-0168,28,6422.87,179840.36,South,Distributor,Delivered
SO-006432,2026-03-25,CUS-0149,PRD-0081,15,5637.83,84567.45,East,Retail,Processing
SO-006433,2026-09-19,CUS-0548,PRD-0164,11,5816.24,63978.64,South,Distributor,Cancelled
SO-006434,2026-02-28,CUS-0994,PRD-0372,17,2557.13,43471.21,North,Online,Processing
SO-006435,2026-05-04,CUS-0124,PRD-0443,17,2487.24,42283.08,West,Online,Delivered
SO-006436,2025-11-23,CUS-0380,PRD-0191,16,6580.82,105293.12,West,Distributor,Delivered
SO-006437,2025-05-25,CUS-0212,PRD-0257,12,672.61,8071.32,North,Retail,Delivered
SO-006438,2025-01-23,CUS-0030,PRD-0200,5,4901.29,24506.45,West,Distributor,Delivered
SO-006439,2025-03-23,CUS-0091,PRD-0210,24,4444.7,106672.8,West,Retail,Processing
SO-006440,2024-11-24,CUS-0353,PRD-0288,4,3748.76,14995.04,North,Distributor,Delivered
SO-006441,2025-08-18,CUS-0724,PRD-0081,7,5637.83,39464.81,South,Distributor,Shipped
SO-006442,2025-04-13,CUS-0397,PRD-0470,25,3381.78,84544.5,East,Distributor,Delivered
SO-006443,2025-01-13,CUS-0772,PRD-0337,12,1685.54,20226.48,South,Retail,Delivered
SO-006444,2025-05-29,CUS-0264,PRD-0154,17,2946.55,50091.35,West,Online,Delivered
SO-006445,2025-09-11,CUS-0651,PRD-0368,5,6291.51,31457.55,Central,Online,Delivered
SO-006446,2025-08-05,CUS-0034,PRD-0089,9,5986.5,53878.5,West,Online,Shipped
SO-006447,2025-12-11,CUS-0631,PRD-0445,1,1359.24,1359.24,East,Retail,Delivered
SO-006448,2026-06-16,CUS-0949,PRD-0397,26,1896.25,49302.5,North,Distributor,Delivered
SO-006449,2026-09-16,CUS-0157,PRD-0129,30,5685.71,170571.3,South,Online,Processing
SO-006450,2026-07-02,CUS-0771,PRD-0273,14,861.12,12055.68,North,Distributor,Delivered
SO-006451,2026-06-16,CUS-0110,PRD-0364,24,1766.9,42405.6,North,Distributor,Cancelled
SO-006452,2025-11-30,CUS-0143,PRD-0110,11,1766.06,19426.66,West,Retail,Delivered
SO-006453,2026-01-31,CUS-0199,PRD-0140,9,3991.55,35923.95,East,Distributor,Delivered
SO-006454,2025-07-08,CUS-0178,PRD-0021,6,2488.06,14928.36,North,Distributor,Delivered
SO-006455,2026-06-30,CUS-0603,PRD-0179,27,2569.93,69388.11,East,Retail,Delivered
SO-006456,2026-07-08,CUS-0103,PRD-0081,24,5637.83,135307.92,West,Retail,Delivered
SO-006457,2026-01-28,CUS-0964,PRD-0133,19,2221.02,42199.38,West,Distributor,Delivered
SO-006458,2026-05-01,CUS-0322,PRD-0328,30,5555.74,166672.2,North,Online,Delivered
SO-006459,2026-06-16,CUS-0062,PRD-0415,19,3509.65,66683.35,North,Distributor,Processing
SO-006460,2025-07-20,CUS-0233,PRD-0141,23,2583.7,59425.1,East,Online,Delivered
SO-006461,2026-01-28,CUS-0300,PRD-0385,23,4527.09,104123.07,West,Retail,Processing
SO-006462,2026-09-11,CUS-0091,PRD-0042,5,5025.97,25129.85,North,Distributor,Delivered
SO-006463,2025-10-05,CUS-0630,PRD-0446,7,5307.82,37154.74,South,Online,Shipped
SO-006464,2025-12-22,CUS-0580,PRD-0132,9,336.9,3032.1,Central,Online,Delivered
SO-006465,2025-02-20,CUS-0037,PRD-0205,16,3722.48,59559.68,Central,Online,Delivered
SO-006466,2026-09-13,CUS-0402,PRD-0433,29,1570.63,45548.27,West,Retail,Delivered
SO-006467,2025-05-29,CUS-0418,PRD-0239,7,2371.03,16597.21,West,Retail,Delivered
SO-006468,2026-03-14,CUS-0686,PRD-0020,9,1900.69,17106.21,East,Retail,Processing
SO-006469,2025-01-23,CUS-0889,PRD-0373,29,4428.71,128432.59,West,Online,Delivered
SO-006470,2025-08-09,CUS-0290,PRD-0115,11,1159.28,12752.08,Central,Online,Delivered
SO-006471,2026-09-07,CUS-0749,PRD-0462,28,4649.5,130186.0,Central,Distributor,Delivered
SO-006472,2025-01-11,CUS-0318,PRD-0442,30,2804.33,84129.9,Central,Distributor,Delivered
SO-006473,2026-02-14,CUS-0366,PRD-0221,26,5278.23,137233.98,West,Online,Processing
SO-006474,2025-01-21,CUS-0399,PRD-0408,14,3047.73,42668.22,Central,Retail,Delivered
SO-006475,2025-05-10,CUS-0455,PRD-0430,29,1485.15,43069.35,Central,Online,Delivered
SO-006476,2025-04-08,CUS-0077,PRD-0211,4,6127.17,24508.68,West,Distributor,Cancelled
SO-006477,2025-04-15,CUS-0951,PRD-0014,18,5271.41,94885.38,Central,Online,Delivered
SO-006478,2025-11-11,CUS-0254,PRD-0114,24,183.1,4394.4,North,Distributor,Delivered
SO-006479,2026-08-04,CUS-0325,PRD-0159,8,285.58,2284.64,North,Online,Delivered
SO-006480,2025-04-12,CUS-0969,PRD-0176,18,623.57,11224.26,West,Online,Delivered
SO-006481,2025-11-09,CUS-0750,PRD-0421,4,3418.18,13672.72,East,Distributor,Delivered
SO-006482,2025-12-04,CUS-0176,PRD-0304,22,7395.34,162697.48,South,Online,Delivered
SO-006483,2024-10-07,CUS-0729,PRD-0303,7,1873.61,13115.27,West,Distributor,Delivered
SO-006484,2025-11-09,CUS-0897,PRD-0257,14,807.13,11299.82,East,Distributor,Delivered
SO-006485,2025-06-28,CUS-0715,PRD-0019,6,5578.38,33470.28,North,Online,Delivered
SO-006486,2026-01-02,CUS-0989,PRD-0255,12,601.9,7222.8,West,Distributor,Delivered
SO-006487,2026-09-02,CUS-0633,PRD-0477,15,4468.82,67032.3,East,Distributor,Delivered
SO-006488,2026-07-30,CUS-0006,PRD-0074,11,1713.95,18853.45,South,Online,Delivered
SO-006489,2025-03-18,CUS-0692,PRD-0440,22,1033.75,22742.5,South,Online,Delivered
SO-006490,2025-12-04,CUS-0877,PRD-0399,20,5209.12,104182.4,Central,Online,Shipped
SO-006491,2025-11-27,CUS-0562,PRD-0476,29,5922.97,171766.13,West,Distributor,Delivered
SO-006492,2025-10-16,CUS-0367,PRD-0075,29,3585.2,103970.8,West,Retail,Processing
SO-006493,2025-11-08,CUS-0625,PRD-0208,24,7530.32,180727.68,West,Online,Delivered
SO-006494,2025-07-29,CUS-0833,PRD-0068,8,972.83,7782.64,West,Distributor,Delivered
SO-006495,2026-04-19,CUS-0403,PRD-0103,24,5730.95,137542.8,South,Distributor,Delivered
SO-006496,2025-01-01,CUS-0965,PRD-0353,4,4876.74,19506.96,Central,Distributor,Delivered
SO-006497,2025-09-11,CUS-0181,PRD-0301,26,4651.32,120934.32,West,Retail,Delivered
SO-006498,2024-10-08,CUS-0756,PRD-0070,14,1611.49,22560.86,West,Retail,Delivered
SO-006499,2026-03-11,CUS-0886,PRD-0491,2,3343.98,6687.96,South,Online,Delivered
SO-006500,2025-04-22,CUS-0734,PRD-0105,14,4026.39,56369.46,North,Distributor,Delivered
SO-006501,2025-03-06,CUS-0407,PRD-0367,6,4933.94,29603.64,South,Online,Delivered
SO-006502,2026-06-23,CUS-0182,PRD-0279,17,3569.68,60684.56,Central,Retail,Delivered
SO-006503,2026-01-28,CUS-0199,PRD-0273,26,861.12,22389.12,Central,Distributor,Processing
SO-006504,2026-07-16,CUS-0897,PRD-0402,23,463.79,10667.17,East,Online,Processing
SO-006505,2024-12-14,CUS-0399,PRD-0456,27,5866.18,158386.86,Central,Retail,Delivered
SO-006506,2025-08-26,CUS-0365,PRD-0182,4,1447.54,5790.16,Central,Retail,Delivered
SO-006507,2025-06-24,CUS-0022,PRD-0462,10,4649.5,46495.0,Central,Retail,Delivered
SO-006508,2025-01-25,CUS-0773,PRD-0349,6,1641.0,9846.0,West,Online,Delivered
SO-006509,2026-03-21,CUS-0510,PRD-0252,26,2300.3,59807.8,North,Distributor,Cancelled
SO-006510,2025-01-21,CUS-0250,PRD-0418,30,2869.54,86086.2,North,Retail,Delivered
SO-006511,2024-10-16,CUS-0147,PRD-0285,22,4122.96,90705.12,East,Retail,Delivered
SO-006512,2026-08-03,CUS-0975,PRD-0142,2,1752.58,3505.16,South,Retail,Shipped
SO-006513,2025-10-12,CUS-0865,PRD-0370,19,2177.53,41373.07,Central,Online,Delivered
SO-006514,2025-01-15,CUS-0974,PRD-0161,14,2769.99,38779.86,North,Distributor,Delivered
SO-006515,2026-05-13,CUS-0635,PRD-0388,25,5873.8,146845.0,South,Online,Processing
SO-006516,2026-02-15,CUS-0651,PRD-0221,17,5278.23,89729.91,North,Retail,Shipped
SO-006517,2026-07-06,CUS-0292,PRD-0495,21,2733.86,57411.06,Central,Retail,Delivered
SO-006518,2025-01-04,CUS-0169,PRD-0196,5,2215.24,11076.2,Central,Online,Delivered
SO-006519,2026-06-12,CUS-0645,PRD-0029,13,5712.46,74261.98,Central,Distributor,Delivered
SO-006520,2026-01-15,CUS-0958,PRD-0331,19,4150.5,78859.5,West,Online,Delivered
SO-006521,2026-09-11,CUS-0712,PRD-0490,20,789.31,15786.2,East,Online,Delivered
SO-006522,2026-08-17,CUS-0288,PRD-0260,6,5071.17,30427.02,Central,Distributor,Delivered
SO-006523,2025-11-30,CUS-0366,PRD-0157,15,869.86,13047.9,South,Retail,Delivered
SO-006524,2025-09-21,CUS-0992,PRD-0314,21,5641.71,118475.91,North,Online,Delivered
SO-006525,2026-01-14,CUS-0954,PRD-0272,19,3886.96,73852.24,South,Distributor,Delivered
SO-006526,2025-09-19,CUS-0137,PRD-0327,20,4100.16,82003.2,North,Distributor,Processing
SO-006527,2025-04-21,CUS-0574,PRD-0378,24,418.86,10052.64,North,Distributor,Delivered
SO-006528,2026-07-18,CUS-0220,PRD-0142,17,1752.58,29793.86,South,Online,Delivered
SO-006529,2026-04-28,CUS-0294,PRD-0397,7,1896.25,13273.75,Central,Online,Delivered
SO-006530,2024-10-15,CUS-0729,PRD-0279,11,4283.62,47119.82,East,Online,Delivered
SO-006531,2025-06-08,CUS-0522,PRD-0276,6,4900.86,29405.16,North,Online,Delivered
SO-006532,2025-07-17,CUS-0899,PRD-0253,26,6124.57,159238.82,Central,Distributor,Delivered
SO-006533,2026-06-04,CUS-0085,PRD-0055,19,947.86,18009.34,North,Distributor,Delivered
SO-006534,2025-04-18,CUS-0881,PRD-0227,15,3278.73,49180.95,East,Retail,Shipped
SO-006535,2025-02-20,CUS-0398,PRD-0091,9,5553.05,49977.45,South,Online,Delivered
SO-006536,2025-12-15,CUS-0721,PRD-0230,27,4404.47,118920.69,West,Online,Delivered
SO-006537,2025-02-07,CUS-0008,PRD-0456,21,4888.48,102658.08,South,Retail,Delivered
SO-006538,2024-12-16,CUS-0050,PRD-0470,6,4058.14,24348.84,South,Distributor,Processing
SO-006539,2026-06-26,CUS-0855,PRD-0264,11,6166.15,67827.65,East,Distributor,Delivered
SO-006540,2026-07-16,CUS-0814,PRD-0125,25,6348.43,158710.75,Central,Retail,Delivered
SO-006541,2026-01-21,CUS-0219,PRD-0314,5,5641.71,28208.55,South,Retail,Processing
SO-006542,2026-07-25,CUS-0870,PRD-0332,28,4886.91,136833.48,West,Online,Processing
SO-006543,2026-07-18,CUS-0027,PRD-0370,4,1814.61,7258.44,North,Retail,Delivered
SO-006544,2026-06-30,CUS-0913,PRD-0314,12,5641.71,67700.52,North,Distributor,Cancelled
SO-006545,2025-05-08,CUS-0882,PRD-0285,5,3435.8,17179.0,North,Distributor,Delivered
SO-006546,2025-03-10,CUS-0161,PRD-0079,8,6302.5,50420.0,South,Distributor,Delivered
SO-006547,2025-03-23,CUS-0709,PRD-0101,21,596.67,12530.07,South,Retail,Delivered
SO-006548,2025-06-11,CUS-0711,PRD-0162,20,4705.86,94117.2,East,Online,Delivered
SO-006549,2026-03-10,CUS-0236,PRD-0286,2,1286.09,2572.18,North,Retail,Shipped
SO-006550,2025-07-04,CUS-0193,PRD-0355,11,4185.26,46037.86,West,Distributor,Cancelled
SO-006551,2025-11-13,CUS-0997,PRD-0236,19,5231.3,99394.7,South,Retail,Processing
SO-006552,2025-03-01,CUS-0393,PRD-0208,26,6275.27,163157.02,East,Online,Cancelled
SO-006553,2025-01-22,CUS-0720,PRD-0086,5,6300.68,31503.4,East,Online,Delivered
SO-006554,2025-02-10,CUS-0866,PRD-0026,20,4490.99,89819.8,North,Online,Delivered
SO-006555,2026-09-12,CUS-0883,PRD-0032,24,4875.59,117014.16,Central,Retail,Shipped
SO-006556,2026-06-14,CUS-0629,PRD-0325,14,4731.96,66247.44,East,Distributor,Delivered
SO-006557,2025-02-15,CUS-0322,PRD-0298,24,1831.15,43947.6,West,Retail,Delivered
SO-006558,2026-04-08,CUS-0818,PRD-0258,19,3684.93,70013.67,West,Retail,Cancelled
SO-006559,2024-12-05,CUS-0841,PRD-0037,5,1378.9,6894.5,Central,Online,Delivered
SO-006560,2026-05-24,CUS-0460,PRD-0092,22,562.91,12384.02,East,Retail,Delivered
SO-006561,2025-10-24,CUS-0406,PRD-0229,27,2757.55,74453.85,West,Online,Processing
SO-006562,2025-04-05,CUS-0183,PRD-0319,6,408.03,2448.18,East,Retail,Delivered
SO-006563,2025-05-23,CUS-0302,PRD-0391,25,4351.84,108796.0,North,Distributor,Delivered
SO-006564,2024-11-03,CUS-0958,PRD-0210,11,5333.64,58670.04,Central,Retail,Shipped
SO-006565,2026-05-01,CUS-0019,PRD-0311,22,2295.01,50490.22,East,Online,Shipped
SO-006566,2025-08-30,CUS-0504,PRD-0308,22,3641.56,80114.32,West,Online,Delivered
SO-006567,2024-11-12,CUS-0111,PRD-0355,21,5022.31,105468.51,South,Online,Delivered
SO-006568,2025-05-27,CUS-0032,PRD-0490,5,789.31,3946.55,East,Retail,Delivered
SO-006569,2026-04-19,CUS-0152,PRD-0457,22,2551.93,56142.46,South,Retail,Shipped
SO-006570,2025-01-12,CUS-0665,PRD-0406,8,1541.27,12330.16,Central,Retail,Delivered
SO-006571,2026-03-21,CUS-0827,PRD-0321,22,6275.93,138070.46,East,Distributor,Delivered
SO-006572,2024-12-29,CUS-0739,PRD-0267,6,1352.53,8115.18,North,Distributor,Delivered
SO-006573,2026-07-11,CUS-0932,PRD-0361,28,1248.83,34967.24,South,Online,Delivered
SO-006574,2025-02-06,CUS-0697,PRD-0103,30,5730.95,171928.5,West,Distributor,Cancelled
SO-006575,2026-04-09,CUS-0144,PRD-0341,3,5944.72,17834.16,West,Distributor,Delivered
SO-006576,2026-01-11,CUS-0366,PRD-0073,23,516.1,11870.3,West,Online,Delivered
SO-006577,2025-10-12,CUS-0373,PRD-0022,2,5520.72,11041.44,South,Retail,Delivered
SO-006578,2025-05-12,CUS-0322,PRD-0254,8,5366.88,42935.04,East,Retail,Delivered
SO-006579,2024-11-06,CUS-0039,PRD-0213,24,5485.34,131648.16,East,Online,Delivered
SO-006580,2025-03-08,CUS-0392,PRD-0247,7,2055.44,14388.08,South,Distributor,Delivered
SO-006581,2026-04-11,CUS-0752,PRD-0434,1,6337.86,6337.86,East,Distributor,Delivered
SO-006582,2026-08-20,CUS-0167,PRD-0342,23,3067.52,70552.96,South,Distributor,Delivered
SO-006583,2026-05-15,CUS-0269,PRD-0331,5,4150.5,20752.5,West,Distributor,Delivered
SO-006584,2025-05-25,CUS-0015,PRD-0290,1,2230.85,2230.85,South,Online,Processing
SO-006585,2025-02-22,CUS-0118,PRD-0495,5,2733.86,13669.3,North,Distributor,Delivered
SO-006586,2026-02-15,CUS-0869,PRD-0038,11,534.68,5881.48,Central,Retail,Delivered
SO-006587,2025-03-07,CUS-0697,PRD-0490,18,789.31,14207.58,South,Retail,Delivered
SO-006588,2025-12-29,CUS-0138,PRD-0474,28,1482.23,41502.44,South,Distributor,Delivered
SO-006589,2026-05-30,CUS-0145,PRD-0094,30,3817.71,114531.3,Central,Retail,Delivered
SO-006590,2025-12-23,CUS-0068,PRD-0453,2,214.76,429.52,Central,Retail,Delivered
SO-006591,2025-02-16,CUS-0815,PRD-0441,1,4882.73,4882.73,South,Distributor,Delivered
SO-006592,2026-02-03,CUS-0086,PRD-0204,22,1649.53,36289.66,West,Online,Delivered
SO-006593,2026-01-03,CUS-0217,PRD-0278,19,4587.31,87158.89,North,Retail,Delivered
SO-006594,2026-09-14,CUS-0103,PRD-0062,27,263.99,7127.73,North,Retail,Delivered
SO-006595,2025-02-22,CUS-0168,PRD-0171,26,5420.73,140938.98,Central,Online,Shipped
SO-006596,2025-12-23,CUS-0254,PRD-0273,9,1033.34,9300.06,West,Online,Processing
SO-006597,2025-02-11,CUS-0058,PRD-0366,3,3113.27,9339.81,Central,Retail,Processing
SO-006598,2026-09-28,CUS-0484,PRD-0321,8,6275.93,50207.44,North,Online,Delivered
SO-006599,2026-06-07,CUS-0817,PRD-0267,2,1127.11,2254.22,Central,Online,Delivered
SO-006600,2024-12-05,CUS-0698,PRD-0413,4,2258.22,9032.88,North,Retail,Delivered
SO-006601,2025-10-27,CUS-0477,PRD-0070,1,1611.49,1611.49,South,Distributor,Delivered
SO-006602,2024-12-26,CUS-0601,PRD-0137,23,1520.96,34982.08,North,Distributor,Delivered
SO-006603,2025-05-14,CUS-0281,PRD-0361,18,1248.83,22478.94,West,Retail,Delivered
SO-006604,2025-01-08,CUS-0792,PRD-0368,20,6291.51,125830.2,Central,Distributor,Delivered
SO-006605,2026-04-24,CUS-0397,PRD-0469,11,1541.41,16955.51,West,Retail,Shipped
SO-006606,2025-09-30,CUS-0681,PRD-0286,22,1286.09,28293.98,North,Online,Delivered
SO-006607,2026-01-28,CUS-0514,PRD-0061,29,1709.16,49565.64,East,Distributor,Delivered
SO-006608,2025-06-01,CUS-0212,PRD-0498,11,1940.02,21340.22,West,Online,Delivered
SO-006609,2026-01-30,CUS-0885,PRD-0103,2,5730.95,11461.9,East,Retail,Delivered
SO-006610,2026-05-01,CUS-0671,PRD-0500,30,5969.68,179090.4,North,Retail,Delivered
SO-006611,2026-05-02,CUS-0859,PRD-0357,16,748.93,11982.88,Central,Distributor,Delivered
SO-006612,2025-07-21,CUS-0575,PRD-0378,30,418.86,12565.8,South,Distributor,Delivered
SO-006613,2024-11-11,CUS-0420,PRD-0124,1,5885.0,5885.0,East,Distributor,Delivered
SO-006614,2025-11-02,CUS-0449,PRD-0318,2,4526.82,9053.64,West,Retail,Shipped
SO-006615,2025-07-16,CUS-0631,PRD-0485,1,3914.29,3914.29,West,Online,Delivered
SO-006616,2026-08-21,CUS-0060,PRD-0366,15,3113.27,46699.05,Central,Online,Delivered
SO-006617,2025-08-01,CUS-0515,PRD-0421,3,2848.48,8545.44,West,Retail,Delivered
SO-006618,2025-12-31,CUS-0698,PRD-0319,18,489.64,8813.52,South,Retail,Delivered
SO-006619,2025-11-16,CUS-0441,PRD-0454,7,6021.61,42151.27,East,Distributor,Processing
SO-006620,2025-03-31,CUS-0377,PRD-0259,17,3927.33,66764.61,West,Distributor,Delivered
SO-006621,2026-04-05,CUS-0031,PRD-0485,5,3914.29,19571.45,Central,Online,Delivered
SO-006622,2025-09-03,CUS-0982,PRD-0209,14,293.57,4109.98,East,Online,Shipped
SO-006623,2026-03-25,CUS-0075,PRD-0208,4,6275.27,25101.08,East,Online,Shipped
SO-006624,2025-01-01,CUS-0705,PRD-0346,17,2035.62,34605.54,South,Online,Cancelled
SO-006625,2025-10-12,CUS-0221,PRD-0444,3,4713.54,14140.62,Central,Online,Delivered
SO-006626,2025-11-13,CUS-0453,PRD-0312,16,6428.28,102852.48,South,Distributor,Shipped
SO-006627,2026-06-04,CUS-0520,PRD-0310,17,5633.85,95775.45,Central,Distributor,Processing
SO-006628,2025-01-08,CUS-0771,PRD-0037,24,1149.08,27577.92,East,Distributor,Delivered
SO-006629,2025-07-14,CUS-0291,PRD-0474,3,1235.19,3705.57,West,Online,Delivered
SO-006630,2026-04-18,CUS-0509,PRD-0083,10,6031.92,60319.2,East,Online,Delivered
SO-006631,2025-11-16,CUS-0007,PRD-0311,23,2754.01,63342.23,East,Distributor,Delivered
SO-006632,2026-01-15,CUS-0354,PRD-0339,16,1245.19,19923.04,East,Retail,Delivered
SO-006633,2024-12-04,CUS-0980,PRD-0377,2,5118.78,10237.56,South,Retail,Delivered
SO-006634,2025-01-03,CUS-0659,PRD-0393,10,6428.79,64287.9,South,Distributor,Processing
SO-006635,2026-02-23,CUS-0851,PRD-0443,16,2487.24,39795.84,Central,Retail,Delivered
SO-006636,2026-07-21,CUS-0783,PRD-0164,20,5816.24,116324.8,East,Retail,Delivered
SO-006637,2026-03-23,CUS-0327,PRD-0055,11,947.86,10426.46,Central,Retail,Delivered
SO-006638,2026-09-07,CUS-0787,PRD-0250,2,783.48,1566.96,North,Retail,Delivered
SO-006639,2024-11-10,CUS-0625,PRD-0051,30,6872.95,206188.5,South,Retail,Delivered
SO-006640,2025-12-10,CUS-0295,PRD-0190,11,3128.42,34412.62,Central,Distributor,Delivered
SO-006641,2026-07-08,CUS-0179,PRD-0313,4,5464.72,21858.88,South,Distributor,Delivered
SO-006642,2025-11-18,CUS-0379,PRD-0055,13,1137.43,14786.59,West,Distributor,Delivered
SO-006643,2026-01-16,CUS-0920,PRD-0181,7,3586.43,25105.01,South,Distributor,Delivered
SO-006644,2025-06-04,CUS-0817,PRD-0265,19,1474.23,28010.37,West,Retail,Delivered
SO-006645,2026-07-02,CUS-0326,PRD-0360,21,5924.33,124410.93,South,Online,Delivered
SO-006646,2025-07-01,CUS-0080,PRD-0311,7,2295.01,16065.07,West,Online,Delivered
SO-006647,2026-01-02,CUS-0096,PRD-0045,29,4983.69,144527.01,East,Retail,Shipped
SO-006648,2025-12-26,CUS-0030,PRD-0319,19,489.64,9303.16,East,Online,Delivered
SO-006649,2024-11-10,CUS-0857,PRD-0223,7,2619.7,18337.9,South,Distributor,Cancelled
SO-006650,2025-08-03,CUS-0286,PRD-0102,5,1819.32,9096.6,East,Online,Delivered
SO-006651,2026-02-05,CUS-0404,PRD-0478,17,2188.84,37210.28,South,Distributor,Delivered
SO-006652,2026-04-09,CUS-0147,PRD-0143,7,3441.89,24093.23,Central,Retail,Delivered
SO-006653,2025-09-20,CUS-0761,PRD-0142,14,1752.58,24536.12,North,Retail,Shipped
SO-006654,2025-04-29,CUS-0612,PRD-0038,25,534.68,13367.0,Central,Distributor,Delivered
SO-006655,2025-05-03,CUS-0375,PRD-0479,1,2931.29,2931.29,East,Retail,Shipped
SO-006656,2026-03-29,CUS-0602,PRD-0445,6,1132.7,6796.2,North,Online,Delivered
SO-006657,2025-06-30,CUS-0483,PRD-0188,1,5849.06,5849.06,West,Retail,Delivered
SO-006658,2025-03-27,CUS-0146,PRD-0052,29,498.98,14470.42,South,Online,Delivered
SO-006659,2025-11-29,CUS-0589,PRD-0444,27,4713.54,127265.58,South,Online,Delivered
SO-006660,2024-11-07,CUS-0723,PRD-0032,5,5850.71,29253.55,West,Retail,Delivered
SO-006661,2026-05-23,CUS-0714,PRD-0113,4,4170.39,16681.56,Central,Retail,Delivered
SO-006662,2026-07-23,CUS-0614,PRD-0248,12,1877.37,22528.44,Central,Distributor,Delivered
SO-006663,2024-11-16,CUS-0545,PRD-0078,5,542.69,2713.45,North,Online,Delivered
SO-006664,2025-10-27,CUS-0743,PRD-0039,25,7770.35,194258.75,North,Retail,Processing
SO-006665,2025-07-14,CUS-0404,PRD-0323,17,5698.59,96876.03,South,Retail,Delivered
SO-006666,2026-01-02,CUS-0097,PRD-0324,13,3480.31,45244.03,North,Retail,Shipped
SO-006667,2025-08-06,CUS-0427,PRD-0172,16,5845.22,93523.52,East,Distributor,Shipped
SO-006668,2025-10-14,CUS-0082,PRD-0094,9,4581.25,41231.25,East,Online,Processing
SO-006669,2025-07-27,CUS-0114,PRD-0213,2,4571.12,9142.24,Central,Distributor,Delivered
SO-006670,2025-10-22,CUS-0444,PRD-0142,26,2103.1,54680.6,East,Online,Delivered
SO-006671,2026-01-11,CUS-0816,PRD-0334,6,1189.75,7138.5,North,Retail,Delivered
SO-006672,2024-11-03,CUS-0727,PRD-0417,16,6674.74,106795.84,Central,Retail,Delivered
SO-006673,2026-05-09,CUS-0210,PRD-0345,28,600.5,16814.0,Central,Retail,Delivered
SO-006674,2025-09-22,CUS-0900,PRD-0404,14,2985.52,41797.28,North,Online,Shipped
SO-006675,2026-03-20,CUS-0846,PRD-0349,23,1641.0,37743.0,West,Online,Delivered
SO-006676,2026-03-12,CUS-0316,PRD-0121,1,5856.15,5856.15,South,Online,Delivered
SO-006677,2026-03-29,CUS-0231,PRD-0469,4,1541.41,6165.64,East,Retail,Delivered
SO-006678,2024-12-21,CUS-0290,PRD-0081,10,6765.4,67654.0,West,Retail,Cancelled
SO-006679,2025-02-06,CUS-0797,PRD-0214,24,5261.22,126269.28,South,Online,Delivered
SO-006680,2024-11-11,CUS-0027,PRD-0469,6,1849.69,11098.14,Central,Online,Processing
SO-006681,2025-07-25,CUS-0269,PRD-0006,18,3964.86,71367.48,North,Retail,Shipped
SO-006682,2024-10-21,CUS-0297,PRD-0404,6,3582.62,21495.72,Central,Distributor,Delivered
SO-006683,2026-02-16,CUS-0108,PRD-0424,29,2881.05,83550.45,South,Distributor,Delivered
SO-006684,2025-08-09,CUS-0675,PRD-0363,17,3326.43,56549.31,North,Distributor,Delivered
SO-006685,2025-04-20,CUS-0110,PRD-0052,23,498.98,11476.54,Central,Retail,Delivered
SO-006686,2026-04-04,CUS-0111,PRD-0189,14,1868.59,26160.26,South,Online,Delivered
SO-006687,2026-09-11,CUS-0843,PRD-0476,14,4935.81,69101.34,West,Distributor,Delivered
SO-006688,2025-03-04,CUS-0237,PRD-0368,23,6291.51,144704.73,East,Distributor,Delivered
SO-006689,2026-09-19,CUS-0089,PRD-0430,5,1485.15,7425.75,West,Retail,Delivered
SO-006690,2026-09-19,CUS-0651,PRD-0381,12,2605.67,31268.04,West,Distributor,Cancelled
SO-006691,2025-03-28,CUS-0024,PRD-0055,21,947.86,19905.06,North,Retail,Delivered
SO-006692,2026-03-04,CUS-0422,PRD-0124,1,4904.17,4904.17,South,Distributor,Delivered
SO-006693,2025-06-08,CUS-0509,PRD-0111,4,4509.36,18037.44,South,Distributor,Delivered
SO-006694,2026-05-15,CUS-0495,PRD-0403,27,853.94,23056.38,North,Distributor,Delivered
SO-006695,2025-03-25,CUS-0234,PRD-0434,18,6337.86,114081.48,South,Retail,Delivered
SO-006696,2026-03-03,CUS-0962,PRD-0298,5,1831.15,9155.75,West,Distributor,Delivered
SO-006697,2025-11-14,CUS-0888,PRD-0203,30,6571.07,197132.1,West,Distributor,Delivered
SO-006698,2025-01-15,CUS-0888,PRD-0424,7,2881.05,20167.35,South,Online,Delivered
SO-006699,2025-06-21,CUS-0537,PRD-0302,6,217.1,1302.6,South,Online,Delivered
SO-006700,2025-07-29,CUS-0621,PRD-0223,18,2183.08,39295.44,East,Distributor,Processing
SO-006701,2025-09-13,CUS-0224,PRD-0261,2,5917.17,11834.34,Central,Distributor,Delivered
SO-006702,2025-06-16,CUS-0560,PRD-0159,8,285.58,2284.64,South,Online,Shipped
SO-006703,2026-03-11,CUS-0520,PRD-0374,29,4076.51,118218.79,South,Distributor,Delivered
SO-006704,2026-02-16,CUS-0340,PRD-0302,10,217.1,2171.0,West,Retail,Delivered
SO-006705,2026-04-29,CUS-0029,PRD-0396,15,5062.73,75940.95,West,Online,Delivered
SO-006706,2024-12-10,CUS-0680,PRD-0270,16,5529.64,88474.24,Central,Distributor,Delivered
SO-006707,2025-08-07,CUS-0772,PRD-0165,9,1524.02,13716.18,North,Retail,Cancelled
SO-006708,2024-11-26,CUS-0679,PRD-0169,6,7418.1,44508.6,Central,Distributor,Delivered
SO-006709,2025-09-19,CUS-0353,PRD-0305,17,6071.0,103207.0,North,Retail,Delivered
SO-006710,2025-12-11,CUS-0403,PRD-0354,23,4796.41,110317.43,South,Retail,Delivered
SO-006711,2025-09-03,CUS-0105,PRD-0339,2,1245.19,2490.38,North,Distributor,Delivered
SO-006712,2025-03-13,CUS-0227,PRD-0279,24,3569.68,85672.32,Central,Retail,Delivered
SO-006713,2024-10-15,CUS-0893,PRD-0380,24,1950.82,46819.68,North,Retail,Processing
SO-006714,2025-01-29,CUS-0617,PRD-0280,24,3939.49,94547.76,North,Retail,Delivered
SO-006715,2026-07-22,CUS-0582,PRD-0408,8,3047.73,24381.84,East,Online,Delivered
SO-006716,2025-01-26,CUS-0763,PRD-0500,19,5969.68,113423.92,East,Online,Delivered
SO-006717,2026-02-25,CUS-0905,PRD-0021,4,2488.06,9952.24,South,Online,Delivered
SO-006718,2025-07-24,CUS-0660,PRD-0379,8,6474.05,51792.4,North,Distributor,Delivered
SO-006719,2025-12-12,CUS-0370,PRD-0113,30,5004.47,150134.1,West,Online,Delivered
SO-006720,2026-07-25,CUS-0541,PRD-0276,22,4900.86,107818.92,North,Retail,Delivered
SO-006721,2025-01-12,CUS-0237,PRD-0129,27,5685.71,153514.17,East,Online,Delivered
SO-006722,2026-03-06,CUS-0924,PRD-0499,15,2253.51,33802.65,East,Online,Delivered
SO-006723,2026-06-15,CUS-0153,PRD-0026,27,4490.99,121256.73,Central,Retail,Delivered
SO-006724,2026-07-27,CUS-0256,PRD-0195,27,1287.61,34765.47,Central,Online,Delivered
SO-006725,2026-09-29,CUS-0142,PRD-0296,3,3432.45,10297.35,East,Online,Delivered
SO-006726,2025-10-11,CUS-0339,PRD-0123,23,6914.33,159029.59,East,Distributor,Delivered
SO-006727,2025-05-24,CUS-0462,PRD-0481,26,487.81,12683.06,East,Distributor,Delivered
SO-006728,2026-07-26,CUS-0689,PRD-0352,14,181.58,2542.12,North,Online,Delivered
SO-006729,2025-01-01,CUS-0178,PRD-0053,23,675.61,15539.03,Central,Distributor,Delivered
SO-006730,2026-05-30,CUS-0851,PRD-0027,5,5364.88,26824.4,South,Retail,Delivered
SO-006731,2026-08-02,CUS-0768,PRD-0077,9,2952.74,26574.66,North,Distributor,Delivered
SO-006732,2025-05-11,CUS-0552,PRD-0165,16,1524.02,24384.32,West,Retail,Delivered
SO-006733,2025-09-10,CUS-0962,PRD-0006,28,3964.86,111016.08,South,Distributor,Delivered
SO-006734,2025-05-30,CUS-0744,PRD-0102,6,1819.32,10915.92,East,Online,Delivered
SO-006735,2024-12-10,CUS-0437,PRD-0139,30,5725.0,171750.0,South,Retail,Delivered
SO-006736,2026-07-11,CUS-0018,PRD-0281,28,3975.66,111318.48,West,Online,Delivered
SO-006737,2025-07-15,CUS-0485,PRD-0116,1,4625.1,4625.1,East,Retail,Processing
SO-006738,2026-05-03,CUS-0060,PRD-0059,20,2671.58,53431.6,Central,Distributor,Delivered
SO-006739,2025-08-29,CUS-0811,PRD-0252,25,2300.3,57507.5,West,Online,Delivered
SO-006740,2025-03-17,CUS-0209,PRD-0046,8,5675.2,45401.6,Central,Distributor,Delivered
SO-006741,2026-07-05,CUS-0775,PRD-0346,7,2035.62,14249.34,North,Retail,Delivered
SO-006742,2025-09-15,CUS-0368,PRD-0288,5,3123.97,15619.85,Central,Online,Cancelled
SO-006743,2025-05-11,CUS-0676,PRD-0237,6,3655.63,21933.78,South,Distributor,Delivered
SO-006744,2025-06-09,CUS-0623,PRD-0090,17,492.32,8369.44,Central,Online,Delivered
SO-006745,2025-01-18,CUS-0980,PRD-0276,14,4900.86,68612.04,East,Distributor,Delivered
SO-006746,2026-02-24,CUS-0515,PRD-0104,24,1134.85,27236.4,West,Distributor,Delivered
SO-006747,2025-07-24,CUS-0307,PRD-0199,5,5448.38,27241.9,Central,Distributor,Delivered
SO-006748,2026-04-05,CUS-0137,PRD-0217,30,5541.8,166254.0,North,Online,Delivered
SO-006749,2026-09-06,CUS-0408,PRD-0371,11,2477.89,27256.79,North,Retail,Delivered
SO-006750,2026-05-27,CUS-0609,PRD-0185,4,3168.36,12673.44,East,Retail,Delivered
SO-006751,2026-07-05,CUS-0050,PRD-0351,28,6359.51,178066.28,East,Online,Cancelled
SO-006752,2025-03-20,CUS-0543,PRD-0329,12,6207.86,74494.32,West,Retail,Delivered
SO-006753,2026-01-03,CUS-0577,PRD-0067,15,4391.39,65870.85,East,Retail,Processing
SO-006754,2026-03-31,CUS-0679,PRD-0243,27,1508.36,40725.72,Central,Online,Delivered
SO-006755,2026-01-07,CUS-0809,PRD-0386,16,2962.71,47403.36,North,Online,Delivered
SO-006756,2025-05-14,CUS-0004,PRD-0419,15,2288.99,34334.85,East,Distributor,Delivered
SO-006757,2026-03-05,CUS-0821,PRD-0370,24,1814.61,43550.64,East,Distributor,Delivered
SO-006758,2025-05-01,CUS-0649,PRD-0024,22,1170.87,25759.14,North,Online,Processing
SO-006759,2026-06-12,CUS-0241,PRD-0007,16,4691.05,75056.8,West,Distributor,Shipped
SO-006760,2026-07-15,CUS-0315,PRD-0010,1,4577.14,4577.14,South,Distributor,Shipped
SO-006761,2026-05-04,CUS-0839,PRD-0372,4,2557.13,10228.52,East,Retail,Delivered
SO-006762,2025-11-25,CUS-0482,PRD-0029,29,6854.95,198793.55,East,Retail,Delivered
SO-006763,2025-07-29,CUS-0404,PRD-0485,27,3914.29,105685.83,East,Online,Shipped
SO-006764,2025-11-14,CUS-0753,PRD-0361,24,1498.6,35966.4,North,Retail,Delivered
SO-006765,2026-02-07,CUS-0602,PRD-0032,12,4875.59,58507.08,South,Online,Delivered
SO-006766,2026-06-25,CUS-0881,PRD-0466,14,2911.86,40766.04,East,Online,Delivered
SO-006767,2026-08-22,CUS-0216,PRD-0280,3,3939.49,11818.47,West,Online,Delivered
SO-006768,2026-04-13,CUS-0094,PRD-0421,25,2848.48,71212.0,Central,Online,Delivered
SO-006769,2026-02-25,CUS-0981,PRD-0463,15,863.66,12954.9,East,Online,Delivered
SO-006770,2025-05-11,CUS-0232,PRD-0431,16,5527.14,88434.24,South,Retail,Delivered
SO-006771,2026-04-30,CUS-0364,PRD-0411,11,598.13,6579.43,East,Retail,Delivered
SO-006772,2026-09-28,CUS-0858,PRD-0324,30,3480.31,104409.3,Central,Distributor,Delivered
SO-006773,2025-10-05,CUS-0889,PRD-0420,29,3335.83,96739.07,North,Retail,Delivered
SO-006774,2025-06-06,CUS-0899,PRD-0017,5,3807.74,19038.7,Central,Online,Delivered
SO-006775,2026-08-08,CUS-0815,PRD-0099,19,3042.52,57807.88,North,Retail,Delivered
SO-006776,2025-04-01,CUS-0885,PRD-0161,20,2769.99,55399.8,North,Distributor,Delivered
SO-006777,2025-11-03,CUS-0983,PRD-0285,7,4122.96,28860.72,East,Online,Delivered
SO-006778,2026-03-04,CUS-0081,PRD-0021,16,2488.06,39808.96,Central,Distributor,Delivered
SO-006779,2025-12-12,CUS-0787,PRD-0130,23,1681.54,38675.42,Central,Retail,Delivered
SO-006780,2024-12-11,CUS-0659,PRD-0372,11,3068.56,33754.16,East,Online,Delivered
SO-006781,2025-10-03,CUS-0493,PRD-0350,15,4549.86,68247.9,South,Distributor,Delivered
SO-006782,2025-09-26,CUS-0964,PRD-0147,18,2693.29,48479.22,North,Distributor,Cancelled
SO-006783,2026-06-04,CUS-0688,PRD-0474,16,1235.19,19763.04,East,Online,Delivered
SO-006784,2026-01-10,CUS-0058,PRD-0162,28,4705.86,131764.08,North,Retail,Delivered
SO-006785,2024-12-17,CUS-0336,PRD-0132,1,336.9,336.9,South,Retail,Shipped
SO-006786,2025-03-25,CUS-0011,PRD-0374,23,4076.51,93759.73,South,Online,Delivered
SO-006787,2025-07-24,CUS-0335,PRD-0003,20,4440.58,88811.6,West,Distributor,Cancelled
SO-006788,2026-05-07,CUS-0307,PRD-0123,28,5761.94,161334.32,Central,Distributor,Delivered
SO-006789,2026-02-14,CUS-0558,PRD-0404,10,2985.52,29855.2,Central,Distributor,Delivered
SO-006790,2025-11-24,CUS-0807,PRD-0267,8,1352.53,10820.24,West,Distributor,Shipped
SO-006791,2024-10-16,CUS-0543,PRD-0036,3,6738.26,20214.78,West,Distributor,Delivered
SO-006792,2025-03-27,CUS-0410,PRD-0118,18,359.5,6471.0,East,Retail,Delivered
SO-006793,2026-08-17,CUS-0489,PRD-0040,20,6315.76,126315.2,North,Online,Delivered
SO-006794,2024-12-04,CUS-0518,PRD-0426,10,4449.52,44495.2,North,Online,Delivered
SO-006795,2026-05-10,CUS-0058,PRD-0233,27,4244.4,114598.8,Central,Retail,Delivered
SO-006796,2025-09-13,CUS-0275,PRD-0077,20,2952.74,59054.8,East,Retail,Shipped
SO-006797,2025-01-17,CUS-0335,PRD-0235,25,1541.57,38539.25,North,Online,Delivered
SO-006798,2025-01-08,CUS-0074,PRD-0448,9,2945.83,26512.47,Central,Online,Shipped
SO-006799,2025-09-18,CUS-0867,PRD-0200,21,4901.29,102927.09,East,Retail,Delivered
SO-006800,2026-05-23,CUS-0706,PRD-0146,13,3360.37,43684.81,West,Distributor,Delivered
SO-006801,2025-07-21,CUS-0756,PRD-0153,4,4300.48,17201.92,East,Retail,Delivered
SO-006802,2025-08-17,CUS-0131,PRD-0135,9,4458.53,40126.77,Central,Distributor,Delivered
SO-006803,2026-07-25,CUS-0565,PRD-0454,9,5018.01,45162.09,East,Online,Delivered
SO-006804,2025-04-03,CUS-0281,PRD-0029,5,5712.46,28562.3,Central,Online,Cancelled
SO-006805,2025-02-23,CUS-0040,PRD-0277,11,2927.41,32201.51,Central,Retail,Processing
SO-006806,2026-08-06,CUS-0829,PRD-0067,20,4391.39,87827.8,West,Distributor,Delivered
SO-006807,2025-11-13,CUS-0428,PRD-0424,12,3457.26,41487.12,West,Distributor,Delivered
SO-006808,2026-04-27,CUS-0446,PRD-0432,12,2471.37,29656.44,South,Online,Delivered
SO-006809,2026-07-22,CUS-0183,PRD-0372,9,2557.13,23014.17,North,Distributor,Delivered
SO-006810,2025-01-21,CUS-0683,PRD-0049,10,5980.81,59808.1,Central,Online,Delivered
SO-006811,2026-05-06,CUS-0010,PRD-0179,18,2569.93,46258.74,Central,Retail,Delivered
SO-006812,2026-03-23,CUS-0646,PRD-0073,11,516.1,5677.1,West,Retail,Shipped
SO-006813,2026-08-27,CUS-0908,PRD-0339,24,1245.19,29884.56,Central,Online,Delivered
SO-006814,2024-12-06,CUS-0483,PRD-0264,26,7399.38,192383.88,East,Distributor,Delivered
SO-006815,2024-11-28,CUS-0982,PRD-0452,9,1841.64,16574.76,West,Distributor,Delivered
SO-006816,2025-04-06,CUS-0359,PRD-0028,17,1835.51,31203.67,West,Distributor,Delivered
SO-006817,2025-06-05,CUS-0393,PRD-0438,10,2366.01,23660.1,West,Distributor,Delivered
SO-006818,2024-11-09,CUS-0939,PRD-0471,2,4054.08,8108.16,Central,Distributor,Delivered
SO-006819,2025-08-21,CUS-0809,PRD-0079,3,6302.5,18907.5,South,Distributor,Processing
SO-006820,2025-05-08,CUS-0191,PRD-0146,14,3360.37,47045.18,South,Online,Delivered
SO-006821,2026-03-31,CUS-0571,PRD-0436,1,4009.3,4009.3,East,Retail,Cancelled
SO-006822,2025-06-26,CUS-1000,PRD-0217,13,5541.8,72043.4,South,Retail,Delivered
SO-006823,2026-07-02,CUS-0858,PRD-0218,11,2891.54,31806.94,North,Online,Delivered
SO-006824,2025-02-02,CUS-0812,PRD-0398,11,3571.18,39282.98,North,Online,Delivered
SO-006825,2025-07-05,CUS-0589,PRD-0496,21,463.57,9734.97,North,Distributor,Delivered
SO-006826,2025-09-27,CUS-0293,PRD-0317,11,6072.27,66794.97,Central,Retail,Processing
SO-006827,2026-09-27,CUS-0678,PRD-0319,21,408.03,8568.63,South,Retail,Delivered
SO-006828,2025-11-21,CUS-0252,PRD-0155,7,3773.03,26411.21,West,Retail,Shipped
SO-006829,2025-04-25,CUS-0503,PRD-0162,30,4705.86,141175.8,West,Retail,Delivered
SO-006830,2026-02-17,CUS-0434,PRD-0401,28,2192.42,61387.76,South,Retail,Delivered
SO-006831,2026-07-09,CUS-0424,PRD-0205,12,3722.48,44669.76,Central,Distributor,Delivered
SO-006832,2025-07-07,CUS-0919,PRD-0152,14,1468.87,20564.18,West,Retail,Shipped
SO-006833,2026-07-04,CUS-0807,PRD-0071,17,2386.88,40576.96,North,Retail,Delivered
SO-006834,2026-08-10,CUS-0277,PRD-0032,27,4875.59,131640.93,West,Retail,Shipped
SO-006835,2026-01-21,CUS-0787,PRD-0148,20,940.82,18816.4,East,Retail,Delivered
SO-006836,2026-07-03,CUS-0640,PRD-0425,3,3674.09,11022.27,North,Retail,Delivered
SO-006837,2026-04-22,CUS-0070,PRD-0018,22,4342.25,95529.5,South,Distributor,Delivered
SO-006838,2026-05-05,CUS-0277,PRD-0374,5,4076.51,20382.55,East,Distributor,Delivered
SO-006839,2025-03-02,CUS-0770,PRD-0488,17,2178.12,37028.04,West,Online,Delivered
SO-006840,2025-10-23,CUS-0890,PRD-0040,26,7578.91,197051.66,Central,Retail,Delivered
SO-006841,2025-10-31,CUS-0824,PRD-0006,1,4757.83,4757.83,South,Retail,Delivered
SO-006842,2026-07-12,CUS-0624,PRD-0138,2,820.52,1641.04,Central,Retail,Delivered
SO-006843,2025-09-21,CUS-0828,PRD-0249,13,1990.91,25881.83,North,Distributor,Delivered
SO-006844,2025-08-28,CUS-0554,PRD-0174,27,5008.24,135222.48,Central,Retail,Cancelled
SO-006845,2026-05-05,CUS-0327,PRD-0276,24,4900.86,117620.64,North,Distributor,Processing
SO-006846,2026-04-17,CUS-0941,PRD-0236,29,4359.42,126423.18,South,Retail,Processing
SO-006847,2025-07-26,CUS-0247,PRD-0259,26,3927.33,102110.58,Central,Retail,Delivered
SO-006848,2025-10-11,CUS-0120,PRD-0435,29,5315.53,154150.37,West,Retail,Delivered
SO-006849,2025-11-28,CUS-0107,PRD-0197,2,2735.86,5471.72,North,Online,Processing
SO-006850,2026-04-16,CUS-0043,PRD-0245,21,1932.7,40586.7,Central,Distributor,Cancelled
SO-006851,2026-04-05,CUS-0706,PRD-0279,13,3569.68,46405.84,North,Distributor,Delivered
SO-006852,2026-05-16,CUS-0068,PRD-0081,20,5637.83,112756.6,Central,Online,Delivered
SO-006853,2026-02-05,CUS-0936,PRD-0261,14,5917.17,82840.38,South,Online,Delivered
SO-006854,2025-02-09,CUS-0114,PRD-0001,18,4203.15,75656.7,East,Retail,Delivered
SO-006855,2025-03-23,CUS-0242,PRD-0443,5,2487.24,12436.2,East,Online,Delivered
SO-006856,2026-08-29,CUS-0787,PRD-0188,16,5849.06,93584.96,West,Distributor,Delivered
SO-006857,2025-11-12,CUS-0499,PRD-0277,9,3512.89,31616.01,Central,Online,Delivered
SO-006858,2025-02-24,CUS-0796,PRD-0363,29,3326.43,96466.47,Central,Retail,Delivered
SO-006859,2026-03-12,CUS-0878,PRD-0144,24,2450.1,58802.4,West,Distributor,Cancelled
SO-006860,2026-04-12,CUS-0466,PRD-0085,8,1116.05,8928.4,North,Online,Delivered
SO-006861,2026-02-14,CUS-0509,PRD-0068,8,972.83,7782.64,North,Retail,Delivered
SO-006862,2024-10-23,CUS-0818,PRD-0159,13,342.7,4455.1,East,Online,Delivered
SO-006863,2026-08-05,CUS-0184,PRD-0374,8,4076.51,32612.08,East,Retail,Delivered
SO-006864,2025-12-01,CUS-0118,PRD-0381,28,3126.8,87550.4,South,Retail,Delivered
SO-006865,2025-01-23,CUS-0617,PRD-0008,11,1534.21,16876.31,East,Retail,Shipped
SO-006866,2025-05-25,CUS-0315,PRD-0057,19,2825.39,53682.41,Central,Online,Delivered
SO-006867,2026-06-23,CUS-0313,PRD-0457,7,2551.93,17863.51,North,Distributor,Delivered
SO-006868,2026-08-12,CUS-0435,PRD-0245,24,1932.7,46384.8,West,Retail,Delivered
SO-006869,2025-09-14,CUS-0464,PRD-0415,27,3509.65,94760.55,West,Distributor,Delivered
SO-006870,2026-02-08,CUS-0748,PRD-0245,21,1932.7,40586.7,East,Online,Shipped
SO-006871,2026-07-10,CUS-0153,PRD-0017,12,3807.74,45692.88,North,Online,Processing
SO-006872,2026-02-26,CUS-0012,PRD-0230,21,3670.39,77078.19,East,Retail,Delivered
SO-006873,2025-09-18,CUS-0891,PRD-0492,27,1708.12,46119.24,West,Retail,Delivered
SO-006874,2026-07-13,CUS-0478,PRD-0293,17,1737.78,29542.26,West,Online,Shipped
SO-006875,2026-01-24,CUS-0766,PRD-0347,26,3040.05,79041.3,West,Distributor,Delivered
SO-006876,2024-12-01,CUS-0397,PRD-0293,19,2085.34,39621.46,Central,Retail,Processing
SO-006877,2025-06-16,CUS-0284,PRD-0199,1,5448.38,5448.38,Central,Online,Delivered
SO-006878,2026-03-04,CUS-0737,PRD-0325,26,4731.96,123030.96,East,Distributor,Delivered
SO-006879,2025-11-23,CUS-0565,PRD-0428,17,7558.43,128493.31,East,Retail,Shipped
SO-006880,2025-11-12,CUS-0795,PRD-0143,2,4130.27,8260.54,East,Online,Delivered
SO-006881,2025-02-17,CUS-0651,PRD-0085,11,1116.05,12276.55,East,Distributor,Delivered
SO-006882,2025-06-08,CUS-0186,PRD-0027,26,5364.88,139486.88,North,Online,Delivered
SO-006883,2026-03-10,CUS-0439,PRD-0203,22,5475.89,120469.58,Central,Online,Processing
SO-006884,2025-05-04,CUS-0245,PRD-0008,1,1534.21,1534.21,North,Online,Cancelled
SO-006885,2026-02-10,CUS-0597,PRD-0055,17,947.86,16113.62,Central,Retail,Delivered
SO-006886,2025-05-06,CUS-0146,PRD-0446,16,4423.18,70770.88,West,Online,Delivered
SO-006887,2025-05-30,CUS-0854,PRD-0301,24,4651.32,111631.68,West,Retail,Delivered
SO-006888,2026-02-05,CUS-0494,PRD-0498,9,1940.02,17460.18,East,Online,Delivered
SO-006889,2025-02-05,CUS-0823,PRD-0384,13,2729.7,35486.1,West,Online,Delivered
SO-006890,2025-05-27,CUS-0992,PRD-0131,20,2074.07,41481.4,Central,Retail,Delivered
SO-006891,2026-04-29,CUS-0677,PRD-0296,25,3432.45,85811.25,North,Distributor,Delivered
SO-006892,2024-10-14,CUS-0402,PRD-0166,28,539.87,15116.36,South,Retail,Delivered
SO-006893,2025-04-08,CUS-0217,PRD-0289,17,2175.15,36977.55,North,Retail,Delivered
SO-006894,2026-07-21,CUS-0437,PRD-0252,7,2300.3,16102.1,West,Retail,Processing
SO-006895,2026-06-04,CUS-0999,PRD-0363,1,3326.43,3326.43,West,Retail,Delivered
SO-006896,2025-09-04,CUS-0548,PRD-0420,22,2779.86,61156.92,South,Online,Delivered
SO-006897,2025-01-12,CUS-0772,PRD-0217,22,5541.8,121919.6,East,Retail,Processing
SO-006898,2025-08-01,CUS-0324,PRD-0373,23,4428.71,101860.33,North,Distributor,Delivered
SO-006899,2025-10-31,CUS-0731,PRD-0395,16,4638.31,74212.96,South,Distributor,Delivered
SO-006900,2024-10-07,CUS-0779,PRD-0440,21,1240.5,26050.5,West,Retail,Delivered
SO-006901,2026-07-23,CUS-0662,PRD-0412,18,4004.86,72087.48,South,Online,Delivered
SO-006902,2025-08-22,CUS-0308,PRD-0100,14,3049.28,42689.92,North,Retail,Delivered
SO-006903,2025-04-15,CUS-0819,PRD-0392,28,452.18,12661.04,North,Online,Delivered
SO-006904,2026-04-16,CUS-0829,PRD-0255,20,601.9,12038.0,North,Distributor,Delivered
SO-006905,2026-06-12,CUS-0344,PRD-0377,29,4265.65,123703.85,South,Online,Delivered
SO-006906,2026-02-17,CUS-0020,PRD-0216,11,569.26,6261.86,South,Online,Delivered
SO-006907,2025-06-30,CUS-0912,PRD-0318,14,3772.35,52812.9,East,Retail,Processing
SO-006908,2025-01-02,CUS-0935,PRD-0246,4,2017.09,8068.36,East,Online,Delivered
SO-006909,2026-02-20,CUS-0753,PRD-0311,15,2295.01,34425.15,Central,Distributor,Delivered
SO-006910,2026-05-06,CUS-0700,PRD-0232,21,3666.47,76995.87,East,Distributor,Processing
SO-006911,2025-09-13,CUS-0901,PRD-0311,13,2295.01,29835.13,North,Retail,Delivered
SO-006912,2024-11-28,CUS-0528,PRD-0160,23,4828.57,111057.11,West,Retail,Processing
SO-006913,2025-02-28,CUS-0611,PRD-0126,7,287.88,2015.16,East,Retail,Cancelled
SO-006914,2026-07-24,CUS-0104,PRD-0194,22,4224.31,92934.82,Central,Online,Delivered
SO-006915,2024-12-09,CUS-0335,PRD-0163,5,3210.95,16054.75,East,Distributor,Delivered
SO-006916,2026-02-24,CUS-0138,PRD-0353,27,4876.74,131671.98,Central,Online,Processing
SO-006917,2025-08-16,CUS-0297,PRD-0254,29,5366.88,155639.52,West,Retail,Delivered
SO-006918,2025-03-15,CUS-0095,PRD-0283,18,6186.51,111357.18,Central,Retail,Delivered
SO-006919,2025-10-09,CUS-0575,PRD-0130,11,1681.54,18496.94,West,Distributor,Delivered
SO-006920,2026-01-27,CUS-0028,PRD-0305,2,6071.0,12142.0,North,Distributor,Delivered
SO-006921,2026-01-01,CUS-0412,PRD-0290,27,2230.85,60232.95,North,Retail,Delivered
SO-006922,2026-06-21,CUS-0042,PRD-0167,24,3037.66,72903.84,Central,Distributor,Cancelled
SO-006923,2026-08-28,CUS-0003,PRD-0297,1,4113.85,4113.85,West,Retail,Shipped
SO-006924,2026-06-25,CUS-0587,PRD-0279,10,3569.68,35696.8,East,Distributor,Delivered
SO-006925,2025-10-25,CUS-0889,PRD-0136,10,7335.53,73355.3,North,Distributor,Delivered
SO-006926,2025-06-19,CUS-0190,PRD-0412,17,4004.86,68082.62,Central,Retail,Delivered
SO-006927,2026-08-10,CUS-0517,PRD-0041,2,4472.49,8944.98,South,Distributor,Delivered
SO-006928,2025-08-21,CUS-0695,PRD-0265,8,1474.23,11793.84,Central,Distributor,Delivered
SO-006929,2025-08-22,CUS-0095,PRD-0124,8,4904.17,39233.36,Central,Distributor,Shipped
SO-006930,2026-06-25,CUS-0216,PRD-0199,4,5448.38,21793.52,West,Distributor,Delivered
SO-006931,2026-07-18,CUS-0262,PRD-0318,2,3772.35,7544.7,South,Distributor,Cancelled
SO-006932,2026-01-21,CUS-0555,PRD-0265,28,1474.23,41278.44,South,Distributor,Delivered
SO-006933,2026-07-11,CUS-0479,PRD-0260,11,5071.17,55782.87,West,Distributor,Delivered
SO-006934,2025-08-13,CUS-0368,PRD-0252,11,2300.3,25303.3,West,Retail,Delivered
SO-006935,2025-04-27,CUS-0821,PRD-0423,14,711.1,9955.4,South,Online,Delivered
SO-006936,2026-03-02,CUS-0538,PRD-0039,3,6475.29,19425.87,Central,Online,Delivered
SO-006937,2024-11-17,CUS-0551,PRD-0136,2,7335.53,14671.06,East,Retail,Delivered
SO-006938,2026-04-17,CUS-0159,PRD-0166,10,449.89,4498.9,Central,Retail,Delivered
SO-006939,2025-07-02,CUS-0025,PRD-0009,2,5286.07,10572.14,South,Online,Delivered
SO-006940,2026-02-17,CUS-0079,PRD-0084,6,2824.56,16947.36,Central,Distributor,Processing
SO-006941,2024-11-16,CUS-0234,PRD-0396,24,6075.28,145806.72,South,Retail,Delivered
SO-006942,2025-01-27,CUS-0697,PRD-0057,5,2825.39,14126.95,South,Retail,Delivered
SO-006943,2025-05-29,CUS-0812,PRD-0106,29,4384.29,127144.41,South,Distributor,Processing
SO-006944,2025-06-20,CUS-0701,PRD-0066,10,581.36,5813.6,South,Online,Delivered
SO-006945,2025-06-17,CUS-0282,PRD-0255,10,601.9,6019.0,South,Distributor,Delivered
SO-006946,2024-10-21,CUS-0695,PRD-0493,11,4161.98,45781.78,East,Retail,Delivered
SO-006947,2024-10-02,CUS-0524,PRD-0252,22,2760.36,60727.92,South,Online,Delivered
SO-006948,2024-12-06,CUS-0216,PRD-0120,7,475.74,3330.18,North,Distributor,Delivered
SO-006949,2025-01-29,CUS-0249,PRD-0087,23,518.3,11920.9,South,Retail,Delivered
SO-006950,2025-06-24,CUS-0623,PRD-0121,22,5856.15,128835.3,North,Retail,Shipped
SO-006951,2025-03-13,CUS-0568,PRD-0219,16,4635.55,74168.8,North,Online,Delivered
SO-006952,2025-02-13,CUS-0937,PRD-0411,24,598.13,14355.12,North,Retail,Delivered
SO-006953,2024-11-20,CUS-0428,PRD-0069,7,3769.1,26383.7,North,Retail,Delivered
SO-006954,2025-07-22,CUS-0020,PRD-0492,24,1708.12,40994.88,West,Online,Delivered
SO-006955,2024-10-24,CUS-0955,PRD-0041,19,5366.99,101972.81,West,Distributor,Delivered
SO-006956,2025-03-29,CUS-0752,PRD-0201,7,1558.3,10908.1,Central,Retail,Delivered
SO-006957,2025-12-20,CUS-0871,PRD-0420,7,3335.83,23350.81,Central,Distributor,Delivered
SO-006958,2025-08-17,CUS-0303,PRD-0112,8,3241.95,25935.6,West,Retail,Shipped
SO-006959,2025-02-06,CUS-0476,PRD-0055,27,947.86,25592.22,South,Distributor,Delivered
SO-006960,2026-09-04,CUS-0288,PRD-0003,6,4440.58,26643.48,Central,Retail,Cancelled
SO-006961,2025-05-10,CUS-0615,PRD-0166,24,449.89,10797.36,West,Online,Delivered
SO-006962,2025-01-16,CUS-0992,PRD-0356,1,4447.37,4447.37,North,Online,Processing
SO-006963,2026-01-05,CUS-0848,PRD-0112,11,3241.95,35661.45,East,Retail,Cancelled
SO-006964,2025-04-11,CUS-0313,PRD-0419,28,2288.99,64091.72,West,Distributor,Delivered
SO-006965,2025-02-03,CUS-0237,PRD-0422,26,6204.38,161313.88,South,Distributor,Delivered
SO-006966,2025-10-11,CUS-0818,PRD-0412,9,4805.83,43252.47,Central,Online,Cancelled
SO-006967,2026-03-07,CUS-0419,PRD-0105,28,4026.39,112738.92,East,Distributor,Delivered
SO-006968,2025-03-28,CUS-0376,PRD-0085,16,1116.05,17856.8,Central,Retail,Delivered
SO-006969,2026-07-11,CUS-0488,PRD-0321,28,6275.93,175726.04,Central,Retail,Delivered
SO-006970,2025-05-21,CUS-0334,PRD-0357,3,748.93,2246.79,West,Retail,Shipped
SO-006971,2026-09-01,CUS-0337,PRD-0069,28,3140.92,87945.76,North,Retail,Delivered
SO-006972,2025-12-01,CUS-0845,PRD-0335,26,507.56,13196.56,East,Retail,Shipped
SO-006973,2025-02-23,CUS-0999,PRD-0379,15,6474.05,97110.75,West,Retail,Delivered
SO-006974,2025-12-31,CUS-0716,PRD-0170,17,6385.91,108560.47,Central,Retail,Delivered
SO-006975,2025-03-05,CUS-0315,PRD-0381,6,2605.67,15634.02,Central,Online,Delivered
SO-006976,2026-05-15,CUS-0849,PRD-0117,22,842.63,18537.86,South,Retail,Delivered
SO-006977,2026-05-02,CUS-0149,PRD-0144,6,2450.1,14700.6,Central,Online,Cancelled
SO-006978,2026-04-20,CUS-0367,PRD-0061,26,1709.16,44438.16,North,Distributor,Shipped
SO-006979,2025-02-15,CUS-0588,PRD-0068,6,972.83,5836.98,North,Distributor,Delivered
SO-006980,2025-08-24,CUS-0506,PRD-0090,27,492.32,13292.64,South,Distributor,Delivered
SO-006981,2025-05-10,CUS-0806,PRD-0385,6,4527.09,27162.54,West,Online,Delivered
SO-006982,2025-05-07,CUS-0925,PRD-0237,30,3655.63,109668.9,East,Online,Delivered
SO-006983,2026-03-19,CUS-0352,PRD-0123,25,5761.94,144048.5,South,Online,Processing
SO-006984,2025-01-19,CUS-0837,PRD-0365,5,4885.58,24427.9,East,Online,Delivered
SO-006985,2026-01-28,CUS-0624,PRD-0211,27,6127.17,165433.59,East,Retail,Delivered
SO-006986,2025-01-27,CUS-0184,PRD-0476,19,4935.81,93780.39,West,Online,Delivered
SO-006987,2025-11-04,CUS-0524,PRD-0095,13,782.69,10174.97,Central,Distributor,Processing
SO-006988,2024-10-16,CUS-0153,PRD-0112,11,3890.34,42793.74,East,Distributor,Processing
SO-006989,2026-07-27,CUS-0907,PRD-0283,16,6186.51,98984.16,Central,Retail,Delivered
SO-006990,2024-11-13,CUS-0060,PRD-0275,24,611.88,14685.12,Central,Online,Delivered
SO-006991,2024-10-28,CUS-0599,PRD-0469,30,1849.69,55490.7,Central,Online,Delivered
SO-006992,2026-03-23,CUS-0425,PRD-0479,5,2931.29,14656.45,East,Distributor,Processing
SO-006993,2025-06-19,CUS-0747,PRD-0199,7,5448.38,38138.66,East,Online,Delivered
SO-006994,2025-04-15,CUS-0289,PRD-0286,24,1286.09,30866.16,East,Online,Cancelled
SO-006995,2025-07-22,CUS-0779,PRD-0297,7,4113.85,28796.95,East,Online,Delivered
SO-006996,2026-02-17,CUS-0206,PRD-0242,21,4862.16,102105.36,South,Retail,Processing
SO-006997,2026-04-14,CUS-0658,PRD-0432,19,2471.37,46956.03,West,Distributor,Delivered
SO-006998,2024-12-31,CUS-0041,PRD-0113,17,5004.47,85075.99,Central,Retail,Delivered
SO-006999,2025-09-06,CUS-0809,PRD-0178,23,643.28,14795.44,South,Distributor,Delivered
SO-007000,2026-03-05,CUS-0440,PRD-0011,17,1120.4,19046.8,South,Distributor,Shipped
SO-007001,2025-07-12,CUS-0694,PRD-0087,10,518.3,5183.0,North,Retail,Cancelled
SO-007002,2024-12-14,CUS-0019,PRD-0165,20,1828.82,36576.4,West,Distributor,Delivered
SO-007003,2025-08-11,CUS-0009,PRD-0085,18,1116.05,20088.9,North,Retail,Delivered
SO-007004,2026-05-05,CUS-0017,PRD-0033,11,4888.48,53773.28,North,Distributor,Delivered
SO-007005,2025-08-06,CUS-0392,PRD-0390,12,6175.19,74102.28,Central,Distributor,Delivered
SO-007006,2026-03-19,CUS-0253,PRD-0141,5,2583.7,12918.5,North,Distributor,Delivered
SO-007007,2025-01-28,CUS-0856,PRD-0079,15,6302.5,94537.5,North,Distributor,Delivered
SO-007008,2025-03-27,CUS-0330,PRD-0209,5,293.57,1467.85,South,Online,Processing
SO-007009,2025-08-06,CUS-0520,PRD-0454,28,5018.01,140504.28,West,Online,Delivered
SO-007010,2026-04-10,CUS-0185,PRD-0459,16,2659.35,42549.6,Central,Online,Delivered
SO-007011,2025-10-14,CUS-0918,PRD-0324,11,4176.37,45940.07,East,Retail,Delivered
SO-007012,2026-09-10,CUS-0144,PRD-0299,23,2920.8,67178.4,West,Distributor,Delivered
SO-007013,2025-10-05,CUS-0471,PRD-0412,29,4805.83,139369.07,East,Retail,Delivered
SO-007014,2026-02-17,CUS-0910,PRD-0403,5,853.94,4269.7,West,Online,Cancelled
SO-007015,2025-02-28,CUS-0478,PRD-0441,6,4882.73,29296.38,Central,Retail,Delivered
SO-007016,2026-03-18,CUS-0173,PRD-0019,7,5578.38,39048.66,South,Retail,Processing
SO-007017,2025-12-17,CUS-0020,PRD-0371,4,2973.47,11893.88,South,Online,Shipped
SO-007018,2026-03-13,CUS-0493,PRD-0439,24,3737.46,89699.04,South,Distributor,Shipped
SO-007019,2026-06-27,CUS-0994,PRD-0121,21,5856.15,122979.15,East,Retail,Delivered
SO-007020,2026-01-28,CUS-0302,PRD-0031,13,1040.09,13521.17,West,Distributor,Delivered
SO-007021,2026-09-16,CUS-0327,PRD-0254,13,5366.88,69769.44,East,Distributor,Delivered
SO-007022,2026-07-16,CUS-0624,PRD-0312,24,5356.9,128565.6,South,Online,Shipped
SO-007023,2025-02-04,CUS-0441,PRD-0018,28,4342.25,121583.0,South,Retail,Delivered
SO-007024,2026-08-01,CUS-0802,PRD-0295,4,3072.78,12291.12,West,Retail,Delivered
SO-007025,2025-06-29,CUS-0259,PRD-0071,1,2386.88,2386.88,North,Distributor,Delivered
SO-007026,2025-07-31,CUS-0557,PRD-0206,13,4585.59,59612.67,Central,Online,Delivered
SO-007027,2025-07-01,CUS-0320,PRD-0300,1,313.9,313.9,North,Online,Delivered
SO-007028,2026-03-10,CUS-0184,PRD-0332,29,4886.91,141720.39,South,Retail,Delivered
SO-007029,2026-03-13,CUS-0054,PRD-0442,21,2804.33,58890.93,North,Retail,Delivered
SO-007030,2025-06-13,CUS-0389,PRD-0468,28,630.98,17667.44,West,Retail,Delivered
SO-007031,2024-12-04,CUS-0067,PRD-0088,13,539.29,7010.77,East,Online,Delivered
SO-007032,2025-03-16,CUS-0272,PRD-0186,13,4929.64,64085.32,West,Retail,Delivered
SO-007033,2026-09-01,CUS-0597,PRD-0124,3,4904.17,14712.51,Central,Online,Delivered
SO-007034,2025-11-14,CUS-0438,PRD-0202,9,5921.35,53292.15,North,Retail,Delivered
SO-007035,2025-01-18,CUS-0677,PRD-0133,23,2221.02,51083.46,West,Online,Delivered
SO-007036,2025-05-31,CUS-0650,PRD-0007,6,4691.05,28146.3,Central,Distributor,Delivered
SO-007037,2025-12-24,CUS-0720,PRD-0395,7,4638.31,32468.17,South,Online,Delivered
SO-007038,2026-02-18,CUS-0333,PRD-0149,11,4444.52,48889.72,Central,Distributor,Delivered
SO-007039,2026-09-05,CUS-0237,PRD-0219,19,4635.55,88075.45,Central,Distributor,Cancelled
SO-007040,2026-08-07,CUS-0732,PRD-0463,24,863.66,20727.84,South,Retail,Processing
SO-007041,2025-02-02,CUS-0328,PRD-0395,29,3865.26,112092.54,East,Retail,Processing
SO-007042,2025-11-01,CUS-0822,PRD-0270,14,5529.64,77414.96,South,Retail,Processing
SO-007043,2026-08-23,CUS-0880,PRD-0132,2,280.75,561.5,Central,Retail,Delivered
SO-007044,2026-06-05,CUS-0846,PRD-0394,17,567.05,9639.85,Central,Retail,Delivered
SO-007045,2025-06-24,CUS-0076,PRD-0241,5,4724.58,23622.9,Central,Distributor,Delivered
SO-007046,2026-09-14,CUS-0067,PRD-0338,4,4473.07,17892.28,South,Online,Delivered
SO-007047,2025-02-03,CUS-0911,PRD-0282,20,1588.25,31765.0,Central,Distributor,Delivered
SO-007048,2025-12-14,CUS-0397,PRD-0339,13,1494.23,19424.99,Central,Online,Shipped
SO-007049,2025-10-12,CUS-0229,PRD-0242,7,5834.59,40842.13,South,Retail,Delivered
SO-007050,2025-11-14,CUS-0572,PRD-0189,22,2242.31,49330.82,Central,Distributor,Delivered
SO-007051,2026-06-30,CUS-0710,PRD-0281,9,3975.66,35780.94,East,Distributor,Shipped
SO-007052,2026-08-16,CUS-0552,PRD-0395,15,3865.26,57978.9,West,Distributor,Cancelled
SO-007053,2025-08-07,CUS-0536,PRD-0348,28,6496.01,181888.28,West,Online,Delivered
SO-007054,2026-07-09,CUS-0299,PRD-0488,1,2178.12,2178.12,West,Online,Delivered
SO-007055,2024-10-30,CUS-0026,PRD-0343,7,2107.72,14754.04,North,Retail,Delivered
SO-007056,2025-03-15,CUS-0972,PRD-0278,8,4587.31,36698.48,South,Distributor,Delivered
SO-007057,2026-03-07,CUS-0549,PRD-0470,4,3381.78,13527.12,East,Online,Delivered
SO-007058,2026-03-20,CUS-0530,PRD-0021,20,2488.06,49761.2,South,Online,Cancelled
SO-007059,2025-07-19,CUS-0306,PRD-0246,2,2017.09,4034.18,North,Online,Delivered
SO-007060,2024-11-09,CUS-0524,PRD-0434,10,7605.43,76054.3,West,Retail,Delivered
SO-007061,2024-11-02,CUS-0149,PRD-0357,19,898.72,17075.68,Central,Retail,Cancelled
SO-007062,2026-07-14,CUS-0767,PRD-0272,3,3886.96,11660.88,Central,Distributor,Delivered
SO-007063,2026-03-25,CUS-0279,PRD-0426,21,3707.93,77866.53,Central,Distributor,Delivered
SO-007064,2024-12-17,CUS-0746,PRD-0123,7,6914.33,48400.31,South,Distributor,Delivered
SO-007065,2025-04-10,CUS-0314,PRD-0008,18,1534.21,27615.78,South,Retail,Delivered
SO-007066,2025-06-05,CUS-0807,PRD-0310,25,5633.85,140846.25,West,Online,Delivered
SO-007067,2025-04-30,CUS-0820,PRD-0249,24,1990.91,47781.84,West,Retail,Delivered
SO-007068,2024-11-25,CUS-0475,PRD-0068,1,1167.4,1167.4,Central,Distributor,Delivered
SO-007069,2026-02-27,CUS-0994,PRD-0166,16,449.89,7198.24,West,Online,Delivered
SO-007070,2026-06-29,CUS-0662,PRD-0372,8,2557.13,20457.04,West,Online,Processing
SO-007071,2025-01-22,CUS-0927,PRD-0017,23,3807.74,87578.02,Central,Distributor,Delivered
SO-007072,2025-06-07,CUS-0570,PRD-0326,12,606.66,7279.92,North,Online,Shipped
SO-007073,2025-09-03,CUS-0566,PRD-0181,24,3586.43,86074.32,North,Retail,Delivered
SO-007074,2025-08-25,CUS-0350,PRD-0118,17,359.5,6111.5,West,Distributor,Shipped
SO-007075,2026-06-04,CUS-0338,PRD-0321,5,6275.93,31379.65,South,Distributor,Shipped
SO-007076,2026-09-10,CUS-0461,PRD-0229,1,2297.96,2297.96,East,Distributor,Delivered
SO-007077,2024-12-06,CUS-0407,PRD-0383,30,5162.23,154866.9,West,Retail,Delivered
SO-007078,2026-08-09,CUS-0418,PRD-0154,20,2946.55,58931.0,Central,Online,Delivered
SO-007079,2025-11-16,CUS-0623,PRD-0151,20,6528.98,130579.6,East,Distributor,Shipped
SO-007080,2025-02-01,CUS-0074,PRD-0098,20,1821.96,36439.2,West,Retail,Delivered
SO-007081,2024-12-24,CUS-0977,PRD-0405,17,4693.98,79797.66,South,Online,Delivered
SO-007082,2025-02-10,CUS-0102,PRD-0223,10,2183.08,21830.8,Central,Online,Delivered
SO-007083,2026-09-02,CUS-0236,PRD-0328,6,5555.74,33334.44,West,Distributor,Delivered
SO-007084,2025-11-22,CUS-0218,PRD-0236,30,5231.3,156939.0,East,Retail,Shipped
SO-007085,2025-10-15,CUS-0273,PRD-0354,14,4796.41,67149.74,North,Online,Delivered
SO-007086,2025-05-12,CUS-0465,PRD-0230,1,3670.39,3670.39,East,Online,Delivered
SO-007087,2026-04-04,CUS-0313,PRD-0390,14,6175.19,86452.66,North,Distributor,Cancelled
SO-007088,2026-09-06,CUS-0343,PRD-0330,9,358.68,3228.12,South,Online,Delivered
SO-007089,2026-09-08,CUS-0464,PRD-0095,10,652.24,6522.4,West,Online,Delivered
SO-007090,2025-04-03,CUS-0379,PRD-0350,8,3791.55,30332.4,Central,Distributor,Delivered
SO-007091,2025-02-07,CUS-0138,PRD-0444,6,3927.95,23567.7,East,Distributor,Delivered
SO-007092,2025-11-27,CUS-0504,PRD-0164,5,6979.49,34897.45,South,Distributor,Delivered
SO-007093,2025-07-21,CUS-0955,PRD-0103,14,5730.95,80233.3,Central,Distributor,Delivered
SO-007094,2026-01-12,CUS-0892,PRD-0212,25,3901.66,97541.5,North,Online,Delivered
SO-007095,2025-12-29,CUS-0622,PRD-0317,21,7286.72,153021.12,West,Distributor,Delivered
SO-007096,2025-04-26,CUS-0398,PRD-0358,12,5153.45,61841.4,North,Distributor,Processing
SO-007097,2024-10-18,CUS-0802,PRD-0497,24,2676.14,64227.36,Central,Distributor,Delivered
SO-007098,2026-03-21,CUS-0118,PRD-0013,6,5528.54,33171.24,East,Retail,Delivered
SO-007099,2024-11-23,CUS-0313,PRD-0235,14,1849.88,25898.32,North,Distributor,Delivered
SO-007100,2025-06-29,CUS-0957,PRD-0368,27,6291.51,169870.77,South,Distributor,Delivered
SO-007101,2025-04-17,CUS-0543,PRD-0169,10,6181.75,61817.5,Central,Distributor,Delivered
SO-007102,2025-05-17,CUS-0617,PRD-0381,14,2605.67,36479.38,West,Distributor,Delivered
SO-007103,2026-02-14,CUS-0927,PRD-0094,30,3817.71,114531.3,West,Distributor,Delivered
SO-007104,2026-07-30,CUS-0394,PRD-0365,14,4885.58,68398.12,East,Distributor,Delivered
SO-007105,2025-08-18,CUS-0307,PRD-0346,29,2035.62,59032.98,West,Retail,Delivered
SO-007106,2025-06-06,CUS-0721,PRD-0003,29,4440.58,128776.82,North,Retail,Delivered
SO-007107,2026-04-04,CUS-0788,PRD-0427,15,2382.42,35736.3,South,Distributor,Delivered
SO-007108,2025-02-15,CUS-0618,PRD-0278,22,4587.31,100920.82,West,Distributor,Delivered
SO-007109,2025-10-10,CUS-0928,PRD-0247,12,2466.53,29598.36,South,Online,Delivered
SO-007110,2025-01-27,CUS-0380,PRD-0457,4,2551.93,10207.72,East,Online,Delivered
SO-007111,2026-05-13,CUS-0892,PRD-0417,30,5562.28,166868.4,West,Retail,Shipped
SO-007112,2025-06-14,CUS-0510,PRD-0129,3,5685.71,17057.13,East,Online,Delivered
SO-007113,2025-11-14,CUS-0084,PRD-0102,27,2183.18,58945.86,South,Distributor,Delivered
SO-007114,2026-06-15,CUS-0692,PRD-0453,13,178.97,2326.61,East,Online,Delivered
SO-007115,2025-01-24,CUS-0780,PRD-0287,13,4173.59,54256.67,South,Retail,Shipped
SO-007116,2025-03-10,CUS-0950,PRD-0315,11,3215.25,35367.75,South,Online,Delivered
SO-007117,2026-06-21,CUS-0021,PRD-0084,3,2824.56,8473.68,East,Retail,Processing
SO-007118,2025-10-03,CUS-0355,PRD-0446,29,5307.82,153926.78,South,Retail,Delivered
SO-007119,2026-07-15,CUS-0962,PRD-0020,20,1900.69,38013.8,Central,Online,Delivered
SO-007120,2025-12-24,CUS-0972,PRD-0486,10,4592.03,45920.3,South,Distributor,Delivered
SO-007121,2025-08-06,CUS-0898,PRD-0190,6,2607.02,15642.12,East,Online,Delivered
SO-007122,2024-11-14,CUS-0249,PRD-0144,26,2940.12,76443.12,East,Distributor,Delivered
SO-007123,2025-07-08,CUS-0739,PRD-0478,21,2188.84,45965.64,West,Distributor,Delivered
SO-007124,2025-07-12,CUS-0434,PRD-0459,13,2659.35,34571.55,Central,Online,Delivered
SO-007125,2026-01-30,CUS-0609,PRD-0226,8,4386.36,35090.88,East,Retail,Delivered
SO-007126,2026-03-12,CUS-0801,PRD-0089,14,5986.5,83811.0,North,Retail,Delivered
SO-007127,2026-05-02,CUS-0934,PRD-0500,18,5969.68,107454.24,North,Distributor,Delivered
SO-007128,2025-08-19,CUS-0870,PRD-0084,24,2824.56,67789.44,West,Retail,Delivered
SO-007129,2026-05-11,CUS-0261,PRD-0316,14,4989.5,69853.0,East,Online,Delivered
SO-007130,2026-09-08,CUS-0940,PRD-0457,21,2551.93,53590.53,Central,Retail,Delivered
SO-007131,2026-01-27,CUS-0987,PRD-0299,13,2920.8,37970.4,North,Distributor,Delivered
SO-007132,2025-03-28,CUS-0109,PRD-0222,14,3091.24,43277.36,South,Distributor,Processing
SO-007133,2026-05-11,CUS-0687,PRD-0333,21,4973.55,104444.55,North,Retail,Delivered
SO-007134,2025-10-22,CUS-0195,PRD-0091,18,6663.66,119945.88,North,Retail,Delivered
SO-007135,2024-11-27,CUS-0408,PRD-0364,7,2120.28,14841.96,West,Distributor,Delivered
SO-007136,2025-10-04,CUS-0313,PRD-0092,7,675.49,4728.43,Central,Distributor,Delivered
SO-007137,2025-04-04,CUS-0049,PRD-0060,19,5860.54,111350.26,South,Distributor,Delivered
SO-007138,2025-10-30,CUS-0498,PRD-0180,20,646.97,12939.4,East,Online,Delivered
SO-007139,2025-01-11,CUS-0007,PRD-0440,21,1033.75,21708.75,East,Retail,Delivered
SO-007140,2026-09-14,CUS-0293,PRD-0204,24,1649.53,39588.72,Central,Distributor,Delivered
SO-007141,2025-01-03,CUS-0818,PRD-0215,28,2341.69,65567.32,West,Distributor,Delivered
SO-007142,2025-10-17,CUS-0575,PRD-0248,30,2252.84,67585.2,North,Distributor,Processing
SO-007143,2025-06-10,CUS-0870,PRD-0260,29,5071.17,147063.93,North,Online,Shipped
SO-007144,2025-11-28,CUS-0375,PRD-0481,1,585.37,585.37,West,Online,Delivered
SO-007145,2024-10-31,CUS-0266,PRD-0188,17,7018.87,119320.79,North,Online,Delivered
SO-007146,2025-04-02,CUS-0680,PRD-0319,30,408.03,12240.9,East,Retail,Processing
SO-007147,2025-03-11,CUS-0118,PRD-0206,14,4585.59,64198.26,Central,Retail,Delivered
SO-007148,2026-07-01,CUS-0236,PRD-0260,26,5071.17,131850.42,North,Distributor,Delivered
SO-007149,2026-03-13,CUS-0102,PRD-0435,24,4429.61,106310.64,West,Retail,Delivered
SO-007150,2025-03-17,CUS-0577,PRD-0389,19,2666.14,50656.66,Central,Retail,Delivered
SO-007151,2025-01-20,CUS-0484,PRD-0301,30,4651.32,139539.6,North,Retail,Delivered
SO-007152,2025-11-05,CUS-0807,PRD-0272,26,4664.35,121273.1,Central,Online,Delivered
SO-007153,2026-07-20,CUS-0777,PRD-0316,26,4989.5,129727.0,North,Retail,Delivered
SO-007154,2025-12-03,CUS-0093,PRD-0394,13,680.46,8845.98,Central,Distributor,Delivered
SO-007155,2025-05-18,CUS-0043,PRD-0493,26,3468.32,90176.32,North,Distributor,Delivered
SO-007156,2026-09-19,CUS-0836,PRD-0095,24,652.24,15653.76,North,Retail,Processing
SO-007157,2026-01-14,CUS-0296,PRD-0061,1,1709.16,1709.16,East,Online,Delivered
SO-007158,2024-12-12,CUS-0241,PRD-0338,2,5367.68,10735.36,East,Online,Delivered
SO-007159,2025-05-31,CUS-0744,PRD-0379,26,6474.05,168325.3,South,Retail,Delivered
SO-007160,2026-09-05,CUS-0417,PRD-0042,24,5025.97,120623.28,South,Online,Delivered
SO-007161,2025-03-12,CUS-0523,PRD-0475,22,1258.43,27685.46,South,Distributor,Delivered
SO-007162,2024-12-05,CUS-0950,PRD-0185,25,3802.03,95050.75,North,Distributor,Delivered
SO-007163,2026-07-11,CUS-0618,PRD-0391,23,4351.84,100092.32,East,Online,Delivered
SO-007164,2024-11-16,CUS-0380,PRD-0361,7,1498.6,10490.2,South,Distributor,Delivered
SO-007165,2026-06-10,CUS-0778,PRD-0474,30,1235.19,37055.7,North,Online,Delivered
SO-007166,2025-06-13,CUS-0588,PRD-0328,26,5555.74,144449.24,West,Online,Shipped
SO-007167,2026-01-28,CUS-0685,PRD-0317,1,6072.27,6072.27,South,Distributor,Delivered
SO-007168,2026-05-11,CUS-0374,PRD-0238,16,6478.54,103656.64,West,Online,Delivered
SO-007169,2026-08-17,CUS-0920,PRD-0003,14,4440.58,62168.12,West,Online,Delivered
SO-007170,2026-02-05,CUS-0122,PRD-0493,25,3468.32,86708.0,South,Retail,Delivered
SO-007171,2025-03-08,CUS-0411,PRD-0262,8,6436.49,51491.92,West,Retail,Delivered
SO-007172,2026-09-10,CUS-0520,PRD-0440,11,1033.75,11371.25,South,Retail,Delivered
SO-007173,2025-02-21,CUS-0100,PRD-0058,29,4941.04,143290.16,East,Retail,Delivered
SO-007174,2025-02-15,CUS-0201,PRD-0115,6,1159.28,6955.68,Central,Retail,Delivered
SO-007175,2025-05-11,CUS-0982,PRD-0050,29,3242.42,94030.18,Central,Retail,Delivered
SO-007176,2026-09-08,CUS-0971,PRD-0080,30,2718.86,81565.8,South,Retail,Processing
SO-007177,2025-12-30,CUS-0708,PRD-0465,26,6516.01,169416.26,West,Distributor,Delivered
SO-007178,2025-09-02,CUS-0112,PRD-0248,29,1877.37,54443.73,North,Retail,Shipped
SO-007179,2025-03-07,CUS-0717,PRD-0331,27,4150.5,112063.5,West,Distributor,Delivered
SO-007180,2024-12-16,CUS-0607,PRD-0477,20,5362.58,107251.6,South,Retail,Delivered
SO-007181,2025-10-31,CUS-0220,PRD-0007,14,5629.26,78809.64,South,Online,Delivered
SO-007182,2024-11-07,CUS-0553,PRD-0159,9,342.7,3084.3,Central,Distributor,Delivered
SO-007183,2025-06-15,CUS-0569,PRD-0013,6,5528.54,33171.24,East,Online,Cancelled
SO-007184,2026-04-15,CUS-0167,PRD-0188,24,5849.06,140377.44,Central,Retail,Processing
SO-007185,2025-07-01,CUS-0469,PRD-0002,16,1689.96,27039.36,East,Distributor,Processing
SO-007186,2026-04-25,CUS-0599,PRD-0468,5,630.98,3154.9,North,Retail,Processing
SO-007187,2025-12-23,CUS-0154,PRD-0010,12,5492.57,65910.84,East,Distributor,Delivered
SO-007188,2026-09-26,CUS-0264,PRD-0427,14,2382.42,33353.88,North,Distributor,Cancelled
SO-007189,2025-12-23,CUS-0028,PRD-0093,22,1072.4,23592.8,North,Distributor,Delivered
SO-007190,2025-01-07,CUS-0225,PRD-0349,30,1641.0,49230.0,West,Retail,Delivered
SO-007191,2026-07-07,CUS-0455,PRD-0040,14,6315.76,88420.64,Central,Retail,Processing
SO-007192,2025-09-09,CUS-0395,PRD-0355,9,4185.26,37667.34,West,Online,Processing
SO-007193,2025-01-26,CUS-0784,PRD-0237,12,3655.63,43867.56,Central,Online,Delivered
SO-007194,2026-01-25,CUS-0360,PRD-0346,8,2035.62,16284.96,West,Retail,Cancelled
SO-007195,2026-07-26,CUS-0103,PRD-0158,9,1560.96,14048.64,East,Retail,Delivered
SO-007196,2026-05-31,CUS-0729,PRD-0244,14,4745.61,66438.54,West,Distributor,Processing
SO-007197,2025-08-10,CUS-0897,PRD-0001,6,4203.15,25218.9,West,Retail,Shipped
SO-007198,2025-01-22,CUS-0517,PRD-0150,12,3755.21,45062.52,Central,Distributor,Shipped
SO-007199,2026-04-17,CUS-0163,PRD-0067,2,4391.39,8782.78,West,Retail,Delivered
SO-007200,2025-09-13,CUS-0487,PRD-0315,8,3215.25,25722.0,West,Online,Delivered
SO-007201,2024-10-09,CUS-0987,PRD-0185,23,3802.03,87446.69,South,Distributor,Delivered
SO-007202,2025-05-10,CUS-0354,PRD-0046,4,5675.2,22700.8,South,Retail,Delivered
SO-007203,2026-09-12,CUS-0249,PRD-0481,22,487.81,10731.82,South,Distributor,Delivered
SO-007204,2026-08-28,CUS-0607,PRD-0407,11,4762.54,52387.94,North,Distributor,Delivered
SO-007205,2026-09-13,CUS-0845,PRD-0468,13,630.98,8202.74,North,Online,Delivered
SO-007206,2026-07-27,CUS-0696,PRD-0071,20,2386.88,47737.6,South,Retail,Delivered
SO-007207,2026-08-07,CUS-0068,PRD-0409,28,6491.0,181748.0,Central,Distributor,Delivered
SO-007208,2026-05-04,CUS-0642,PRD-0098,21,1821.96,38261.16,South,Online,Delivered
SO-007209,2025-11-29,CUS-0627,PRD-0459,3,3191.22,9573.66,South,Online,Delivered
SO-007210,2026-06-24,CUS-0014,PRD-0159,17,285.58,4854.86,South,Retail,Delivered
SO-007211,2025-12-04,CUS-0873,PRD-0040,7,7578.91,53052.37,West,Distributor,Delivered
SO-007212,2025-02-22,CUS-0969,PRD-0002,15,1689.96,25349.4,South,Distributor,Delivered
SO-007213,2025-11-06,CUS-0338,PRD-0388,23,7048.56,162116.88,West,Distributor,Delivered
SO-007214,2026-01-08,CUS-0576,PRD-0466,30,2911.86,87355.8,West,Distributor,Delivered
SO-007215,2026-08-28,CUS-0713,PRD-0270,23,4608.03,105984.69,North,Distributor,Delivered
SO-007216,2024-12-14,CUS-0736,PRD-0186,16,5915.57,94649.12,Central,Distributor,Shipped
SO-007217,2026-09-18,CUS-0093,PRD-0359,4,2454.17,9816.68,North,Retail,Delivered
SO-007218,2025-06-09,CUS-0024,PRD-0388,3,5873.8,17621.4,Central,Retail,Delivered
SO-007219,2026-01-30,CUS-0723,PRD-0296,26,3432.45,89243.7,West,Distributor,Processing
SO-007220,2025-11-22,CUS-0462,PRD-0168,5,7707.44,38537.2,East,Online,Delivered
SO-007221,2025-02-03,CUS-0737,PRD-0340,30,4077.55,122326.5,Central,Retail,Delivered
SO-007222,2025-11-29,CUS-0326,PRD-0308,15,4369.87,65548.05,Central,Online,Delivered
SO-007223,2025-02-10,CUS-0294,PRD-0472,14,4763.41,66687.74,Central,Online,Delivered
SO-007224,2026-04-18,CUS-0995,PRD-0351,23,6359.51,146268.73,West,Online,Delivered
SO-007225,2026-05-24,CUS-0212,PRD-0008,14,1534.21,21478.94,Central,Retail,Delivered
SO-007226,2025-05-09,CUS-0788,PRD-0373,19,4428.71,84145.49,North,Retail,Delivered
SO-007227,2025-04-29,CUS-0737,PRD-0266,10,1657.94,16579.4,North,Retail,Delivered
SO-007228,2025-04-02,CUS-0417,PRD-0418,23,2869.54,65999.42,East,Online,Delivered
SO-007229,2025-09-06,CUS-0190,PRD-0181,15,3586.43,53796.45,South,Retail,Delivered
SO-007230,2026-06-25,CUS-0392,PRD-0146,7,3360.37,23522.59,Central,Retail,Delivered
SO-007231,2026-02-17,CUS-0185,PRD-0108,3,1814.64,5443.92,North,Distributor,Delivered
SO-007232,2026-09-01,CUS-0648,PRD-0027,13,5364.88,69743.44,East,Distributor,Delivered
SO-007233,2025-02-19,CUS-0195,PRD-0156,8,1937.71,15501.68,East,Distributor,Processing
SO-007234,2026-01-24,CUS-0437,PRD-0206,18,4585.59,82540.62,East,Retail,Processing
SO-007235,2025-05-28,CUS-0684,PRD-0390,14,6175.19,86452.66,North,Online,Delivered
SO-007236,2025-06-07,CUS-0222,PRD-0409,14,6491.0,90874.0,West,Retail,Processing
SO-007237,2025-07-24,CUS-0498,PRD-0160,27,4023.81,108642.87,West,Online,Delivered
SO-007238,2025-12-28,CUS-0341,PRD-0288,17,3748.76,63728.92,South,Distributor,Delivered
SO-007239,2026-04-20,CUS-0310,PRD-0112,15,3241.95,48629.25,East,Retail,Delivered
SO-007240,2024-10-05,CUS-0064,PRD-0295,26,3687.34,95870.84,Central,Distributor,Delivered
SO-007241,2024-12-31,CUS-0045,PRD-0343,17,2107.72,35831.24,North,Retail,Delivered
SO-007242,2026-03-07,CUS-0508,PRD-0423,28,711.1,19910.8,North,Retail,Shipped
SO-007243,2024-10-02,CUS-0856,PRD-0440,25,1240.5,31012.5,Central,Online,Cancelled
SO-007244,2025-01-07,CUS-0384,PRD-0293,8,1737.78,13902.24,East,Distributor,Delivered
SO-007245,2026-07-05,CUS-0580,PRD-0453,8,178.97,1431.76,West,Online,Processing
SO-007246,2026-02-12,CUS-0835,PRD-0268,10,4521.3,45213.0,East,Distributor,Processing
SO-007247,2025-11-11,CUS-0193,PRD-0442,24,3365.2,80764.8,North,Online,Shipped
SO-007248,2025-10-27,CUS-0155,PRD-0211,27,7352.6,198520.2,North,Retail,Delivered
SO-007249,2024-10-05,CUS-0934,PRD-0078,7,542.69,3798.83,West,Distributor,Cancelled
SO-007250,2026-02-12,CUS-0755,PRD-0060,18,5860.54,105489.72,South,Online,Delivered
SO-007251,2025-02-23,CUS-0447,PRD-0107,19,6065.28,115240.32,South,Retail,Delivered
SO-007252,2025-02-17,CUS-0751,PRD-0034,22,2674.18,58831.96,Central,Online,Delivered
SO-007253,2025-10-06,CUS-0448,PRD-0432,22,2965.64,65244.08,North,Retail,Delivered
SO-007254,2025-10-09,CUS-0149,PRD-0100,5,3659.14,18295.7,West,Online,Delivered
SO-007255,2025-10-09,CUS-0216,PRD-0430,28,1782.18,49901.04,West,Retail,Processing
SO-007256,2025-12-15,CUS-0372,PRD-0024,5,1405.04,7025.2,South,Distributor,Cancelled
SO-007257,2026-02-25,CUS-0150,PRD-0144,25,2450.1,61252.5,South,Retail,Delivered
SO-007258,2025-06-11,CUS-0514,PRD-0217,16,5541.8,88668.8,West,Distributor,Delivered
SO-007259,2025-03-20,CUS-0283,PRD-0150,2,3755.21,7510.42,North,Retail,Delivered
SO-007260,2026-05-04,CUS-0812,PRD-0265,2,1474.23,2948.46,East,Distributor,Processing
SO-007261,2026-01-18,CUS-0949,PRD-0094,10,3817.71,38177.1,West,Online,Delivered
SO-007262,2025-12-10,CUS-0901,PRD-0055,4,1137.43,4549.72,West,Retail,Delivered
SO-007263,2024-10-18,CUS-0578,PRD-0032,10,5850.71,58507.1,Central,Online,Delivered
SO-007264,2025-02-23,CUS-0814,PRD-0008,20,1534.21,30684.2,Central,Distributor,Delivered
SO-007265,2025-08-26,CUS-0414,PRD-0282,8,1588.25,12706.0,West,Online,Shipped
SO-007266,2025-01-04,CUS-0423,PRD-0172,5,5845.22,29226.1,Central,Distributor,Processing
SO-007267,2026-03-05,CUS-0079,PRD-0457,16,2551.93,40830.88,North,Distributor,Delivered
SO-007268,2026-03-27,CUS-0018,PRD-0493,4,3468.32,13873.28,West,Retail,Delivered
SO-007269,2026-04-09,CUS-0859,PRD-0336,21,2413.41,50681.61,East,Retail,Delivered
SO-007270,2026-04-20,CUS-0257,PRD-0410,27,4500.44,121511.88,North,Retail,Delivered
SO-007271,2025-10-12,CUS-0863,PRD-0234,7,6217.18,43520.26,South,Distributor,Delivered
SO-007272,2025-05-12,CUS-0412,PRD-0261,5,5917.17,29585.85,Central,Distributor,Processing
SO-007273,2026-08-19,CUS-0565,PRD-0460,26,249.38,6483.88,West,Online,Delivered
SO-007274,2026-04-23,CUS-0463,PRD-0004,28,3891.43,108960.04,Central,Online,Delivered
SO-007275,2026-03-27,CUS-0113,PRD-0066,20,581.36,11627.2,North,Distributor,Delivered
SO-007276,2025-01-28,CUS-0717,PRD-0248,29,1877.37,54443.73,Central,Online,Delivered
SO-007277,2026-05-12,CUS-0499,PRD-0281,16,3975.66,63610.56,East,Retail,Shipped
SO-007278,2026-02-06,CUS-0368,PRD-0372,10,2557.13,25571.3,South,Distributor,Delivered
SO-007279,2026-01-21,CUS-0178,PRD-0343,24,1756.43,42154.32,Central,Distributor,Processing
SO-007280,2025-11-06,CUS-0432,PRD-0367,16,5920.73,94731.68,East,Online,Processing
SO-007281,2025-01-31,CUS-0840,PRD-0204,23,1649.53,37939.19,Central,Online,Delivered
SO-007282,2025-09-10,CUS-0059,PRD-0353,16,4876.74,78027.84,West,Online,Delivered
SO-007283,2025-11-21,CUS-0101,PRD-0111,3,5411.23,16233.69,North,Distributor,Shipped
SO-007284,2025-10-12,CUS-0967,PRD-0279,25,4283.62,107090.5,East,Online,Shipped
SO-007285,2025-12-19,CUS-0627,PRD-0012,6,864.95,5189.7,Central,Online,Delivered
SO-007286,2026-09-15,CUS-0546,PRD-0424,8,2881.05,23048.4,East,Online,Delivered
SO-007287,2025-03-14,CUS-0987,PRD-0410,15,4500.44,67506.6,North,Online,Processing
SO-007288,2026-03-13,CUS-0722,PRD-0256,24,1080.39,25929.36,East,Online,Delivered
SO-007289,2025-04-15,CUS-0718,PRD-0265,19,1474.23,28010.37,East,Retail,Delivered
SO-007290,2026-04-16,CUS-0112,PRD-0474,28,1235.19,34585.32,West,Retail,Delivered
SO-007291,2025-10-18,CUS-0290,PRD-0116,1,5550.12,5550.12,North,Retail,Delivered
SO-007292,2025-07-09,CUS-0168,PRD-0409,12,6491.0,77892.0,North,Online,Processing
SO-007293,2025-09-15,CUS-0118,PRD-0124,30,4904.17,147125.1,South,Retail,Delivered
SO-007294,2026-04-24,CUS-0596,PRD-0489,16,1090.99,17455.84,North,Distributor,Delivered
SO-007295,2025-03-13,CUS-0066,PRD-0433,4,1570.63,6282.52,East,Retail,Processing
SO-007296,2026-06-26,CUS-0820,PRD-0039,16,6475.29,103604.64,South,Distributor,Delivered
SO-007297,2025-09-12,CUS-0289,PRD-0199,24,5448.38,130761.12,West,Online,Delivered
SO-007298,2025-04-13,CUS-0926,PRD-0166,27,449.89,12147.03,East,Distributor,Delivered
SO-007299,2025-12-11,CUS-0999,PRD-0347,9,3648.06,32832.54,Central,Distributor,Delivered
SO-007300,2025-11-21,CUS-0849,PRD-0167,20,3645.19,72903.8,West,Online,Delivered
SO-007301,2025-09-02,CUS-0619,PRD-0161,2,2769.99,5539.98,Central,Online,Shipped
SO-007302,2025-10-12,CUS-0004,PRD-0210,19,5333.64,101339.16,Central,Distributor,Delivered
SO-007303,2025-09-04,CUS-0808,PRD-0443,24,2487.24,59693.76,West,Online,Delivered
SO-007304,2026-01-05,CUS-0933,PRD-0419,20,2288.99,45779.8,West,Distributor,Processing
SO-007305,2025-03-22,CUS-0291,PRD-0468,26,630.98,16405.48,East,Online,Cancelled
SO-007306,2025-11-03,CUS-0908,PRD-0248,9,2252.84,20275.56,West,Online,Processing
SO-007307,2026-07-26,CUS-0991,PRD-0423,18,711.1,12799.8,East,Retail,Delivered
SO-007308,2026-09-17,CUS-0143,PRD-0443,14,2487.24,34821.36,South,Retail,Delivered
SO-007309,2024-11-27,CUS-0794,PRD-0094,30,4581.25,137437.5,East,Online,Delivered
SO-007310,2025-05-25,CUS-0926,PRD-0496,30,463.57,13907.1,North,Online,Delivered
SO-007311,2025-06-22,CUS-0577,PRD-0186,1,4929.64,4929.64,South,Distributor,Delivered
SO-007312,2026-01-06,CUS-0022,PRD-0077,13,2952.74,38385.62,West,Distributor,Delivered
SO-007313,2025-06-19,CUS-0965,PRD-0022,6,4600.6,27603.6,East,Online,Delivered
SO-007314,2026-01-18,CUS-0374,PRD-0057,18,2825.39,50857.02,East,Distributor,Delivered
SO-007315,2025-03-17,CUS-0461,PRD-0432,28,2471.37,69198.36,South,Online,Cancelled
SO-007316,2024-11-26,CUS-0967,PRD-0047,11,4810.96,52920.56,South,Retail,Processing
SO-007317,2025-01-22,CUS-0808,PRD-0251,6,1941.24,11647.44,South,Retail,Delivered
SO-007318,2026-05-06,CUS-0200,PRD-0186,14,4929.64,69014.96,North,Distributor,Shipped
SO-007319,2025-05-23,CUS-0851,PRD-0202,6,4934.46,29606.76,East,Online,Delivered
SO-007320,2025-10-23,CUS-0061,PRD-0025,2,7719.91,15439.82,South,Online,Delivered
SO-007321,2025-11-26,CUS-0322,PRD-0118,9,431.4,3882.6,Central,Retail,Delivered
SO-007322,2026-07-28,CUS-0721,PRD-0458,15,3689.08,55336.2,Central,Retail,Delivered
SO-007323,2025-11-30,CUS-0915,PRD-0322,24,7535.16,180843.84,West,Online,Delivered
SO-007324,2025-07-27,CUS-0298,PRD-0186,3,4929.64,14788.92,West,Distributor,Delivered
SO-007325,2025-10-03,CUS-0240,PRD-0396,29,6075.28,176183.12,South,Online,Cancelled
SO-007326,2026-06-19,CUS-0379,PRD-0059,13,2671.58,34730.54,West,Online,Cancelled
SO-007327,2025-07-04,CUS-0327,PRD-0013,3,5528.54,16585.62,North,Online,Delivered
SO-007328,2025-05-13,CUS-0073,PRD-0249,20,1990.91,39818.2,North,Retail,Delivered
SO-007329,2025-11-09,CUS-0758,PRD-0417,15,6674.74,100121.1,Central,Distributor,Delivered
SO-007330,2024-12-01,CUS-0944,PRD-0188,3,7018.87,21056.61,West,Retail,Delivered
SO-007331,2026-03-23,CUS-0331,PRD-0291,12,4350.66,52207.92,Central,Distributor,Shipped
SO-007332,2025-11-06,CUS-0057,PRD-0071,24,2864.26,68742.24,North,Online,Delivered
SO-007333,2025-12-29,CUS-0621,PRD-0110,28,1766.06,49449.68,East,Retail,Delivered
SO-007334,2025-06-07,CUS-0998,PRD-0018,22,4342.25,95529.5,North,Retail,Delivered
SO-007335,2025-12-09,CUS-0193,PRD-0291,2,5220.79,10441.58,South,Online,Delivered
SO-007336,2026-01-21,CUS-0890,PRD-0093,28,893.67,25022.76,West,Distributor,Delivered
SO-007337,2025-08-10,CUS-0709,PRD-0203,2,5475.89,10951.78,North,Online,Delivered
SO-007338,2026-08-12,CUS-0684,PRD-0495,19,2733.86,51943.34,North,Distributor,Delivered
SO-007339,2026-07-15,CUS-0943,PRD-0441,24,4882.73,117185.52,West,Distributor,Delivered
SO-007340,2024-11-01,CUS-0138,PRD-0387,6,915.47,5492.82,South,Distributor,Delivered
SO-007341,2025-06-22,CUS-0491,PRD-0149,22,4444.52,97779.44,Central,Distributor,Processing
SO-007342,2024-12-23,CUS-0266,PRD-0451,24,3875.82,93019.68,North,Distributor,Delivered
SO-007343,2026-05-26,CUS-0519,PRD-0161,26,2769.99,72019.74,South,Distributor,Delivered
SO-007344,2026-04-16,CUS-0869,PRD-0107,27,6065.28,163762.56,South,Distributor,Delivered
SO-007345,2025-03-27,CUS-0860,PRD-0216,13,569.26,7400.38,West,Distributor,Delivered
SO-007346,2025-04-17,CUS-0515,PRD-0261,15,5917.17,88757.55,South,Distributor,Delivered
SO-007347,2025-11-26,CUS-0741,PRD-0438,7,2839.21,19874.47,North,Online,Delivered
SO-007348,2026-08-24,CUS-0859,PRD-0272,26,3886.96,101060.96,West,Online,Shipped
SO-007349,2025-02-07,CUS-0297,PRD-0497,30,2230.12,66903.6,South,Retail,Cancelled
SO-007350,2026-08-17,CUS-0372,PRD-0147,17,2693.29,45785.93,East,Retail,Delivered
SO-007351,2026-01-31,CUS-0463,PRD-0144,23,2450.1,56352.3,North,Retail,Delivered
SO-007352,2026-07-14,CUS-0427,PRD-0132,14,280.75,3930.5,South,Distributor,Delivered
SO-007353,2025-02-15,CUS-0385,PRD-0376,26,4177.52,108615.52,Central,Retail,Delivered
SO-007354,2024-11-15,CUS-0431,PRD-0440,7,1240.5,8683.5,North,Distributor,Delivered
SO-007355,2024-10-23,CUS-0731,PRD-0028,24,2202.61,52862.64,South,Online,Delivered
SO-007356,2026-06-09,CUS-0615,PRD-0245,30,1932.7,57981.0,Central,Online,Shipped
SO-007357,2026-03-27,CUS-0508,PRD-0457,30,2551.93,76557.9,South,Online,Delivered
SO-007358,2025-02-12,CUS-0915,PRD-0327,17,4100.16,69702.72,South,Online,Processing
SO-007359,2025-04-29,CUS-0764,PRD-0200,9,4901.29,44111.61,East,Distributor,Delivered
SO-007360,2026-09-29,CUS-0097,PRD-0130,21,1401.28,29426.88,East,Online,Delivered
SO-007361,2025-07-27,CUS-0032,PRD-0181,29,3586.43,104006.47,Central,Retail,Delivered
SO-007362,2026-01-26,CUS-0272,PRD-0378,17,418.86,7120.62,South,Retail,Delivered
SO-007363,2025-11-09,CUS-0497,PRD-0356,26,5336.84,138757.84,North,Distributor,Delivered
SO-007364,2025-05-28,CUS-0044,PRD-0293,13,1737.78,22591.14,Central,Retail,Delivered
SO-007365,2026-02-22,CUS-0676,PRD-0236,10,4359.42,43594.2,North,Online,Delivered
SO-007366,2025-05-29,CUS-0153,PRD-0253,12,6124.57,73494.84,West,Retail,Delivered
SO-007367,2025-09-18,CUS-0860,PRD-0279,27,3569.68,96381.36,South,Online,Shipped
SO-007368,2025-11-03,CUS-0522,PRD-0263,26,4903.13,127481.38,West,Distributor,Delivered
SO-007369,2025-10-26,CUS-0720,PRD-0154,4,3535.86,14143.44,Central,Distributor,Delivered
SO-007370,2026-09-30,CUS-0439,PRD-0040,15,6315.76,94736.4,North,Retail,Delivered
SO-007371,2025-04-23,CUS-0941,PRD-0482,2,2107.3,4214.6,North,Retail,Delivered
SO-007372,2026-07-18,CUS-0967,PRD-0109,9,1120.2,10081.8,West,Online,Delivered
SO-007373,2025-02-28,CUS-0072,PRD-0084,13,2824.56,36719.28,West,Online,Shipped
SO-007374,2025-02-14,CUS-0196,PRD-0085,10,1116.05,11160.5,East,Retail,Delivered
SO-007375,2026-08-21,CUS-0634,PRD-0341,23,5944.72,136728.56,East,Retail,Processing
SO-007376,2026-02-25,CUS-0241,PRD-0385,17,4527.09,76960.53,North,Distributor,Processing
SO-007377,2026-04-06,CUS-0041,PRD-0473,22,784.86,17266.92,South,Online,Delivered
SO-007378,2025-07-05,CUS-0645,PRD-0370,10,1814.61,18146.1,East,Distributor,Delivered
SO-007379,2026-08-06,CUS-0759,PRD-0023,17,4174.81,70971.77,South,Retail,Delivered
SO-007380,2026-05-31,CUS-0455,PRD-0129,2,5685.71,11371.42,South,Retail,Delivered
SO-007381,2025-09-02,CUS-0998,PRD-0100,16,3049.28,48788.48,West,Retail,Delivered
SO-007382,2026-06-06,CUS-0347,PRD-0344,20,5870.71,117414.2,South,Online,Delivered
SO-007383,2026-07-31,CUS-0966,PRD-0248,9,1877.37,16896.33,North,Online,Delivered
SO-007384,2025-11-09,CUS-0849,PRD-0210,6,5333.64,32001.84,East,Online,Processing
SO-007385,2025-12-21,CUS-0721,PRD-0144,23,2940.12,67622.76,North,Online,Delivered
SO-007386,2024-12-26,CUS-0680,PRD-0373,20,5314.45,106289.0,Central,Retail,Delivered
SO-007387,2026-04-27,CUS-0753,PRD-0375,8,5960.18,47681.44,East,Retail,Delivered
SO-007388,2026-09-17,CUS-0347,PRD-0017,26,3807.74,99001.24,East,Retail,Delivered
SO-007389,2025-05-29,CUS-0034,PRD-0353,9,4876.74,43890.66,South,Retail,Processing
SO-007390,2025-03-26,CUS-0754,PRD-0112,22,3241.95,71322.9,East,Retail,Delivered
SO-007391,2026-04-03,CUS-0791,PRD-0220,19,4804.28,91281.32,Central,Online,Delivered
SO-007392,2025-09-19,CUS-0524,PRD-0438,10,2366.01,23660.1,East,Retail,Cancelled
SO-007393,2024-12-06,CUS-0318,PRD-0468,30,757.18,22715.4,South,Online,Delivered
SO-007394,2025-03-26,CUS-0252,PRD-0297,13,4113.85,53480.05,Central,Retail,Delivered
SO-007395,2026-05-07,CUS-0085,PRD-0223,15,2183.08,32746.2,East,Distributor,Delivered
SO-007396,2025-06-23,CUS-0431,PRD-0441,10,4882.73,48827.3,East,Distributor,Delivered
SO-007397,2025-11-03,CUS-0083,PRD-0109,1,1344.24,1344.24,South,Distributor,Delivered
SO-007398,2024-12-04,CUS-0578,PRD-0385,6,5432.51,32595.06,East,Retail,Delivered
SO-007399,2024-10-11,CUS-0970,PRD-0001,9,5043.78,45394.02,Central,Distributor,Delivered
SO-007400,2026-01-06,CUS-0534,PRD-0496,23,463.57,10662.11,South,Retail,Delivered
SO-007401,2026-08-14,CUS-0377,PRD-0370,10,1814.61,18146.1,West,Online,Processing
SO-007402,2026-06-06,CUS-0074,PRD-0499,13,2253.51,29295.63,East,Retail,Delivered
SO-007403,2025-10-13,CUS-0287,PRD-0195,1,1545.13,1545.13,West,Distributor,Delivered
SO-007404,2025-12-01,CUS-0084,PRD-0455,26,2664.17,69268.42,South,Online,Delivered
SO-007405,2026-07-22,CUS-0910,PRD-0321,20,6275.93,125518.6,South,Online,Delivered
SO-007406,2026-07-30,CUS-0336,PRD-0172,27,5845.22,157820.94,West,Online,Delivered
SO-007407,2025-09-01,CUS-0956,PRD-0167,24,3037.66,72903.84,North,Retail,Delivered
SO-007408,2025-08-16,CUS-0293,PRD-0312,30,5356.9,160707.0,West,Distributor,Delivered
SO-007409,2026-09-05,CUS-0891,PRD-0106,2,4384.29,8768.58,West,Distributor,Processing
SO-007410,2026-07-05,CUS-0062,PRD-0383,25,4301.86,107546.5,North,Distributor,Delivered
SO-007411,2025-08-16,CUS-0650,PRD-0266,20,1657.94,33158.8,Central,Retail,Cancelled
SO-007412,2026-07-13,CUS-0735,PRD-0031,4,1040.09,4160.36,West,Retail,Delivered
SO-007413,2025-07-02,CUS-0582,PRD-0458,27,3689.08,99605.16,North,Distributor,Delivered
SO-007414,2026-06-14,CUS-0601,PRD-0288,15,3123.97,46859.55,West,Retail,Shipped
SO-007415,2025-04-19,CUS-0456,PRD-0279,8,3569.68,28557.44,South,Online,Delivered
SO-007416,2026-08-23,CUS-0718,PRD-0136,24,6112.94,146710.56,West,Retail,Delivered
SO-007417,2025-08-25,CUS-0735,PRD-0352,19,181.58,3450.02,Central,Retail,Delivered
SO-007418,2025-08-02,CUS-0054,PRD-0385,22,4527.09,99595.98,Central,Distributor,Shipped
SO-007419,2025-03-26,CUS-0090,PRD-0344,10,5870.71,58707.1,Central,Online,Processing
SO-007420,2026-04-27,CUS-0468,PRD-0179,22,2569.93,56538.46,West,Online,Delivered
SO-007421,2025-06-10,CUS-0198,PRD-0122,7,4378.36,30648.52,East,Distributor,Delivered
SO-007422,2025-07-18,CUS-0869,PRD-0097,21,4396.16,92319.36,West,Retail,Delivered
SO-007423,2025-08-09,CUS-0394,PRD-0108,29,1814.64,52624.56,West,Online,Delivered
SO-007424,2026-09-04,CUS-0493,PRD-0037,9,1149.08,10341.72,West,Retail,Processing
SO-007425,2025-02-10,CUS-0373,PRD-0220,6,4804.28,28825.68,East,Online,Delivered
SO-007426,2024-10-03,CUS-0455,PRD-0403,29,1024.73,29717.17,North,Retail,Delivered
SO-007427,2025-02-21,CUS-0151,PRD-0354,22,3997.01,87934.22,Central,Online,Shipped
SO-007428,2026-09-22,CUS-0610,PRD-0319,15,408.03,6120.45,North,Distributor,Delivered
SO-007429,2025-12-24,CUS-0622,PRD-0115,27,1391.14,37560.78,Central,Retail,Shipped
SO-007430,2025-08-15,CUS-0526,PRD-0007,26,4691.05,121967.3,East,Retail,Delivered
SO-007431,2025-01-01,CUS-0629,PRD-0334,17,1189.75,20225.75,West,Distributor,Delivered
SO-007432,2025-02-28,CUS-0843,PRD-0446,11,4423.18,48654.98,Central,Retail,Delivered
SO-007433,2026-01-15,CUS-0373,PRD-0285,15,3435.8,51537.0,East,Retail,Processing
SO-007434,2025-02-21,CUS-0850,PRD-0147,17,2693.29,45785.93,South,Online,Delivered
SO-007435,2026-01-05,CUS-0678,PRD-0135,9,4458.53,40126.77,Central,Online,Shipped
SO-007436,2026-02-14,CUS-0744,PRD-0343,13,1756.43,22833.59,East,Retail,Shipped
SO-007437,2026-05-11,CUS-0542,PRD-0314,7,5641.71,39491.97,Central,Distributor,Delivered
SO-007438,2026-05-15,CUS-0622,PRD-0181,19,3586.43,68142.17,West,Distributor,Processing
SO-007439,2025-07-22,CUS-0005,PRD-0437,13,1279.25,16630.25,East,Online,Delivered
SO-007440,2025-12-10,CUS-0778,PRD-0329,25,7449.43,186235.75,Central,Distributor,Delivered
SO-007441,2026-04-30,CUS-0055,PRD-0239,3,2371.03,7113.09,East,Retail,Delivered
SO-007442,2026-06-08,CUS-0760,PRD-0025,25,6433.26,160831.5,South,Online,Delivered
SO-007443,2025-10-20,CUS-0283,PRD-0373,25,5314.45,132861.25,Central,Online,Delivered
SO-007444,2024-12-06,CUS-0780,PRD-0283,29,7423.81,215290.49,East,Distributor,Processing
SO-007445,2026-08-09,CUS-0437,PRD-0330,1,358.68,358.68,North,Distributor,Processing
SO-007446,2025-01-07,CUS-0893,PRD-0160,29,4023.81,116690.49,West,Retail,Delivered
SO-007447,2026-02-21,CUS-0928,PRD-0268,24,4521.3,108511.2,West,Retail,Delivered
SO-007448,2026-01-01,CUS-0811,PRD-0346,22,2035.62,44783.64,West,Retail,Processing
SO-007449,2026-03-01,CUS-0196,PRD-0128,24,1144.09,27458.16,East,Online,Shipped
SO-007450,2026-04-03,CUS-0557,PRD-0128,21,1144.09,24025.89,North,Online,Cancelled
SO-007451,2026-01-16,CUS-0673,PRD-0222,21,3091.24,64916.04,West,Retail,Delivered
SO-007452,2025-05-23,CUS-0066,PRD-0054,18,6359.76,114475.68,East,Online,Cancelled
SO-007453,2026-06-23,CUS-0445,PRD-0197,27,2279.88,61556.76,East,Distributor,Delivered
SO-007454,2025-07-02,CUS-0239,PRD-0324,3,3480.31,10440.93,South,Distributor,Delivered
SO-007455,2026-08-09,CUS-0767,PRD-0145,1,4099.5,4099.5,South,Distributor,Shipped
SO-007456,2025-12-18,CUS-0475,PRD-0249,6,2389.09,14334.54,West,Distributor,Delivered
SO-007457,2025-12-08,CUS-0636,PRD-0285,19,4122.96,78336.24,West,Retail,Shipped
SO-007458,2025-12-13,CUS-0554,PRD-0023,26,5009.77,130254.02,North,Distributor,Delivered
SO-007459,2026-07-02,CUS-0589,PRD-0240,10,2083.18,20831.8,Central,Distributor,Delivered
SO-007460,2025-02-05,CUS-0691,PRD-0008,11,1534.21,16876.31,East,Online,Delivered
SO-007461,2025-03-03,CUS-0798,PRD-0023,17,4174.81,70971.77,Central,Distributor,Delivered
SO-007462,2025-09-08,CUS-0302,PRD-0482,19,2107.3,40038.7,North,Online,Delivered
SO-007463,2025-12-16,CUS-0517,PRD-0390,29,7410.23,214896.67,East,Online,Delivered
SO-007464,2025-04-16,CUS-0324,PRD-0170,29,5321.59,154326.11,Central,Online,Cancelled
SO-007465,2025-01-30,CUS-0538,PRD-0089,22,5986.5,131703.0,South,Distributor,Delivered
SO-007466,2025-11-09,CUS-0780,PRD-0131,1,2488.88,2488.88,North,Retail,Delivered
SO-007467,2025-02-11,CUS-0690,PRD-0338,8,4473.07,35784.56,North,Retail,Delivered
SO-007468,2025-11-20,CUS-0057,PRD-0347,15,3648.06,54720.9,North,Retail,Delivered
SO-007469,2025-04-27,CUS-0613,PRD-0235,1,1541.57,1541.57,East,Online,Shipped
SO-007470,2025-05-28,CUS-0456,PRD-0132,18,280.75,5053.5,Central,Online,Delivered
SO-007471,2025-04-29,CUS-0701,PRD-0312,11,5356.9,58925.9,West,Online,Delivered
SO-007472,2025-02-24,CUS-0497,PRD-0344,3,5870.71,17612.13,East,Distributor,Delivered
SO-007473,2025-06-12,CUS-0452,PRD-0113,12,4170.39,50044.68,West,Retail,Delivered
SO-007474,2026-03-22,CUS-0332,PRD-0177,9,1860.82,16747.38,North,Retail,Shipped
SO-007475,2024-12-04,CUS-0356,PRD-0455,23,2664.17,61275.91,West,Online,Cancelled
SO-007476,2025-01-27,CUS-0927,PRD-0016,4,3646.5,14586.0,Central,Distributor,Shipped
SO-007477,2024-11-09,CUS-0577,PRD-0439,22,4484.95,98668.9,West,Retail,Delivered
SO-007478,2024-12-24,CUS-0506,PRD-0423,10,853.32,8533.2,South,Online,Delivered
SO-007479,2025-09-05,CUS-0615,PRD-0358,27,5153.45,139143.15,West,Retail,Delivered
SO-007480,2025-02-04,CUS-0763,PRD-0040,5,6315.76,31578.8,North,Distributor,Delivered
SO-007481,2025-08-13,CUS-0498,PRD-0464,22,1224.83,26946.26,North,Online,Delivered
SO-007482,2025-01-12,CUS-0524,PRD-0126,2,287.88,575.76,West,Distributor,Processing
SO-007483,2025-05-14,CUS-0682,PRD-0336,4,2413.41,9653.64,West,Retail,Delivered
SO-007484,2026-08-07,CUS-0484,PRD-0082,20,2544.06,50881.2,Central,Online,Delivered
SO-007485,2025-01-30,CUS-0758,PRD-0136,9,6112.94,55016.46,West,Distributor,Delivered
SO-007486,2025-05-12,CUS-0390,PRD-0291,25,4350.66,108766.5,North,Retail,Delivered
SO-007487,2025-10-11,CUS-0184,PRD-0162,24,5647.03,135528.72,East,Online,Delivered
SO-007488,2026-08-02,CUS-0361,PRD-0051,23,5727.46,131731.58,North,Retail,Delivered
SO-007489,2026-06-24,CUS-0588,PRD-0159,24,285.58,6853.92,South,Retail,Delivered
SO-007490,2024-10-01,CUS-0593,PRD-0167,1,3645.19,3645.19,Central,Distributor,Cancelled
SO-007491,2026-02-11,CUS-0626,PRD-0475,5,1258.43,6292.15,North,Online,Delivered
SO-007492,2026-07-28,CUS-0252,PRD-0195,19,1287.61,24464.59,East,Retail,Delivered
SO-007493,2025-09-26,CUS-0969,PRD-0490,20,789.31,15786.2,Central,Online,Delivered
SO-007494,2026-05-03,CUS-0693,PRD-0032,29,4875.59,141392.11,South,Distributor,Delivered
SO-007495,2025-06-11,CUS-0992,PRD-0116,13,4625.1,60126.3,Central,Online,Delivered
SO-007496,2025-05-01,CUS-0793,PRD-0174,11,5008.24,55090.64,South,Online,Delivered
SO-007497,2026-07-10,CUS-0179,PRD-0286,9,1286.09,11574.81,East,Retail,Delivered
SO-007498,2024-11-08,CUS-0211,PRD-0234,9,6217.18,55954.62,South,Online,Delivered
SO-007499,2025-02-02,CUS-0609,PRD-0082,23,2544.06,58513.38,South,Online,Processing
SO-007500,2025-04-15,CUS-0621,PRD-0410,12,4500.44,54005.28,South,Distributor,Processing
SO-007501,2025-01-25,CUS-0686,PRD-0097,26,4396.16,114300.16,East,Distributor,Delivered
SO-007502,2025-10-15,CUS-0305,PRD-0222,15,3709.49,55642.35,East,Distributor,Processing
SO-007503,2025-12-22,CUS-0399,PRD-0454,12,6021.61,72259.32,East,Retail,Shipped
SO-007504,2025-04-12,CUS-0997,PRD-0087,12,518.3,6219.6,South,Retail,Delivered
SO-007505,2025-10-17,CUS-0732,PRD-0167,3,3645.19,10935.57,West,Retail,Cancelled
SO-007506,2025-05-10,CUS-0096,PRD-0439,2,3737.46,7474.92,South,Retail,Delivered
SO-007507,2026-04-19,CUS-0385,PRD-0005,2,726.84,1453.68,West,Distributor,Delivered
SO-007508,2025-12-05,CUS-0988,PRD-0016,12,4375.8,52509.6,Central,Online,Delivered
SO-007509,2025-09-30,CUS-0872,PRD-0323,10,5698.59,56985.9,South,Distributor,Delivered
SO-007510,2025-01-15,CUS-0097,PRD-0417,11,5562.28,61185.08,Central,Retail,Cancelled
SO-007511,2026-02-15,CUS-0270,PRD-0367,4,4933.94,19735.76,South,Distributor,Delivered
SO-007512,2025-06-11,CUS-0848,PRD-0082,4,2544.06,10176.24,South,Retail,Delivered
SO-007513,2024-12-17,CUS-0137,PRD-0049,23,7176.97,165070.31,South,Distributor,Delivered
SO-007514,2024-12-10,CUS-0217,PRD-0326,17,727.99,12375.83,Central,Online,Processing
SO-007515,2026-02-18,CUS-0833,PRD-0042,27,5025.97,135701.19,East,Retail,Delivered
SO-007516,2026-01-15,CUS-0253,PRD-0410,24,4500.44,108010.56,East,Retail,Cancelled
SO-007517,2026-07-03,CUS-0054,PRD-0297,12,4113.85,49366.2,North,Online,Delivered
SO-007518,2025-06-08,CUS-0818,PRD-0095,1,652.24,652.24,Central,Retail,Delivered
SO-007519,2024-11-13,CUS-0537,PRD-0087,12,621.96,7463.52,Central,Distributor,Delivered
SO-007520,2026-03-09,CUS-0622,PRD-0390,6,6175.19,37051.14,North,Distributor,Cancelled
SO-007521,2025-08-24,CUS-0556,PRD-0170,13,5321.59,69180.67,North,Retail,Delivered
SO-007522,2026-03-06,CUS-0548,PRD-0346,17,2035.62,34605.54,North,Distributor,Delivered
SO-007523,2026-04-16,CUS-0912,PRD-0091,20,5553.05,111061.0,East,Online,Delivered
SO-007524,2024-11-17,CUS-0995,PRD-0161,29,3323.99,96395.71,North,Online,Delivered
SO-007525,2025-09-06,CUS-0312,PRD-0484,23,4236.53,97440.19,North,Online,Delivered
SO-007526,2026-04-14,CUS-0755,PRD-0057,29,2825.39,81936.31,East,Retail,Delivered
SO-007527,2026-07-14,CUS-0796,PRD-0150,10,3755.21,37552.1,South,Distributor,Cancelled
SO-007528,2026-05-18,CUS-0241,PRD-0438,26,2366.01,61516.26,North,Retail,Delivered
SO-007529,2025-12-02,CUS-0388,PRD-0031,14,1248.11,17473.54,North,Online,Delivered
SO-007530,2025-05-18,CUS-0150,PRD-0187,17,4891.68,83158.56,East,Online,Delivered
SO-007531,2025-12-30,CUS-0889,PRD-0416,6,4783.88,28703.28,South,Distributor,Delivered
SO-007532,2024-12-31,CUS-0255,PRD-0484,15,5083.84,76257.6,South,Online,Delivered
SO-007533,2025-07-08,CUS-0023,PRD-0498,11,1940.02,21340.22,South,Distributor,Processing
SO-007534,2026-05-04,CUS-0427,PRD-0051,4,5727.46,22909.84,North,Retail,Delivered
SO-007535,2024-10-07,CUS-0336,PRD-0310,1,6760.62,6760.62,East,Online,Delivered
SO-007536,2025-09-02,CUS-0997,PRD-0180,16,539.14,8626.24,East,Retail,Delivered
SO-007537,2025-05-26,CUS-0915,PRD-0490,7,789.31,5525.17,East,Online,Delivered
SO-007538,2025-04-13,CUS-0594,PRD-0093,3,893.67,2681.01,South,Distributor,Shipped
SO-007539,2026-06-14,CUS-0561,PRD-0460,28,249.38,6982.64,Central,Online,Delivered
SO-007540,2026-03-08,CUS-0782,PRD-0281,16,3975.66,63610.56,North,Retail,Delivered
SO-007541,2025-03-05,CUS-0116,PRD-0189,20,1868.59,37371.8,East,Online,Delivered
SO-007542,2025-12-28,CUS-0149,PRD-0025,6,7719.91,46319.46,South,Retail,Delivered
SO-007543,2025-03-04,CUS-0218,PRD-0184,22,5587.39,122922.58,South,Online,Delivered
SO-007544,2025-05-10,CUS-0798,PRD-0262,27,6436.49,173785.23,Central,Online,Delivered
SO-007545,2026-01-11,CUS-0244,PRD-0014,16,5271.41,84342.56,East,Retail,Delivered
SO-007546,2026-04-26,CUS-0225,PRD-0421,28,2848.48,79757.44,South,Distributor,Shipped
SO-007547,2026-02-09,CUS-0758,PRD-0176,20,623.57,12471.4,South,Online,Delivered
SO-007548,2025-11-07,CUS-0525,PRD-0381,5,3126.8,15634.0,West,Distributor,Shipped
SO-007549,2026-04-30,CUS-0065,PRD-0148,18,940.82,16934.76,West,Online,Delivered
SO-007550,2025-05-16,CUS-0505,PRD-0043,28,1999.6,55988.8,East,Distributor,Delivered
SO-007551,2026-01-18,CUS-0040,PRD-0308,12,3641.56,43698.72,South,Distributor,Delivered
SO-007552,2025-08-23,CUS-0861,PRD-0187,10,4891.68,48916.8,West,Distributor,Delivered
SO-007553,2024-12-17,CUS-0926,PRD-0273,22,1033.34,22733.48,South,Distributor,Delivered
SO-007554,2026-07-03,CUS-0740,PRD-0268,13,4521.3,58776.9,South,Online,Processing
SO-007555,2026-01-16,CUS-0102,PRD-0108,21,1814.64,38107.44,North,Distributor,Delivered
SO-007556,2025-05-27,CUS-0941,PRD-0035,27,3375.68,91143.36,East,Retail,Delivered
SO-007557,2024-12-08,CUS-0515,PRD-0153,27,5160.58,139335.66,East,Online,Delivered
SO-007558,2025-04-26,CUS-0111,PRD-0183,19,5893.82,111982.58,West,Retail,Delivered
SO-007559,2026-09-23,CUS-0770,PRD-0226,18,4386.36,78954.48,North,Distributor,Delivered
SO-007560,2024-12-29,CUS-0314,PRD-0316,7,5987.4,41911.8,North,Retail,Delivered
SO-007561,2026-09-11,CUS-0334,PRD-0256,14,1080.39,15125.46,Central,Distributor,Delivered
SO-007562,2024-12-09,CUS-0184,PRD-0269,18,405.5,7299.0,East,Distributor,Delivered
SO-007563,2025-08-27,CUS-0267,PRD-0228,4,3235.69,12942.76,West,Distributor,Shipped
SO-007564,2024-11-18,CUS-0807,PRD-0172,4,7014.26,28057.04,South,Online,Delivered
SO-007565,2025-12-15,CUS-0911,PRD-0067,15,5269.67,79045.05,East,Distributor,Delivered
SO-007566,2025-03-22,CUS-0765,PRD-0208,21,6275.27,131780.67,East,Distributor,Delivered
SO-007567,2024-10-30,CUS-0589,PRD-0373,2,5314.45,10628.9,West,Distributor,Delivered
SO-007568,2025-04-22,CUS-0711,PRD-0247,25,2055.44,51386.0,West,Retail,Delivered
SO-007569,2024-12-22,CUS-0378,PRD-0289,6,2610.18,15661.08,North,Distributor,Cancelled
SO-007570,2025-12-13,CUS-0837,PRD-0367,10,5920.73,59207.3,Central,Online,Processing
SO-007571,2024-12-10,CUS-0547,PRD-0200,20,5881.55,117631.0,East,Online,Delivered
SO-007572,2025-03-04,CUS-0143,PRD-0411,17,598.13,10168.21,East,Online,Delivered
SO-007573,2025-01-14,CUS-0295,PRD-0182,13,1447.54,18818.02,Central,Distributor,Delivered
SO-007574,2026-04-04,CUS-0880,PRD-0340,19,4077.55,77473.45,West,Retail,Delivered
SO-007575,2026-03-30,CUS-0665,PRD-0247,15,2055.44,30831.6,North,Online,Delivered
SO-007576,2025-11-23,CUS-0391,PRD-0274,22,7099.91,156198.02,West,Online,Processing
SO-007577,2026-08-04,CUS-0944,PRD-0335,2,422.97,845.94,South,Retail,Delivered
SO-007578,2025-01-31,CUS-0863,PRD-0287,26,4173.59,108513.34,West,Online,Delivered
SO-007579,2026-07-17,CUS-0588,PRD-0468,17,630.98,10726.66,Central,Distributor,Delivered
SO-007580,2025-08-27,CUS-0831,PRD-0276,6,4900.86,29405.16,North,Retail,Shipped
SO-007581,2025-02-16,CUS-0687,PRD-0156,21,1937.71,40691.91,North,Retail,Delivered
SO-007582,2025-07-28,CUS-0956,PRD-0192,15,3532.37,52985.55,Central,Retail,Processing
SO-007583,2025-05-14,CUS-0573,PRD-0100,22,3049.28,67084.16,North,Distributor,Delivered
SO-007584,2025-01-15,CUS-0191,PRD-0114,14,152.58,2136.12,North,Online,Delivered
SO-007585,2024-12-12,CUS-0403,PRD-0064,8,5566.74,44533.92,North,Distributor,Delivered
SO-007586,2025-04-05,CUS-0313,PRD-0179,9,2569.93,23129.37,South,Distributor,Delivered
SO-007587,2026-07-25,CUS-0737,PRD-0280,30,3939.49,118184.7,North,Distributor,Delivered
SO-007588,2026-03-06,CUS-0967,PRD-0238,12,6478.54,77742.48,Central,Retail,Delivered
SO-007589,2026-07-25,CUS-0882,PRD-0190,7,2607.02,18249.14,Central,Online,Delivered
SO-007590,2025-01-24,CUS-0390,PRD-0105,25,4026.39,100659.75,South,Online,Delivered
SO-007591,2025-10-12,CUS-0974,PRD-0258,13,4421.92,57484.96,North,Online,Delivered
SO-007592,2025-12-27,CUS-0255,PRD-0315,4,3858.3,15433.2,South,Distributor,Delivered
SO-007593,2026-08-16,CUS-0651,PRD-0134,13,2366.81,30768.53,South,Retail,Delivered
SO-007594,2025-08-29,CUS-0607,PRD-0456,2,4888.48,9776.96,East,Retail,Delivered
SO-007595,2025-10-30,CUS-0401,PRD-0415,23,4211.58,96866.34,Central,Distributor,Delivered
SO-007596,2025-02-03,CUS-0334,PRD-0379,4,6474.05,25896.2,North,Retail,Delivered
SO-007597,2025-09-28,CUS-0645,PRD-0005,22,726.84,15990.48,East,Distributor,Delivered
SO-007598,2025-07-26,CUS-0984,PRD-0473,29,784.86,22760.94,East,Online,Cancelled
SO-007599,2026-07-10,CUS-0756,PRD-0133,11,2221.02,24431.22,East,Online,Shipped
SO-007600,2025-10-30,CUS-0533,PRD-0286,12,1543.31,18519.72,East,Online,Delivered
SO-007601,2026-05-27,CUS-0885,PRD-0436,13,4009.3,52120.9,South,Retail,Delivered
SO-007602,2026-06-20,CUS-0276,PRD-0163,15,2675.79,40136.85,North,Online,Delivered
SO-007603,2025-05-07,CUS-0500,PRD-0466,7,2911.86,20383.02,Central,Retail,Delivered
SO-007604,2025-01-21,CUS-0684,PRD-0245,10,1932.7,19327.0,South,Distributor,Delivered
SO-007605,2025-05-20,CUS-0975,PRD-0253,20,6124.57,122491.4,South,Retail,Delivered
SO-007606,2025-12-30,CUS-0879,PRD-0188,9,7018.87,63169.83,East,Retail,Delivered
SO-007607,2026-09-12,CUS-0213,PRD-0149,23,4444.52,102223.96,East,Retail,Delivered
SO-007608,2024-10-01,CUS-0576,PRD-0322,4,7535.16,30140.64,Central,Online,Shipped
SO-007609,2025-05-31,CUS-0864,PRD-0177,23,1860.82,42798.86,North,Distributor,Delivered
SO-007610,2026-08-06,CUS-0528,PRD-0229,9,2297.96,20681.64,North,Retail,Delivered
SO-007611,2025-05-04,CUS-0530,PRD-0236,20,4359.42,87188.4,East,Online,Delivered
SO-007612,2025-12-18,CUS-0608,PRD-0248,8,2252.84,18022.72,Central,Online,Delivered
SO-007613,2025-08-29,CUS-0308,PRD-0058,11,4941.04,54351.44,East,Retail,Delivered
SO-007614,2025-06-30,CUS-0625,PRD-0024,19,1170.87,22246.53,West,Online,Delivered
SO-007615,2026-05-10,CUS-0900,PRD-0343,27,1756.43,47423.61,North,Distributor,Delivered
SO-007616,2024-11-02,CUS-0538,PRD-0457,6,3062.32,18373.92,South,Online,Delivered
SO-007617,2026-01-14,CUS-0222,PRD-0223,9,2183.08,19647.72,South,Online,Shipped
SO-007618,2026-02-10,CUS-0123,PRD-0335,24,422.97,10151.28,West,Online,Cancelled
SO-007619,2024-10-25,CUS-0193,PRD-0002,26,2027.95,52726.7,West,Distributor,Delivered
SO-007620,2025-10-05,CUS-0854,PRD-0497,24,2676.14,64227.36,West,Online,Delivered
SO-007621,2026-02-04,CUS-0257,PRD-0248,16,1877.37,30037.92,South,Retail,Delivered
SO-007622,2026-05-18,CUS-0472,PRD-0022,19,4600.6,87411.4,South,Online,Delivered
SO-007623,2025-03-12,CUS-0481,PRD-0356,20,4447.37,88947.4,West,Distributor,Delivered
SO-007624,2025-06-28,CUS-0496,PRD-0022,1,4600.6,4600.6,Central,Distributor,Delivered
SO-007625,2025-05-13,CUS-0392,PRD-0348,21,6496.01,136416.21,West,Retail,Delivered
SO-007626,2025-07-10,CUS-0416,PRD-0063,2,3878.37,7756.74,North,Retail,Delivered
SO-007627,2024-10-21,CUS-0534,PRD-0020,19,2280.83,43335.77,East,Retail,Delivered
SO-007628,2026-09-30,CUS-0614,PRD-0328,23,5555.74,127782.02,South,Retail,Delivered
SO-007629,2025-12-13,CUS-0188,PRD-0343,7,2107.72,14754.04,East,Retail,Delivered
SO-007630,2025-10-23,CUS-0048,PRD-0177,24,2232.98,53591.52,North,Online,Delivered
SO-007631,2024-12-25,CUS-0582,PRD-0099,23,3651.02,83973.46,Central,Online,Delivered
SO-007632,2025-12-27,CUS-0873,PRD-0051,17,6872.95,116840.15,North,Retail,Delivered
SO-007633,2026-05-26,CUS-0989,PRD-0020,25,1900.69,47517.25,North,Online,Shipped
SO-007634,2025-11-03,CUS-0506,PRD-0256,12,1296.47,15557.64,West,Online,Delivered
SO-007635,2026-08-29,CUS-0003,PRD-0260,9,5071.17,45640.53,Central,Online,Delivered
SO-007636,2026-02-25,CUS-0455,PRD-0293,20,1737.78,34755.6,South,Online,Processing
SO-007637,2026-05-29,CUS-0048,PRD-0007,23,4691.05,107894.15,East,Distributor,Delivered
SO-007638,2026-05-25,CUS-0351,PRD-0049,30,5980.81,179424.3,North,Distributor,Delivered
SO-007639,2026-09-21,CUS-0541,PRD-0381,11,2605.67,28662.37,Central,Online,Cancelled
SO-007640,2024-11-27,CUS-0694,PRD-0035,19,4050.82,76965.58,Central,Online,Delivered
SO-007641,2025-04-22,CUS-0997,PRD-0081,17,5637.83,95843.11,Central,Online,Processing
SO-007642,2025-05-23,CUS-0201,PRD-0265,28,1474.23,41278.44,West,Online,Delivered
SO-007643,2026-09-27,CUS-0125,PRD-0111,19,4509.36,85677.84,West,Retail,Delivered
SO-007644,2026-05-25,CUS-0482,PRD-0483,21,492.39,10340.19,West,Retail,Delivered
SO-007645,2026-05-30,CUS-0602,PRD-0367,6,4933.94,29603.64,North,Online,Delivered
SO-007646,2025-08-06,CUS-0395,PRD-0052,3,498.98,1496.94,East,Distributor,Cancelled
SO-007647,2025-07-23,CUS-0174,PRD-0407,11,4762.54,52387.94,South,Distributor,Processing
SO-007648,2026-01-02,CUS-0366,PRD-0328,24,5555.74,133337.76,West,Online,Cancelled
SO-007649,2024-11-30,CUS-0143,PRD-0185,5,3802.03,19010.15,Central,Distributor,Delivered
SO-007650,2024-10-24,CUS-0573,PRD-0293,3,2085.34,6256.02,West,Retail,Delivered
SO-007651,2025-01-17,CUS-0846,PRD-0014,12,5271.41,63256.92,North,Online,Delivered
SO-007652,2025-01-19,CUS-0192,PRD-0076,29,1904.33,55225.57,South,Distributor,Processing
SO-007653,2025-04-27,CUS-0825,PRD-0244,25,4745.61,118640.25,North,Online,Delivered
SO-007654,2025-06-30,CUS-0976,PRD-0047,12,4009.13,48109.56,Central,Online,Delivered
SO-007655,2026-09-10,CUS-0196,PRD-0310,29,5633.85,163381.65,North,Retail,Delivered
SO-007656,2025-11-01,CUS-0539,PRD-0348,21,7795.21,163699.41,East,Online,Cancelled
SO-007657,2026-06-11,CUS-0215,PRD-0287,11,4173.59,45909.49,West,Retail,Shipped
SO-007658,2025-08-20,CUS-0176,PRD-0004,7,3891.43,27240.01,East,Distributor,Delivered
SO-007659,2025-06-07,CUS-0104,PRD-0029,14,5712.46,79974.44,South,Online,Processing
SO-007660,2025-10-04,CUS-0180,PRD-0085,7,1339.26,9374.82,North,Distributor,Delivered
SO-007661,2025-11-23,CUS-0833,PRD-0011,16,1344.48,21511.68,South,Retail,Delivered
SO-007662,2025-01-20,CUS-0404,PRD-0156,20,1937.71,38754.2,Central,Retail,Delivered
SO-007663,2025-12-27,CUS-0830,PRD-0492,11,2049.74,22547.14,Central,Online,Processing
SO-007664,2026-05-17,CUS-0079,PRD-0110,6,1471.72,8830.32,West,Retail,Delivered
SO-007665,2026-07-05,CUS-0497,PRD-0405,15,3911.65,58674.75,West,Retail,Delivered
SO-007666,2026-03-17,CUS-0428,PRD-0431,1,5527.14,5527.14,West,Distributor,Processing
SO-007667,2025-12-18,CUS-0693,PRD-0015,11,1110.17,12211.87,South,Online,Cancelled
SO-007668,2025-08-03,CUS-0177,PRD-0019,27,5578.38,150616.26,North,Distributor,Delivered
SO-007669,2025-10-16,CUS-0968,PRD-0250,11,940.18,10341.98,Central,Online,Delivered
SO-007670,2026-07-23,CUS-0429,PRD-0213,10,4571.12,45711.2,East,Online,Shipped
SO-007671,2025-02-02,CUS-0275,PRD-0229,14,2297.96,32171.44,West,Distributor,Delivered
SO-007672,2026-08-21,CUS-0754,PRD-0042,29,5025.97,145753.13,East,Retail,Delivered
SO-007673,2026-03-18,CUS-0915,PRD-0121,6,5856.15,35136.9,West,Retail,Processing
SO-007674,2025-02-21,CUS-0679,PRD-0432,22,2471.37,54370.14,East,Online,Delivered
SO-007675,2026-06-06,CUS-0873,PRD-0151,3,5440.82,16322.46,Central,Retail,Delivered
SO-007676,2025-08-14,CUS-0544,PRD-0256,24,1080.39,25929.36,South,Online,Delivered
SO-007677,2025-03-13,CUS-0277,PRD-0210,14,4444.7,62225.8,South,Retail,Delivered
SO-007678,2024-12-09,CUS-0030,PRD-0338,29,5367.68,155662.72,North,Distributor,Delivered
SO-007679,2025-07-15,CUS-0520,PRD-0267,22,1127.11,24796.42,Central,Retail,Shipped
SO-007680,2025-06-04,CUS-0427,PRD-0444,15,3927.95,58919.25,North,Distributor,Delivered
SO-007681,2025-01-31,CUS-0677,PRD-0271,18,4508.65,81155.7,Central,Distributor,Delivered
SO-007682,2025-06-30,CUS-0342,PRD-0244,27,4745.61,128131.47,North,Online,Delivered
SO-007683,2026-05-09,CUS-0416,PRD-0107,12,6065.28,72783.36,East,Online,Delivered
SO-007684,2026-08-01,CUS-0469,PRD-0357,20,748.93,14978.6,North,Retail,Processing
SO-007685,2024-12-16,CUS-0743,PRD-0111,25,5411.23,135280.75,West,Distributor,Delivered
SO-007686,2026-07-30,CUS-0697,PRD-0162,5,4705.86,23529.3,Central,Online,Delivered
SO-007687,2026-08-19,CUS-0288,PRD-0273,6,861.12,5166.72,South,Distributor,Processing
SO-007688,2026-07-14,CUS-0651,PRD-0352,2,181.58,363.16,North,Distributor,Delivered
SO-007689,2026-02-27,CUS-0688,PRD-0089,23,5986.5,137689.5,Central,Retail,Processing
SO-007690,2025-07-08,CUS-0717,PRD-0272,19,3886.96,73852.24,East,Distributor,Delivered
SO-007691,2026-09-01,CUS-0736,PRD-0029,2,5712.46,11424.92,East,Retail,Delivered
SO-007692,2024-11-01,CUS-0731,PRD-0363,16,3991.72,63867.52,North,Online,Shipped
SO-007693,2026-08-17,CUS-0158,PRD-0218,8,2891.54,23132.32,North,Online,Delivered
SO-007694,2026-08-06,CUS-0918,PRD-0156,3,1937.71,5813.13,West,Online,Shipped
SO-007695,2026-06-21,CUS-0873,PRD-0395,19,3865.26,73439.94,North,Online,Shipped
SO-007696,2025-01-01,CUS-0763,PRD-0055,27,947.86,25592.22,North,Online,Delivered
SO-007697,2026-09-22,CUS-0041,PRD-0137,6,1267.47,7604.82,South,Distributor,Processing
SO-007698,2026-01-28,CUS-0920,PRD-0395,30,3865.26,115957.8,West,Distributor,Delivered
SO-007699,2025-04-30,CUS-0788,PRD-0016,15,3646.5,54697.5,East,Distributor,Delivered
SO-007700,2025-01-13,CUS-0894,PRD-0083,22,6031.92,132702.24,Central,Online,Delivered
SO-007701,2026-01-10,CUS-0473,PRD-0044,23,150.67,3465.41,East,Distributor,Shipped
SO-007702,2026-07-20,CUS-0127,PRD-0281,13,3975.66,51683.58,East,Retail,Shipped
SO-007703,2026-06-19,CUS-0610,PRD-0373,21,4428.71,93002.91,South,Retail,Delivered
SO-007704,2025-11-20,CUS-0963,PRD-0040,16,7578.91,121262.56,East,Distributor,Delivered
SO-007705,2026-04-05,CUS-0822,PRD-0425,12,3674.09,44089.08,Central,Distributor,Delivered
SO-007706,2025-06-16,CUS-0934,PRD-0227,21,3278.73,68853.33,North,Online,Delivered
SO-007707,2026-04-25,CUS-0252,PRD-0378,21,418.86,8796.06,Central,Online,Processing
SO-007708,2025-10-04,CUS-0562,PRD-0387,6,915.47,5492.82,Central,Online,Processing
SO-007709,2025-08-04,CUS-0088,PRD-0245,15,1932.7,28990.5,South,Distributor,Delivered
SO-007710,2025-02-20,CUS-0453,PRD-0132,6,280.75,1684.5,East,Distributor,Delivered
SO-007711,2026-07-01,CUS-0351,PRD-0179,14,2569.93,35979.02,West,Online,Processing
SO-007712,2025-04-23,CUS-0578,PRD-0264,23,6166.15,141821.45,South,Online,Processing
SO-007713,2026-09-13,CUS-0358,PRD-0315,20,3215.25,64305.0,North,Online,Delivered
SO-007714,2025-09-10,CUS-0522,PRD-0317,16,6072.27,97156.32,North,Online,Delivered
SO-007715,2025-05-24,CUS-0959,PRD-0475,9,1258.43,11325.87,West,Online,Shipped
SO-007716,2026-03-19,CUS-0301,PRD-0013,19,5528.54,105042.26,West,Online,Cancelled
SO-007717,2025-04-22,CUS-0125,PRD-0290,18,2230.85,40155.3,West,Distributor,Shipped
SO-007718,2026-05-13,CUS-0047,PRD-0297,26,4113.85,106960.1,Central,Retail,Processing
SO-007719,2025-01-17,CUS-0576,PRD-0497,7,2230.12,15610.84,West,Retail,Delivered
SO-007720,2025-08-22,CUS-0246,PRD-0110,14,1471.72,20604.08,West,Distributor,Delivered
SO-007721,2025-11-17,CUS-0544,PRD-0455,29,2664.17,77260.93,South,Distributor,Delivered
SO-007722,2025-07-30,CUS-0890,PRD-0428,13,6298.69,81882.97,West,Retail,Delivered
SO-007723,2024-10-31,CUS-0889,PRD-0006,9,4757.83,42820.47,North,Distributor,Delivered
SO-007724,2025-06-11,CUS-0122,PRD-0221,24,5278.23,126677.52,North,Online,Delivered
SO-007725,2025-07-27,CUS-0784,PRD-0476,21,4935.81,103652.01,South,Retail,Delivered
SO-007726,2024-10-18,CUS-0745,PRD-0361,19,1498.6,28473.4,South,Online,Delivered
SO-007727,2025-11-30,CUS-0341,PRD-0471,13,4054.08,52703.04,East,Online,Delivered
SO-007728,2025-04-18,CUS-0946,PRD-0099,18,3042.52,54765.36,East,Distributor,Processing
SO-007729,2025-04-02,CUS-0482,PRD-0491,25,3343.98,83599.5,South,Retail,Delivered
SO-007730,2025-09-01,CUS-0624,PRD-0093,8,893.67,7149.36,West,Retail,Delivered
SO-007731,2026-03-11,CUS-0106,PRD-0131,11,2074.07,22814.77,South,Distributor,Delivered
SO-007732,2026-04-17,CUS-0720,PRD-0483,3,492.39,1477.17,East,Online,Delivered
SO-007733,2026-09-28,CUS-0508,PRD-0365,27,4885.58,131910.66,North,Retail,Delivered
SO-007734,2026-04-06,CUS-0674,PRD-0368,11,6291.51,69206.61,East,Online,Shipped
SO-007735,2025-11-23,CUS-0092,PRD-0027,18,6437.86,115881.48,South,Distributor,Delivered
SO-007736,2024-10-22,CUS-0671,PRD-0156,29,2325.25,67432.25,North,Distributor,Delivered
SO-007737,2025-09-03,CUS-0285,PRD-0059,27,2671.58,72132.66,East,Distributor,Shipped
SO-007738,2026-03-08,CUS-0255,PRD-0338,19,4473.07,84988.33,East,Retail,Cancelled
SO-007739,2025-04-21,CUS-0970,PRD-0239,8,2371.03,18968.24,West,Online,Shipped
SO-007740,2026-06-02,CUS-0501,PRD-0025,30,6433.26,192997.8,South,Online,Shipped
SO-007741,2025-11-18,CUS-0704,PRD-0153,25,5160.58,129014.5,North,Distributor,Delivered
SO-007742,2025-05-09,CUS-0966,PRD-0145,25,4099.5,102487.5,South,Distributor,Processing
SO-007743,2026-06-16,CUS-0226,PRD-0090,10,492.32,4923.2,South,Distributor,Delivered
SO-007744,2024-12-23,CUS-0355,PRD-0375,9,7152.22,64369.98,East,Online,Delivered
SO-007745,2026-02-08,CUS-0273,PRD-0133,10,2221.02,22210.2,North,Online,Delivered
SO-007746,2025-09-15,CUS-0636,PRD-0125,23,6348.43,146013.89,South,Online,Delivered
SO-007747,2025-04-09,CUS-0577,PRD-0248,21,1877.37,39424.77,Central,Distributor,Processing
SO-007748,2026-05-15,CUS-0324,PRD-0109,10,1120.2,11202.0,East,Distributor,Delivered
SO-007749,2026-05-25,CUS-0951,PRD-0149,9,4444.52,40000.68,South,Retail,Delivered
SO-007750,2024-12-17,CUS-0411,PRD-0276,11,5881.03,64691.33,West,Retail,Shipped
SO-007751,2025-03-20,CUS-0388,PRD-0182,23,1447.54,33293.42,West,Distributor,Delivered
SO-007752,2025-09-25,CUS-0462,PRD-0498,25,1940.02,48500.5,South,Online,Delivered
SO-007753,2025-05-20,CUS-0154,PRD-0240,17,2083.18,35414.06,Central,Retail,Processing
SO-007754,2024-12-19,CUS-0860,PRD-0432,24,2965.64,71175.36,North,Distributor,Shipped
SO-007755,2026-04-19,CUS-0963,PRD-0117,14,842.63,11796.82,North,Distributor,Delivered
SO-007756,2026-05-17,CUS-0007,PRD-0200,16,4901.29,78420.64,Central,Retail,Delivered
SO-007757,2026-07-03,CUS-0989,PRD-0233,16,4244.4,67910.4,West,Distributor,Delivered
SO-007758,2026-04-25,CUS-0965,PRD-0097,9,4396.16,39565.44,West,Retail,Cancelled
SO-007759,2026-07-11,CUS-0785,PRD-0424,1,2881.05,2881.05,South,Online,Shipped
SO-007760,2025-07-31,CUS-0609,PRD-0293,24,1737.78,41706.72,West,Retail,Delivered
SO-007761,2025-04-03,CUS-0409,PRD-0275,9,509.9,4589.1,Central,Distributor,Delivered
SO-007762,2024-12-31,CUS-0986,PRD-0052,3,598.78,1796.34,West,Online,Shipped
SO-007763,2026-05-27,CUS-0213,PRD-0404,25,2985.52,74638.0,West,Online,Delivered
SO-007764,2026-07-25,CUS-0289,PRD-0138,14,820.52,11487.28,East,Online,Delivered
SO-007765,2026-01-10,CUS-0379,PRD-0113,8,4170.39,33363.12,South,Retail,Delivered
SO-007766,2026-07-21,CUS-0903,PRD-0095,15,652.24,9783.6,East,Distributor,Processing
SO-007767,2025-09-24,CUS-0866,PRD-0009,19,5286.07,100435.33,West,Online,Delivered
SO-007768,2025-08-12,CUS-0664,PRD-0283,8,6186.51,49492.08,West,Retail,Delivered
SO-007769,2025-04-29,CUS-0658,PRD-0109,7,1120.2,7841.4,West,Retail,Delivered
SO-007770,2026-08-20,CUS-0285,PRD-0314,30,5641.71,169251.3,North,Online,Processing
SO-007771,2025-07-03,CUS-0974,PRD-0173,6,1781.05,10686.3,Central,Distributor,Delivered
SO-007772,2024-12-14,CUS-0527,PRD-0379,9,7768.86,69919.74,Central,Distributor,Delivered
SO-007773,2024-12-13,CUS-0998,PRD-0251,29,2329.49,67555.21,Central,Online,Delivered
SO-007774,2026-03-19,CUS-0744,PRD-0429,9,2369.99,21329.91,East,Retail,Delivered
SO-007775,2025-05-25,CUS-0111,PRD-0220,21,4804.28,100889.88,South,Online,Shipped
SO-007776,2024-12-29,CUS-0006,PRD-0050,6,3890.9,23345.4,East,Retail,Delivered
SO-007777,2026-08-06,CUS-0909,PRD-0368,16,6291.51,100664.16,East,Distributor,Delivered
SO-007778,2025-05-28,CUS-0627,PRD-0242,4,4862.16,19448.64,Central,Distributor,Delivered
SO-007779,2025-03-05,CUS-0557,PRD-0138,30,820.52,24615.6,South,Retail,Delivered
SO-007780,2025-04-05,CUS-0057,PRD-0438,20,2366.01,47320.2,Central,Distributor,Delivered
SO-007781,2025-05-03,CUS-0621,PRD-0232,14,3666.47,51330.58,West,Distributor,Delivered
SO-007782,2024-10-15,CUS-0916,PRD-0111,26,5411.23,140691.98,West,Distributor,Delivered
SO-007783,2025-12-19,CUS-0057,PRD-0402,21,556.55,11687.55,South,Distributor,Delivered
SO-007784,2025-08-18,CUS-0784,PRD-0470,28,3381.78,94689.84,East,Online,Delivered
SO-007785,2025-03-25,CUS-0138,PRD-0289,12,2175.15,26101.8,East,Online,Delivered
SO-007786,2026-06-11,CUS-0804,PRD-0184,11,5587.39,61461.29,North,Distributor,Delivered
SO-007787,2026-07-13,CUS-0649,PRD-0292,4,363.77,1455.08,West,Retail,Delivered
SO-007788,2025-01-09,CUS-0254,PRD-0112,4,3241.95,12967.8,South,Online,Delivered
SO-007789,2025-12-02,CUS-0321,PRD-0499,1,2704.21,2704.21,Central,Distributor,Delivered
SO-007790,2026-09-12,CUS-0564,PRD-0281,28,3975.66,111318.48,East,Online,Delivered
SO-007791,2025-04-30,CUS-0146,PRD-0361,23,1248.83,28723.09,North,Online,Delivered
SO-007792,2025-02-22,CUS-0753,PRD-0382,28,2799.84,78395.52,East,Retail,Delivered
SO-007793,2026-02-12,CUS-0370,PRD-0069,18,3140.92,56536.56,North,Retail,Delivered
SO-007794,2026-01-18,CUS-0398,PRD-0034,19,2674.18,50809.42,Central,Retail,Delivered
SO-007795,2025-03-13,CUS-0434,PRD-0430,21,1485.15,31188.15,East,Retail,Delivered
SO-007796,2025-07-23,CUS-0872,PRD-0325,1,4731.96,4731.96,North,Online,Delivered
SO-007797,2024-12-20,CUS-0070,PRD-0246,14,2420.51,33887.14,West,Online,Delivered
SO-007798,2026-04-19,CUS-0981,PRD-0149,11,4444.52,48889.72,East,Online,Delivered
SO-007799,2026-03-23,CUS-0898,PRD-0107,24,6065.28,145566.72,South,Retail,Delivered
SO-007800,2025-11-28,CUS-0126,PRD-0078,11,542.69,5969.59,South,Distributor,Delivered
SO-007801,2026-07-11,CUS-0452,PRD-0162,13,4705.86,61176.18,West,Retail,Processing
SO-007802,2025-10-26,CUS-0349,PRD-0310,13,6760.62,87888.06,Central,Retail,Delivered
SO-007803,2026-06-20,CUS-0468,PRD-0286,15,1286.09,19291.35,Central,Online,Delivered
SO-007804,2026-07-13,CUS-0906,PRD-0363,9,3326.43,29937.87,North,Distributor,Delivered
SO-007805,2026-05-15,CUS-0234,PRD-0267,4,1127.11,4508.44,East,Distributor,Delivered
SO-007806,2026-01-23,CUS-0213,PRD-0154,27,2946.55,79556.85,Central,Retail,Shipped
SO-007807,2025-10-24,CUS-0619,PRD-0346,7,2442.74,17099.18,North,Online,Delivered
SO-007808,2026-08-04,CUS-0002,PRD-0410,13,4500.44,58505.72,North,Online,Processing
SO-007809,2025-03-24,CUS-0200,PRD-0163,23,2675.79,61543.17,West,Distributor,Delivered
SO-007810,2026-02-04,CUS-0085,PRD-0328,6,5555.74,33334.44,East,Distributor,Delivered
SO-007811,2026-05-21,CUS-0810,PRD-0491,19,3343.98,63535.62,Central,Distributor,Delivered
SO-007812,2025-09-26,CUS-0053,PRD-0337,15,1685.54,25283.1,West,Distributor,Delivered
SO-007813,2024-11-04,CUS-0613,PRD-0213,8,5485.34,43882.72,East,Distributor,Delivered
SO-007814,2026-07-11,CUS-0999,PRD-0193,26,3725.18,96854.68,East,Distributor,Delivered
SO-007815,2025-08-03,CUS-0448,PRD-0396,23,5062.73,116442.79,West,Online,Delivered
SO-007816,2025-09-25,CUS-0381,PRD-0468,9,630.98,5678.82,Central,Online,Shipped
SO-007817,2026-01-22,CUS-0379,PRD-0041,23,4472.49,102867.27,South,Distributor,Delivered
SO-007818,2025-05-21,CUS-0730,PRD-0093,12,893.67,10724.04,East,Retail,Delivered
SO-007819,2025-12-01,CUS-0170,PRD-0016,25,4375.8,109395.0,West,Online,Delivered
SO-007820,2026-04-10,CUS-0213,PRD-0221,18,5278.23,95008.14,East,Online,Delivered
SO-007821,2026-03-24,CUS-0952,PRD-0056,5,1181.86,5909.3,North,Retail,Delivered
SO-007822,2026-04-05,CUS-0292,PRD-0410,3,4500.44,13501.32,North,Retail,Delivered
SO-007823,2025-04-24,CUS-0440,PRD-0487,8,5920.64,47365.12,East,Online,Delivered
SO-007824,2025-11-11,CUS-0215,PRD-0350,15,4549.86,68247.9,South,Distributor,Delivered
SO-007825,2025-02-02,CUS-0739,PRD-0155,9,3144.19,28297.71,West,Online,Delivered
SO-007826,2026-07-02,CUS-0580,PRD-0050,14,3242.42,45393.88,East,Online,Delivered
SO-007827,2025-11-27,CUS-0648,PRD-0359,21,2945.0,61845.0,Central,Distributor,Delivered
SO-007828,2026-06-15,CUS-0217,PRD-0357,12,748.93,8987.16,East,Retail,Delivered
SO-007829,2026-02-04,CUS-0292,PRD-0372,25,2557.13,63928.25,South,Retail,Cancelled
SO-007830,2025-08-08,CUS-0676,PRD-0243,10,1508.36,15083.6,East,Retail,Delivered
SO-007831,2024-12-31,CUS-0576,PRD-0444,20,4713.54,94270.8,North,Distributor,Delivered
SO-007832,2025-04-29,CUS-0157,PRD-0317,8,6072.27,48578.16,Central,Retail,Delivered
SO-007833,2025-04-06,CUS-0322,PRD-0141,23,2583.7,59425.1,East,Distributor,Delivered
SO-007834,2025-10-27,CUS-0729,PRD-0347,29,3648.06,105793.74,South,Retail,Processing
SO-007835,2025-03-20,CUS-0713,PRD-0431,8,5527.14,44217.12,North,Online,Delivered
SO-007836,2026-06-18,CUS-0687,PRD-0458,30,3689.08,110672.4,North,Retail,Delivered
SO-007837,2026-08-07,CUS-0836,PRD-0129,23,5685.71,130771.33,North,Retail,Delivered
SO-007838,2024-11-30,CUS-0039,PRD-0412,4,4805.83,19223.32,East,Online,Delivered
SO-007839,2025-10-05,CUS-0439,PRD-0455,6,2664.17,15985.02,South,Retail,Cancelled
SO-007840,2025-02-10,CUS-0533,PRD-0094,14,3817.71,53447.94,North,Distributor,Shipped
SO-007841,2025-07-04,CUS-0201,PRD-0392,9,452.18,4069.62,East,Distributor,Delivered
SO-007842,2025-05-15,CUS-0368,PRD-0200,30,4901.29,147038.7,East,Online,Delivered
SO-007843,2026-05-03,CUS-0975,PRD-0428,18,6298.69,113376.42,East,Online,Delivered
SO-007844,2026-01-14,CUS-0813,PRD-0397,22,1896.25,41717.5,West,Distributor,Delivered
SO-007845,2026-09-29,CUS-0814,PRD-0408,8,3047.73,24381.84,West,Distributor,Delivered
SO-007846,2025-01-20,CUS-0386,PRD-0498,9,1940.02,17460.18,West,Distributor,Shipped
SO-007847,2025-09-01,CUS-0370,PRD-0378,11,418.86,4607.46,North,Distributor,Delivered
SO-007848,2026-09-27,CUS-0911,PRD-0287,29,4173.59,121034.11,South,Distributor,Delivered
SO-007849,2025-12-18,CUS-0619,PRD-0244,13,5694.73,74031.49,West,Online,Delivered
SO-007850,2026-07-20,CUS-0426,PRD-0221,26,5278.23,137233.98,Central,Retail,Delivered
SO-007851,2025-02-12,CUS-0214,PRD-0366,30,3113.27,93398.1,West,Distributor,Delivered
SO-007852,2024-10-11,CUS-0094,PRD-0336,7,2896.09,20272.63,South,Retail,Cancelled
SO-007853,2026-09-01,CUS-0653,PRD-0081,29,5637.83,163497.07,North,Retail,Delivered
SO-007854,2026-08-16,CUS-0026,PRD-0037,7,1149.08,8043.56,South,Retail,Processing
SO-007855,2025-06-25,CUS-0251,PRD-0048,20,4987.19,99743.8,East,Distributor,Delivered
SO-007856,2025-03-13,CUS-0056,PRD-0043,28,1999.6,55988.8,South,Distributor,Delivered
SO-007857,2026-01-21,CUS-0708,PRD-0169,25,6181.75,154543.75,East,Online,Delivered
SO-007858,2026-07-11,CUS-0961,PRD-0164,2,5816.24,11632.48,West,Retail,Delivered
SO-007859,2026-06-20,CUS-0847,PRD-0094,20,3817.71,76354.2,West,Distributor,Shipped
SO-007860,2026-03-27,CUS-0331,PRD-0339,28,1245.19,34865.32,Central,Retail,Delivered
SO-007861,2026-01-24,CUS-0056,PRD-0383,14,4301.86,60226.04,West,Distributor,Processing
SO-007862,2026-03-31,CUS-0951,PRD-0243,28,1508.36,42234.08,Central,Retail,Delivered
SO-007863,2025-03-01,CUS-0299,PRD-0417,19,5562.28,105683.32,West,Distributor,Shipped
SO-007864,2026-09-06,CUS-0149,PRD-0080,9,2718.86,24469.74,West,Retail,Delivered
SO-007865,2026-08-24,CUS-0101,PRD-0198,19,4920.31,93485.89,Central,Distributor,Delivered
SO-007866,2026-04-17,CUS-0652,PRD-0113,14,4170.39,58385.46,Central,Distributor,Delivered
SO-007867,2024-12-17,CUS-0561,PRD-0030,22,5166.18,113655.96,North,Retail,Delivered
SO-007868,2024-11-04,CUS-0271,PRD-0355,12,5022.31,60267.72,South,Online,Delivered
SO-007869,2024-10-10,CUS-0342,PRD-0361,23,1498.6,34467.8,East,Distributor,Delivered
SO-007870,2024-11-10,CUS-0447,PRD-0395,4,4638.31,18553.24,West,Retail,Processing
SO-007871,2025-10-10,CUS-0564,PRD-0140,26,4789.86,124536.36,Central,Online,Delivered
SO-007872,2025-05-26,CUS-0112,PRD-0475,14,1258.43,17618.02,West,Distributor,Delivered
SO-007873,2025-03-28,CUS-0279,PRD-0342,16,3067.52,49080.32,East,Online,Delivered
SO-007874,2026-04-20,CUS-0097,PRD-0216,7,569.26,3984.82,West,Online,Delivered
SO-007875,2025-10-06,CUS-0281,PRD-0280,9,4727.39,42546.51,West,Retail,Delivered
SO-007876,2025-04-04,CUS-0716,PRD-0392,9,452.18,4069.62,South,Distributor,Delivered
SO-007877,2025-10-21,CUS-0458,PRD-0135,2,5350.24,10700.48,South,Distributor,Delivered
SO-007878,2025-05-25,CUS-0488,PRD-0332,18,4886.91,87964.38,Central,Retail,Delivered
SO-007879,2025-01-31,CUS-0403,PRD-0198,24,4920.31,118087.44,East,Online,Delivered
SO-007880,2025-11-03,CUS-0569,PRD-0273,24,1033.34,24800.16,Central,Online,Delivered
SO-007881,2025-02-16,CUS-0391,PRD-0057,18,2825.39,50857.02,Central,Distributor,Delivered
SO-007882,2025-08-31,CUS-0094,PRD-0172,10,5845.22,58452.2,East,Distributor,Delivered
SO-007883,2025-12-21,CUS-0160,PRD-0351,27,7631.41,206048.07,East,Online,Delivered
SO-007884,2026-06-11,CUS-0343,PRD-0482,26,2107.3,54789.8,North,Distributor,Delivered
SO-007885,2026-01-04,CUS-0767,PRD-0079,12,6302.5,75630.0,Central,Online,Delivered
SO-007886,2025-05-07,CUS-0504,PRD-0050,8,3242.42,25939.36,Central,Retail,Processing
SO-007887,2024-12-07,CUS-0860,PRD-0082,4,3052.87,12211.48,Central,Distributor,Delivered
SO-007888,2026-03-25,CUS-0434,PRD-0082,9,2544.06,22896.54,Central,Distributor,Delivered
SO-007889,2025-03-14,CUS-0011,PRD-0011,28,1120.4,31371.2,Central,Distributor,Cancelled
SO-007890,2025-10-25,CUS-0134,PRD-0239,1,2845.24,2845.24,West,Distributor,Delivered
SO-007891,2025-02-16,CUS-0172,PRD-0166,3,449.89,1349.67,West,Distributor,Delivered
SO-007892,2024-11-15,CUS-0717,PRD-0109,26,1344.24,34950.24,South,Distributor,Delivered
SO-007893,2025-02-10,CUS-0190,PRD-0394,8,567.05,4536.4,Central,Distributor,Delivered
SO-007894,2025-05-06,CUS-0421,PRD-0412,16,4004.86,64077.76,Central,Online,Delivered
SO-007895,2025-11-29,CUS-0862,PRD-0047,19,4810.96,91408.24,East,Retail,Delivered
SO-007896,2025-08-29,CUS-0940,PRD-0380,11,1625.68,17882.48,South,Online,Cancelled
SO-007897,2026-08-26,CUS-0376,PRD-0237,5,3655.63,18278.15,West,Distributor,Processing
SO-007898,2025-12-04,CUS-0621,PRD-0012,12,864.95,10379.4,South,Retail,Delivered
SO-007899,2025-05-29,CUS-0843,PRD-0212,12,3901.66,46819.92,North,Online,Delivered
SO-007900,2025-07-23,CUS-0875,PRD-0021,24,2488.06,59713.44,Central,Online,Delivered
SO-007901,2026-01-11,CUS-0562,PRD-0108,13,1814.64,23590.32,West,Retail,Cancelled
SO-007902,2026-07-05,CUS-0432,PRD-0310,24,5633.85,135212.4,East,Retail,Processing
SO-007903,2026-07-11,CUS-0331,PRD-0473,21,784.86,16482.06,South,Online,Delivered
SO-007904,2025-10-03,CUS-0696,PRD-0135,9,5350.24,48152.16,Central,Distributor,Cancelled
SO-007905,2026-08-23,CUS-0067,PRD-0064,10,4638.95,46389.5,East,Retail,Cancelled
SO-007906,2024-11-21,CUS-0561,PRD-0223,8,2619.7,20957.6,Central,Online,Delivered
SO-007907,2026-02-19,CUS-0256,PRD-0039,1,6475.29,6475.29,West,Online,Delivered
SO-007908,2024-12-17,CUS-0303,PRD-0411,26,717.76,18661.76,East,Retail,Delivered
SO-007909,2025-12-03,CUS-0802,PRD-0211,16,7352.6,117641.6,North,Online,Delivered
SO-007910,2025-10-20,CUS-0625,PRD-0268,1,5425.56,5425.56,South,Retail,Delivered
SO-007911,2025-05-18,CUS-0786,PRD-0067,29,4391.39,127350.31,West,Online,Delivered
SO-007912,2025-02-22,CUS-0013,PRD-0346,27,2035.62,54961.74,East,Distributor,Delivered
SO-007913,2024-10-15,CUS-0007,PRD-0103,29,6877.14,199437.06,West,Distributor,Delivered
SO-007914,2025-06-01,CUS-0778,PRD-0191,6,5484.02,32904.12,Central,Online,Shipped
SO-007915,2026-05-24,CUS-0348,PRD-0241,8,4724.58,37796.64,North,Distributor,Delivered
SO-007916,2025-04-08,CUS-0565,PRD-0499,1,2253.51,2253.51,East,Retail,Delivered
SO-007917,2025-05-16,CUS-0366,PRD-0403,10,853.94,8539.4,Central,Retail,Delivered
SO-007918,2026-09-21,CUS-0248,PRD-0327,16,4100.16,65602.56,North,Retail,Delivered
SO-007919,2026-04-13,CUS-0458,PRD-0288,18,3123.97,56231.46,West,Retail,Delivered
SO-007920,2024-11-03,CUS-0472,PRD-0072,30,6759.17,202775.1,South,Distributor,Delivered
SO-007921,2025-05-06,CUS-0695,PRD-0055,12,947.86,11374.32,West,Retail,Delivered
SO-007922,2025-12-07,CUS-0324,PRD-0362,11,6855.67,75412.37,South,Retail,Delivered
SO-007923,2026-03-30,CUS-0911,PRD-0354,16,3997.01,63952.16,East,Online,Delivered
SO-007924,2025-07-13,CUS-0543,PRD-0101,2,596.67,1193.34,North,Distributor,Delivered
SO-007925,2025-05-26,CUS-0127,PRD-0456,20,4888.48,97769.6,North,Retail,Shipped
SO-007926,2025-03-29,CUS-0747,PRD-0483,13,492.39,6401.07,Central,Retail,Delivered
SO-007927,2026-01-11,CUS-0344,PRD-0355,4,4185.26,16741.04,Central,Online,Processing
SO-007928,2025-01-09,CUS-0949,PRD-0090,24,492.32,11815.68,North,Online,Delivered
SO-007929,2025-01-07,CUS-0654,PRD-0007,30,4691.05,140731.5,West,Online,Processing
SO-007930,2026-02-02,CUS-0761,PRD-0440,9,1033.75,9303.75,North,Retail,Delivered
SO-007931,2025-02-10,CUS-0142,PRD-0412,24,4004.86,96116.64,West,Online,Delivered
SO-007932,2024-11-29,CUS-0193,PRD-0416,25,4783.88,119597.0,East,Retail,Cancelled
SO-007933,2026-08-27,CUS-0243,PRD-0306,24,4623.48,110963.52,West,Distributor,Shipped
SO-007934,2026-04-19,CUS-0830,PRD-0254,1,5366.88,5366.88,North,Retail,Delivered
SO-007935,2024-10-28,CUS-0933,PRD-0151,14,6528.98,91405.72,Central,Retail,Delivered
SO-007936,2026-07-27,CUS-0005,PRD-0316,17,4989.5,84821.5,East,Distributor,Delivered
SO-007937,2024-10-28,CUS-0284,PRD-0421,23,3418.18,78618.14,North,Retail,Delivered
SO-007938,2026-07-02,CUS-0081,PRD-0287,13,4173.59,54256.67,West,Online,Cancelled
SO-007939,2025-10-22,CUS-0926,PRD-0330,24,430.42,10330.08,South,Retail,Delivered
SO-007940,2025-08-03,CUS-0095,PRD-0389,1,2666.14,2666.14,East,Distributor,Delivered
SO-007941,2025-08-05,CUS-0626,PRD-0320,28,2589.33,72501.24,North,Online,Delivered
SO-007942,2026-06-02,CUS-0376,PRD-0357,30,748.93,22467.9,North,Distributor,Delivered
SO-007943,2026-01-19,CUS-0081,PRD-0226,24,4386.36,105272.64,East,Retail,Shipped
SO-007944,2025-07-09,CUS-0360,PRD-0114,28,152.58,4272.24,South,Retail,Shipped
SO-007945,2024-12-09,CUS-0506,PRD-0343,9,2107.72,18969.48,Central,Distributor,Delivered
SO-007946,2025-07-25,CUS-0565,PRD-0113,28,4170.39,116770.92,East,Distributor,Delivered
SO-007947,2025-09-25,CUS-0015,PRD-0002,26,1689.96,43938.96,Central,Distributor,Delivered
SO-007948,2025-11-28,CUS-0954,PRD-0498,4,2328.02,9312.08,South,Retail,Processing
SO-007949,2025-10-02,CUS-0647,PRD-0324,30,4176.37,125291.1,Central,Distributor,Shipped
SO-007950,2025-06-13,CUS-0237,PRD-0235,8,1541.57,12332.56,West,Retail,Delivered
SO-007951,2026-04-29,CUS-0515,PRD-0108,29,1814.64,52624.56,South,Retail,Delivered
SO-007952,2025-01-26,CUS-0165,PRD-0465,11,5430.01,59730.11,North,Distributor,Delivered
SO-007953,2026-09-23,CUS-0829,PRD-0232,19,3666.47,69662.93,North,Retail,Delivered
SO-007954,2026-07-18,CUS-0005,PRD-0214,5,5261.22,26306.1,North,Online,Delivered
SO-007955,2026-05-29,CUS-0480,PRD-0278,4,4587.31,18349.24,East,Online,Cancelled
SO-007956,2025-02-09,CUS-0944,PRD-0147,18,2693.29,48479.22,West,Distributor,Shipped
SO-007957,2025-04-13,CUS-0248,PRD-0279,6,3569.68,21418.08,West,Retail,Delivered
SO-007958,2025-08-07,CUS-0350,PRD-0009,13,5286.07,68718.91,West,Distributor,Shipped
SO-007959,2026-07-14,CUS-0412,PRD-0196,1,2215.24,2215.24,Central,Retail,Delivered
SO-007960,2026-09-30,CUS-0977,PRD-0134,16,2366.81,37868.96,West,Online,Delivered
SO-007961,2025-07-14,CUS-0358,PRD-0163,5,2675.79,13378.95,South,Distributor,Delivered
SO-007962,2025-04-20,CUS-0564,PRD-0307,12,6374.16,76489.92,South,Distributor,Processing
SO-007963,2025-06-11,CUS-0963,PRD-0448,30,2945.83,88374.9,East,Retail,Processing
SO-007964,2025-06-10,CUS-0465,PRD-0326,15,606.66,9099.9,West,Online,Processing
SO-007965,2026-02-06,CUS-0129,PRD-0260,26,5071.17,131850.42,West,Distributor,Delivered
SO-007966,2025-10-29,CUS-0131,PRD-0041,13,5366.99,69770.87,East,Retail,Delivered
SO-007967,2026-01-20,CUS-0791,PRD-0086,17,6300.68,107111.56,North,Distributor,Delivered
SO-007968,2025-01-26,CUS-0186,PRD-0240,30,2083.18,62495.4,Central,Distributor,Shipped
SO-007969,2026-03-04,CUS-0725,PRD-0500,14,5969.68,83575.52,East,Distributor,Delivered
SO-007970,2024-10-13,CUS-0888,PRD-0027,4,6437.86,25751.44,North,Online,Processing
SO-007971,2025-12-19,CUS-0052,PRD-0259,29,4712.8,136671.2,East,Online,Delivered
SO-007972,2025-09-17,CUS-0164,PRD-0230,18,3670.39,66067.02,West,Retail,Delivered
SO-007973,2026-07-09,CUS-0642,PRD-0031,9,1040.09,9360.81,Central,Distributor,Delivered
SO-007974,2024-11-29,CUS-0886,PRD-0482,19,2528.76,48046.44,Central,Retail,Delivered
SO-007975,2024-12-04,CUS-0821,PRD-0022,16,5520.72,88331.52,South,Distributor,Delivered
SO-007976,2024-11-29,CUS-0274,PRD-0446,17,5307.82,90232.94,South,Retail,Delivered
SO-007977,2026-08-17,CUS-0521,PRD-0161,1,2769.99,2769.99,Central,Online,Delivered
SO-007978,2026-04-26,CUS-0587,PRD-0196,22,2215.24,48735.28,North,Distributor,Shipped
SO-007979,2025-01-24,CUS-0543,PRD-0469,10,1541.41,15414.1,West,Retail,Delivered
SO-007980,2025-03-15,CUS-0176,PRD-0275,4,509.9,2039.6,West,Retail,Delivered
SO-007981,2025-02-20,CUS-0237,PRD-0315,17,3215.25,54659.25,North,Online,Delivered
SO-007982,2026-05-24,CUS-0042,PRD-0050,28,3242.42,90787.76,South,Distributor,Processing
SO-007983,2024-12-21,CUS-0501,PRD-0195,27,1545.13,41718.51,East,Retail,Delivered
SO-007984,2024-11-26,CUS-0853,PRD-0091,14,6663.66,93291.24,South,Distributor,Delivered
SO-007985,2025-01-05,CUS-0327,PRD-0146,13,3360.37,43684.81,East,Online,Delivered
SO-007986,2025-08-28,CUS-0985,PRD-0309,5,6002.3,30011.5,Central,Distributor,Delivered
SO-007987,2024-12-24,CUS-0585,PRD-0247,26,2466.53,64129.78,Central,Retail,Shipped
SO-007988,2026-04-15,CUS-0459,PRD-0390,22,6175.19,135854.18,Central,Online,Delivered
SO-007989,2025-10-08,CUS-0773,PRD-0106,24,5261.15,126267.6,South,Retail,Delivered
SO-007990,2025-11-29,CUS-0493,PRD-0034,13,3209.02,41717.26,South,Retail,Delivered
SO-007991,2025-09-29,CUS-0704,PRD-0224,11,1906.78,20974.58,West,Distributor,Delivered
SO-007992,2026-04-03,CUS-0047,PRD-0363,6,3326.43,19958.58,Central,Distributor,Delivered
SO-007993,2026-08-05,CUS-0582,PRD-0214,2,5261.22,10522.44,South,Online,Delivered
SO-007994,2024-11-02,CUS-0980,PRD-0281,17,4770.79,81103.43,East,Distributor,Delivered
SO-007995,2026-02-09,CUS-0347,PRD-0349,27,1641.0,44307.0,South,Distributor,Cancelled
SO-007996,2026-07-20,CUS-0160,PRD-0179,17,2569.93,43688.81,West,Distributor,Delivered
SO-007997,2026-02-23,CUS-0674,PRD-0068,14,972.83,13619.62,East,Distributor,Delivered
SO-007998,2025-11-12,CUS-0001,PRD-0027,20,6437.86,128757.2,West,Retail,Delivered
SO-007999,2025-07-05,CUS-0335,PRD-0177,13,1860.82,24190.66,West,Retail,Delivered
SO-008000,2025-06-12,CUS-0384,PRD-0166,28,449.89,12596.92,South,Retail,Processing
SO-008001,2025-04-13,CUS-0342,PRD-0026,16,4490.99,71855.84,Central,Online,Processing
SO-008002,2024-10-12,CUS-0485,PRD-0059,5,3205.9,16029.5,West,Online,Delivered
SO-008003,2025-11-26,CUS-0546,PRD-0345,8,720.6,5764.8,North,Online,Delivered
SO-008004,2026-07-25,CUS-0107,PRD-0228,13,3235.69,42063.97,West,Online,Delivered
SO-008005,2025-12-17,CUS-0458,PRD-0146,17,4032.44,68551.48,West,Distributor,Delivered
SO-008006,2026-09-29,CUS-0766,PRD-0385,20,4527.09,90541.8,East,Online,Delivered
SO-008007,2026-06-23,CUS-0897,PRD-0098,5,1821.96,9109.8,West,Distributor,Delivered
SO-008008,2025-08-07,CUS-0011,PRD-0125,9,6348.43,57135.87,South,Retail,Delivered
SO-008009,2026-08-22,CUS-0734,PRD-0394,24,567.05,13609.2,East,Retail,Processing
SO-008010,2025-06-05,CUS-0945,PRD-0157,29,724.88,21021.52,Central,Retail,Delivered
SO-008011,2026-02-01,CUS-0499,PRD-0071,12,2386.88,28642.56,South,Retail,Shipped
SO-008012,2026-08-19,CUS-0483,PRD-0065,6,559.34,3356.04,South,Online,Delivered
SO-008013,2026-04-29,CUS-0737,PRD-0190,28,2607.02,72996.56,North,Online,Delivered
SO-008014,2026-08-06,CUS-0741,PRD-0103,26,5730.95,149004.7,East,Distributor,Delivered
SO-008015,2025-08-29,CUS-0607,PRD-0189,2,1868.59,3737.18,East,Retail,Delivered
SO-008016,2024-11-15,CUS-0697,PRD-0030,22,5166.18,113655.96,West,Distributor,Delivered
SO-008017,2025-08-18,CUS-0913,PRD-0483,28,492.39,13786.92,South,Online,Cancelled
SO-008018,2025-10-31,CUS-0353,PRD-0016,17,4375.8,74388.6,South,Online,Delivered
SO-008019,2024-11-04,CUS-0847,PRD-0350,12,4549.86,54598.32,East,Retail,Delivered
SO-008020,2025-02-09,CUS-0027,PRD-0029,19,5712.46,108536.74,North,Distributor,Delivered
SO-008021,2026-02-18,CUS-0867,PRD-0472,7,4763.41,33343.87,Central,Retail,Delivered
SO-008022,2026-07-13,CUS-0604,PRD-0468,6,630.98,3785.88,Central,Retail,Delivered
SO-008023,2024-11-21,CUS-0877,PRD-0301,16,5581.58,89305.28,South,Distributor,Delivered
SO-008024,2025-08-05,CUS-0549,PRD-0078,15,452.24,6783.6,North,Online,Shipped
SO-008025,2026-09-14,CUS-0365,PRD-0024,27,1170.87,31613.49,West,Online,Processing
SO-008026,2026-04-06,CUS-0446,PRD-0094,14,3817.71,53447.94,South,Online,Delivered
SO-008027,2025-04-07,CUS-0518,PRD-0346,5,2035.62,10178.1,Central,Online,Delivered
SO-008028,2026-02-03,CUS-0115,PRD-0168,6,6422.87,38537.22,East,Retail,Delivered
SO-008029,2024-12-11,CUS-0424,PRD-0266,23,1989.53,45759.19,East,Distributor,Shipped
SO-008030,2026-01-08,CUS-0311,PRD-0310,2,5633.85,11267.7,Central,Distributor,Delivered
SO-008031,2025-12-20,CUS-0977,PRD-0468,29,757.18,21958.22,West,Retail,Processing
SO-008032,2026-04-22,CUS-0191,PRD-0142,5,1752.58,8762.9,South,Retail,Delivered
SO-008033,2025-05-17,CUS-0394,PRD-0058,11,4941.04,54351.44,South,Online,Delivered
SO-008034,2024-12-07,CUS-0427,PRD-0330,25,430.42,10760.5,Central,Distributor,Shipped
SO-008035,2026-05-31,CUS-0897,PRD-0493,7,3468.32,24278.24,West,Distributor,Delivered
SO-008036,2024-10-08,CUS-0623,PRD-0107,27,7278.34,196515.18,Central,Online,Delivered
SO-008037,2025-05-05,CUS-0200,PRD-0034,6,2674.18,16045.08,Central,Retail,Delivered
SO-008038,2025-09-22,CUS-0770,PRD-0296,30,3432.45,102973.5,South,Retail,Delivered
SO-008039,2026-07-17,CUS-0531,PRD-0036,27,5615.22,151610.94,West,Distributor,Processing
SO-008040,2026-04-13,CUS-0143,PRD-0323,27,5698.59,153861.93,Central,Online,Delivered
SO-008041,2025-09-13,CUS-0924,PRD-0103,12,5730.95,68771.4,West,Online,Delivered
SO-008042,2026-04-08,CUS-0808,PRD-0484,26,4236.53,110149.78,Central,Online,Delivered
SO-008043,2025-01-08,CUS-0987,PRD-0241,10,4724.58,47245.8,West,Distributor,Delivered
SO-008044,2026-02-08,CUS-0927,PRD-0229,30,2297.96,68938.8,North,Distributor,Delivered
SO-008045,2026-09-18,CUS-0878,PRD-0262,23,6436.49,148039.27,East,Distributor,Delivered
SO-008046,2026-05-01,CUS-0485,PRD-0269,18,337.92,6082.56,Central,Online,Delivered
SO-008047,2026-07-24,CUS-0235,PRD-0315,23,3215.25,73950.75,East,Online,Cancelled
SO-008048,2026-08-20,CUS-0843,PRD-0419,7,2288.99,16022.93,North,Distributor,Delivered
SO-008049,2026-03-31,CUS-0589,PRD-0040,18,6315.76,113683.68,Central,Retail,Delivered
SO-008050,2026-04-01,CUS-0493,PRD-0420,15,2779.86,41697.9,West,Retail,Delivered
SO-008051,2025-06-19,CUS-0783,PRD-0276,22,4900.86,107818.92,East,Distributor,Delivered
SO-008052,2024-10-28,CUS-0217,PRD-0175,19,4946.87,93990.53,West,Online,Delivered
SO-008053,2025-09-09,CUS-0749,PRD-0297,14,4113.85,57593.9,South,Retail,Delivered
SO-008054,2026-02-24,CUS-0068,PRD-0127,4,5240.23,20960.92,South,Distributor,Delivered
SO-008055,2025-12-22,CUS-0052,PRD-0005,26,872.21,22677.46,South,Online,Delivered
SO-008056,2026-03-30,CUS-0717,PRD-0002,25,1689.96,42249.0,Central,Retail,Processing
SO-008057,2026-07-18,CUS-0118,PRD-0148,29,940.82,27283.78,Central,Retail,Delivered
SO-008058,2025-11-26,CUS-0207,PRD-0089,11,7183.8,79021.8,Central,Distributor,Delivered
SO-008059,2024-12-06,CUS-0532,PRD-0135,7,5350.24,37451.68,South,Distributor,Delivered
SO-008060,2026-07-13,CUS-0454,PRD-0236,30,4359.42,130782.6,Central,Online,Delivered
SO-008061,2024-11-09,CUS-0805,PRD-0080,27,3262.63,88091.01,West,Online,Delivered
SO-008062,2025-10-17,CUS-0021,PRD-0059,21,3205.9,67323.9,East,Distributor,Delivered
SO-008063,2026-02-10,CUS-0274,PRD-0270,27,4608.03,124416.81,North,Distributor,Delivered
SO-008064,2026-08-28,CUS-0867,PRD-0266,23,1657.94,38132.62,East,Online,Delivered
SO-008065,2025-05-26,CUS-0745,PRD-0068,6,972.83,5836.98,North,Retail,Delivered
SO-008066,2025-11-15,CUS-0409,PRD-0107,30,7278.34,218350.2,Central,Online,Delivered
SO-008067,2025-02-08,CUS-0212,PRD-0399,23,4340.93,99841.39,West,Distributor,Processing
SO-008068,2026-08-20,CUS-0857,PRD-0301,11,4651.32,51164.52,North,Retail,Delivered
SO-008069,2026-05-07,CUS-0375,PRD-0331,4,4150.5,16602.0,West,Distributor,Delivered
SO-008070,2025-02-17,CUS-0319,PRD-0276,28,4900.86,137224.08,North,Retail,Delivered
SO-008071,2026-06-14,CUS-0045,PRD-0466,24,2911.86,69884.64,West,Online,Delivered
SO-008072,2024-11-15,CUS-0625,PRD-0054,13,7631.71,99212.23,West,Distributor,Delivered
SO-008073,2025-01-28,CUS-0647,PRD-0481,27,487.81,13170.87,West,Retail,Delivered
SO-008074,2025-01-31,CUS-0571,PRD-0116,27,4625.1,124877.7,East,Retail,Delivered
SO-008075,2026-09-14,CUS-0498,PRD-0188,22,5849.06,128679.32,South,Retail,Shipped
SO-008076,2025-12-12,CUS-0121,PRD-0289,1,2610.18,2610.18,North,Distributor,Delivered
SO-008077,2026-08-04,CUS-0708,PRD-0021,19,2488.06,47273.14,Central,Retail,Processing
SO-008078,2025-09-08,CUS-0173,PRD-0435,13,4429.61,57584.93,West,Retail,Delivered
SO-008079,2025-12-21,CUS-0040,PRD-0247,28,2466.53,69062.84,West,Distributor,Shipped
SO-008080,2024-12-30,CUS-0863,PRD-0496,23,556.28,12794.44,West,Retail,Delivered
SO-008081,2025-02-10,CUS-0565,PRD-0190,29,2607.02,75603.58,South,Online,Delivered
SO-008082,2025-03-07,CUS-0742,PRD-0241,13,4724.58,61419.54,North,Distributor,Delivered
SO-008083,2025-07-06,CUS-0213,PRD-0108,29,1814.64,52624.56,North,Online,Cancelled
SO-008084,2025-01-04,CUS-0649,PRD-0422,4,6204.38,24817.52,East,Retail,Delivered
SO-008085,2024-11-29,CUS-0542,PRD-0418,19,3443.45,65425.55,East,Distributor,Cancelled
SO-008086,2024-10-24,CUS-0144,PRD-0279,2,4283.62,8567.24,North,Online,Delivered
SO-008087,2026-05-05,CUS-0049,PRD-0044,5,150.67,753.35,Central,Retail,Delivered
SO-008088,2026-02-14,CUS-0569,PRD-0268,24,4521.3,108511.2,West,Distributor,Shipped
SO-008089,2026-04-30,CUS-0708,PRD-0289,4,2175.15,8700.6,South,Online,Shipped
SO-008090,2025-05-03,CUS-0719,PRD-0365,17,4885.58,83054.86,North,Online,Delivered
SO-008091,2025-09-01,CUS-0590,PRD-0251,14,1941.24,27177.36,South,Retail,Delivered
SO-008092,2025-06-23,CUS-0404,PRD-0306,2,4623.48,9246.96,Central,Distributor,Delivered
SO-008093,2025-02-18,CUS-0558,PRD-0098,1,1821.96,1821.96,West,Online,Cancelled
SO-008094,2026-06-14,CUS-0150,PRD-0446,30,4423.18,132695.4,East,Online,Delivered
SO-008095,2026-06-07,CUS-0980,PRD-0268,23,4521.3,103989.9,East,Online,Processing
SO-008096,2026-03-08,CUS-0430,PRD-0331,15,4150.5,62257.5,South,Retail,Shipped
SO-008097,2025-01-03,CUS-0482,PRD-0499,22,2253.51,49577.22,South,Online,Delivered
SO-008098,2025-07-07,CUS-0145,PRD-0007,6,4691.05,28146.3,South,Distributor,Delivered
SO-008099,2026-07-23,CUS-0795,PRD-0021,5,2488.06,12440.3,East,Retail,Delivered
SO-008100,2025-01-02,CUS-0960,PRD-0386,20,2962.71,59254.2,South,Distributor,Processing
SO-008101,2026-03-21,CUS-0175,PRD-0020,8,1900.69,15205.52,Central,Distributor,Delivered
SO-008102,2025-09-02,CUS-0243,PRD-0151,3,5440.82,16322.46,East,Distributor,Delivered
SO-008103,2025-03-07,CUS-0170,PRD-0207,5,3989.53,19947.65,South,Distributor,Delivered
SO-008104,2024-11-16,CUS-0155,PRD-0021,15,2985.67,44785.05,East,Retail,Delivered
SO-008105,2026-06-13,CUS-0238,PRD-0368,14,6291.51,88081.14,Central,Online,Delivered
SO-008106,2026-02-11,CUS-0252,PRD-0202,25,4934.46,123361.5,South,Online,Delivered
SO-008107,2024-12-19,CUS-0024,PRD-0300,11,376.68,4143.48,North,Distributor,Delivered
SO-008108,2025-06-09,CUS-0834,PRD-0145,13,4099.5,53293.5,South,Distributor,Delivered
SO-008109,2026-01-08,CUS-0638,PRD-0462,8,4649.5,37196.0,West,Online,Shipped
SO-008110,2026-05-04,CUS-0195,PRD-0413,27,1881.85,50809.95,East,Distributor,Delivered
SO-008111,2025-10-20,CUS-0891,PRD-0438,1,2839.21,2839.21,Central,Online,Delivered
SO-008112,2026-06-27,CUS-0326,PRD-0007,29,4691.05,136040.45,East,Retail,Shipped
SO-008113,2025-12-27,CUS-0691,PRD-0198,3,5904.37,17713.11,Central,Retail,Delivered
SO-008114,2026-08-15,CUS-0291,PRD-0178,27,643.28,17368.56,North,Online,Processing
SO-008115,2024-12-31,CUS-0984,PRD-0128,14,1372.91,19220.74,West,Online,Delivered
SO-008116,2025-05-12,CUS-0109,PRD-0034,22,2674.18,58831.96,South,Retail,Delivered
SO-008117,2026-01-09,CUS-0460,PRD-0189,30,1868.59,56057.7,South,Distributor,Processing
SO-008118,2025-02-21,CUS-0205,PRD-0462,12,4649.5,55794.0,Central,Online,Delivered
SO-008119,2026-03-29,CUS-0314,PRD-0009,22,5286.07,116293.54,West,Distributor,Cancelled
SO-008120,2026-01-08,CUS-0537,PRD-0432,3,2471.37,7414.11,North,Online,Cancelled
SO-008121,2024-12-03,CUS-0034,PRD-0066,17,697.63,11859.71,Central,Distributor,Shipped
SO-008122,2025-02-15,CUS-0036,PRD-0242,23,4862.16,111829.68,West,Retail,Delivered
SO-008123,2025-11-22,CUS-0412,PRD-0461,3,4557.11,13671.33,East,Distributor,Delivered
SO-008124,2025-01-06,CUS-0160,PRD-0174,5,5008.24,25041.2,West,Distributor,Processing
SO-008125,2026-09-16,CUS-0291,PRD-0073,6,516.1,3096.6,West,Distributor,Delivered
SO-008126,2025-03-08,CUS-0583,PRD-0440,7,1033.75,7236.25,South,Online,Delivered
SO-008127,2026-08-10,CUS-0185,PRD-0141,12,2583.7,31004.4,South,Retail,Cancelled
SO-008128,2026-01-14,CUS-0806,PRD-0123,21,5761.94,121000.74,South,Distributor,Delivered
SO-008129,2025-07-21,CUS-0942,PRD-0045,5,4983.69,24918.45,West,Distributor,Delivered
SO-008130,2025-05-10,CUS-0023,PRD-0382,18,2799.84,50397.12,West,Online,Delivered
SO-008131,2026-04-04,CUS-0202,PRD-0188,8,5849.06,46792.48,Central,Online,Shipped
SO-008132,2025-08-02,CUS-0962,PRD-0117,25,842.63,21065.75,North,Online,Delivered
SO-008133,2026-01-25,CUS-0236,PRD-0230,28,3670.39,102770.92,South,Online,Delivered
SO-008134,2025-10-03,CUS-0484,PRD-0034,10,3209.02,32090.2,Central,Online,Processing
SO-008135,2025-10-27,CUS-0472,PRD-0230,27,4404.47,118920.69,East,Retail,Cancelled
SO-008136,2025-12-11,CUS-0249,PRD-0469,29,1849.69,53641.01,South,Online,Delivered
SO-008137,2025-08-12,CUS-0642,PRD-0472,9,4763.41,42870.69,East,Distributor,Delivered
SO-008138,2026-07-08,CUS-0810,PRD-0421,2,2848.48,5696.96,North,Distributor,Delivered
SO-008139,2026-05-10,CUS-0939,PRD-0289,2,2175.15,4350.3,North,Distributor,Shipped
SO-008140,2025-10-14,CUS-0199,PRD-0119,5,4379.5,21897.5,South,Distributor,Delivered
SO-008141,2026-05-13,CUS-0208,PRD-0292,15,363.77,5456.55,East,Online,Processing
SO-008142,2025-08-28,CUS-0105,PRD-0332,13,4886.91,63529.83,East,Retail,Delivered
SO-008143,2025-05-08,CUS-0459,PRD-0455,27,2220.14,59943.78,North,Online,Delivered
SO-008144,2026-06-24,CUS-0154,PRD-0374,3,4076.51,12229.53,Central,Distributor,Cancelled
SO-008145,2024-12-10,CUS-0556,PRD-0151,28,6528.98,182811.44,West,Distributor,Delivered
SO-008146,2024-12-22,CUS-0910,PRD-0354,20,4796.41,95928.2,West,Distributor,Delivered
SO-008147,2025-10-02,CUS-0129,PRD-0067,14,5269.67,73775.38,West,Distributor,Delivered
SO-008148,2025-09-01,CUS-0349,PRD-0353,24,4876.74,117041.76,West,Retail,Delivered
SO-008149,2026-05-23,CUS-0457,PRD-0454,29,5018.01,145522.29,North,Retail,Delivered
SO-008150,2025-08-28,CUS-0843,PRD-0311,13,2295.01,29835.13,South,Retail,Shipped
SO-008151,2026-03-27,CUS-0276,PRD-0384,16,2729.7,43675.2,West,Online,Delivered
SO-008152,2025-10-22,CUS-0406,PRD-0210,14,5333.64,74670.96,West,Retail,Cancelled
SO-008153,2026-09-16,CUS-0361,PRD-0007,19,4691.05,89129.95,South,Retail,Delivered
SO-008154,2024-11-24,CUS-0617,PRD-0085,20,1339.26,26785.2,North,Online,Delivered
SO-008155,2026-07-21,CUS-0573,PRD-0198,9,4920.31,44282.79,Central,Retail,Processing
SO-008156,2025-09-07,CUS-0022,PRD-0404,24,2985.52,71652.48,South,Distributor,Delivered
SO-008157,2025-03-26,CUS-0217,PRD-0176,11,623.57,6859.27,North,Online,Delivered
SO-008158,2025-11-29,CUS-0510,PRD-0012,21,864.95,18163.95,Central,Retail,Delivered
SO-008159,2025-04-17,CUS-0628,PRD-0336,24,2413.41,57921.84,East,Online,Shipped
SO-008160,2025-12-12,CUS-0541,PRD-0451,8,3875.82,31006.56,North,Retail,Delivered
SO-008161,2025-07-07,CUS-0985,PRD-0011,10,1120.4,11204.0,Central,Online,Delivered
SO-008162,2026-07-02,CUS-0446,PRD-0081,3,5637.83,16913.49,East,Retail,Delivered
SO-008163,2025-09-19,CUS-0772,PRD-0459,26,2659.35,69143.1,North,Distributor,Delivered
SO-008164,2026-08-11,CUS-0583,PRD-0427,6,2382.42,14294.52,North,Distributor,Delivered
SO-008165,2024-10-24,CUS-0882,PRD-0275,18,611.88,11013.84,West,Distributor,Delivered
SO-008166,2026-01-05,CUS-0435,PRD-0297,17,4113.85,69935.45,South,Distributor,Delivered
SO-008167,2026-09-10,CUS-0837,PRD-0187,7,4891.68,34241.76,Central,Distributor,Delivered
SO-008168,2026-06-20,CUS-0779,PRD-0163,27,2675.79,72246.33,South,Retail,Delivered
SO-008169,2026-03-31,CUS-0821,PRD-0308,24,3641.56,87397.44,South,Retail,Delivered
SO-008170,2025-09-13,CUS-0192,PRD-0345,9,600.5,5404.5,North,Retail,Delivered
SO-008171,2025-01-26,CUS-0140,PRD-0425,4,3674.09,14696.36,South,Retail,Delivered
SO-008172,2026-02-17,CUS-0344,PRD-0138,26,820.52,21333.52,East,Retail,Delivered
SO-008173,2024-10-02,CUS-0811,PRD-0348,11,7795.21,85747.31,South,Retail,Delivered
SO-008174,2025-08-07,CUS-0036,PRD-0139,16,4770.83,76333.28,East,Online,Delivered
SO-008175,2025-01-07,CUS-0814,PRD-0328,1,5555.74,5555.74,East,Distributor,Delivered
SO-008176,2026-06-23,CUS-0434,PRD-0338,17,4473.07,76042.19,East,Online,Delivered
SO-008177,2026-02-03,CUS-0247,PRD-0164,24,5816.24,139589.76,North,Online,Processing
SO-008178,2025-12-31,CUS-0031,PRD-0242,29,5834.59,169203.11,East,Distributor,Delivered
SO-008179,2025-04-19,CUS-0117,PRD-0122,22,4378.36,96323.92,West,Distributor,Delivered
SO-008180,2026-09-29,CUS-0768,PRD-0384,11,2729.7,30026.7,South,Retail,Delivered
SO-008181,2026-07-24,CUS-0708,PRD-0115,2,1159.28,2318.56,West,Online,Delivered
SO-008182,2025-12-11,CUS-0947,PRD-0135,9,5350.24,48152.16,Central,Distributor,Shipped
SO-008183,2024-10-20,CUS-0580,PRD-0184,29,6704.87,194441.23,North,Distributor,Delivered
SO-008184,2026-01-07,CUS-0973,PRD-0354,9,3997.01,35973.09,South,Retail,Delivered
SO-008185,2024-12-30,CUS-0190,PRD-0370,23,2177.53,50083.19,South,Retail,Delivered
SO-008186,2025-03-28,CUS-0420,PRD-0445,19,1132.7,21521.3,North,Online,Delivered
SO-008187,2024-12-30,CUS-0950,PRD-0317,16,7286.72,116587.52,East,Online,Delivered
SO-008188,2024-10-26,CUS-0898,PRD-0010,9,5492.57,49433.13,South,Distributor,Delivered
SO-008189,2026-05-11,CUS-0453,PRD-0488,3,2178.12,6534.36,South,Distributor,Delivered
SO-008190,2025-02-26,CUS-0159,PRD-0102,15,1819.32,27289.8,West,Retail,Delivered
SO-008191,2025-06-27,CUS-0851,PRD-0044,22,150.67,3314.74,North,Retail,Delivered
SO-008192,2025-08-27,CUS-0654,PRD-0495,6,2733.86,16403.16,North,Distributor,Delivered
SO-008193,2025-03-28,CUS-0080,PRD-0152,1,1468.87,1468.87,Central,Retail,Delivered
SO-008194,2024-11-20,CUS-0491,PRD-0317,26,7286.72,189454.72,West,Retail,Delivered
SO-008195,2025-09-08,CUS-0306,PRD-0304,4,6162.78,24651.12,West,Online,Processing
SO-008196,2025-12-15,CUS-0555,PRD-0126,2,345.46,690.92,East,Retail,Delivered
SO-008197,2026-08-12,CUS-0601,PRD-0346,20,2035.62,40712.4,Central,Online,Delivered
SO-008198,2026-02-27,CUS-0145,PRD-0311,19,2295.01,43605.19,West,Distributor,Delivered
SO-008199,2026-02-25,CUS-0241,PRD-0287,19,4173.59,79298.21,East,Online,Delivered
SO-008200,2025-07-13,CUS-0442,PRD-0482,5,2107.3,10536.5,West,Online,Delivered
SO-008201,2025-10-29,CUS-0854,PRD-0014,17,6325.69,107536.73,North,Distributor,Processing
SO-008202,2025-11-10,CUS-0945,PRD-0497,20,2676.14,53522.8,West,Distributor,Delivered
SO-008203,2024-11-01,CUS-0859,PRD-0302,12,260.52,3126.24,North,Online,Delivered
SO-008204,2025-12-27,CUS-0412,PRD-0436,30,4811.16,144334.8,South,Distributor,Delivered
SO-008205,2026-09-27,CUS-0816,PRD-0470,17,3381.78,57490.26,North,Retail,Cancelled
SO-008206,2025-06-19,CUS-0971,PRD-0328,15,5555.74,83336.1,Central,Online,Processing
SO-008207,2024-10-19,CUS-0449,PRD-0143,17,4130.27,70214.59,East,Retail,Delivered
SO-008208,2026-05-02,CUS-0367,PRD-0421,22,2848.48,62666.56,North,Retail,Delivered
SO-008209,2025-09-18,CUS-0503,PRD-0221,5,5278.23,26391.15,North,Distributor,Delivered
SO-008210,2026-08-31,CUS-0093,PRD-0480,4,4151.93,16607.72,Central,Distributor,Delivered
SO-008211,2025-12-10,CUS-0601,PRD-0414,29,5599.69,162391.01,Central,Online,Delivered
SO-008212,2026-05-21,CUS-0260,PRD-0104,13,1134.85,14753.05,Central,Retail,Delivered
SO-008213,2025-11-20,CUS-0752,PRD-0022,27,5520.72,149059.44,North,Retail,Delivered
SO-008214,2025-05-04,CUS-0314,PRD-0485,12,3914.29,46971.48,East,Distributor,Delivered
SO-008215,2026-06-16,CUS-0668,PRD-0401,14,2192.42,30693.88,West,Online,Processing
SO-008216,2026-07-13,CUS-0910,PRD-0100,9,3049.28,27443.52,North,Online,Delivered
SO-008217,2026-05-14,CUS-0538,PRD-0076,6,1904.33,11425.98,East,Online,Delivered
SO-008218,2025-05-23,CUS-0283,PRD-0424,1,2881.05,2881.05,East,Distributor,Delivered
SO-008219,2025-01-21,CUS-0585,PRD-0384,1,2729.7,2729.7,South,Distributor,Delivered
SO-008220,2026-05-30,CUS-0150,PRD-0491,7,3343.98,23407.86,Central,Online,Delivered
SO-008221,2026-05-04,CUS-0639,PRD-0172,20,5845.22,116904.4,East,Retail,Delivered
SO-008222,2026-07-06,CUS-0755,PRD-0024,29,1170.87,33955.23,South,Retail,Delivered
SO-008223,2024-10-13,CUS-0092,PRD-0343,7,2107.72,14754.04,West,Online,Delivered
SO-008224,2026-07-26,CUS-0745,PRD-0136,6,6112.94,36677.64,North,Retail,Shipped
SO-008225,2026-02-13,CUS-0196,PRD-0184,4,5587.39,22349.56,West,Online,Processing
SO-008226,2024-10-25,CUS-0543,PRD-0061,5,2050.99,10254.95,Central,Distributor,Shipped
SO-008227,2025-11-02,CUS-0482,PRD-0170,4,6385.91,25543.64,East,Distributor,Delivered
SO-008228,2025-06-19,CUS-0168,PRD-0212,5,3901.66,19508.3,West,Retail,Delivered
SO-008229,2024-12-31,CUS-0565,PRD-0238,17,7774.25,132162.25,Central,Online,Delivered
SO-008230,2025-04-18,CUS-0321,PRD-0366,1,3113.27,3113.27,Central,Online,Delivered
SO-008231,2026-01-23,CUS-0222,PRD-0236,12,4359.42,52313.04,East,Online,Delivered
SO-008232,2025-07-09,CUS-0806,PRD-0043,19,1999.6,37992.4,West,Online,Delivered
SO-008233,2025-12-15,CUS-0274,PRD-0450,13,3442.26,44749.38,South,Online,Delivered
SO-008234,2025-04-03,CUS-0135,PRD-0236,9,4359.42,39234.78,West,Retail,Delivered
SO-008235,2025-01-16,CUS-0002,PRD-0130,27,1401.28,37834.56,Central,Distributor,Delivered
SO-008236,2025-09-17,CUS-0556,PRD-0240,29,2083.18,60412.22,South,Distributor,Delivered
SO-008237,2025-12-04,CUS-0631,PRD-0293,1,2085.34,2085.34,West,Online,Delivered
SO-008238,2026-04-04,CUS-0554,PRD-0298,20,1831.15,36623.0,West,Online,Delivered
SO-008239,2026-07-29,CUS-0480,PRD-0274,3,5916.59,17749.77,North,Retail,Shipped
SO-008240,2025-07-14,CUS-0826,PRD-0410,5,4500.44,22502.2,West,Online,Delivered
SO-008241,2025-06-30,CUS-0370,PRD-0224,24,1906.78,45762.72,Central,Online,Shipped
SO-008242,2024-10-09,CUS-0433,PRD-0058,24,5929.25,142302.0,North,Retail,Delivered
SO-008243,2026-01-09,CUS-0660,PRD-0166,16,449.89,7198.24,South,Retail,Shipped
SO-008244,2025-10-18,CUS-0271,PRD-0340,26,4893.06,127219.56,South,Online,Delivered
SO-008245,2026-02-20,CUS-0687,PRD-0030,9,4305.15,38746.35,East,Online,Delivered
SO-008246,2025-10-15,CUS-0064,PRD-0197,11,2735.86,30094.46,South,Retail,Delivered
SO-008247,2024-12-27,CUS-0881,PRD-0088,24,539.29,12942.96,West,Online,Shipped
SO-008248,2024-12-04,CUS-0471,PRD-0455,11,2664.17,29305.87,Central,Online,Shipped
SO-008249,2026-02-28,CUS-0765,PRD-0221,20,5278.23,105564.6,West,Distributor,Delivered
SO-008250,2025-12-30,CUS-0206,PRD-0321,12,7531.12,90373.44,South,Distributor,Delivered
SO-008251,2025-07-11,CUS-0614,PRD-0086,12,6300.68,75608.16,West,Online,Delivered
SO-008252,2026-02-05,CUS-0586,PRD-0169,12,6181.75,74181.0,North,Online,Delivered
SO-008253,2025-10-14,CUS-0983,PRD-0461,3,4557.11,13671.33,East,Retail,Delivered
SO-008254,2025-05-12,CUS-0133,PRD-0221,29,5278.23,153068.67,West,Distributor,Delivered
SO-008255,2025-12-04,CUS-0360,PRD-0327,19,4920.19,93483.61,South,Distributor,Delivered
SO-008256,2025-03-03,CUS-0009,PRD-0313,2,5464.72,10929.44,East,Online,Delivered
SO-008257,2026-05-28,CUS-0163,PRD-0277,18,2927.41,52693.38,West,Distributor,Delivered
SO-008258,2026-05-13,CUS-0174,PRD-0178,6,643.28,3859.68,Central,Retail,Delivered
SO-008259,2026-03-21,CUS-0880,PRD-0476,30,4935.81,148074.3,Central,Retail,Delivered
SO-008260,2025-12-26,CUS-0371,PRD-0136,8,7335.53,58684.24,East,Online,Delivered
SO-008261,2026-05-13,CUS-0395,PRD-0387,18,762.89,13732.02,East,Distributor,Delivered
SO-008262,2025-04-22,CUS-0682,PRD-0092,11,562.91,6192.01,Central,Online,Delivered
SO-008263,2025-05-12,CUS-0276,PRD-0320,9,2589.33,23303.97,West,Online,Delivered
SO-008264,2026-06-16,CUS-0116,PRD-0386,23,2962.71,68142.33,East,Distributor,Cancelled
SO-008265,2026-09-08,CUS-0346,PRD-0217,1,5541.8,5541.8,East,Distributor,Delivered
SO-008266,2024-12-06,CUS-0483,PRD-0470,6,4058.14,24348.84,Central,Retail,Delivered
SO-008267,2026-08-23,CUS-0453,PRD-0003,14,4440.58,62168.12,South,Retail,Cancelled
SO-008268,2025-01-02,CUS-0680,PRD-0313,1,5464.72,5464.72,Central,Online,Delivered
SO-008269,2025-10-27,CUS-0915,PRD-0004,10,4669.72,46697.2,North,Retail,Cancelled
SO-008270,2024-12-26,CUS-0996,PRD-0010,17,5492.57,93373.69,South,Retail,Delivered
SO-008271,2026-05-21,CUS-0329,PRD-0214,28,5261.22,147314.16,Central,Distributor,Delivered
SO-008272,2025-06-06,CUS-0085,PRD-0257,10,672.61,6726.1,West,Online,Delivered
SO-008273,2026-09-30,CUS-0998,PRD-0171,22,5420.73,119256.06,East,Retail,Processing
SO-008274,2025-06-12,CUS-0656,PRD-0008,27,1534.21,41423.67,East,Retail,Delivered
SO-008275,2026-03-23,CUS-0781,PRD-0444,11,3927.95,43207.45,North,Distributor,Delivered
SO-008276,2025-07-18,CUS-0130,PRD-0420,11,2779.86,30578.46,North,Retail,Delivered
SO-008277,2025-03-10,CUS-0610,PRD-0053,30,675.61,20268.3,East,Retail,Delivered
SO-008278,2025-11-02,CUS-0134,PRD-0295,4,3687.34,14749.36,East,Online,Delivered
SO-008279,2026-08-14,CUS-0421,PRD-0281,13,3975.66,51683.58,South,Distributor,Processing
SO-008280,2025-03-22,CUS-0179,PRD-0003,24,4440.58,106573.92,East,Distributor,Delivered
SO-008281,2025-03-04,CUS-0658,PRD-0239,26,2371.03,61646.78,East,Distributor,Delivered
SO-008282,2025-08-12,CUS-0139,PRD-0156,16,1937.71,31003.36,Central,Retail,Delivered
SO-008283,2024-11-19,CUS-0388,PRD-0209,15,352.28,5284.2,Central,Retail,Delivered
SO-008284,2026-04-04,CUS-0585,PRD-0088,29,449.41,13032.89,Central,Distributor,Cancelled
SO-008285,2026-02-17,CUS-0502,PRD-0061,21,1709.16,35892.36,South,Distributor,Cancelled
SO-008286,2026-06-26,CUS-0856,PRD-0042,26,5025.97,130675.22,West,Distributor,Delivered
SO-008287,2025-07-11,CUS-0172,PRD-0460,13,249.38,3241.94,North,Online,Delivered
SO-008288,2026-07-17,CUS-0522,PRD-0480,2,4151.93,8303.86,West,Online,Cancelled
SO-008289,2024-10-12,CUS-0549,PRD-0056,6,1418.23,8509.38,West,Distributor,Shipped
SO-008290,2026-05-23,CUS-0257,PRD-0317,9,6072.27,54650.43,East,Retail,Processing
SO-008291,2024-10-11,CUS-0721,PRD-0208,24,7530.32,180727.68,West,Retail,Shipped
SO-008292,2026-01-30,CUS-0734,PRD-0492,1,1708.12,1708.12,North,Retail,Delivered
SO-008293,2025-10-18,CUS-0492,PRD-0320,12,3107.2,37286.4,East,Retail,Delivered
SO-008294,2025-12-11,CUS-0466,PRD-0124,30,5885.0,176550.0,East,Online,Shipped
SO-008295,2025-10-27,CUS-0874,PRD-0436,25,4811.16,120279.0,North,Distributor,Delivered
SO-008296,2026-01-16,CUS-0422,PRD-0467,8,2905.25,23242.0,West,Online,Delivered
SO-008297,2026-03-10,CUS-0116,PRD-0320,9,2589.33,23303.97,North,Online,Delivered
SO-008298,2025-04-24,CUS-0096,PRD-0372,20,2557.13,51142.6,South,Retail,Shipped
SO-008299,2025-06-03,CUS-0657,PRD-0279,15,3569.68,53545.2,East,Online,Delivered
SO-008300,2025-06-21,CUS-0585,PRD-0164,9,5816.24,52346.16,Central,Online,Cancelled
SO-008301,2025-10-07,CUS-0449,PRD-0444,30,4713.54,141406.2,Central,Distributor,Delivered
SO-008302,2025-04-13,CUS-0285,PRD-0340,10,4077.55,40775.5,West,Retail,Delivered
SO-008303,2025-09-14,CUS-0663,PRD-0235,23,1541.57,35456.11,North,Retail,Delivered
SO-008304,2026-08-15,CUS-0176,PRD-0488,8,2178.12,17424.96,North,Distributor,Shipped
SO-008305,2026-03-31,CUS-0466,PRD-0296,23,3432.45,78946.35,South,Retail,Delivered
SO-008306,2025-02-21,CUS-0612,PRD-0316,18,4989.5,89811.0,South,Retail,Shipped
SO-008307,2024-10-21,CUS-0012,PRD-0466,18,3494.23,62896.14,North,Retail,Processing
SO-008308,2025-07-05,CUS-0136,PRD-0457,1,2551.93,2551.93,Central,Online,Delivered
SO-008309,2026-09-08,CUS-0572,PRD-0286,13,1286.09,16719.17,Central,Distributor,Shipped
SO-008310,2025-08-05,CUS-0734,PRD-0018,15,4342.25,65133.75,East,Online,Delivered
SO-008311,2025-03-21,CUS-0313,PRD-0022,1,4600.6,4600.6,North,Online,Delivered
SO-008312,2024-11-10,CUS-0646,PRD-0285,22,4122.96,90705.12,North,Online,Delivered
SO-008313,2025-10-30,CUS-0945,PRD-0034,27,3209.02,86643.54,South,Distributor,Delivered
SO-008314,2025-08-29,CUS-0384,PRD-0090,5,492.32,2461.6,Central,Online,Delivered
SO-008315,2026-07-29,CUS-0891,PRD-0401,8,2192.42,17539.36,North,Retail,Delivered
SO-008316,2025-08-13,CUS-0478,PRD-0416,11,3986.57,43852.27,West,Retail,Delivered
SO-008317,2026-01-01,CUS-0005,PRD-0172,13,5845.22,75987.86,North,Retail,Delivered
SO-008318,2025-01-17,CUS-0599,PRD-0387,23,762.89,17546.47,North,Distributor,Delivered
SO-008319,2024-11-22,CUS-0194,PRD-0318,23,4526.82,104116.86,North,Distributor,Delivered
SO-008320,2025-02-13,CUS-0221,PRD-0151,20,5440.82,108816.4,Central,Retail,Delivered
SO-008321,2025-11-04,CUS-0198,PRD-0279,18,4283.62,77105.16,North,Retail,Delivered
SO-008322,2026-08-04,CUS-0984,PRD-0440,3,1033.75,3101.25,North,Online,Delivered
SO-008323,2025-08-08,CUS-0439,PRD-0329,16,6207.86,99325.76,West,Retail,Delivered
SO-008324,2026-03-23,CUS-0180,PRD-0353,24,4876.74,117041.76,West,Retail,Delivered
SO-008325,2025-05-17,CUS-0349,PRD-0101,6,596.67,3580.02,South,Retail,Processing
SO-008326,2026-09-30,CUS-0840,PRD-0216,20,569.26,11385.2,East,Distributor,Delivered
SO-008327,2026-01-11,CUS-0956,PRD-0088,11,449.41,4943.51,South,Online,Delivered
SO-008328,2025-11-11,CUS-0853,PRD-0283,19,7423.81,141052.39,West,Online,Processing
SO-008329,2025-06-16,CUS-0235,PRD-0320,10,2589.33,25893.3,West,Online,Delivered
SO-008330,2025-10-19,CUS-0692,PRD-0305,8,7285.2,58281.6,West,Distributor,Delivered
SO-008331,2025-01-24,CUS-0241,PRD-0038,25,534.68,13367.0,South,Online,Processing
SO-008332,2026-07-29,CUS-0811,PRD-0392,21,452.18,9495.78,East,Online,Delivered
SO-008333,2026-06-22,CUS-0150,PRD-0182,17,1447.54,24608.18,West,Retail,Delivered
SO-008334,2026-05-29,CUS-0741,PRD-0238,26,6478.54,168442.04,West,Online,Cancelled
SO-008335,2025-09-27,CUS-0393,PRD-0324,8,3480.31,27842.48,North,Distributor,Delivered
SO-008336,2025-12-17,CUS-0831,PRD-0273,10,1033.34,10333.4,East,Distributor,Delivered
SO-008337,2026-04-20,CUS-0439,PRD-0272,29,3886.96,112721.84,North,Retail,Delivered
SO-008338,2026-08-26,CUS-0023,PRD-0025,17,6433.26,109365.42,South,Online,Shipped
SO-008339,2025-04-11,CUS-0997,PRD-0137,5,1267.47,6337.35,East,Distributor,Delivered
SO-008340,2026-03-10,CUS-0890,PRD-0341,1,5944.72,5944.72,West,Retail,Delivered
SO-008341,2025-06-18,CUS-0992,PRD-0164,25,5816.24,145406.0,Central,Retail,Cancelled
SO-008342,2026-08-31,CUS-0348,PRD-0415,9,3509.65,31586.85,Central,Online,Delivered
SO-008343,2025-05-18,CUS-0555,PRD-0131,24,2074.07,49777.68,Central,Online,Cancelled
SO-008344,2025-02-17,CUS-0826,PRD-0118,29,359.5,10425.5,North,Online,Cancelled
SO-008345,2025-07-12,CUS-0689,PRD-0208,2,6275.27,12550.54,East,Retail,Delivered
SO-008346,2026-07-28,CUS-0953,PRD-0391,17,4351.84,73981.28,East,Distributor,Delivered
SO-008347,2024-12-03,CUS-0283,PRD-0423,13,853.32,11093.16,West,Distributor,Delivered
SO-008348,2025-05-26,CUS-0550,PRD-0123,3,5761.94,17285.82,South,Retail,Shipped
SO-008349,2025-07-03,CUS-0333,PRD-0281,15,3975.66,59634.9,South,Online,Shipped
SO-008350,2026-03-29,CUS-0439,PRD-0338,22,4473.07,98407.54,West,Distributor,Delivered
SO-008351,2025-07-04,CUS-0245,PRD-0033,15,4888.48,73327.2,South,Distributor,Delivered
SO-008352,2026-04-23,CUS-0583,PRD-0346,2,2035.62,4071.24,South,Distributor,Delivered
SO-008353,2024-11-28,CUS-0809,PRD-0119,11,4379.5,48174.5,East,Online,Delivered
SO-008354,2026-07-15,CUS-0764,PRD-0290,20,2230.85,44617.0,East,Retail,Delivered
SO-008355,2025-05-22,CUS-0268,PRD-0060,26,5860.54,152374.04,South,Retail,Processing
SO-008356,2024-10-14,CUS-0950,PRD-0272,12,4664.35,55972.2,North,Distributor,Delivered
SO-008357,2025-10-07,CUS-0600,PRD-0465,5,6516.01,32580.05,West,Online,Delivered
SO-008358,2026-02-27,CUS-0352,PRD-0436,28,4009.3,112260.4,East,Retail,Delivered
SO-008359,2025-05-10,CUS-0394,PRD-0102,9,1819.32,16373.88,South,Retail,Cancelled
SO-008360,2025-06-01,CUS-0653,PRD-0085,10,1116.05,11160.5,Central,Retail,Shipped
SO-008361,2026-05-09,CUS-0609,PRD-0213,3,4571.12,13713.36,Central,Distributor,Delivered
SO-008362,2026-06-06,CUS-0076,PRD-0447,8,4346.55,34772.4,Central,Distributor,Delivered
SO-008363,2025-10-02,CUS-0300,PRD-0152,9,1762.64,15863.76,Central,Distributor,Delivered
SO-008364,2024-10-13,CUS-0137,PRD-0320,28,3107.2,87001.6,South,Online,Delivered
SO-008365,2025-02-27,CUS-0976,PRD-0361,17,1248.83,21230.11,North,Retail,Delivered
SO-008366,2025-03-01,CUS-0630,PRD-0490,21,789.31,16575.51,Central,Online,Processing
SO-008367,2025-04-08,CUS-0643,PRD-0492,28,1708.12,47827.36,West,Distributor,Delivered
SO-008368,2025-10-02,CUS-0104,PRD-0281,28,4770.79,133582.12,West,Retail,Delivered
SO-008369,2025-04-29,CUS-0135,PRD-0477,5,4468.82,22344.1,Central,Retail,Delivered
SO-008370,2026-01-22,CUS-0302,PRD-0321,25,6275.93,156898.25,South,Distributor,Processing
SO-008371,2026-02-24,CUS-0345,PRD-0281,13,3975.66,51683.58,West,Distributor,Shipped
SO-008372,2025-10-28,CUS-0210,PRD-0004,10,4669.72,46697.2,Central,Retail,Delivered
SO-008373,2026-09-14,CUS-0812,PRD-0487,23,5920.64,136174.72,Central,Retail,Delivered
SO-008374,2026-03-16,CUS-0628,PRD-0161,25,2769.99,69249.75,West,Online,Delivered
SO-008375,2025-05-10,CUS-0150,PRD-0383,28,4301.86,120452.08,South,Online,Delivered
SO-008376,2026-05-22,CUS-0055,PRD-0463,25,863.66,21591.5,West,Online,Cancelled
SO-008377,2025-06-23,CUS-0165,PRD-0208,2,6275.27,12550.54,North,Online,Delivered
SO-008378,2026-09-23,CUS-0058,PRD-0419,28,2288.99,64091.72,South,Online,Delivered
SO-008379,2025-05-13,CUS-0671,PRD-0166,15,449.89,6748.35,Central,Distributor,Delivered
SO-008380,2024-10-31,CUS-0609,PRD-0154,14,3535.86,49502.04,East,Distributor,Shipped
SO-008381,2025-11-01,CUS-0649,PRD-0401,4,2630.9,10523.6,West,Online,Delivered
SO-008382,2026-07-03,CUS-0791,PRD-0403,14,853.94,11955.16,East,Retail,Delivered
SO-008383,2025-05-24,CUS-0832,PRD-0483,10,492.39,4923.9,West,Distributor,Delivered
SO-008384,2025-03-01,CUS-0835,PRD-0369,3,705.22,2115.66,North,Distributor,Delivered
SO-008385,2025-01-25,CUS-0487,PRD-0015,21,925.14,19427.94,South,Online,Delivered
SO-008386,2024-10-24,CUS-0540,PRD-0034,4,3209.02,12836.08,Central,Distributor,Delivered
SO-008387,2025-05-30,CUS-0107,PRD-0158,22,1560.96,34341.12,Central,Retail,Delivered
SO-008388,2025-03-23,CUS-0236,PRD-0455,22,2220.14,48843.08,West,Retail,Delivered
SO-008389,2025-03-06,CUS-0202,PRD-0082,9,2544.06,22896.54,Central,Distributor,Delivered
SO-008390,2025-04-09,CUS-0919,PRD-0242,29,4862.16,141002.64,South,Distributor,Processing
SO-008391,2025-11-09,CUS-0660,PRD-0010,15,5492.57,82388.55,Central,Retail,Delivered
SO-008392,2026-07-20,CUS-0612,PRD-0251,27,1941.24,52413.48,West,Retail,Delivered
SO-008393,2025-05-01,CUS-0115,PRD-0484,30,4236.53,127095.9,Central,Online,Shipped
SO-008394,2026-09-08,CUS-0103,PRD-0207,3,3989.53,11968.59,East,Retail,Delivered
SO-008395,2025-01-14,CUS-0594,PRD-0099,29,3042.52,88233.08,East,Distributor,Shipped
SO-008396,2024-10-20,CUS-0441,PRD-0069,25,3769.1,94227.5,West,Distributor,Delivered
SO-008397,2024-10-27,CUS-0998,PRD-0045,28,5980.43,167452.04,West,Distributor,Delivered
SO-008398,2026-08-07,CUS-0628,PRD-0068,12,972.83,11673.96,West,Online,Delivered
SO-008399,2026-08-09,CUS-0880,PRD-0154,26,2946.55,76610.3,West,Online,Delivered
SO-008400,2025-04-13,CUS-0689,PRD-0274,7,5916.59,41416.13,West,Retail,Delivered
SO-008401,2025-06-04,CUS-0830,PRD-0286,25,1286.09,32152.25,West,Distributor,Delivered
SO-008402,2025-08-30,CUS-0363,PRD-0316,27,4989.5,134716.5,North,Distributor,Delivered
SO-008403,2026-01-12,CUS-0428,PRD-0429,17,2369.99,40289.83,South,Online,Delivered
SO-008404,2026-08-12,CUS-0002,PRD-0155,13,3144.19,40874.47,Central,Distributor,Delivered
SO-008405,2026-05-31,CUS-0762,PRD-0409,2,6491.0,12982.0,West,Online,Cancelled
SO-008406,2025-12-16,CUS-0931,PRD-0296,11,4118.94,45308.34,Central,Online,Delivered
SO-008407,2026-02-23,CUS-0475,PRD-0302,3,217.1,651.3,South,Retail,Delivered
SO-008408,2026-01-26,CUS-0756,PRD-0168,17,6422.87,109188.79,Central,Distributor,Delivered
SO-008409,2026-02-13,CUS-0913,PRD-0279,17,3569.68,60684.56,West,Online,Delivered
SO-008410,2026-08-26,CUS-0682,PRD-0255,17,601.9,10232.3,West,Retail,Delivered
SO-008411,2026-04-30,CUS-0240,PRD-0480,17,4151.93,70582.81,East,Retail,Shipped
SO-008412,2025-03-12,CUS-0295,PRD-0219,14,4635.55,64897.7,West,Online,Delivered
SO-008413,2025-05-12,CUS-0228,PRD-0401,9,2192.42,19731.78,East,Online,Delivered
SO-008414,2026-09-14,CUS-0917,PRD-0005,11,726.84,7995.24,West,Retail,Delivered
SO-008415,2025-11-23,CUS-0327,PRD-0220,6,5765.14,34590.84,East,Retail,Delivered
SO-008416,2024-11-26,CUS-0913,PRD-0311,1,2754.01,2754.01,West,Retail,Delivered
SO-008417,2025-12-13,CUS-0942,PRD-0166,7,539.87,3779.09,Central,Online,Delivered
SO-008418,2025-11-12,CUS-0502,PRD-0382,29,3359.81,97434.49,Central,Online,Processing
SO-008419,2026-06-16,CUS-0428,PRD-0464,22,1224.83,26946.26,West,Distributor,Delivered
SO-008420,2024-12-07,CUS-0068,PRD-0438,23,2839.21,65301.83,South,Retail,Delivered
SO-008421,2025-11-22,CUS-0418,PRD-0469,15,1849.69,27745.35,Central,Distributor,Delivered
SO-008422,2024-12-28,CUS-0390,PRD-0429,3,2843.99,8531.97,West,Distributor,Delivered
SO-008423,2025-09-25,CUS-0146,PRD-0074,1,1713.95,1713.95,South,Online,Delivered
SO-008424,2026-02-26,CUS-0874,PRD-0135,7,4458.53,31209.71,East,Retail,Shipped
SO-008425,2025-08-25,CUS-0146,PRD-0241,4,4724.58,18898.32,South,Online,Delivered
SO-008426,2025-08-30,CUS-0288,PRD-0291,14,4350.66,60909.24,South,Distributor,Delivered
SO-008427,2025-10-26,CUS-0515,PRD-0165,26,1828.82,47549.32,South,Distributor,Delivered
SO-008428,2025-03-21,CUS-0624,PRD-0026,21,4490.99,94310.79,South,Retail,Delivered
SO-008429,2024-10-25,CUS-0852,PRD-0458,3,4426.9,13280.7,South,Online,Cancelled
SO-008430,2026-06-30,CUS-0072,PRD-0215,25,2341.69,58542.25,Central,Distributor,Delivered
SO-008431,2025-12-09,CUS-0123,PRD-0350,24,4549.86,109196.64,North,Distributor,Delivered
SO-008432,2026-02-22,CUS-0094,PRD-0337,19,1685.54,32025.26,South,Online,Processing
SO-008433,2025-01-26,CUS-0426,PRD-0271,21,4508.65,94681.65,South,Distributor,Delivered
SO-008434,2025-08-03,CUS-0919,PRD-0231,11,675.35,7428.85,East,Online,Delivered
SO-008435,2024-10-02,CUS-0123,PRD-0248,17,2252.84,38298.28,West,Distributor,Shipped
SO-008436,2025-09-11,CUS-0486,PRD-0327,1,4100.16,4100.16,South,Online,Delivered
SO-008437,2024-11-24,CUS-0975,PRD-0220,13,5765.14,74946.82,Central,Retail,Delivered
SO-008438,2026-06-21,CUS-0297,PRD-0338,23,4473.07,102880.61,Central,Retail,Delivered
SO-008439,2026-05-24,CUS-0848,PRD-0447,26,4346.55,113010.3,South,Distributor,Delivered
SO-008440,2025-11-01,CUS-0946,PRD-0022,25,5520.72,138018.0,West,Distributor,Delivered
SO-008441,2025-03-21,CUS-0926,PRD-0498,3,1940.02,5820.06,Central,Retail,Processing
SO-008442,2026-05-20,CUS-0839,PRD-0159,3,285.58,856.74,East,Distributor,Delivered
SO-008443,2026-04-09,CUS-0268,PRD-0450,20,2868.55,57371.0,North,Retail,Delivered
SO-008444,2026-07-24,CUS-0466,PRD-0031,9,1040.09,9360.81,East,Online,Delivered
SO-008445,2024-10-28,CUS-0260,PRD-0016,28,4375.8,122522.4,West,Distributor,Delivered
SO-008446,2025-08-23,CUS-0099,PRD-0103,1,5730.95,5730.95,North,Online,Delivered
SO-008447,2025-03-27,CUS-0804,PRD-0140,20,3991.55,79831.0,West,Online,Delivered
SO-008448,2026-06-25,CUS-0492,PRD-0428,25,6298.69,157467.25,East,Retail,Shipped
SO-008449,2025-06-08,CUS-0584,PRD-0123,29,5761.94,167096.26,North,Online,Delivered
SO-008450,2024-12-07,CUS-0675,PRD-0154,8,3535.86,28286.88,West,Retail,Processing
SO-008451,2024-10-01,CUS-0324,PRD-0498,16,2328.02,37248.32,South,Online,Shipped
SO-008452,2026-07-27,CUS-0662,PRD-0019,26,5578.38,145037.88,West,Distributor,Delivered
SO-008453,2026-02-04,CUS-0242,PRD-0327,3,4100.16,12300.48,South,Retail,Delivered
SO-008454,2026-08-18,CUS-0651,PRD-0343,28,1756.43,49180.04,East,Retail,Delivered
SO-008455,2025-01-19,CUS-0423,PRD-0437,16,1279.25,20468.0,Central,Retail,Delivered
SO-008456,2024-12-04,CUS-0815,PRD-0292,23,436.52,10039.96,North,Distributor,Processing
SO-008457,2026-09-21,CUS-0131,PRD-0228,3,3235.69,9707.07,East,Retail,Delivered
SO-008458,2025-08-13,CUS-0549,PRD-0089,21,5986.5,125716.5,South,Retail,Shipped
SO-008459,2025-08-25,CUS-0421,PRD-0035,25,3375.68,84392.0,South,Retail,Delivered
SO-008460,2025-09-04,CUS-0472,PRD-0071,15,2386.88,35803.2,North,Online,Delivered
SO-008461,2025-04-22,CUS-0063,PRD-0184,28,5587.39,156446.92,East,Online,Delivered
SO-008462,2025-09-08,CUS-0292,PRD-0348,13,6496.01,84448.13,West,Online,Cancelled
SO-008463,2025-03-13,CUS-0136,PRD-0391,12,4351.84,52222.08,East,Online,Delivered
SO-008464,2025-11-13,CUS-0037,PRD-0080,2,3262.63,6525.26,East,Online,Delivered
SO-008465,2025-07-04,CUS-0088,PRD-0146,3,3360.37,10081.11,Central,Online,Delivered
SO-008466,2025-11-18,CUS-0829,PRD-0500,28,7163.62,200581.36,Central,Online,Delivered
SO-008467,2025-12-01,CUS-0316,PRD-0388,1,7048.56,7048.56,East,Retail,Shipped
SO-008468,2026-01-13,CUS-0428,PRD-0046,29,5675.2,164580.8,West,Distributor,Cancelled
SO-008469,2025-08-29,CUS-0010,PRD-0354,1,3997.01,3997.01,East,Online,Processing
SO-008470,2025-06-15,CUS-0123,PRD-0308,5,3641.56,18207.8,North,Online,Delivered
SO-008471,2024-10-07,CUS-0727,PRD-0402,9,556.55,5008.95,North,Online,Delivered
SO-008472,2025-02-19,CUS-0718,PRD-0162,18,4705.86,84705.48,Central,Online,Delivered
SO-008473,2026-08-03,CUS-0230,PRD-0323,29,5698.59,165259.11,East,Distributor,Delivered
SO-008474,2026-05-15,CUS-0865,PRD-0016,30,3646.5,109395.0,West,Retail,Delivered
SO-008475,2025-04-28,CUS-0260,PRD-0131,16,2074.07,33185.12,Central,Distributor,Delivered
SO-008476,2026-02-15,CUS-0072,PRD-0124,7,4904.17,34329.19,North,Online,Processing
SO-008477,2026-01-12,CUS-0896,PRD-0050,7,3242.42,22696.94,West,Retail,Delivered
SO-008478,2025-03-06,CUS-0009,PRD-0066,28,581.36,16278.08,South,Online,Delivered
SO-008479,2026-08-24,CUS-0267,PRD-0261,1,5917.17,5917.17,South,Retail,Delivered
SO-008480,2026-05-10,CUS-0411,PRD-0078,16,452.24,7235.84,Central,Retail,Delivered
SO-008481,2024-11-06,CUS-0276,PRD-0110,11,1766.06,19426.66,North,Distributor,Delivered
SO-008482,2025-09-10,CUS-0874,PRD-0043,16,1999.6,31993.6,West,Retail,Delivered
SO-008483,2025-10-22,CUS-0041,PRD-0462,12,5579.4,66952.8,East,Online,Delivered
SO-008484,2025-02-13,CUS-0423,PRD-0319,20,408.03,8160.6,East,Online,Delivered
SO-008485,2025-08-03,CUS-0169,PRD-0069,2,3140.92,6281.84,North,Online,Delivered
SO-008486,2026-09-23,CUS-0709,PRD-0266,3,1657.94,4973.82,Central,Online,Shipped
SO-008487,2026-05-17,CUS-0221,PRD-0010,6,4577.14,27462.84,East,Retail,Delivered
SO-008488,2025-09-27,CUS-0476,PRD-0240,29,2083.18,60412.22,Central,Distributor,Delivered
SO-008489,2025-06-23,CUS-0359,PRD-0275,16,509.9,8158.4,East,Retail,Delivered
SO-008490,2025-07-15,CUS-0313,PRD-0202,25,4934.46,123361.5,North,Online,Shipped
SO-008491,2026-02-19,CUS-0209,PRD-0352,20,181.58,3631.6,South,Distributor,Delivered
SO-008492,2024-10-23,CUS-0559,PRD-0082,17,3052.87,51898.79,South,Distributor,Shipped
SO-008493,2025-04-25,CUS-0564,PRD-0180,23,539.14,12400.22,Central,Online,Delivered
SO-008494,2025-04-23,CUS-0524,PRD-0216,30,569.26,17077.8,North,Online,Delivered
SO-008495,2025-10-08,CUS-0602,PRD-0068,22,1167.4,25682.8,East,Distributor,Delivered
SO-008496,2026-02-28,CUS-0061,PRD-0315,29,3215.25,93242.25,Central,Retail,Delivered
SO-008497,2025-08-17,CUS-0117,PRD-0382,2,2799.84,5599.68,East,Distributor,Processing
SO-008498,2025-05-23,CUS-0320,PRD-0285,26,3435.8,89330.8,East,Online,Delivered
SO-008499,2025-08-07,CUS-0777,PRD-0143,28,3441.89,96372.92,West,Online,Delivered
SO-008500,2026-07-26,CUS-0277,PRD-0118,7,359.5,2516.5,East,Online,Delivered
SO-008501,2026-05-31,CUS-0654,PRD-0483,10,492.39,4923.9,East,Retail,Delivered
SO-008502,2026-04-24,CUS-0401,PRD-0425,26,3674.09,95526.34,East,Retail,Delivered
SO-008503,2026-05-06,CUS-0890,PRD-0433,3,1570.63,4711.89,North,Distributor,Delivered
SO-008504,2025-05-08,CUS-0093,PRD-0029,28,5712.46,159948.88,Central,Retail,Delivered
SO-008505,2026-04-07,CUS-0323,PRD-0424,18,2881.05,51858.9,East,Distributor,Delivered
SO-008506,2024-12-22,CUS-0932,PRD-0163,1,3210.95,3210.95,South,Online,Delivered
SO-008507,2025-05-04,CUS-0472,PRD-0114,3,152.58,457.74,Central,Online,Delivered
SO-008508,2026-09-17,CUS-0501,PRD-0498,12,1940.02,23280.24,South,Retail,Delivered
SO-008509,2024-11-11,CUS-0519,PRD-0329,13,7449.43,96842.59,Central,Distributor,Delivered
SO-008510,2026-09-19,CUS-0337,PRD-0378,15,418.86,6282.9,West,Retail,Delivered
SO-008511,2026-06-19,CUS-0562,PRD-0485,8,3914.29,31314.32,South,Retail,Processing
SO-008512,2026-04-21,CUS-0849,PRD-0364,20,1766.9,35338.0,East,Online,Delivered
SO-008513,2025-02-11,CUS-0647,PRD-0439,24,3737.46,89699.04,West,Online,Delivered
SO-008514,2025-06-27,CUS-0744,PRD-0323,14,5698.59,79780.26,West,Online,Delivered
SO-008515,2026-09-21,CUS-0487,PRD-0272,23,3886.96,89400.08,West,Online,Delivered
SO-008516,2025-10-23,CUS-0999,PRD-0050,13,3890.9,50581.7,North,Online,Delivered
SO-008517,2026-08-12,CUS-0223,PRD-0156,15,1937.71,29065.65,East,Online,Processing
SO-008518,2026-06-03,CUS-0026,PRD-0090,21,492.32,10338.72,South,Online,Delivered
SO-008519,2025-06-27,CUS-0842,PRD-0183,17,5893.82,100194.94,West,Online,Delivered
SO-008520,2025-06-23,CUS-0992,PRD-0346,23,2035.62,46819.26,Central,Online,Delivered
SO-008521,2025-10-11,CUS-0616,PRD-0385,1,5432.51,5432.51,Central,Distributor,Cancelled
SO-008522,2025-06-30,CUS-0387,PRD-0191,21,5484.02,115164.42,Central,Retail,Delivered
SO-008523,2025-10-19,CUS-0821,PRD-0079,11,7563.0,83193.0,South,Online,Delivered
SO-008524,2026-03-24,CUS-0321,PRD-0428,30,6298.69,188960.7,South,Online,Delivered
SO-008525,2026-02-26,CUS-0911,PRD-0260,11,5071.17,55782.87,North,Distributor,Delivered
SO-008526,2025-05-09,CUS-0203,PRD-0010,12,4577.14,54925.68,South,Retail,Delivered
SO-008527,2026-01-09,CUS-0412,PRD-0371,16,2477.89,39646.24,East,Online,Delivered
SO-008528,2026-05-29,CUS-0392,PRD-0409,6,6491.0,38946.0,West,Distributor,Delivered
SO-008529,2025-10-14,CUS-0392,PRD-0236,3,5231.3,15693.9,North,Distributor,Processing
SO-008530,2026-06-08,CUS-0129,PRD-0216,16,569.26,9108.16,Central,Online,Delivered
SO-008531,2026-01-07,CUS-0845,PRD-0249,19,1990.91,37827.29,North,Retail,Delivered
SO-008532,2025-01-15,CUS-0315,PRD-0175,8,4122.39,32979.12,Central,Online,Delivered
SO-008533,2024-11-02,CUS-0898,PRD-0297,8,4936.62,39492.96,South,Retail,Delivered
SO-008534,2025-04-18,CUS-0166,PRD-0168,10,6422.87,64228.7,Central,Distributor,Processing
SO-008535,2025-05-13,CUS-0199,PRD-0133,2,2221.02,4442.04,West,Retail,Delivered
SO-008536,2026-05-29,CUS-0116,PRD-0474,5,1235.19,6175.95,South,Distributor,Delivered
SO-008537,2025-02-16,CUS-0706,PRD-0297,25,4113.85,102846.25,West,Retail,Delivered
SO-008538,2026-08-04,CUS-0531,PRD-0117,11,842.63,9268.93,South,Distributor,Delivered
SO-008539,2025-02-13,CUS-0121,PRD-0224,15,1906.78,28601.7,South,Distributor,Delivered
SO-008540,2026-08-13,CUS-0553,PRD-0203,25,5475.89,136897.25,East,Distributor,Processing
SO-008541,2025-03-18,CUS-0165,PRD-0122,13,4378.36,56918.68,Central,Retail,Processing
SO-008542,2025-12-29,CUS-0370,PRD-0032,9,5850.71,52656.39,Central,Distributor,Delivered
SO-008543,2025-09-06,CUS-0209,PRD-0290,26,2230.85,58002.1,North,Distributor,Delivered
SO-008544,2025-10-08,CUS-0873,PRD-0269,3,405.5,1216.5,West,Online,Processing
SO-008545,2026-08-14,CUS-0026,PRD-0056,20,1181.86,23637.2,South,Distributor,Delivered
SO-008546,2025-12-23,CUS-0771,PRD-0207,27,4787.44,129260.88,East,Online,Delivered
SO-008547,2026-04-14,CUS-0553,PRD-0069,24,3140.92,75382.08,Central,Retail,Delivered
SO-008548,2026-02-03,CUS-0278,PRD-0093,11,893.67,9830.37,South,Retail,Processing
SO-008549,2026-04-18,CUS-0293,PRD-0021,9,2488.06,22392.54,East,Distributor,Cancelled
SO-008550,2026-01-23,CUS-0284,PRD-0327,28,4100.16,114804.48,North,Distributor,Processing
SO-008551,2026-04-28,CUS-0543,PRD-0175,13,4122.39,53591.07,Central,Distributor,Cancelled
SO-008552,2024-10-28,CUS-0558,PRD-0015,17,1110.17,18872.89,West,Online,Cancelled
SO-008553,2025-08-07,CUS-0778,PRD-0128,22,1144.09,25169.98,East,Online,Delivered
SO-008554,2024-10-05,CUS-0237,PRD-0398,30,4285.42,128562.6,Central,Distributor,Processing
SO-008555,2026-08-24,CUS-0702,PRD-0063,13,3878.37,50418.81,South,Online,Delivered
SO-008556,2024-11-05,CUS-0193,PRD-0051,17,6872.95,116840.15,Central,Online,Delivered
SO-008557,2025-11-03,CUS-0642,PRD-0366,22,3735.92,82190.24,North,Retail,Delivered
SO-008558,2024-10-22,CUS-0966,PRD-0270,22,5529.64,121652.08,North,Distributor,Shipped
SO-008559,2026-07-09,CUS-0629,PRD-0184,9,5587.39,50286.51,Central,Retail,Delivered
SO-008560,2024-12-29,CUS-0370,PRD-0449,5,5926.79,29633.95,North,Retail,Processing
SO-008561,2025-01-04,CUS-0703,PRD-0341,12,5944.72,71336.64,West,Retail,Delivered
SO-008562,2025-09-25,CUS-0906,PRD-0365,3,4885.58,14656.74,North,Distributor,Delivered
SO-008563,2026-07-30,CUS-0825,PRD-0126,15,287.88,4318.2,Central,Online,Delivered
SO-008564,2025-08-21,CUS-0751,PRD-0408,27,3047.73,82288.71,North,Distributor,Delivered
SO-008565,2026-07-14,CUS-0157,PRD-0267,9,1127.11,10143.99,West,Online,Processing
SO-008566,2025-07-27,CUS-0774,PRD-0150,17,3755.21,63838.57,West,Distributor,Processing
SO-008567,2026-09-01,CUS-0454,PRD-0267,17,1127.11,19160.87,West,Retail,Delivered
SO-008568,2025-03-03,CUS-0972,PRD-0036,29,5615.22,162841.38,East,Online,Delivered
SO-008569,2025-10-25,CUS-0255,PRD-0332,14,5864.29,82100.06,Central,Distributor,Delivered
SO-008570,2025-03-17,CUS-0349,PRD-0419,12,2288.99,27467.88,South,Distributor,Delivered
SO-008571,2025-05-27,CUS-0821,PRD-0099,12,3042.52,36510.24,East,Retail,Delivered
SO-008572,2025-11-16,CUS-0519,PRD-0457,23,3062.32,70433.36,East,Distributor,Delivered
SO-008573,2026-05-26,CUS-0219,PRD-0015,2,925.14,1850.28,Central,Distributor,Delivered
SO-008574,2026-04-04,CUS-0774,PRD-0062,28,263.99,7391.72,Central,Online,Delivered
SO-008575,2025-10-25,CUS-0945,PRD-0363,23,3991.72,91809.56,West,Retail,Delivered
SO-008576,2025-02-27,CUS-0548,PRD-0487,19,5920.64,112492.16,North,Online,Delivered
SO-008577,2026-03-09,CUS-0757,PRD-0315,13,3215.25,41798.25,Central,Distributor,Shipped
SO-008578,2026-09-26,CUS-0723,PRD-0120,17,396.45,6739.65,Central,Online,Delivered
SO-008579,2025-07-13,CUS-0701,PRD-0445,30,1132.7,33981.0,West,Retail,Processing
SO-008580,2025-05-18,CUS-0809,PRD-0499,1,2253.51,2253.51,South,Retail,Delivered
SO-008581,2025-12-23,CUS-0841,PRD-0032,14,5850.71,81909.94,West,Online,Delivered
SO-008582,2025-04-07,CUS-0305,PRD-0012,20,720.79,14415.8,West,Retail,Delivered
SO-008583,2026-02-20,CUS-0235,PRD-0186,19,4929.64,93663.16,South,Online,Delivered
SO-008584,2024-10-14,CUS-0052,PRD-0423,22,853.32,18773.04,North,Retail,Shipped
SO-008585,2024-11-25,CUS-0289,PRD-0416,10,4783.88,47838.8,West,Retail,Delivered
SO-008586,2024-11-20,CUS-0008,PRD-0486,4,4592.03,18368.12,East,Retail,Delivered
SO-008587,2026-02-23,CUS-0537,PRD-0316,9,4989.5,44905.5,South,Retail,Delivered
SO-008588,2025-05-16,CUS-0901,PRD-0178,18,643.28,11579.04,East,Retail,Delivered
SO-008589,2025-03-18,CUS-0247,PRD-0113,9,4170.39,37533.51,Central,Retail,Delivered
SO-008590,2025-04-30,CUS-0799,PRD-0390,10,6175.19,61751.9,West,Online,Delivered
SO-008591,2026-06-15,CUS-0649,PRD-0301,11,4651.32,51164.52,North,Distributor,Processing
SO-008592,2025-09-15,CUS-0882,PRD-0321,6,6275.93,37655.58,North,Online,Delivered
SO-008593,2025-09-28,CUS-0544,PRD-0375,14,5960.18,83442.52,South,Distributor,Delivered
SO-008594,2025-12-12,CUS-0623,PRD-0154,30,3535.86,106075.8,Central,Retail,Delivered
SO-008595,2025-01-31,CUS-0848,PRD-0317,28,6072.27,170023.56,North,Distributor,Delivered
SO-008596,2025-07-04,CUS-0162,PRD-0044,5,150.67,753.35,North,Online,Delivered
SO-008597,2026-01-15,CUS-0472,PRD-0149,4,4444.52,17778.08,South,Retail,Delivered
SO-008598,2026-03-27,CUS-0417,PRD-0215,4,2341.69,9366.76,West,Retail,Delivered
SO-008599,2025-07-05,CUS-0194,PRD-0332,21,4886.91,102625.11,South,Retail,Shipped
SO-008600,2025-07-08,CUS-0864,PRD-0431,11,5527.14,60798.54,East,Distributor,Processing
SO-008601,2025-03-16,CUS-0361,PRD-0013,30,5528.54,165856.2,North,Online,Processing
SO-008602,2026-05-20,CUS-0448,PRD-0175,12,4122.39,49468.68,East,Online,Delivered
SO-008603,2026-07-12,CUS-0330,PRD-0082,2,2544.06,5088.12,North,Online,Delivered
SO-008604,2026-07-06,CUS-0692,PRD-0100,29,3049.28,88429.12,North,Retail,Delivered
SO-008605,2025-08-26,CUS-0765,PRD-0317,3,6072.27,18216.81,North,Retail,Delivered
SO-008606,2026-01-16,CUS-0739,PRD-0213,21,4571.12,95993.52,West,Online,Delivered
SO-008607,2025-05-03,CUS-0132,PRD-0141,1,2583.7,2583.7,South,Distributor,Shipped
SO-008608,2025-02-10,CUS-0672,PRD-0403,24,853.94,20494.56,South,Online,Cancelled
SO-008609,2025-12-16,CUS-0727,PRD-0465,6,6516.01,39096.06,North,Distributor,Shipped
SO-008610,2024-11-07,CUS-0560,PRD-0451,25,3875.82,96895.5,East,Distributor,Delivered
SO-008611,2026-07-21,CUS-0396,PRD-0070,16,1342.91,21486.56,West,Retail,Delivered
SO-008612,2026-07-26,CUS-0581,PRD-0143,4,3441.89,13767.56,South,Retail,Delivered
SO-008613,2025-02-02,CUS-0491,PRD-0054,2,6359.76,12719.52,Central,Online,Processing
SO-008614,2025-03-25,CUS-0471,PRD-0190,18,2607.02,46926.36,West,Distributor,Delivered
SO-008615,2025-02-06,CUS-0852,PRD-0331,4,4150.5,16602.0,East,Distributor,Delivered
SO-008616,2025-10-22,CUS-0188,PRD-0297,1,4936.62,4936.62,West,Retail,Processing
SO-008617,2026-05-24,CUS-0483,PRD-0016,23,3646.5,83869.5,South,Online,Delivered
SO-008618,2025-01-04,CUS-0121,PRD-0433,16,1570.63,25130.08,North,Distributor,Delivered
SO-008619,2025-01-09,CUS-0033,PRD-0132,18,280.75,5053.5,East,Online,Shipped
SO-008620,2026-01-06,CUS-0101,PRD-0041,12,4472.49,53669.88,West,Retail,Shipped
SO-008621,2024-11-16,CUS-0215,PRD-0344,19,7044.85,133852.15,Central,Distributor,Shipped
SO-008622,2026-05-22,CUS-0846,PRD-0357,12,748.93,8987.16,East,Distributor,Delivered
SO-008623,2024-12-24,CUS-0806,PRD-0057,28,3390.47,94933.16,West,Distributor,Delivered
SO-008624,2025-04-19,CUS-0119,PRD-0171,6,5420.73,32524.38,East,Retail,Delivered
SO-008625,2025-03-13,CUS-0824,PRD-0352,14,181.58,2542.12,Central,Online,Delivered
SO-008626,2024-11-18,CUS-0473,PRD-0081,25,6765.4,169135.0,North,Online,Delivered
SO-008627,2026-07-14,CUS-0795,PRD-0084,22,2824.56,62140.32,West,Distributor,Delivered
SO-008628,2025-04-02,CUS-0288,PRD-0027,20,5364.88,107297.6,East,Retail,Shipped
SO-008629,2026-04-14,CUS-0514,PRD-0209,8,293.57,2348.56,West,Online,Processing
SO-008630,2024-11-02,CUS-0210,PRD-0432,29,2965.64,86003.56,North,Retail,Delivered
SO-008631,2025-02-10,CUS-0955,PRD-0418,27,2869.54,77477.58,North,Online,Shipped
SO-008632,2024-10-11,CUS-0118,PRD-0224,6,2288.14,13728.84,South,Distributor,Delivered
SO-008633,2024-10-24,CUS-0678,PRD-0332,18,5864.29,105557.22,South,Retail,Delivered
SO-008634,2025-10-25,CUS-0467,PRD-0343,17,2107.72,35831.24,Central,Online,Delivered
SO-008635,2025-02-08,CUS-0982,PRD-0302,23,217.1,4993.3,South,Retail,Delivered
SO-008636,2025-04-01,CUS-0259,PRD-0480,28,4151.93,116254.04,West,Retail,Delivered
SO-008637,2025-12-12,CUS-0712,PRD-0125,25,7618.12,190453.0,Central,Distributor,Delivered
SO-008638,2025-02-26,CUS-0216,PRD-0285,25,3435.8,85895.0,North,Retail,Delivered
SO-008639,2026-01-09,CUS-0495,PRD-0463,16,863.66,13818.56,South,Online,Processing
SO-008640,2026-06-30,CUS-0366,PRD-0174,20,5008.24,100164.8,South,Distributor,Processing
SO-008641,2024-11-28,CUS-0924,PRD-0109,2,1344.24,2688.48,South,Online,Shipped
SO-008642,2026-07-05,CUS-0541,PRD-0043,19,1999.6,37992.4,East,Distributor,Delivered
SO-008643,2025-05-06,CUS-0262,PRD-0437,29,1279.25,37098.25,West,Distributor,Delivered
SO-008644,2026-04-08,CUS-0243,PRD-0467,4,2905.25,11621.0,West,Online,Delivered
SO-008645,2025-06-16,CUS-0932,PRD-0097,30,4396.16,131884.8,South,Retail,Delivered
SO-008646,2026-03-20,CUS-0490,PRD-0139,25,4770.83,119270.75,North,Online,Cancelled
SO-008647,2024-12-08,CUS-0646,PRD-0065,6,671.21,4027.26,West,Distributor,Delivered
SO-008648,2026-03-10,CUS-0979,PRD-0355,12,4185.26,50223.12,Central,Online,Shipped
SO-008649,2026-04-08,CUS-0089,PRD-0383,29,4301.86,124753.94,West,Distributor,Delivered
SO-008650,2025-02-15,CUS-0286,PRD-0204,11,1649.53,18144.83,Central,Distributor,Processing
SO-008651,2025-02-27,CUS-0718,PRD-0335,16,422.97,6767.52,East,Retail,Delivered
SO-008652,2025-06-04,CUS-0808,PRD-0231,11,675.35,7428.85,East,Distributor,Delivered
SO-008653,2025-06-10,CUS-0369,PRD-0378,24,418.86,10052.64,North,Online,Delivered
SO-008654,2025-06-06,CUS-0526,PRD-0171,17,5420.73,92152.41,Central,Distributor,Shipped
SO-008655,2025-06-23,CUS-0718,PRD-0408,18,3047.73,54859.14,Central,Online,Delivered
SO-008656,2026-08-25,CUS-0232,PRD-0056,17,1181.86,20091.62,East,Online,Cancelled
SO-008657,2024-10-17,CUS-0725,PRD-0283,28,7423.81,207866.68,North,Distributor,Cancelled
SO-008658,2025-07-01,CUS-0942,PRD-0116,22,4625.1,101752.2,Central,Online,Delivered
SO-008659,2025-02-06,CUS-0368,PRD-0130,25,1401.28,35032.0,North,Distributor,Delivered
SO-008660,2026-02-23,CUS-0779,PRD-0169,2,6181.75,12363.5,Central,Distributor,Cancelled
SO-008661,2026-04-04,CUS-0340,PRD-0162,13,4705.86,61176.18,Central,Online,Cancelled
SO-008662,2026-05-09,CUS-0241,PRD-0375,6,5960.18,35761.08,North,Online,Processing
SO-008663,2025-04-20,CUS-0916,PRD-0112,17,3241.95,55113.15,West,Online,Delivered
SO-008664,2025-03-29,CUS-0718,PRD-0010,11,4577.14,50348.54,Central,Retail,Delivered
SO-008665,2025-03-29,CUS-0396,PRD-0294,7,5639.48,39476.36,South,Online,Delivered
SO-008666,2025-12-15,CUS-0062,PRD-0141,11,3100.44,34104.84,North,Retail,Delivered
SO-008667,2025-03-05,CUS-0091,PRD-0067,4,4391.39,17565.56,East,Distributor,Shipped
SO-008668,2026-07-17,CUS-0421,PRD-0476,2,4935.81,9871.62,West,Online,Delivered
SO-008669,2026-01-15,CUS-0809,PRD-0436,20,4009.3,80186.0,East,Retail,Delivered
SO-008670,2024-12-02,CUS-0112,PRD-0419,17,2746.79,46695.43,Central,Online,Delivered
SO-008671,2024-11-22,CUS-0953,PRD-0035,9,4050.82,36457.38,North,Online,Delivered
SO-008672,2025-03-18,CUS-0881,PRD-0449,4,4938.99,19755.96,North,Online,Cancelled
SO-008673,2025-06-15,CUS-0209,PRD-0472,29,4763.41,138138.89,West,Distributor,Processing
SO-008674,2025-11-03,CUS-0014,PRD-0109,1,1344.24,1344.24,Central,Online,Delivered
SO-008675,2024-11-10,CUS-0611,PRD-0321,1,7531.12,7531.12,North,Retail,Delivered
SO-008676,2025-05-26,CUS-0431,PRD-0070,14,1342.91,18800.74,East,Retail,Delivered
SO-008677,2025-06-29,CUS-0721,PRD-0212,7,3901.66,27311.62,East,Distributor,Delivered
SO-008678,2024-11-22,CUS-0224,PRD-0204,27,1979.44,53444.88,North,Retail,Delivered
SO-008679,2026-06-03,CUS-0643,PRD-0041,7,4472.49,31307.43,North,Distributor,Processing
SO-008680,2025-02-19,CUS-0521,PRD-0016,25,3646.5,91162.5,East,Distributor,Delivered
SO-008681,2025-06-21,CUS-0956,PRD-0434,30,6337.86,190135.8,North,Distributor,Delivered
SO-008682,2025-08-03,CUS-0125,PRD-0234,10,5180.98,51809.8,East,Online,Delivered
SO-008683,2024-12-18,CUS-0054,PRD-0418,12,3443.45,41321.4,Central,Online,Delivered
SO-008684,2026-07-24,CUS-0392,PRD-0341,13,5944.72,77281.36,South,Retail,Delivered
SO-008685,2025-11-12,CUS-0503,PRD-0067,28,5269.67,147550.76,East,Online,Delivered
SO-008686,2025-04-15,CUS-0057,PRD-0371,12,2477.89,29734.68,West,Online,Delivered
SO-008687,2025-08-04,CUS-0906,PRD-0146,19,3360.37,63847.03,East,Online,Shipped
SO-008688,2026-01-26,CUS-0215,PRD-0069,4,3140.92,12563.68,Central,Distributor,Delivered
SO-008689,2025-09-27,CUS-0174,PRD-0246,30,2017.09,60512.7,Central,Retail,Delivered
SO-008690,2024-12-31,CUS-0394,PRD-0440,6,1240.5,7443.0,Central,Online,Delivered
SO-008691,2025-05-19,CUS-0522,PRD-0223,27,2183.08,58943.16,East,Retail,Delivered
SO-008692,2024-10-09,CUS-0312,PRD-0095,23,782.69,18001.87,North,Retail,Cancelled
SO-008693,2026-08-19,CUS-0924,PRD-0379,21,6474.05,135955.05,East,Online,Shipped
SO-008694,2024-10-18,CUS-0515,PRD-0312,17,6428.28,109280.76,South,Retail,Delivered
SO-008695,2025-11-17,CUS-0220,PRD-0106,11,5261.15,57872.65,East,Retail,Delivered
SO-008696,2026-08-18,CUS-0715,PRD-0139,3,4770.83,14312.49,South,Online,Delivered
SO-008697,2026-06-26,CUS-0109,PRD-0163,5,2675.79,13378.95,South,Online,Delivered
SO-008698,2026-03-10,CUS-0763,PRD-0269,17,337.92,5744.64,East,Online,Delivered
SO-008699,2025-05-16,CUS-0743,PRD-0227,5,3278.73,16393.65,North,Retail,Delivered
SO-008700,2026-02-02,CUS-0178,PRD-0017,13,3807.74,49500.62,Central,Online,Delivered
SO-008701,2025-05-08,CUS-0291,PRD-0146,19,3360.37,63847.03,West,Retail,Delivered
SO-008702,2025-12-26,CUS-0854,PRD-0384,29,3275.64,94993.56,East,Distributor,Delivered
SO-008703,2026-08-18,CUS-0399,PRD-0166,14,449.89,6298.46,South,Online,Delivered
SO-008704,2025-02-23,CUS-0712,PRD-0151,8,5440.82,43526.56,North,Distributor,Delivered
SO-008705,2025-01-19,CUS-0469,PRD-0420,14,2779.86,38918.04,East,Online,Delivered
SO-008706,2025-05-04,CUS-0620,PRD-0381,14,2605.67,36479.38,West,Distributor,Delivered
SO-008707,2024-12-05,CUS-0647,PRD-0165,25,1828.82,45720.5,South,Distributor,Processing
SO-008708,2026-05-26,CUS-0934,PRD-0389,16,2666.14,42658.24,West,Retail,Delivered
SO-008709,2025-01-23,CUS-0879,PRD-0210,29,4444.7,128896.3,North,Retail,Delivered
SO-008710,2024-12-09,CUS-0319,PRD-0226,20,5263.63,105272.6,South,Distributor,Delivered
SO-008711,2025-05-29,CUS-0524,PRD-0136,12,6112.94,73355.28,West,Distributor,Delivered
SO-008712,2025-05-23,CUS-0652,PRD-0126,24,287.88,6909.12,South,Online,Shipped
SO-008713,2026-07-07,CUS-0194,PRD-0354,18,3997.01,71946.18,East,Online,Delivered
SO-008714,2025-10-10,CUS-0247,PRD-0420,27,3335.83,90067.41,West,Distributor,Delivered
SO-008715,2025-09-26,CUS-0864,PRD-0126,10,287.88,2878.8,South,Retail,Delivered
SO-008716,2025-12-21,CUS-0937,PRD-0425,28,4408.91,123449.48,Central,Online,Delivered
SO-008717,2026-08-18,CUS-0534,PRD-0385,27,4527.09,122231.43,Central,Online,Delivered
SO-008718,2025-12-26,CUS-0366,PRD-0459,19,3191.22,60633.18,Central,Online,Delivered
SO-008719,2026-03-31,CUS-0387,PRD-0350,3,3791.55,11374.65,North,Retail,Delivered
SO-008720,2025-09-16,CUS-0265,PRD-0106,13,4384.29,56995.77,East,Distributor,Delivered
SO-008721,2024-12-19,CUS-0885,PRD-0035,28,4050.82,113422.96,North,Distributor,Shipped
SO-008722,2025-09-22,CUS-0540,PRD-0353,4,4876.74,19506.96,South,Retail,Delivered
SO-008723,2025-05-06,CUS-0213,PRD-0236,23,4359.42,100266.66,North,Online,Processing
SO-008724,2024-11-08,CUS-0800,PRD-0347,26,3648.06,94849.56,South,Online,Delivered
SO-008725,2025-07-06,CUS-0556,PRD-0307,9,6374.16,57367.44,East,Online,Delivered
SO-008726,2024-12-09,CUS-0187,PRD-0075,8,3585.2,28681.6,East,Distributor,Delivered
SO-008727,2026-01-12,CUS-0928,PRD-0406,14,1541.27,21577.78,East,Online,Delivered
SO-008728,2026-02-10,CUS-0345,PRD-0147,1,2693.29,2693.29,North,Retail,Delivered
SO-008729,2025-08-21,CUS-0033,PRD-0364,20,1766.9,35338.0,South,Distributor,Delivered
SO-008730,2025-06-09,CUS-0414,PRD-0113,17,4170.39,70896.63,East,Online,Delivered
SO-008731,2026-03-24,CUS-0600,PRD-0176,23,623.57,14342.11,North,Online,Processing
SO-008732,2025-09-21,CUS-0512,PRD-0319,4,408.03,1632.12,Central,Online,Delivered
SO-008733,2024-11-16,CUS-0167,PRD-0453,21,214.76,4509.96,West,Retail,Delivered
SO-008734,2025-10-15,CUS-0801,PRD-0272,9,4664.35,41979.15,North,Retail,Delivered
SO-008735,2024-10-03,CUS-0910,PRD-0444,9,4713.54,42421.86,Central,Online,Delivered
SO-008736,2026-09-09,CUS-0733,PRD-0441,23,4882.73,112302.79,East,Online,Delivered
SO-008737,2026-05-29,CUS-0051,PRD-0080,7,2718.86,19032.02,West,Distributor,Delivered
SO-008738,2025-05-07,CUS-0726,PRD-0254,15,5366.88,80503.2,Central,Online,Processing
SO-008739,2025-06-12,CUS-0328,PRD-0365,16,4885.58,78169.28,West,Online,Delivered
SO-008740,2025-04-15,CUS-0004,PRD-0308,13,3641.56,47340.28,East,Online,Cancelled
SO-008741,2025-11-06,CUS-0385,PRD-0499,9,2704.21,24337.89,North,Retail,Delivered
SO-008742,2025-09-12,CUS-0116,PRD-0346,26,2035.62,52926.12,East,Online,Delivered
SO-008743,2026-05-08,CUS-0675,PRD-0319,30,408.03,12240.9,Central,Retail,Processing
SO-008744,2026-02-18,CUS-0144,PRD-0004,19,3891.43,73937.17,South,Online,Delivered
SO-008745,2026-01-20,CUS-0292,PRD-0196,18,2215.24,39874.32,West,Retail,Delivered
SO-008746,2024-10-27,CUS-0655,PRD-0163,1,3210.95,3210.95,North,Online,Delivered
SO-008747,2026-05-01,CUS-0034,PRD-0055,27,947.86,25592.22,East,Retail,Delivered
SO-008748,2025-01-16,CUS-0201,PRD-0343,16,1756.43,28102.88,South,Retail,Delivered
SO-008749,2026-03-03,CUS-0843,PRD-0460,22,249.38,5486.36,South,Retail,Delivered
SO-008750,2025-01-16,CUS-0489,PRD-0480,6,4151.93,24911.58,West,Retail,Delivered
SO-008751,2026-08-25,CUS-0825,PRD-0001,14,4203.15,58844.1,East,Distributor,Delivered
SO-008752,2025-12-05,CUS-0638,PRD-0067,8,5269.67,42157.36,Central,Online,Delivered
SO-008753,2026-06-09,CUS-0967,PRD-0358,22,5153.45,113375.9,West,Retail,Shipped
SO-008754,2025-11-01,CUS-0503,PRD-0331,2,4980.6,9961.2,South,Distributor,Processing
SO-008755,2025-02-13,CUS-0869,PRD-0068,15,972.83,14592.45,East,Distributor,Delivered
SO-008756,2026-06-01,CUS-0105,PRD-0124,18,4904.17,88275.06,West,Online,Delivered
SO-008757,2026-02-18,CUS-0498,PRD-0199,7,5448.38,38138.66,Central,Retail,Delivered
SO-008758,2025-11-27,CUS-0276,PRD-0067,29,5269.67,152820.43,North,Distributor,Delivered
SO-008759,2026-06-13,CUS-0810,PRD-0061,8,1709.16,13673.28,West,Online,Delivered
SO-008760,2026-08-07,CUS-0487,PRD-0253,22,6124.57,134740.54,South,Distributor,Delivered
SO-008761,2024-12-05,CUS-0786,PRD-0016,13,4375.8,56885.4,West,Distributor,Cancelled
SO-008762,2026-03-27,CUS-0585,PRD-0460,15,249.38,3740.7,Central,Retail,Delivered
SO-008763,2025-06-04,CUS-0954,PRD-0104,10,1134.85,11348.5,West,Online,Processing
SO-008764,2026-07-08,CUS-0752,PRD-0380,13,1625.68,21133.84,West,Distributor,Delivered
SO-008765,2025-09-24,CUS-0964,PRD-0448,3,2945.83,8837.49,West,Distributor,Delivered
SO-008766,2025-11-22,CUS-0765,PRD-0237,5,4386.76,21933.8,North,Retail,Delivered
SO-008767,2025-04-13,CUS-0475,PRD-0432,27,2471.37,66726.99,North,Online,Delivered
SO-008768,2025-09-09,CUS-0471,PRD-0066,14,581.36,8139.04,Central,Online,Processing
SO-008769,2025-02-07,CUS-0583,PRD-0076,24,1904.33,45703.92,South,Retail,Delivered
SO-008770,2025-06-07,CUS-0196,PRD-0408,25,3047.73,76193.25,West,Online,Delivered
SO-008771,2025-05-10,CUS-0617,PRD-0159,9,285.58,2570.22,West,Distributor,Processing
SO-008772,2025-02-15,CUS-0961,PRD-0458,17,3689.08,62714.36,West,Retail,Delivered
SO-008773,2025-09-04,CUS-0680,PRD-0447,28,4346.55,121703.4,North,Distributor,Delivered
SO-008774,2025-10-20,CUS-0515,PRD-0102,3,2183.18,6549.54,Central,Retail,Delivered
SO-008775,2025-12-06,CUS-0776,PRD-0020,9,2280.83,20527.47,Central,Retail,Shipped
SO-008776,2026-09-17,CUS-0223,PRD-0251,9,1941.24,17471.16,East,Online,Delivered
SO-008777,2025-06-01,CUS-0269,PRD-0415,25,3509.65,87741.25,South,Distributor,Processing
SO-008778,2025-01-03,CUS-0856,PRD-0120,25,396.45,9911.25,Central,Online,Delivered
SO-008779,2024-11-04,CUS-0515,PRD-0209,22,352.28,7750.16,East,Distributor,Delivered
SO-008780,2026-01-08,CUS-0618,PRD-0296,13,3432.45,44621.85,Central,Online,Delivered
SO-008781,2025-02-19,CUS-0758,PRD-0004,8,3891.43,31131.44,West,Retail,Delivered
SO-008782,2026-06-24,CUS-0234,PRD-0406,1,1541.27,1541.27,North,Retail,Delivered
SO-008783,2024-11-12,CUS-0652,PRD-0045,14,5980.43,83726.02,East,Retail,Delivered
SO-008784,2026-05-20,CUS-0690,PRD-0391,29,4351.84,126203.36,Central,Retail,Delivered
SO-008785,2026-05-22,CUS-0458,PRD-0305,24,6071.0,145704.0,West,Retail,Delivered
SO-008786,2026-05-18,CUS-0590,PRD-0217,29,5541.8,160712.2,Central,Distributor,Delivered
SO-008787,2025-07-05,CUS-0386,PRD-0143,17,3441.89,58512.13,North,Online,Delivered
SO-008788,2026-05-15,CUS-0831,PRD-0073,24,516.1,12386.4,South,Distributor,Delivered
SO-008789,2025-09-15,CUS-0270,PRD-0052,26,498.98,12973.48,West,Online,Delivered
SO-008790,2026-01-31,CUS-0199,PRD-0287,8,4173.59,33388.72,East,Online,Delivered
SO-008791,2025-06-26,CUS-0405,PRD-0312,26,5356.9,139279.4,West,Online,Delivered
SO-008792,2024-12-17,CUS-0048,PRD-0399,10,5209.12,52091.2,North,Retail,Delivered
SO-008793,2025-02-07,CUS-0030,PRD-0431,29,5527.14,160287.06,North,Distributor,Processing
SO-008794,2024-12-13,CUS-0852,PRD-0058,2,5929.25,11858.5,East,Distributor,Shipped
SO-008795,2025-10-12,CUS-0877,PRD-0363,25,3991.72,99793.0,East,Online,Delivered
SO-008796,2026-07-23,CUS-0073,PRD-0192,7,3532.37,24726.59,West,Online,Delivered
SO-008797,2025-12-06,CUS-0643,PRD-0045,20,5980.43,119608.6,Central,Retail,Delivered
SO-008798,2025-09-13,CUS-0046,PRD-0047,2,4009.13,8018.26,East,Distributor,Delivered
SO-008799,2025-03-18,CUS-0635,PRD-0335,9,422.97,3806.73,West,Distributor,Delivered
SO-008800,2026-05-19,CUS-0436,PRD-0029,1,5712.46,5712.46,North,Online,Delivered
SO-008801,2025-02-19,CUS-0093,PRD-0212,6,3901.66,23409.96,West,Distributor,Delivered
SO-008802,2026-04-20,CUS-0898,PRD-0439,7,3737.46,26162.22,South,Online,Delivered
SO-008803,2026-04-20,CUS-0789,PRD-0267,16,1127.11,18033.76,East,Online,Delivered
SO-008804,2025-03-20,CUS-0936,PRD-0237,4,3655.63,14622.52,Central,Distributor,Delivered
SO-008805,2025-01-06,CUS-0943,PRD-0058,5,4941.04,24705.2,East,Retail,Shipped
SO-008806,2026-06-03,CUS-0697,PRD-0073,9,516.1,4644.9,Central,Online,Delivered
SO-008807,2025-12-26,CUS-0488,PRD-0248,11,2252.84,24781.24,West,Online,Delivered
SO-008808,2025-07-04,CUS-0567,PRD-0250,22,783.48,17236.56,North,Distributor,Delivered
SO-008809,2025-05-23,CUS-0556,PRD-0044,28,150.67,4218.76,East,Online,Delivered
SO-008810,2025-06-30,CUS-0962,PRD-0441,14,4882.73,68358.22,Central,Online,Delivered
SO-008811,2024-10-05,CUS-0566,PRD-0197,5,2735.86,13679.3,East,Online,Delivered
SO-008812,2026-03-03,CUS-0643,PRD-0172,1,5845.22,5845.22,East,Online,Delivered
SO-008813,2025-03-16,CUS-0532,PRD-0075,9,2987.67,26889.03,Central,Distributor,Delivered
SO-008814,2025-06-07,CUS-0358,PRD-0194,4,4224.31,16897.24,West,Online,Delivered
SO-008815,2026-05-17,CUS-0578,PRD-0240,30,2083.18,62495.4,North,Distributor,Delivered
SO-008816,2024-12-08,CUS-0140,PRD-0152,23,1762.64,40540.72,South,Online,Delivered
SO-008817,2025-04-12,CUS-0695,PRD-0275,24,509.9,12237.6,South,Online,Delivered
SO-008818,2025-10-13,CUS-0897,PRD-0183,14,7072.58,99016.12,Central,Retail,Delivered
SO-008819,2025-05-25,CUS-0265,PRD-0372,1,2557.13,2557.13,South,Online,Processing
SO-008820,2024-12-06,CUS-0334,PRD-0383,1,5162.23,5162.23,Central,Distributor,Delivered
SO-008821,2025-05-09,CUS-0799,PRD-0407,2,4762.54,9525.08,East,Distributor,Delivered
SO-008822,2025-05-02,CUS-0146,PRD-0250,2,783.48,1566.96,North,Retail,Delivered
SO-008823,2024-11-22,CUS-0967,PRD-0312,23,6428.28,147850.44,South,Online,Delivered
SO-008824,2026-04-10,CUS-0829,PRD-0401,29,2192.42,63580.18,East,Distributor,Shipped
SO-008825,2026-05-08,CUS-0926,PRD-0306,13,4623.48,60105.24,West,Distributor,Delivered
SO-008826,2025-10-17,CUS-0481,PRD-0418,14,3443.45,48208.3,South,Distributor,Delivered
SO-008827,2025-01-28,CUS-0149,PRD-0391,25,4351.84,108796.0,Central,Retail,Delivered
SO-008828,2025-02-26,CUS-0195,PRD-0410,3,4500.44,13501.32,East,Retail,Delivered
SO-008829,2025-11-13,CUS-0330,PRD-0480,6,4982.32,29893.92,South,Distributor,Delivered
SO-008830,2025-12-15,CUS-0617,PRD-0064,14,5566.74,77934.36,West,Online,Delivered
SO-008831,2025-03-09,CUS-0431,PRD-0307,13,6374.16,82864.08,South,Distributor,Delivered
SO-008832,2024-10-31,CUS-0295,PRD-0275,13,611.88,7954.44,South,Online,Processing
SO-008833,2026-03-07,CUS-0283,PRD-0476,22,4935.81,108587.82,East,Online,Delivered
SO-008834,2025-08-29,CUS-0509,PRD-0130,15,1401.28,21019.2,East,Distributor,Delivered
SO-008835,2025-03-07,CUS-0234,PRD-0021,4,2488.06,9952.24,North,Retail,Delivered
SO-008836,2025-08-04,CUS-0189,PRD-0338,25,4473.07,111826.75,West,Retail,Cancelled
SO-008837,2026-03-31,CUS-0047,PRD-0300,4,313.9,1255.6,West,Distributor,Processing
SO-008838,2025-02-15,CUS-0447,PRD-0017,24,3807.74,91385.76,North,Retail,Processing
SO-008839,2024-10-17,CUS-0024,PRD-0286,6,1543.31,9259.86,North,Online,Delivered
SO-008840,2026-05-02,CUS-0577,PRD-0313,14,5464.72,76506.08,West,Online,Delivered
SO-008841,2025-11-13,CUS-0928,PRD-0459,18,3191.22,57441.96,South,Online,Delivered
SO-008842,2026-01-13,CUS-0800,PRD-0271,13,4508.65,58612.45,Central,Distributor,Delivered
SO-008843,2025-10-21,CUS-0354,PRD-0332,18,5864.29,105557.22,South,Distributor,Delivered
SO-008844,2025-05-29,CUS-0896,PRD-0083,6,6031.92,36191.52,North,Online,Delivered
SO-008845,2025-02-25,CUS-0945,PRD-0111,21,4509.36,94696.56,South,Online,Processing
SO-008846,2025-12-28,CUS-0682,PRD-0315,12,3858.3,46299.6,North,Online,Delivered
SO-008847,2025-09-27,CUS-0469,PRD-0313,24,5464.72,131153.28,West,Distributor,Delivered
SO-008848,2026-09-18,CUS-0203,PRD-0053,13,675.61,8782.93,East,Distributor,Delivered
SO-008849,2025-10-26,CUS-0684,PRD-0460,5,299.26,1496.3,Central,Distributor,Delivered
SO-008850,2025-06-08,CUS-0511,PRD-0040,1,6315.76,6315.76,South,Retail,Shipped
SO-008851,2024-11-13,CUS-0276,PRD-0004,3,4669.72,14009.16,Central,Distributor,Delivered
SO-008852,2025-11-08,CUS-0592,PRD-0151,17,6528.98,110992.66,North,Distributor,Delivered
SO-008853,2026-03-24,CUS-0565,PRD-0213,23,4571.12,105135.76,West,Online,Delivered
SO-008854,2024-10-11,CUS-0798,PRD-0357,28,898.72,25164.16,South,Retail,Delivered
SO-008855,2024-12-23,CUS-0003,PRD-0204,30,1979.44,59383.2,Central,Online,Delivered
SO-008856,2025-10-10,CUS-0936,PRD-0253,16,7349.48,117591.68,West,Distributor,Delivered
SO-008857,2026-03-11,CUS-0822,PRD-0271,15,4508.65,67629.75,South,Online,Delivered
SO-008858,2025-01-25,CUS-0835,PRD-0331,3,4150.5,12451.5,West,Retail,Delivered
SO-008859,2026-07-28,CUS-0753,PRD-0208,22,6275.27,138055.94,East,Retail,Processing
SO-008860,2025-03-17,CUS-0326,PRD-0234,25,5180.98,129524.5,North,Online,Delivered
SO-008861,2025-07-03,CUS-0599,PRD-0497,10,2230.12,22301.2,North,Distributor,Delivered
SO-008862,2025-12-08,CUS-0200,PRD-0471,7,4054.08,28378.56,East,Online,Cancelled
SO-008863,2024-10-28,CUS-0579,PRD-0110,2,1766.06,3532.12,South,Retail,Delivered
SO-008864,2026-03-12,CUS-0470,PRD-0361,14,1248.83,17483.62,North,Retail,Delivered
SO-008865,2025-01-10,CUS-0340,PRD-0350,25,3791.55,94788.75,West,Retail,Delivered
SO-008866,2025-07-07,CUS-0095,PRD-0051,12,5727.46,68729.52,South,Online,Delivered
SO-008867,2026-08-25,CUS-0126,PRD-0332,6,4886.91,29321.46,South,Retail,Delivered
SO-008868,2025-04-19,CUS-0566,PRD-0012,7,720.79,5045.53,South,Online,Processing
SO-008869,2025-09-15,CUS-0132,PRD-0345,10,600.5,6005.0,East,Distributor,Delivered
SO-008870,2025-02-03,CUS-0361,PRD-0327,16,4100.16,65602.56,South,Retail,Shipped
SO-008871,2025-01-14,CUS-0213,PRD-0292,30,363.77,10913.1,Central,Retail,Delivered
SO-008872,2024-11-01,CUS-0819,PRD-0252,20,2760.36,55207.2,East,Distributor,Delivered
SO-008873,2025-12-22,CUS-0659,PRD-0009,15,6343.28,95149.2,West,Retail,Delivered
SO-008874,2025-04-01,CUS-0702,PRD-0253,15,6124.57,91868.55,North,Retail,Delivered
SO-008875,2026-02-14,CUS-0464,PRD-0053,25,675.61,16890.25,South,Retail,Delivered
SO-008876,2026-03-16,CUS-0257,PRD-0320,26,2589.33,67322.58,East,Distributor,Shipped
SO-008877,2025-07-27,CUS-0998,PRD-0359,14,2454.17,34358.38,Central,Distributor,Delivered
SO-008878,2026-09-21,CUS-0994,PRD-0355,28,4185.26,117187.28,Central,Retail,Delivered
SO-008879,2025-03-23,CUS-0043,PRD-0265,28,1474.23,41278.44,West,Retail,Delivered
SO-008880,2026-04-14,CUS-0668,PRD-0154,12,2946.55,35358.6,South,Retail,Delivered
SO-008881,2026-08-16,CUS-0796,PRD-0031,28,1040.09,29122.52,West,Distributor,Delivered
SO-008882,2026-02-26,CUS-0964,PRD-0484,9,4236.53,38128.77,West,Distributor,Delivered
SO-008883,2026-05-27,CUS-0954,PRD-0270,2,4608.03,9216.06,West,Distributor,Delivered
SO-008884,2026-01-24,CUS-0984,PRD-0497,23,2230.12,51292.76,North,Retail,Delivered
SO-008885,2025-03-22,CUS-0413,PRD-0087,9,518.3,4664.7,West,Distributor,Processing
SO-008886,2025-04-15,CUS-0247,PRD-0207,23,3989.53,91759.19,South,Retail,Cancelled
SO-008887,2026-09-18,CUS-0978,PRD-0418,9,2869.54,25825.86,West,Online,Delivered
SO-008888,2026-04-21,CUS-0885,PRD-0110,23,1471.72,33849.56,Central,Retail,Shipped
SO-008889,2026-02-26,CUS-0120,PRD-0441,7,4882.73,34179.11,North,Online,Delivered
SO-008890,2025-07-22,CUS-0440,PRD-0177,20,1860.82,37216.4,West,Distributor,Delivered
SO-008891,2025-12-17,CUS-0863,PRD-0380,4,1950.82,7803.28,West,Retail,Cancelled
SO-008892,2026-09-07,CUS-0003,PRD-0464,7,1224.83,8573.81,North,Retail,Delivered
SO-008893,2025-12-14,CUS-0573,PRD-0078,7,542.69,3798.83,Central,Online,Delivered
SO-008894,2025-03-11,CUS-0153,PRD-0109,27,1120.2,30245.4,North,Retail,Delivered
SO-008895,2025-05-30,CUS-0776,PRD-0217,29,5541.8,160712.2,Central,Retail,Delivered
SO-008896,2025-11-03,CUS-0607,PRD-0146,27,4032.44,108875.88,East,Online,Shipped
SO-008897,2026-04-14,CUS-0452,PRD-0038,22,534.68,11762.96,South,Retail,Processing
SO-008898,2025-03-08,CUS-0278,PRD-0039,8,6475.29,51802.32,East,Distributor,Processing
SO-008899,2025-01-11,CUS-0341,PRD-0399,29,4340.93,125886.97,North,Distributor,Processing
SO-008900,2025-10-05,CUS-0998,PRD-0426,14,4449.52,62293.28,West,Distributor,Shipped
SO-008901,2026-07-16,CUS-0398,PRD-0287,14,4173.59,58430.26,East,Retail,Delivered
SO-008902,2026-02-02,CUS-0949,PRD-0071,2,2386.88,4773.76,South,Online,Delivered
SO-008903,2025-12-22,CUS-0630,PRD-0068,15,1167.4,17511.0,Central,Online,Delivered
SO-008904,2024-11-20,CUS-0492,PRD-0016,11,4375.8,48133.8,East,Retail,Delivered
SO-008905,2025-09-08,CUS-0193,PRD-0430,29,1485.15,43069.35,East,Online,Processing
SO-008906,2025-12-17,CUS-0502,PRD-0378,3,502.63,1507.89,East,Retail,Delivered
SO-008907,2026-03-17,CUS-0842,PRD-0361,3,1248.83,3746.49,East,Online,Delivered
SO-008908,2026-09-11,CUS-0277,PRD-0078,29,452.24,13114.96,West,Online,Delivered
SO-008909,2025-01-14,CUS-0652,PRD-0370,29,1814.61,52623.69,West,Online,Delivered
SO-008910,2025-07-05,CUS-0239,PRD-0111,16,4509.36,72149.76,East,Online,Delivered
SO-008911,2025-09-03,CUS-0176,PRD-0297,5,4113.85,20569.25,North,Online,Cancelled
SO-008912,2025-12-23,CUS-0800,PRD-0130,2,1681.54,3363.08,Central,Online,Processing
SO-008913,2025-06-11,CUS-0910,PRD-0070,10,1342.91,13429.1,Central,Retail,Delivered
SO-008914,2026-09-19,CUS-0029,PRD-0441,20,4882.73,97654.6,East,Distributor,Delivered
SO-008915,2025-10-24,CUS-0240,PRD-0079,30,7563.0,226890.0,West,Distributor,Shipped
SO-008916,2025-11-07,CUS-0730,PRD-0456,10,5866.18,58661.8,Central,Distributor,Processing
SO-008917,2026-04-13,CUS-0509,PRD-0299,18,2920.8,52574.4,East,Retail,Delivered
SO-008918,2026-04-29,CUS-0111,PRD-0016,10,3646.5,36465.0,Central,Retail,Delivered
SO-008919,2026-07-28,CUS-0069,PRD-0098,15,1821.96,27329.4,East,Retail,Processing
SO-008920,2025-05-08,CUS-0289,PRD-0327,30,4100.16,123004.8,Central,Retail,Shipped
SO-008921,2026-05-30,CUS-0285,PRD-0079,9,6302.5,56722.5,North,Distributor,Delivered
SO-008922,2026-08-25,CUS-0258,PRD-0243,24,1508.36,36200.64,North,Distributor,Shipped
SO-008923,2026-01-05,CUS-0275,PRD-0183,20,5893.82,117876.4,Central,Retail,Delivered
SO-008924,2025-03-24,CUS-0944,PRD-0493,20,3468.32,69366.4,Central,Retail,Delivered
SO-008925,2025-01-27,CUS-0842,PRD-0436,13,4009.3,52120.9,North,Distributor,Delivered
SO-008926,2025-06-23,CUS-0596,PRD-0225,10,4910.53,49105.3,North,Distributor,Shipped
SO-008927,2025-05-22,CUS-0049,PRD-0166,24,449.89,10797.36,West,Distributor,Delivered
SO-008928,2026-07-10,CUS-0081,PRD-0358,11,5153.45,56687.95,West,Distributor,Shipped
SO-008929,2025-12-06,CUS-0009,PRD-0344,25,7044.85,176121.25,South,Retail,Shipped
SO-008930,2024-12-15,CUS-0206,PRD-0090,27,590.78,15951.06,East,Retail,Delivered
SO-008931,2026-01-20,CUS-0661,PRD-0303,14,1561.34,21858.76,West,Online,Delivered
SO-008932,2025-01-02,CUS-0612,PRD-0410,5,4500.44,22502.2,East,Online,Delivered
SO-008933,2025-09-23,CUS-0207,PRD-0108,18,1814.64,32663.52,South,Online,Delivered
SO-008934,2026-01-08,CUS-0497,PRD-0485,30,3914.29,117428.7,South,Retail,Delivered
SO-008935,2025-08-31,CUS-0376,PRD-0240,2,2083.18,4166.36,North,Distributor,Delivered
SO-008936,2025-03-28,CUS-0219,PRD-0404,20,2985.52,59710.4,West,Distributor,Delivered
SO-008937,2024-10-14,CUS-0135,PRD-0479,8,3517.55,28140.4,North,Online,Delivered
SO-008938,2025-08-17,CUS-0350,PRD-0147,4,2693.29,10773.16,Central,Online,Processing
SO-008939,2025-06-12,CUS-0181,PRD-0005,14,726.84,10175.76,East,Distributor,Shipped
SO-008940,2026-04-29,CUS-0076,PRD-0285,26,3435.8,89330.8,East,Retail,Delivered
SO-008941,2025-05-16,CUS-0880,PRD-0208,10,6275.27,62752.7,West,Online,Delivered
SO-008942,2025-10-29,CUS-0052,PRD-0112,23,3890.34,89477.82,South,Retail,Delivered
SO-008943,2025-02-16,CUS-0782,PRD-0231,29,675.35,19585.15,East,Distributor,Delivered
SO-008944,2025-03-29,CUS-0568,PRD-0455,5,2220.14,11100.7,East,Distributor,Delivered
SO-008945,2024-10-13,CUS-0946,PRD-0342,16,3681.02,58896.32,South,Distributor,Delivered
SO-008946,2025-09-05,CUS-0997,PRD-0114,8,152.58,1220.64,South,Online,Delivered
SO-008947,2026-08-24,CUS-0283,PRD-0018,28,4342.25,121583.0,South,Online,Delivered
SO-008948,2025-07-20,CUS-0080,PRD-0177,3,1860.82,5582.46,West,Distributor,Delivered
SO-008949,2025-09-05,CUS-0929,PRD-0448,9,2945.83,26512.47,South,Distributor,Delivered
SO-008950,2025-04-05,CUS-0513,PRD-0498,8,1940.02,15520.16,West,Retail,Delivered
SO-008951,2026-08-20,CUS-0874,PRD-0413,17,1881.85,31991.45,South,Retail,Processing
SO-008952,2025-05-02,CUS-0116,PRD-0029,8,5712.46,45699.68,East,Online,Processing
SO-008953,2026-09-05,CUS-0107,PRD-0194,24,4224.31,101383.44,South,Retail,Delivered
SO-008954,2025-02-16,CUS-0655,PRD-0280,11,3939.49,43334.39,West,Retail,Shipped
SO-008955,2025-01-19,CUS-0370,PRD-0326,27,606.66,16379.82,North,Online,Cancelled
SO-008956,2025-11-20,CUS-0758,PRD-0283,21,7423.81,155900.01,East,Online,Processing
SO-008957,2025-11-30,CUS-0418,PRD-0013,14,6634.25,92879.5,East,Distributor,Delivered
SO-008958,2024-10-11,CUS-0434,PRD-0163,10,3210.95,32109.5,South,Retail,Cancelled
SO-008959,2025-04-01,CUS-0421,PRD-0106,23,4384.29,100838.67,North,Online,Delivered
SO-008960,2025-03-20,CUS-0960,PRD-0312,21,5356.9,112494.9,West,Online,Processing
SO-008961,2025-12-12,CUS-0167,PRD-0448,29,3535.0,102515.0,Central,Distributor,Delivered
SO-008962,2025-07-06,CUS-0018,PRD-0114,16,152.58,2441.28,North,Online,Delivered
SO-008963,2025-11-18,CUS-0571,PRD-0402,27,556.55,15026.85,West,Distributor,Shipped
SO-008964,2026-06-29,CUS-0388,PRD-0158,19,1560.96,29658.24,East,Distributor,Delivered
SO-008965,2025-11-12,CUS-0783,PRD-0377,8,5118.78,40950.24,West,Online,Cancelled
SO-008966,2026-08-28,CUS-0859,PRD-0261,29,5917.17,171597.93,South,Online,Delivered
SO-008967,2026-05-26,CUS-0755,PRD-0269,17,337.92,5744.64,East,Retail,Delivered
SO-008968,2025-12-23,CUS-0123,PRD-0081,22,6765.4,148838.8,Central,Retail,Delivered
SO-008969,2025-12-08,CUS-0262,PRD-0145,27,4919.4,132823.8,North,Distributor,Delivered
SO-008970,2026-09-14,CUS-0584,PRD-0136,22,6112.94,134484.68,East,Retail,Shipped
SO-008971,2025-11-26,CUS-0298,PRD-0199,6,6538.06,39228.36,Central,Distributor,Processing
SO-008972,2024-12-24,CUS-0720,PRD-0134,1,2840.17,2840.17,South,Online,Delivered
SO-008973,2025-05-14,CUS-0385,PRD-0191,14,5484.02,76776.28,East,Online,Delivered
SO-008974,2026-05-03,CUS-0682,PRD-0376,17,4177.52,71017.84,South,Online,Delivered
SO-008975,2025-10-10,CUS-0349,PRD-0143,9,4130.27,37172.43,South,Retail,Processing
SO-008976,2025-03-11,CUS-0470,PRD-0333,22,4973.55,109418.1,West,Retail,Delivered
SO-008977,2025-10-08,CUS-0324,PRD-0111,17,5411.23,91990.91,North,Distributor,Delivered
SO-008978,2025-07-05,CUS-0425,PRD-0472,1,4763.41,4763.41,North,Online,Shipped
SO-008979,2026-04-01,CUS-0532,PRD-0465,30,5430.01,162900.3,Central,Distributor,Delivered
SO-008980,2026-06-19,CUS-0093,PRD-0403,9,853.94,7685.46,West,Distributor,Delivered
SO-008981,2024-10-09,CUS-0379,PRD-0102,22,2183.18,48029.96,West,Distributor,Delivered
SO-008982,2026-01-16,CUS-0800,PRD-0318,23,3772.35,86764.05,East,Online,Delivered
SO-008983,2025-03-05,CUS-0007,PRD-0022,25,4600.6,115015.0,West,Online,Delivered
SO-008984,2025-04-08,CUS-0701,PRD-0050,12,3242.42,38909.04,West,Retail,Delivered
SO-008985,2026-07-15,CUS-0793,PRD-0248,25,1877.37,46934.25,West,Online,Processing
SO-008986,2025-02-22,CUS-0786,PRD-0112,16,3241.95,51871.2,Central,Online,Delivered
SO-008987,2026-06-02,CUS-0089,PRD-0329,4,6207.86,24831.44,North,Distributor,Delivered
SO-008988,2025-12-04,CUS-0364,PRD-0010,23,5492.57,126329.11,West,Distributor,Delivered
SO-008989,2026-09-22,CUS-0229,PRD-0125,11,6348.43,69832.73,South,Online,Delivered
SO-008990,2024-12-19,CUS-0589,PRD-0467,22,3486.3,76698.6,North,Distributor,Delivered
SO-008991,2026-01-02,CUS-0836,PRD-0107,18,6065.28,109175.04,South,Online,Processing
SO-008992,2025-05-21,CUS-0411,PRD-0128,12,1144.09,13729.08,North,Distributor,Delivered
SO-008993,2025-11-02,CUS-0274,PRD-0202,20,5921.35,118427.0,North,Online,Shipped
SO-008994,2026-09-28,CUS-0493,PRD-0456,8,4888.48,39107.84,North,Online,Delivered
SO-008995,2026-06-08,CUS-0691,PRD-0259,15,3927.33,58909.95,East,Online,Processing
SO-008996,2025-01-06,CUS-0168,PRD-0055,27,947.86,25592.22,South,Retail,Delivered
SO-008997,2024-11-24,CUS-0583,PRD-0107,7,7278.34,50948.38,Central,Distributor,Processing
SO-008998,2025-05-04,CUS-0151,PRD-0417,10,5562.28,55622.8,Central,Online,Delivered
SO-008999,2026-03-21,CUS-0935,PRD-0426,7,3707.93,25955.51,West,Online,Delivered
SO-009000,2025-04-11,CUS-0728,PRD-0249,24,1990.91,47781.84,South,Retail,Delivered
SO-009001,2024-10-24,CUS-0744,PRD-0054,17,7631.71,129739.07,South,Online,Processing
SO-009002,2026-06-01,CUS-0379,PRD-0337,15,1685.54,25283.1,West,Online,Delivered
SO-009003,2025-05-18,CUS-0414,PRD-0138,26,820.52,21333.52,East,Distributor,Delivered
SO-009004,2024-12-03,CUS-0258,PRD-0366,24,3735.92,89662.08,East,Distributor,Shipped
SO-009005,2025-10-14,CUS-0186,PRD-0036,20,6738.26,134765.2,North,Online,Delivered
SO-009006,2026-04-06,CUS-0315,PRD-0259,30,3927.33,117819.9,West,Distributor,Delivered
SO-009007,2025-12-13,CUS-0594,PRD-0385,2,5432.51,10865.02,West,Retail,Processing
SO-009008,2025-06-15,CUS-0579,PRD-0120,21,396.45,8325.45,South,Retail,Delivered
SO-009009,2024-12-22,CUS-0044,PRD-0037,22,1378.9,30335.8,West,Online,Delivered
SO-009010,2025-08-25,CUS-0689,PRD-0426,3,3707.93,11123.79,South,Distributor,Delivered
SO-009011,2025-10-10,CUS-0772,PRD-0164,19,6979.49,132610.31,Central,Online,Shipped
SO-009012,2026-04-03,CUS-0521,PRD-0410,13,4500.44,58505.72,South,Online,Delivered
SO-009013,2026-08-17,CUS-0215,PRD-0301,21,4651.32,97677.72,Central,Distributor,Delivered
SO-009014,2025-02-20,CUS-0216,PRD-0162,16,4705.86,75293.76,South,Retail,Processing
SO-009015,2025-07-31,CUS-0267,PRD-0230,16,3670.39,58726.24,West,Online,Shipped
SO-009016,2025-05-12,CUS-0027,PRD-0325,12,4731.96,56783.52,South,Online,Delivered
SO-009017,2026-07-09,CUS-0913,PRD-0080,30,2718.86,81565.8,North,Distributor,Delivered
SO-009018,2026-02-28,CUS-0348,PRD-0481,29,487.81,14146.49,East,Online,Shipped
SO-009019,2025-04-22,CUS-0769,PRD-0228,5,3235.69,16178.45,Central,Online,Delivered
SO-009020,2025-09-23,CUS-0257,PRD-0139,14,4770.83,66791.62,Central,Online,Shipped
SO-009021,2024-12-01,CUS-0759,PRD-0347,6,3648.06,21888.36,South,Distributor,Shipped
SO-009022,2025-12-22,CUS-0349,PRD-0360,14,7109.2,99528.8,Central,Retail,Delivered
SO-009023,2025-12-12,CUS-0527,PRD-0278,10,5504.77,55047.7,North,Retail,Delivered
SO-009024,2024-11-06,CUS-0369,PRD-0407,7,5715.05,40005.35,East,Distributor,Delivered
SO-009025,2025-01-04,CUS-0563,PRD-0481,24,487.81,11707.44,West,Online,Delivered
SO-009026,2025-10-11,CUS-0241,PRD-0324,10,4176.37,41763.7,Central,Distributor,Shipped
SO-009027,2024-11-10,CUS-0223,PRD-0246,23,2420.51,55671.73,West,Retail,Delivered
SO-009028,2026-07-27,CUS-0393,PRD-0181,2,3586.43,7172.86,South,Online,Delivered
SO-009029,2024-12-03,CUS-0620,PRD-0075,30,3585.2,107556.0,South,Retail,Shipped
SO-009030,2025-09-19,CUS-0700,PRD-0172,25,5845.22,146130.5,East,Online,Delivered
SO-009031,2024-10-05,CUS-0224,PRD-0066,13,697.63,9069.19,North,Online,Delivered
SO-009032,2025-02-26,CUS-0168,PRD-0375,20,5960.18,119203.6,Central,Online,Delivered
SO-009033,2024-11-11,CUS-0090,PRD-0099,23,3651.02,83973.46,East,Retail,Delivered
SO-009034,2025-09-28,CUS-0658,PRD-0003,12,4440.58,53286.96,West,Retail,Delivered
SO-009035,2025-01-23,CUS-0117,PRD-0133,27,2221.02,59967.54,North,Retail,Processing
SO-009036,2026-04-11,CUS-0663,PRD-0121,17,5856.15,99554.55,East,Online,Shipped
SO-009037,2026-01-19,CUS-0018,PRD-0160,13,4023.81,52309.53,South,Distributor,Delivered
SO-009038,2025-03-22,CUS-0700,PRD-0156,29,1937.71,56193.59,Central,Retail,Delivered
SO-009039,2025-05-19,CUS-0598,PRD-0366,11,3113.27,34245.97,West,Online,Delivered
SO-009040,2025-06-07,CUS-0271,PRD-0126,10,287.88,2878.8,East,Online,Delivered
SO-009041,2026-02-23,CUS-0403,PRD-0211,21,6127.17,128670.57,East,Retail,Delivered
SO-009042,2026-05-02,CUS-0585,PRD-0271,6,4508.65,27051.9,West,Online,Delivered
SO-009043,2026-09-23,CUS-0223,PRD-0293,28,1737.78,48657.84,Central,Online,Delivered
SO-009044,2026-04-02,CUS-0994,PRD-0451,17,3229.85,54907.45,Central,Retail,Delivered
SO-009045,2026-06-02,CUS-0096,PRD-0269,18,337.92,6082.56,North,Distributor,Delivered
SO-009046,2026-03-26,CUS-0273,PRD-0333,7,4973.55,34814.85,Central,Online,Shipped
SO-009047,2025-09-05,CUS-0309,PRD-0496,28,463.57,12979.96,West,Online,Delivered
SO-009048,2025-04-23,CUS-0359,PRD-0075,13,2987.67,38839.71,South,Online,Delivered
SO-009049,2026-01-13,CUS-0937,PRD-0048,9,4987.19,44884.71,Central,Retail,Delivered
SO-009050,2026-05-26,CUS-0042,PRD-0028,24,1835.51,44052.24,North,Retail,Delivered
SO-009051,2026-07-28,CUS-0768,PRD-0244,16,4745.61,75929.76,Central,Distributor,Delivered
SO-009052,2026-09-22,CUS-0454,PRD-0469,29,1541.41,44700.89,North,Retail,Delivered
SO-009053,2025-02-02,CUS-0485,PRD-0008,12,1534.21,18410.52,North,Online,Processing
SO-009054,2025-12-26,CUS-0203,PRD-0192,13,4238.84,55104.92,West,Retail,Delivered
SO-009055,2026-06-30,CUS-0261,PRD-0309,9,6002.3,54020.7,North,Retail,Delivered
SO-009056,2025-02-15,CUS-0272,PRD-0376,3,4177.52,12532.56,Central,Online,Cancelled
SO-009057,2026-05-20,CUS-0920,PRD-0078,19,452.24,8592.56,East,Online,Delivered
SO-009058,2024-12-20,CUS-0909,PRD-0255,26,722.28,18779.28,West,Distributor,Delivered
SO-009059,2025-06-02,CUS-0782,PRD-0132,25,280.75,7018.75,Central,Distributor,Delivered
SO-009060,2025-11-11,CUS-0461,PRD-0415,6,4211.58,25269.48,West,Retail,Delivered
SO-009061,2025-09-30,CUS-0915,PRD-0115,25,1159.28,28982.0,West,Distributor,Delivered
SO-009062,2025-02-28,CUS-0416,PRD-0384,17,2729.7,46404.9,North,Retail,Cancelled
SO-009063,2026-03-04,CUS-0509,PRD-0365,10,4885.58,48855.8,South,Retail,Delivered
SO-009064,2025-07-02,CUS-0550,PRD-0383,16,4301.86,68829.76,Central,Distributor,Delivered
SO-009065,2026-04-21,CUS-0930,PRD-0228,13,3235.69,42063.97,Central,Distributor,Cancelled
SO-009066,2026-01-16,CUS-0858,PRD-0355,2,4185.26,8370.52,Central,Online,Delivered
SO-009067,2025-04-13,CUS-0710,PRD-0014,4,5271.41,21085.64,West,Retail,Delivered
SO-009068,2024-12-07,CUS-0097,PRD-0087,25,621.96,15549.0,Central,Distributor,Delivered
SO-009069,2025-02-16,CUS-0969,PRD-0355,21,4185.26,87890.46,South,Retail,Delivered
SO-009070,2025-11-16,CUS-0996,PRD-0093,18,1072.4,19303.2,North,Distributor,Delivered
SO-009071,2025-06-05,CUS-1000,PRD-0058,2,4941.04,9882.08,East,Retail,Processing
SO-009072,2026-04-11,CUS-0889,PRD-0200,25,4901.29,122532.25,South,Online,Processing
SO-009073,2024-11-22,CUS-0628,PRD-0434,26,7605.43,197741.18,East,Online,Delivered
SO-009074,2026-09-22,CUS-0487,PRD-0089,14,5986.5,83811.0,East,Retail,Cancelled
SO-009075,2024-10-25,CUS-0475,PRD-0159,15,342.7,5140.5,Central,Retail,Delivered
SO-009076,2026-07-05,CUS-0566,PRD-0478,22,2188.84,48154.48,North,Distributor,Delivered
SO-009077,2025-05-08,CUS-0996,PRD-0413,12,1881.85,22582.2,Central,Distributor,Delivered
SO-009078,2025-07-27,CUS-0117,PRD-0488,12,2178.12,26137.44,East,Online,Shipped
SO-009079,2025-08-17,CUS-0472,PRD-0024,25,1170.87,29271.75,Central,Distributor,Delivered
SO-009080,2024-11-17,CUS-0072,PRD-0014,9,6325.69,56931.21,East,Distributor,Shipped
SO-009081,2026-04-09,CUS-0798,PRD-0072,7,5632.64,39428.48,West,Distributor,Delivered
SO-009082,2025-09-18,CUS-0908,PRD-0222,14,3091.24,43277.36,East,Retail,Shipped
SO-009083,2025-11-03,CUS-0197,PRD-0111,30,5411.23,162336.9,Central,Retail,Delivered
SO-009084,2025-09-18,CUS-0677,PRD-0223,29,2183.08,63309.32,North,Retail,Delivered
SO-009085,2026-04-19,CUS-0237,PRD-0399,17,4340.93,73795.81,East,Online,Delivered
SO-009086,2026-01-28,CUS-0419,PRD-0389,22,2666.14,58655.08,South,Distributor,Processing
SO-009087,2025-12-30,CUS-0275,PRD-0164,26,6979.49,181466.74,South,Distributor,Delivered
SO-009088,2026-02-09,CUS-0349,PRD-0044,3,150.67,452.01,North,Retail,Delivered
SO-009089,2025-05-23,CUS-0571,PRD-0047,28,4009.13,112255.64,North,Online,Delivered
SO-009090,2025-12-04,CUS-0044,PRD-0135,4,5350.24,21400.96,East,Retail,Delivered
SO-009091,2025-08-30,CUS-0976,PRD-0420,24,2779.86,66716.64,East,Distributor,Processing
SO-009092,2025-10-31,CUS-0478,PRD-0238,19,7774.25,147710.75,North,Distributor,Delivered
SO-009093,2026-05-19,CUS-0953,PRD-0030,24,4305.15,103323.6,North,Online,Delivered
SO-009094,2026-07-05,CUS-0433,PRD-0044,2,150.67,301.34,West,Retail,Delivered
SO-009095,2025-05-08,CUS-0716,PRD-0120,9,396.45,3568.05,South,Distributor,Delivered
SO-009096,2025-09-26,CUS-0484,PRD-0320,29,2589.33,75090.57,West,Distributor,Delivered
SO-009097,2025-02-23,CUS-0551,PRD-0089,25,5986.5,149662.5,North,Retail,Cancelled
SO-009098,2026-08-12,CUS-0729,PRD-0279,19,3569.68,67823.92,South,Online,Delivered
SO-009099,2025-05-20,CUS-0860,PRD-0155,8,3144.19,25153.52,East,Retail,Delivered
SO-009100,2024-10-10,CUS-0241,PRD-0126,10,345.46,3454.6,Central,Distributor,Delivered
SO-009101,2026-09-29,CUS-0332,PRD-0453,10,178.97,1789.7,South,Retail,Delivered
SO-009102,2026-05-03,CUS-0737,PRD-0260,24,5071.17,121708.08,East,Distributor,Cancelled
SO-009103,2026-08-09,CUS-0607,PRD-0485,18,3914.29,70457.22,East,Distributor,Delivered
SO-009104,2025-07-02,CUS-0985,PRD-0097,7,4396.16,30773.12,East,Distributor,Delivered
SO-009105,2026-03-22,CUS-0707,PRD-0476,21,4935.81,103652.01,North,Retail,Delivered
SO-009106,2026-01-28,CUS-0875,PRD-0277,7,2927.41,20491.87,East,Distributor,Processing
SO-009107,2025-07-07,CUS-0991,PRD-0033,7,4888.48,34219.36,East,Retail,Processing
SO-009108,2025-11-09,CUS-0188,PRD-0073,6,619.32,3715.92,West,Distributor,Delivered
SO-009109,2026-01-06,CUS-0833,PRD-0005,27,726.84,19624.68,North,Online,Delivered
SO-009110,2024-10-31,CUS-0152,PRD-0313,17,6557.66,111480.22,North,Online,Delivered
SO-009111,2024-10-12,CUS-0110,PRD-0217,28,6650.16,186204.48,South,Distributor,Delivered
SO-009112,2025-07-06,CUS-0484,PRD-0315,30,3215.25,96457.5,East,Online,Delivered
SO-009113,2025-06-20,CUS-0832,PRD-0238,10,6478.54,64785.4,South,Retail,Delivered
SO-009114,2026-09-18,CUS-0589,PRD-0362,15,5713.06,85695.9,Central,Online,Cancelled
SO-009115,2026-09-12,CUS-0222,PRD-0058,28,4941.04,138349.12,North,Retail,Processing
SO-009116,2025-03-28,CUS-0621,PRD-0354,18,3997.01,71946.18,Central,Online,Shipped
SO-009117,2026-06-07,CUS-0210,PRD-0203,15,5475.89,82138.35,North,Online,Delivered
SO-009118,2026-08-08,CUS-0152,PRD-0258,20,3684.93,73698.6,West,Online,Shipped
SO-009119,2025-12-22,CUS-0576,PRD-0056,3,1418.23,4254.69,South,Distributor,Processing
SO-009120,2026-06-02,CUS-0130,PRD-0131,1,2074.07,2074.07,North,Retail,Processing
SO-009121,2025-09-12,CUS-0529,PRD-0147,12,2693.29,32319.48,East,Online,Delivered
SO-009122,2024-11-11,CUS-0024,PRD-0220,30,5765.14,172954.2,East,Retail,Cancelled
SO-009123,2025-03-08,CUS-0384,PRD-0076,21,1904.33,39990.93,West,Online,Delivered
SO-009124,2025-07-30,CUS-0314,PRD-0009,27,5286.07,142723.89,East,Retail,Delivered
SO-009125,2024-12-13,CUS-0781,PRD-0227,25,3934.48,98362.0,East,Retail,Shipped
SO-009126,2025-06-28,CUS-0381,PRD-0331,23,4150.5,95461.5,East,Online,Delivered
SO-009127,2026-08-03,CUS-0161,PRD-0313,19,5464.72,103829.68,East,Distributor,Processing
SO-009128,2026-07-13,CUS-0397,PRD-0055,15,947.86,14217.9,West,Online,Delivered
SO-009129,2026-09-18,CUS-0998,PRD-0247,28,2055.44,57552.32,Central,Retail,Cancelled
SO-009130,2025-04-14,CUS-0259,PRD-0429,27,2369.99,63989.73,East,Online,Delivered
SO-009131,2025-09-19,CUS-0007,PRD-0358,13,5153.45,66994.85,Central,Online,Delivered
SO-009132,2025-05-25,CUS-0335,PRD-0479,20,2931.29,58625.8,West,Online,Delivered
SO-009133,2025-06-30,CUS-0431,PRD-0461,14,3797.59,53166.26,Central,Online,Delivered
SO-009134,2024-11-11,CUS-0425,PRD-0310,28,6760.62,189297.36,North,Online,Delivered
SO-009135,2024-10-08,CUS-0363,PRD-0299,25,3504.96,87624.0,East,Retail,Delivered
SO-009136,2025-05-18,CUS-0181,PRD-0331,16,4150.5,66408.0,Central,Distributor,Cancelled
SO-009137,2025-12-12,CUS-0825,PRD-0003,12,5328.7,63944.4,South,Retail,Delivered
SO-009138,2026-04-26,CUS-0220,PRD-0425,4,3674.09,14696.36,Central,Online,Delivered
SO-009139,2026-06-27,CUS-0035,PRD-0208,14,6275.27,87853.78,West,Distributor,Delivered
SO-009140,2026-08-18,CUS-0957,PRD-0385,20,4527.09,90541.8,South,Distributor,Delivered
SO-009141,2026-03-01,CUS-0998,PRD-0443,28,2487.24,69642.72,Central,Retail,Delivered
SO-009142,2026-08-24,CUS-0912,PRD-0447,15,4346.55,65198.25,East,Retail,Cancelled
SO-009143,2025-10-23,CUS-0013,PRD-0304,9,7395.34,66558.06,West,Online,Delivered
SO-009144,2024-11-29,CUS-0052,PRD-0385,12,5432.51,65190.12,Central,Distributor,Delivered
SO-009145,2024-12-14,CUS-0730,PRD-0424,21,3457.26,72602.46,West,Distributor,Delivered
SO-009146,2025-06-16,CUS-0746,PRD-0074,5,1713.95,8569.75,West,Online,Delivered
SO-009147,2026-06-12,CUS-0108,PRD-0019,5,5578.38,27891.9,West,Online,Processing
SO-009148,2026-06-06,CUS-0609,PRD-0300,29,313.9,9103.1,South,Distributor,Delivered
SO-009149,2026-02-01,CUS-0803,PRD-0477,3,4468.82,13406.46,North,Distributor,Cancelled
SO-009150,2025-08-07,CUS-0055,PRD-0397,14,1896.25,26547.5,South,Online,Delivered
SO-009151,2026-05-04,CUS-0055,PRD-0162,29,4705.86,136469.94,Central,Retail,Delivered
SO-009152,2025-06-26,CUS-0633,PRD-0111,2,4509.36,9018.72,South,Distributor,Processing
SO-009153,2025-03-02,CUS-0545,PRD-0085,23,1116.05,25669.15,South,Retail,Delivered
SO-009154,2026-01-08,CUS-0016,PRD-0433,6,1570.63,9423.78,North,Distributor,Shipped
SO-009155,2025-01-25,CUS-0074,PRD-0204,9,1649.53,14845.77,Central,Retail,Delivered
SO-009156,2026-06-06,CUS-0502,PRD-0171,15,5420.73,81310.95,West,Distributor,Delivered
SO-009157,2026-04-28,CUS-0115,PRD-0044,25,150.67,3766.75,Central,Online,Delivered
SO-009158,2025-07-22,CUS-0989,PRD-0123,11,5761.94,63381.34,West,Retail,Shipped
SO-009159,2024-12-27,CUS-0143,PRD-0132,16,336.9,5390.4,South,Online,Shipped
SO-009160,2025-09-20,CUS-0002,PRD-0051,13,5727.46,74456.98,East,Online,Shipped
SO-009161,2025-08-01,CUS-0725,PRD-0002,21,1689.96,35489.16,East,Retail,Delivered
SO-009162,2026-08-25,CUS-0390,PRD-0226,8,4386.36,35090.88,West,Distributor,Delivered
SO-009163,2026-02-24,CUS-0138,PRD-0157,18,724.88,13047.84,North,Retail,Delivered
SO-009164,2025-02-22,CUS-0442,PRD-0500,8,5969.68,47757.44,North,Distributor,Delivered
SO-009165,2026-07-13,CUS-0397,PRD-0102,4,1819.32,7277.28,Central,Online,Delivered
SO-009166,2026-01-13,CUS-0565,PRD-0455,26,2220.14,57723.64,North,Distributor,Delivered
SO-009167,2025-12-07,CUS-0468,PRD-0183,1,7072.58,7072.58,West,Distributor,Processing
SO-009168,2025-11-09,CUS-0064,PRD-0064,21,5566.74,116901.54,West,Distributor,Delivered
SO-009169,2025-02-28,CUS-0110,PRD-0183,19,5893.82,111982.58,East,Retail,Delivered
SO-009170,2024-11-01,CUS-0793,PRD-0277,9,3512.89,31616.01,South,Online,Delivered
SO-009171,2025-03-14,CUS-0671,PRD-0001,4,4203.15,16812.6,West,Distributor,Delivered
SO-009172,2025-08-19,CUS-0200,PRD-0146,7,3360.37,23522.59,East,Online,Delivered
SO-009173,2025-10-26,CUS-0412,PRD-0456,29,5866.18,170119.22,East,Online,Delivered
SO-009174,2025-11-09,CUS-0089,PRD-0015,19,1110.17,21093.23,North,Retail,Delivered
SO-009175,2024-11-19,CUS-0313,PRD-0260,7,6085.4,42597.8,West,Distributor,Delivered
SO-009176,2025-11-26,CUS-0156,PRD-0487,18,7104.77,127885.86,West,Online,Delivered
SO-009177,2026-01-01,CUS-0125,PRD-0369,3,705.22,2115.66,North,Retail,Delivered
SO-009178,2025-02-17,CUS-0558,PRD-0421,4,2848.48,11393.92,Central,Distributor,Delivered
SO-009179,2026-02-09,CUS-0281,PRD-0040,17,6315.76,107367.92,North,Distributor,Delivered
SO-009180,2025-10-07,CUS-0013,PRD-0383,4,5162.23,20648.92,North,Distributor,Delivered
SO-009181,2025-06-23,CUS-0618,PRD-0050,22,3242.42,71333.24,West,Distributor,Shipped
SO-009182,2026-06-10,CUS-0229,PRD-0144,17,2450.1,41651.7,Central,Distributor,Delivered
SO-009183,2025-10-26,CUS-0437,PRD-0414,19,5599.69,106394.11,North,Distributor,Delivered
SO-009184,2026-04-04,CUS-0262,PRD-0053,25,675.61,16890.25,Central,Online,Delivered
SO-009185,2025-02-06,CUS-0093,PRD-0309,26,6002.3,156059.8,North,Retail,Delivered
SO-009186,2026-07-10,CUS-0012,PRD-0255,12,601.9,7222.8,South,Distributor,Delivered
SO-009187,2025-08-26,CUS-0260,PRD-0307,7,6374.16,44619.12,North,Distributor,Delivered
SO-009188,2025-03-18,CUS-0303,PRD-0389,20,2666.14,53322.8,West,Distributor,Delivered
SO-009189,2026-01-25,CUS-0701,PRD-0356,17,4447.37,75605.29,North,Retail,Delivered
SO-009190,2025-01-23,CUS-0500,PRD-0241,21,4724.58,99216.18,East,Distributor,Processing
SO-009191,2025-01-26,CUS-0826,PRD-0319,2,408.03,816.06,South,Distributor,Processing
SO-009192,2024-10-12,CUS-0828,PRD-0016,22,4375.8,96267.6,Central,Distributor,Delivered
SO-009193,2025-05-31,CUS-0639,PRD-0112,10,3241.95,32419.5,North,Distributor,Delivered
SO-009194,2026-09-21,CUS-0528,PRD-0158,12,1560.96,18731.52,Central,Distributor,Shipped
SO-009195,2024-12-18,CUS-0922,PRD-0154,17,3535.86,60109.62,North,Distributor,Delivered
SO-009196,2026-07-04,CUS-0763,PRD-0476,13,4935.81,64165.53,South,Retail,Delivered
SO-009197,2026-07-10,CUS-0963,PRD-0155,1,3144.19,3144.19,Central,Online,Delivered
SO-009198,2026-07-01,CUS-0003,PRD-0346,19,2035.62,38676.78,South,Online,Delivered
SO-009199,2026-08-11,CUS-0901,PRD-0346,16,2035.62,32569.92,South,Retail,Delivered
SO-009200,2026-02-22,CUS-0591,PRD-0250,1,783.48,783.48,North,Online,Delivered
SO-009201,2026-01-16,CUS-0790,PRD-0430,3,1485.15,4455.45,West,Online,Shipped
SO-009202,2024-10-26,CUS-0296,PRD-0359,18,2945.0,53010.0,Central,Distributor,Delivered
SO-009203,2025-04-25,CUS-0837,PRD-0177,13,1860.82,24190.66,Central,Distributor,Delivered
SO-009204,2025-04-26,CUS-0453,PRD-0380,2,1625.68,3251.36,Central,Retail,Delivered
SO-009205,2026-07-29,CUS-0170,PRD-0284,3,386.28,1158.84,East,Online,Delivered
SO-009206,2025-04-01,CUS-0765,PRD-0253,10,6124.57,61245.7,South,Distributor,Delivered
SO-009207,2025-10-05,CUS-0798,PRD-0425,12,4408.91,52906.92,East,Retail,Delivered
SO-009208,2026-07-10,CUS-0160,PRD-0355,20,4185.26,83705.2,South,Online,Delivered
SO-009209,2025-05-05,CUS-0013,PRD-0167,3,3037.66,9112.98,Central,Distributor,Delivered
SO-009210,2025-10-10,CUS-0397,PRD-0054,11,7631.71,83948.81,North,Distributor,Delivered
SO-009211,2026-07-10,CUS-0051,PRD-0248,9,1877.37,16896.33,Central,Retail,Delivered
SO-009212,2025-10-23,CUS-0480,PRD-0155,28,3773.03,105644.84,South,Online,Processing
SO-009213,2025-02-18,CUS-0276,PRD-0226,13,4386.36,57022.68,North,Distributor,Shipped
SO-009214,2025-05-15,CUS-0377,PRD-0104,16,1134.85,18157.6,West,Online,Delivered
SO-009215,2025-04-06,CUS-0402,PRD-0119,4,3649.58,14598.32,South,Retail,Delivered
SO-009216,2025-06-23,CUS-0001,PRD-0304,23,6162.78,141743.94,East,Retail,Delivered
SO-009217,2026-07-15,CUS-0856,PRD-0112,22,3241.95,71322.9,South,Retail,Processing
SO-009218,2026-02-11,CUS-0492,PRD-0409,1,6491.0,6491.0,West,Distributor,Delivered
SO-009219,2025-01-14,CUS-0470,PRD-0134,18,2366.81,42602.58,Central,Online,Delivered
SO-009220,2026-07-09,CUS-0560,PRD-0096,3,3460.13,10380.39,South,Distributor,Delivered
SO-009221,2025-01-27,CUS-0854,PRD-0207,20,3989.53,79790.6,Central,Distributor,Processing
SO-009222,2026-04-11,CUS-0481,PRD-0112,6,3241.95,19451.7,Central,Distributor,Delivered
SO-009223,2026-07-19,CUS-0833,PRD-0460,30,249.38,7481.4,North,Retail,Delivered
SO-009224,2024-12-13,CUS-0345,PRD-0126,6,345.46,2072.76,West,Distributor,Delivered
SO-009225,2025-08-06,CUS-0236,PRD-0065,23,559.34,12864.82,East,Distributor,Shipped
SO-009226,2026-07-15,CUS-0727,PRD-0014,10,5271.41,52714.1,Central,Distributor,Delivered
SO-009227,2025-06-15,CUS-0689,PRD-0222,29,3091.24,89645.96,North,Online,Delivered
SO-009228,2025-10-15,CUS-0260,PRD-0257,15,807.13,12106.95,East,Online,Processing
SO-009229,2025-06-04,CUS-0480,PRD-0019,20,5578.38,111567.6,South,Distributor,Delivered
SO-009230,2026-08-18,CUS-0784,PRD-0465,8,5430.01,43440.08,East,Distributor,Delivered
SO-009231,2026-05-11,CUS-0300,PRD-0442,4,2804.33,11217.32,North,Distributor,Delivered
SO-009232,2025-07-18,CUS-0488,PRD-0496,17,463.57,7880.69,Central,Distributor,Delivered
SO-009233,2025-03-23,CUS-0278,PRD-0206,17,4585.59,77955.03,North,Retail,Processing
SO-009234,2025-01-03,CUS-0258,PRD-0125,30,6348.43,190452.9,Central,Retail,Cancelled
SO-009235,2026-08-03,CUS-0950,PRD-0335,13,422.97,5498.61,North,Distributor,Delivered
SO-009236,2024-11-10,CUS-1000,PRD-0199,1,6538.06,6538.06,West,Online,Cancelled
SO-009237,2026-09-09,CUS-0410,PRD-0253,21,6124.57,128615.97,South,Online,Delivered
SO-009238,2024-12-17,CUS-0435,PRD-0152,22,1762.64,38778.08,East,Online,Delivered
SO-009239,2026-03-24,CUS-0528,PRD-0425,5,3674.09,18370.45,South,Online,Cancelled
SO-009240,2025-08-26,CUS-0049,PRD-0025,15,6433.26,96498.9,East,Online,Cancelled
SO-009241,2025-11-17,CUS-0482,PRD-0445,10,1359.24,13592.4,East,Retail,Shipped
SO-009242,2024-11-14,CUS-0885,PRD-0367,2,5920.73,11841.46,West,Retail,Processing
SO-009243,2025-02-06,CUS-0912,PRD-0420,9,2779.86,25018.74,West,Retail,Delivered
SO-009244,2026-05-16,CUS-0466,PRD-0071,13,2386.88,31029.44,East,Online,Delivered
SO-009245,2025-05-06,CUS-0291,PRD-0148,30,940.82,28224.6,South,Online,Delivered
SO-009246,2025-05-24,CUS-0408,PRD-0432,29,2471.37,71669.73,South,Distributor,Cancelled
SO-009247,2025-01-22,CUS-0734,PRD-0180,18,539.14,9704.52,East,Distributor,Shipped
SO-009248,2025-01-12,CUS-0272,PRD-0063,20,3878.37,77567.4,East,Distributor,Delivered
SO-009249,2026-03-24,CUS-0173,PRD-0348,1,6496.01,6496.01,North,Distributor,Delivered
SO-009250,2024-12-26,CUS-0062,PRD-0182,13,1737.05,22581.65,Central,Retail,Delivered
SO-009251,2026-05-10,CUS-0774,PRD-0007,16,4691.05,75056.8,Central,Distributor,Shipped
SO-009252,2025-11-04,CUS-0303,PRD-0239,28,2845.24,79666.72,East,Distributor,Shipped
SO-009253,2026-06-22,CUS-0640,PRD-0199,27,5448.38,147106.26,North,Retail,Delivered
SO-009254,2026-04-10,CUS-0715,PRD-0465,30,5430.01,162900.3,South,Online,Processing
SO-009255,2026-03-21,CUS-0786,PRD-0372,27,2557.13,69042.51,North,Retail,Delivered
SO-009256,2026-04-03,CUS-0602,PRD-0217,15,5541.8,83127.0,East,Retail,Delivered
SO-009257,2026-05-01,CUS-0982,PRD-0431,14,5527.14,77379.96,Central,Retail,Delivered
SO-009258,2026-05-16,CUS-0576,PRD-0354,14,3997.01,55958.14,Central,Retail,Delivered
SO-009259,2025-07-02,CUS-0335,PRD-0110,4,1471.72,5886.88,Central,Distributor,Delivered
SO-009260,2024-11-08,CUS-0263,PRD-0417,20,6674.74,133494.8,Central,Online,Delivered
SO-009261,2025-02-20,CUS-0958,PRD-0232,19,3666.47,69662.93,East,Retail,Delivered
SO-009262,2024-11-11,CUS-0446,PRD-0243,9,1810.03,16290.27,West,Online,Delivered
SO-009263,2026-02-06,CUS-0606,PRD-0005,11,726.84,7995.24,West,Distributor,Delivered
SO-009264,2025-07-19,CUS-0624,PRD-0373,19,4428.71,84145.49,West,Retail,Delivered
SO-009265,2024-12-04,CUS-0734,PRD-0175,10,4946.87,49468.7,Central,Online,Delivered
SO-009266,2024-10-27,CUS-0058,PRD-0273,12,1033.34,12400.08,East,Online,Delivered
SO-009267,2025-02-01,CUS-0037,PRD-0444,28,3927.95,109982.6,South,Distributor,Processing
SO-009268,2026-01-27,CUS-0513,PRD-0131,18,2074.07,37333.26,South,Retail,Delivered
SO-009269,2026-01-22,CUS-0162,PRD-0120,1,396.45,396.45,South,Retail,Cancelled
SO-009270,2025-02-19,CUS-0774,PRD-0125,28,6348.43,177756.04,West,Online,Delivered
SO-009271,2025-05-06,CUS-0762,PRD-0424,1,2881.05,2881.05,South,Distributor,Processing
SO-009272,2025-05-16,CUS-0978,PRD-0324,1,3480.31,3480.31,East,Retail,Shipped
SO-009273,2025-03-06,CUS-0560,PRD-0117,26,842.63,21908.38,West,Distributor,Shipped
SO-009274,2026-02-17,CUS-0949,PRD-0109,16,1120.2,17923.2,South,Online,Delivered
SO-009275,2026-08-02,CUS-0678,PRD-0245,26,1932.7,50250.2,South,Distributor,Delivered
SO-009276,2025-05-22,CUS-0816,PRD-0338,23,4473.07,102880.61,West,Online,Delivered
SO-009277,2024-11-24,CUS-0684,PRD-0047,19,4810.96,91408.24,South,Online,Delivered
SO-009278,2025-09-08,CUS-0530,PRD-0247,14,2055.44,28776.16,West,Distributor,Delivered
SO-009279,2025-11-07,CUS-0635,PRD-0270,23,5529.64,127181.72,East,Retail,Delivered
SO-009280,2026-08-25,CUS-0521,PRD-0181,30,3586.43,107592.9,West,Online,Delivered
SO-009281,2024-12-20,CUS-0639,PRD-0010,7,5492.57,38447.99,West,Distributor,Delivered
SO-009282,2025-12-12,CUS-0904,PRD-0184,30,6704.87,201146.1,South,Online,Processing
SO-009283,2026-01-30,CUS-0757,PRD-0253,27,6124.57,165363.39,North,Retail,Delivered
SO-009284,2026-05-08,CUS-0612,PRD-0136,3,6112.94,18338.82,North,Distributor,Delivered
SO-009285,2025-02-24,CUS-0210,PRD-0266,30,1657.94,49738.2,Central,Online,Delivered
SO-009286,2025-02-11,CUS-0987,PRD-0454,16,5018.01,80288.16,North,Online,Delivered
SO-009287,2026-06-19,CUS-0687,PRD-0488,26,2178.12,56631.12,South,Online,Delivered
SO-009288,2025-05-02,CUS-0421,PRD-0219,11,4635.55,50991.05,South,Distributor,Delivered
SO-009289,2024-10-15,CUS-0932,PRD-0278,23,5504.77,126609.71,East,Distributor,Delivered
SO-009290,2025-03-19,CUS-0552,PRD-0461,5,3797.59,18987.95,Central,Retail,Delivered
SO-009291,2026-01-22,CUS-0746,PRD-0290,10,2230.85,22308.5,West,Distributor,Processing
SO-009292,2026-05-08,CUS-0062,PRD-0406,9,1541.27,13871.43,South,Distributor,Delivered
SO-009293,2025-10-12,CUS-0942,PRD-0300,21,376.68,7910.28,East,Online,Delivered
SO-009294,2026-06-25,CUS-0065,PRD-0409,14,6491.0,90874.0,Central,Retail,Cancelled
SO-009295,2025-07-27,CUS-0053,PRD-0015,20,925.14,18502.8,West,Distributor,Delivered
SO-009296,2026-05-28,CUS-0520,PRD-0314,25,5641.71,141042.75,West,Distributor,Processing
SO-009297,2026-09-01,CUS-0612,PRD-0277,27,2927.41,79040.07,East,Distributor,Delivered
SO-009298,2025-10-09,CUS-0728,PRD-0380,30,1950.82,58524.6,West,Online,Delivered
SO-009299,2025-07-20,CUS-0633,PRD-0020,25,1900.69,47517.25,East,Retail,Processing
SO-009300,2024-12-17,CUS-0961,PRD-0432,3,2965.64,8896.92,Central,Online,Shipped
SO-009301,2026-04-10,CUS-0390,PRD-0035,19,3375.68,64137.92,North,Online,Shipped
SO-009302,2026-02-27,CUS-0405,PRD-0266,7,1657.94,11605.58,East,Online,Processing
SO-009303,2024-10-16,CUS-0121,PRD-0204,29,1979.44,57403.76,South,Retail,Shipped
SO-009304,2026-05-24,CUS-0074,PRD-0417,18,5562.28,100121.04,North,Distributor,Delivered
SO-009305,2025-09-08,CUS-0629,PRD-0194,9,4224.31,38018.79,Central,Distributor,Delivered
SO-009306,2025-04-20,CUS-0889,PRD-0482,8,2107.3,16858.4,East,Online,Delivered
SO-009307,2025-08-25,CUS-0551,PRD-0168,10,6422.87,64228.7,South,Retail,Delivered
SO-009308,2026-08-19,CUS-0728,PRD-0243,3,1508.36,4525.08,West,Distributor,Delivered
SO-009309,2025-06-20,CUS-0580,PRD-0110,13,1471.72,19132.36,Central,Distributor,Delivered
SO-009310,2026-02-12,CUS-0670,PRD-0373,7,4428.71,31000.97,South,Online,Processing
SO-009311,2024-11-19,CUS-0734,PRD-0238,6,7774.25,46645.5,West,Distributor,Delivered
SO-009312,2025-05-10,CUS-0153,PRD-0161,12,2769.99,33239.88,East,Distributor,Processing
SO-009313,2025-04-23,CUS-0567,PRD-0376,27,4177.52,112793.04,South,Distributor,Delivered
SO-009314,2025-03-31,CUS-0190,PRD-0458,3,3689.08,11067.24,West,Distributor,Delivered
SO-009315,2024-11-29,CUS-0608,PRD-0072,2,6759.17,13518.34,South,Online,Delivered
SO-009316,2025-11-16,CUS-0266,PRD-0070,29,1611.49,46733.21,South,Distributor,Delivered
SO-009317,2026-03-16,CUS-0325,PRD-0218,5,2891.54,14457.7,North,Retail,Delivered
SO-009318,2025-05-12,CUS-0102,PRD-0258,14,3684.93,51589.02,West,Retail,Shipped
SO-009319,2026-04-03,CUS-0468,PRD-0466,14,2911.86,40766.04,Central,Retail,Delivered
SO-009320,2025-11-15,CUS-0279,PRD-0300,1,376.68,376.68,Central,Distributor,Delivered
SO-009321,2026-04-29,CUS-0116,PRD-0436,30,4009.3,120279.0,South,Retail,Shipped
SO-009322,2026-06-09,CUS-0305,PRD-0057,4,2825.39,11301.56,Central,Retail,Shipped
SO-009323,2026-03-22,CUS-0465,PRD-0036,27,5615.22,151610.94,South,Online,Delivered
SO-009324,2025-12-01,CUS-0537,PRD-0431,16,6632.57,106121.12,West,Retail,Processing
SO-009325,2025-08-04,CUS-0160,PRD-0055,14,947.86,13270.04,Central,Retail,Processing
SO-009326,2025-10-07,CUS-0076,PRD-0498,8,2328.02,18624.16,North,Distributor,Delivered
SO-009327,2025-05-04,CUS-0880,PRD-0333,5,4973.55,24867.75,North,Distributor,Delivered
SO-009328,2025-08-05,CUS-0902,PRD-0493,8,3468.32,27746.56,West,Online,Delivered
SO-009329,2025-06-29,CUS-0627,PRD-0380,20,1625.68,32513.6,North,Distributor,Delivered
SO-009330,2026-07-22,CUS-0596,PRD-0048,26,4987.19,129666.94,West,Distributor,Delivered
SO-009331,2025-03-24,CUS-0748,PRD-0028,23,1835.51,42216.73,East,Distributor,Processing
SO-009332,2026-08-22,CUS-0869,PRD-0019,27,5578.38,150616.26,East,Retail,Delivered
SO-009333,2025-07-11,CUS-0310,PRD-0428,10,6298.69,62986.9,South,Retail,Delivered
SO-009334,2026-06-22,CUS-0554,PRD-0254,10,5366.88,53668.8,South,Distributor,Processing
SO-009335,2025-01-15,CUS-0444,PRD-0320,7,2589.33,18125.31,East,Distributor,Delivered
SO-009336,2024-11-23,CUS-0784,PRD-0083,18,7238.3,130289.4,West,Distributor,Delivered
SO-009337,2026-09-09,CUS-0723,PRD-0126,12,287.88,3454.56,East,Retail,Delivered
SO-009338,2026-08-30,CUS-0693,PRD-0350,29,3791.55,109954.95,East,Online,Delivered
SO-009339,2025-09-19,CUS-0148,PRD-0060,14,5860.54,82047.56,Central,Retail,Delivered
SO-009340,2025-10-27,CUS-0403,PRD-0196,28,2658.29,74432.12,Central,Retail,Delivered
SO-009341,2026-06-09,CUS-0796,PRD-0341,6,5944.72,35668.32,South,Distributor,Delivered
SO-009342,2025-06-27,CUS-0549,PRD-0135,17,4458.53,75795.01,North,Distributor,Delivered
SO-009343,2025-07-30,CUS-0267,PRD-0138,5,820.52,4102.6,North,Distributor,Delivered
SO-009344,2025-05-22,CUS-0217,PRD-0042,14,5025.97,70363.58,South,Retail,Delivered
SO-009345,2026-08-28,CUS-0407,PRD-0293,10,1737.78,17377.8,West,Distributor,Delivered
SO-009346,2026-04-10,CUS-0321,PRD-0112,6,3241.95,19451.7,East,Retail,Delivered
SO-009347,2025-10-07,CUS-0832,PRD-0299,24,3504.96,84119.04,South,Distributor,Delivered
SO-009348,2026-05-06,CUS-0845,PRD-0076,1,1904.33,1904.33,North,Distributor,Delivered
SO-009349,2025-03-07,CUS-0701,PRD-0033,22,4888.48,107546.56,Central,Distributor,Delivered
SO-009350,2024-12-06,CUS-0027,PRD-0194,2,5069.17,10138.34,Central,Retail,Delivered
SO-009351,2026-09-22,CUS-0081,PRD-0429,15,2369.99,35549.85,North,Online,Cancelled
SO-009352,2026-06-09,CUS-0904,PRD-0274,9,5916.59,53249.31,North,Online,Processing
SO-009353,2025-06-06,CUS-0328,PRD-0341,19,5944.72,112949.68,West,Distributor,Delivered
SO-009354,2025-09-14,CUS-0144,PRD-0436,14,4009.3,56130.2,South,Online,Delivered
SO-009355,2025-04-25,CUS-0777,PRD-0388,1,5873.8,5873.8,North,Online,Delivered
SO-009356,2026-08-05,CUS-0208,PRD-0015,13,925.14,12026.82,West,Online,Delivered
SO-009357,2026-06-16,CUS-0754,PRD-0019,9,5578.38,50205.42,South,Online,Processing
SO-009358,2025-07-23,CUS-0228,PRD-0042,24,5025.97,120623.28,East,Retail,Delivered
SO-009359,2025-10-02,CUS-0103,PRD-0423,30,853.32,25599.6,Central,Online,Delivered
SO-009360,2025-11-10,CUS-0713,PRD-0137,12,1520.96,18251.52,East,Retail,Cancelled
SO-009361,2025-07-11,CUS-0573,PRD-0253,15,6124.57,91868.55,North,Retail,Delivered
SO-009362,2026-02-08,CUS-0885,PRD-0243,6,1508.36,9050.16,Central,Online,Delivered
SO-009363,2025-01-23,CUS-0549,PRD-0107,29,6065.28,175893.12,West,Retail,Processing
SO-009364,2026-01-21,CUS-0991,PRD-0055,5,947.86,4739.3,South,Distributor,Shipped
SO-009365,2024-11-01,CUS-0393,PRD-0029,13,6854.95,89114.35,South,Distributor,Delivered
SO-009366,2026-09-26,CUS-0405,PRD-0097,9,4396.16,39565.44,East,Retail,Processing
SO-009367,2025-09-24,CUS-0437,PRD-0276,7,4900.86,34306.02,South,Retail,Shipped
SO-009368,2025-08-15,CUS-0440,PRD-0446,26,4423.18,115002.68,South,Retail,Delivered
SO-009369,2026-01-11,CUS-0218,PRD-0397,8,1896.25,15170.0,Central,Online,Delivered
SO-009370,2025-09-25,CUS-0542,PRD-0494,17,2448.03,41616.51,West,Retail,Shipped
SO-009371,2025-10-15,CUS-0454,PRD-0065,23,671.21,15437.83,West,Online,Delivered
SO-009372,2026-08-25,CUS-0676,PRD-0383,11,4301.86,47320.46,North,Retail,Delivered
SO-009373,2026-02-08,CUS-0563,PRD-0219,28,4635.55,129795.4,North,Online,Delivered
SO-009374,2025-06-10,CUS-0341,PRD-0040,27,6315.76,170525.52,Central,Retail,Delivered
SO-009375,2024-10-11,CUS-0748,PRD-0162,29,5647.03,163763.87,South,Retail,Delivered
SO-009376,2024-11-28,CUS-0772,PRD-0055,23,1137.43,26160.89,South,Distributor,Delivered
SO-009377,2025-03-08,CUS-0786,PRD-0207,7,3989.53,27926.71,North,Distributor,Delivered
SO-009378,2026-06-22,CUS-0428,PRD-0268,1,4521.3,4521.3,Central,Retail,Processing
SO-009379,2024-11-26,CUS-0585,PRD-0022,27,5520.72,149059.44,Central,Retail,Delivered
SO-009380,2025-01-21,CUS-0826,PRD-0011,18,1120.4,20167.2,East,Retail,Processing
SO-009381,2025-04-19,CUS-0796,PRD-0284,19,386.28,7339.32,Central,Online,Processing
SO-009382,2025-11-25,CUS-0597,PRD-0014,30,6325.69,189770.7,West,Distributor,Delivered
SO-009383,2026-08-11,CUS-0774,PRD-0121,17,5856.15,99554.55,Central,Online,Delivered
SO-009384,2025-12-16,CUS-0387,PRD-0382,10,3359.81,33598.1,West,Distributor,Shipped
SO-009385,2026-02-06,CUS-0018,PRD-0491,28,3343.98,93631.44,East,Retail,Delivered
SO-009386,2025-07-22,CUS-0985,PRD-0241,13,4724.58,61419.54,Central,Retail,Delivered
SO-009387,2026-06-03,CUS-0172,PRD-0041,11,4472.49,49197.39,North,Retail,Delivered
SO-009388,2025-04-23,CUS-0606,PRD-0342,12,3067.52,36810.24,North,Retail,Delivered
SO-009389,2025-08-19,CUS-0475,PRD-0396,27,5062.73,136693.71,East,Retail,Delivered
SO-009390,2026-07-16,CUS-0181,PRD-0412,10,4004.86,40048.6,South,Online,Delivered
SO-009391,2026-02-23,CUS-0425,PRD-0132,24,280.75,6738.0,South,Online,Cancelled
SO-009392,2025-11-15,CUS-0152,PRD-0058,27,5929.25,160089.75,North,Retail,Processing
SO-009393,2025-07-24,CUS-0265,PRD-0373,5,4428.71,22143.55,West,Online,Cancelled
SO-009394,2025-01-01,CUS-0784,PRD-0312,28,5356.9,149993.2,South,Online,Delivered
SO-009395,2026-05-23,CUS-0891,PRD-0066,3,581.36,1744.08,West,Retail,Delivered
SO-009396,2025-04-22,CUS-0968,PRD-0256,19,1080.39,20527.41,East,Distributor,Delivered
SO-009397,2026-01-11,CUS-0464,PRD-0418,10,2869.54,28695.4,West,Online,Delivered
SO-009398,2025-10-20,CUS-0867,PRD-0245,8,2319.24,18553.92,West,Distributor,Delivered
SO-009399,2026-03-22,CUS-0299,PRD-0250,28,783.48,21937.44,East,Distributor,Cancelled
SO-009400,2025-08-05,CUS-0084,PRD-0317,27,6072.27,163951.29,North,Distributor,Delivered
SO-009401,2025-06-18,CUS-0631,PRD-0055,29,947.86,27487.94,West,Distributor,Delivered
SO-009402,2025-03-22,CUS-0958,PRD-0018,25,4342.25,108556.25,South,Online,Shipped
SO-009403,2025-04-19,CUS-0809,PRD-0155,21,3144.19,66027.99,East,Retail,Delivered
SO-009404,2026-08-25,CUS-0870,PRD-0353,19,4876.74,92658.06,Central,Online,Cancelled
SO-009405,2025-02-12,CUS-0068,PRD-0141,25,2583.7,64592.5,South,Online,Shipped
SO-009406,2026-08-17,CUS-0247,PRD-0143,27,3441.89,92931.03,Central,Distributor,Delivered
SO-009407,2025-03-20,CUS-0906,PRD-0323,5,5698.59,28492.95,West,Retail,Delivered
SO-009408,2025-02-03,CUS-0169,PRD-0480,2,4151.93,8303.86,North,Online,Processing
SO-009409,2025-12-03,CUS-0866,PRD-0312,12,6428.28,77139.36,North,Distributor,Cancelled
SO-009410,2024-12-14,CUS-0460,PRD-0198,27,5904.37,159417.99,Central,Retail,Delivered
SO-009411,2026-08-27,CUS-0506,PRD-0105,23,4026.39,92606.97,Central,Distributor,Delivered
SO-009412,2024-12-24,CUS-0907,PRD-0496,28,556.28,15575.84,West,Online,Delivered
SO-009413,2025-02-14,CUS-0307,PRD-0216,17,569.26,9677.42,North,Retail,Delivered
SO-009414,2025-01-22,CUS-0624,PRD-0048,25,4987.19,124679.75,Central,Distributor,Processing
SO-009415,2025-03-07,CUS-0065,PRD-0279,29,3569.68,103520.72,Central,Retail,Delivered
SO-009416,2025-03-07,CUS-0839,PRD-0307,5,6374.16,31870.8,North,Retail,Delivered
SO-009417,2025-04-04,CUS-0869,PRD-0182,26,1447.54,37636.04,East,Distributor,Delivered
SO-009418,2025-05-13,CUS-0017,PRD-0458,23,3689.08,84848.84,Central,Online,Delivered
SO-009419,2026-03-04,CUS-0632,PRD-0482,20,2107.3,42146.0,East,Online,Delivered
SO-009420,2024-10-31,CUS-0716,PRD-0380,11,1950.82,21459.02,West,Retail,Delivered
SO-009421,2026-09-10,CUS-0671,PRD-0224,6,1906.78,11440.68,Central,Distributor,Delivered
SO-009422,2024-11-22,CUS-0282,PRD-0326,11,727.99,8007.89,East,Retail,Shipped
SO-009423,2026-08-10,CUS-0040,PRD-0470,12,3381.78,40581.36,West,Retail,Delivered
SO-009424,2025-08-10,CUS-0694,PRD-0276,14,4900.86,68612.04,West,Online,Delivered
SO-009425,2025-01-06,CUS-0514,PRD-0290,13,2230.85,29001.05,East,Online,Delivered
SO-009426,2025-07-10,CUS-0385,PRD-0037,28,1149.08,32174.24,South,Online,Processing
SO-009427,2025-07-10,CUS-0197,PRD-0492,3,1708.12,5124.36,South,Distributor,Delivered
SO-009428,2026-06-16,CUS-0683,PRD-0083,8,6031.92,48255.36,East,Online,Delivered
SO-009429,2025-08-06,CUS-0629,PRD-0374,11,4076.51,44841.61,South,Distributor,Shipped
SO-009430,2026-07-19,CUS-0606,PRD-0096,4,3460.13,13840.52,Central,Online,Delivered
SO-009431,2025-06-08,CUS-0654,PRD-0097,27,4396.16,118696.32,North,Retail,Shipped
SO-009432,2026-04-06,CUS-0054,PRD-0236,26,4359.42,113344.92,Central,Online,Delivered
SO-009433,2026-09-11,CUS-0572,PRD-0306,18,4623.48,83222.64,West,Online,Delivered
SO-009434,2025-08-07,CUS-0506,PRD-0311,26,2295.01,59670.26,North,Online,Delivered
SO-009435,2026-08-25,CUS-0308,PRD-0030,26,4305.15,111933.9,North,Retail,Delivered
SO-009436,2025-02-22,CUS-0812,PRD-0337,15,1685.54,25283.1,South,Retail,Delivered
SO-009437,2026-02-20,CUS-0312,PRD-0301,10,4651.32,46513.2,Central,Retail,Delivered
SO-009438,2026-02-09,CUS-0417,PRD-0020,19,1900.69,36113.11,North,Retail,Processing
SO-009439,2026-05-19,CUS-0686,PRD-0412,18,4004.86,72087.48,Central,Online,Processing
SO-009440,2025-09-18,CUS-0209,PRD-0263,21,4085.94,85804.74,North,Distributor,Delivered
SO-009441,2025-07-07,CUS-0001,PRD-0039,5,6475.29,32376.45,West,Distributor,Processing
SO-009442,2025-08-18,CUS-0227,PRD-0115,25,1159.28,28982.0,South,Retail,Delivered
SO-009443,2025-04-18,CUS-0640,PRD-0339,20,1245.19,24903.8,East,Retail,Processing
SO-009444,2024-12-20,CUS-0237,PRD-0333,4,5968.26,23873.04,Central,Retail,Delivered
SO-009445,2025-05-27,CUS-0546,PRD-0274,14,5916.59,82832.26,Central,Retail,Delivered
SO-009446,2025-05-31,CUS-0638,PRD-0390,13,6175.19,80277.47,North,Retail,Processing
SO-009447,2026-07-08,CUS-0653,PRD-0498,14,1940.02,27160.28,West,Online,Delivered
SO-009448,2025-03-15,CUS-0529,PRD-0281,13,3975.66,51683.58,South,Retail,Delivered
SO-009449,2025-07-05,CUS-0091,PRD-0446,14,4423.18,61924.52,West,Online,Delivered
SO-009450,2025-06-26,CUS-0427,PRD-0275,18,509.9,9178.2,West,Online,Delivered
SO-009451,2025-01-14,CUS-0226,PRD-0475,19,1258.43,23910.17,North,Online,Delivered
SO-009452,2025-09-18,CUS-0631,PRD-0002,22,1689.96,37179.12,West,Online,Shipped
SO-009453,2026-07-07,CUS-0009,PRD-0043,26,1999.6,51989.6,South,Retail,Delivered
SO-009454,2025-08-02,CUS-0356,PRD-0323,22,5698.59,125368.98,West,Distributor,Delivered
SO-009455,2025-05-01,CUS-0708,PRD-0330,16,358.68,5738.88,North,Retail,Delivered
SO-009456,2025-08-10,CUS-0306,PRD-0166,12,449.89,5398.68,East,Retail,Processing
SO-009457,2024-12-24,CUS-0106,PRD-0287,8,5008.31,40066.48,East,Distributor,Shipped
SO-009458,2024-12-10,CUS-0199,PRD-0317,24,7286.72,174881.28,Central,Online,Delivered
SO-009459,2025-01-03,CUS-0749,PRD-0023,28,4174.81,116894.68,North,Distributor,Delivered
SO-009460,2025-04-16,CUS-0264,PRD-0182,6,1447.54,8685.24,Central,Online,Delivered
SO-009461,2026-05-12,CUS-0397,PRD-0074,24,1713.95,41134.8,South,Distributor,Processing
SO-009462,2025-10-08,CUS-0215,PRD-0309,4,7202.76,28811.04,South,Distributor,Delivered
SO-009463,2024-11-28,CUS-0887,PRD-0238,8,7774.25,62194.0,Central,Distributor,Delivered
SO-009464,2025-08-15,CUS-0862,PRD-0326,4,606.66,2426.64,East,Online,Delivered
SO-009465,2026-09-03,CUS-0905,PRD-0269,28,337.92,9461.76,East,Distributor,Delivered
SO-009466,2024-11-23,CUS-0082,PRD-0165,3,1828.82,5486.46,Central,Online,Delivered
SO-009467,2025-03-23,CUS-0469,PRD-0181,28,3586.43,100420.04,South,Online,Shipped
SO-009468,2024-12-02,CUS-0139,PRD-0477,15,5362.58,80438.7,Central,Online,Processing
SO-009469,2026-08-01,CUS-0336,PRD-0449,15,4938.99,74084.85,South,Online,Delivered
SO-009470,2025-06-25,CUS-0751,PRD-0128,9,1144.09,10296.81,South,Retail,Delivered
SO-009471,2024-10-05,CUS-0516,PRD-0114,22,183.1,4028.2,East,Distributor,Delivered
SO-009472,2025-05-14,CUS-0180,PRD-0211,3,6127.17,18381.51,East,Distributor,Delivered
SO-009473,2025-11-07,CUS-0479,PRD-0199,30,6538.06,196141.8,North,Retail,Delivered
SO-009474,2025-12-08,CUS-0920,PRD-0058,17,5929.25,100797.25,Central,Retail,Cancelled
SO-009475,2024-12-20,CUS-0295,PRD-0356,30,5336.84,160105.2,North,Retail,Delivered
SO-009476,2025-06-01,CUS-0456,PRD-0110,3,1471.72,4415.16,North,Distributor,Delivered
SO-009477,2026-01-01,CUS-0174,PRD-0391,11,4351.84,47870.24,West,Retail,Delivered
SO-009478,2026-09-06,CUS-0716,PRD-0402,9,463.79,4174.11,East,Retail,Delivered
SO-009479,2026-06-30,CUS-0999,PRD-0331,11,4150.5,45655.5,Central,Retail,Delivered
SO-009480,2026-04-16,CUS-0372,PRD-0236,29,4359.42,126423.18,South,Distributor,Delivered
SO-009481,2025-04-11,CUS-0186,PRD-0185,20,3168.36,63367.2,West,Distributor,Delivered
SO-009482,2024-12-24,CUS-0148,PRD-0240,25,2499.82,62495.5,South,Retail,Delivered
SO-009483,2025-10-20,CUS-0935,PRD-0037,11,1378.9,15167.9,North,Distributor,Delivered
SO-009484,2025-02-24,CUS-0021,PRD-0260,5,5071.17,25355.85,West,Online,Delivered
SO-009485,2026-07-29,CUS-0237,PRD-0155,30,3144.19,94325.7,West,Distributor,Delivered
SO-009486,2025-05-15,CUS-0681,PRD-0065,13,559.34,7271.42,East,Online,Delivered
SO-009487,2025-03-16,CUS-0406,PRD-0151,6,5440.82,32644.92,West,Retail,Delivered
SO-009488,2025-11-23,CUS-0081,PRD-0261,2,7100.6,14201.2,West,Retail,Processing
SO-009489,2025-07-09,CUS-0192,PRD-0336,9,2413.41,21720.69,South,Distributor,Processing
SO-009490,2024-12-05,CUS-0246,PRD-0113,14,5004.47,70062.58,Central,Distributor,Delivered
SO-009491,2025-08-14,CUS-0247,PRD-0117,30,842.63,25278.9,North,Online,Delivered
SO-009492,2025-08-08,CUS-0102,PRD-0461,20,3797.59,75951.8,Central,Retail,Shipped
SO-009493,2025-07-02,CUS-0313,PRD-0004,16,3891.43,62262.88,South,Online,Delivered
SO-009494,2025-01-25,CUS-0299,PRD-0260,11,5071.17,55782.87,East,Retail,Shipped
SO-009495,2026-08-19,CUS-0006,PRD-0347,20,3040.05,60801.0,West,Retail,Processing
SO-009496,2025-06-28,CUS-0713,PRD-0044,14,150.67,2109.38,South,Retail,Delivered
SO-009497,2025-06-24,CUS-0623,PRD-0449,27,4938.99,133352.73,East,Online,Delivered
SO-009498,2025-06-30,CUS-0839,PRD-0408,6,3047.73,18286.38,Central,Online,Processing
SO-009499,2026-07-17,CUS-0489,PRD-0401,1,2192.42,2192.42,North,Distributor,Processing
SO-009500,2024-10-20,CUS-0679,PRD-0304,16,7395.34,118325.44,East,Retail,Delivered
SO-009501,2025-06-18,CUS-0387,PRD-0400,20,224.67,4493.4,South,Distributor,Processing
SO-009502,2025-10-04,CUS-0258,PRD-0274,27,7099.91,191697.57,East,Online,Shipped
SO-009503,2025-11-28,CUS-0811,PRD-0300,23,376.68,8663.64,West,Retail,Delivered
SO-009504,2025-05-23,CUS-0130,PRD-0158,11,1560.96,17170.56,West,Distributor,Delivered
SO-009505,2025-08-13,CUS-0599,PRD-0043,1,1999.6,1999.6,North,Distributor,Delivered
SO-009506,2026-05-23,CUS-0796,PRD-0031,28,1040.09,29122.52,Central,Distributor,Cancelled
SO-009507,2024-10-13,CUS-0864,PRD-0051,15,6872.95,103094.25,East,Distributor,Processing
SO-009508,2025-07-29,CUS-0949,PRD-0232,30,3666.47,109994.1,North,Retail,Delivered
SO-009509,2026-06-28,CUS-0402,PRD-0076,12,1904.33,22851.96,West,Retail,Delivered
SO-009510,2025-04-21,CUS-0867,PRD-0418,13,2869.54,37304.02,East,Online,Delivered
SO-009511,2025-09-16,CUS-0213,PRD-0135,23,4458.53,102546.19,North,Online,Delivered
SO-009512,2025-10-05,CUS-0399,PRD-0224,14,2288.14,32033.96,North,Online,Delivered
SO-009513,2025-05-02,CUS-0877,PRD-0102,29,1819.32,52760.28,West,Retail,Processing
SO-009514,2024-11-13,CUS-0728,PRD-0479,2,3517.55,7035.1,East,Online,Delivered
SO-009515,2026-09-09,CUS-0574,PRD-0466,20,2911.86,58237.2,Central,Online,Delivered
SO-009516,2026-09-21,CUS-0662,PRD-0220,10,4804.28,48042.8,North,Online,Cancelled
SO-009517,2024-12-06,CUS-0125,PRD-0038,28,641.62,17965.36,West,Online,Delivered
SO-009518,2026-01-24,CUS-0924,PRD-0204,5,1649.53,8247.65,West,Retail,Shipped
SO-009519,2025-07-03,CUS-0628,PRD-0300,9,313.9,2825.1,West,Retail,Shipped
SO-009520,2024-12-14,CUS-0588,PRD-0359,24,2945.0,70680.0,South,Retail,Delivered
SO-009521,2026-01-21,CUS-0728,PRD-0397,25,1896.25,47406.25,Central,Retail,Delivered
SO-009522,2026-08-24,CUS-0969,PRD-0328,6,5555.74,33334.44,Central,Distributor,Delivered
SO-009523,2026-01-09,CUS-0915,PRD-0300,11,313.9,3452.9,North,Retail,Delivered
SO-009524,2024-10-14,CUS-0618,PRD-0276,16,5881.03,94096.48,North,Distributor,Delivered
SO-009525,2026-09-18,CUS-0805,PRD-0172,28,5845.22,163666.16,Central,Online,Processing
SO-009526,2026-03-10,CUS-0606,PRD-0366,17,3113.27,52925.59,Central,Retail,Delivered
SO-009527,2025-12-10,CUS-0604,PRD-0237,27,4386.76,118442.52,East,Distributor,Delivered
SO-009528,2025-10-06,CUS-0738,PRD-0393,24,7714.55,185149.2,East,Retail,Delivered
SO-009529,2025-12-14,CUS-0704,PRD-0314,1,6770.05,6770.05,North,Retail,Delivered
SO-009530,2026-07-30,CUS-0351,PRD-0092,24,562.91,13509.84,Central,Distributor,Delivered
SO-009531,2026-01-22,CUS-0427,PRD-0364,13,1766.9,22969.7,South,Retail,Delivered
SO-009532,2025-09-19,CUS-0833,PRD-0121,23,5856.15,134691.45,Central,Online,Delivered
SO-009533,2025-04-24,CUS-0579,PRD-0283,26,6186.51,160849.26,West,Distributor,Delivered
SO-009534,2026-04-09,CUS-0134,PRD-0146,19,3360.37,63847.03,East,Retail,Delivered
SO-009535,2025-12-17,CUS-0659,PRD-0440,30,1240.5,37215.0,South,Online,Delivered
SO-009536,2025-06-03,CUS-0217,PRD-0205,5,3722.48,18612.4,Central,Retail,Delivered
SO-009537,2026-09-20,CUS-0412,PRD-0073,18,516.1,9289.8,South,Online,Shipped
SO-009538,2025-10-02,CUS-0587,PRD-0269,8,405.5,3244.0,South,Distributor,Delivered
SO-009539,2025-12-18,CUS-0859,PRD-0065,5,671.21,3356.05,North,Distributor,Delivered
SO-009540,2026-08-12,CUS-0676,PRD-0058,14,4941.04,69174.56,Central,Distributor,Delivered
SO-009541,2025-12-22,CUS-0282,PRD-0461,8,4557.11,36456.88,North,Online,Delivered
SO-009542,2025-05-13,CUS-0234,PRD-0194,5,4224.31,21121.55,North,Distributor,Delivered
SO-009543,2026-02-05,CUS-0805,PRD-0488,3,2178.12,6534.36,West,Online,Shipped
SO-009544,2025-12-30,CUS-0176,PRD-0229,11,2757.55,30333.05,East,Distributor,Shipped
SO-009545,2026-02-20,CUS-0026,PRD-0199,5,5448.38,27241.9,North,Online,Cancelled
SO-009546,2026-09-14,CUS-0438,PRD-0416,3,3986.57,11959.71,East,Online,Shipped
SO-009547,2025-10-07,CUS-0537,PRD-0214,25,6313.46,157836.5,West,Retail,Delivered
SO-009548,2024-10-16,CUS-0579,PRD-0288,9,3748.76,33738.84,Central,Online,Processing
SO-009549,2026-08-06,CUS-0393,PRD-0149,6,4444.52,26667.12,South,Retail,Delivered
SO-009550,2025-04-24,CUS-0139,PRD-0151,20,5440.82,108816.4,South,Online,Delivered
SO-009551,2025-03-28,CUS-0436,PRD-0376,15,4177.52,62662.8,North,Online,Delivered
SO-009552,2025-07-08,CUS-0357,PRD-0464,10,1224.83,12248.3,North,Online,Delivered
SO-009553,2026-03-15,CUS-0242,PRD-0284,9,386.28,3476.52,Central,Online,Delivered
SO-009554,2024-11-30,CUS-0891,PRD-0054,17,7631.71,129739.07,South,Online,Delivered
SO-009555,2026-05-12,CUS-0471,PRD-0173,21,1781.05,37402.05,South,Distributor,Shipped
SO-009556,2026-05-26,CUS-0661,PRD-0213,2,4571.12,9142.24,North,Retail,Delivered
SO-009557,2024-12-13,CUS-0425,PRD-0193,10,4470.22,44702.2,West,Online,Delivered
SO-009558,2025-12-09,CUS-0578,PRD-0387,20,915.47,18309.4,South,Retail,Delivered
SO-009559,2026-04-27,CUS-0099,PRD-0207,21,3989.53,83780.13,Central,Retail,Delivered
SO-009560,2026-03-22,CUS-0185,PRD-0437,6,1279.25,7675.5,Central,Online,Delivered
SO-009561,2026-01-19,CUS-0019,PRD-0165,13,1524.02,19812.26,West,Online,Delivered
SO-009562,2026-07-30,CUS-0818,PRD-0459,16,2659.35,42549.6,West,Distributor,Delivered
SO-009563,2025-10-29,CUS-0013,PRD-0010,14,5492.57,76895.98,East,Retail,Delivered
SO-009564,2024-12-31,CUS-0624,PRD-0290,16,2677.02,42832.32,South,Distributor,Delivered
SO-009565,2025-02-26,CUS-0086,PRD-0239,16,2371.03,37936.48,South,Online,Delivered
SO-009566,2025-01-17,CUS-0110,PRD-0490,12,789.31,9471.72,West,Retail,Delivered
SO-009567,2025-03-02,CUS-0871,PRD-0422,17,6204.38,105474.46,Central,Distributor,Shipped
SO-009568,2025-03-22,CUS-0864,PRD-0423,20,711.1,14222.0,North,Retail,Cancelled
SO-009569,2025-02-13,CUS-0278,PRD-0048,2,4987.19,9974.38,South,Retail,Delivered
SO-009570,2026-08-18,CUS-0930,PRD-0091,1,5553.05,5553.05,South,Distributor,Delivered
SO-009571,2025-07-05,CUS-0692,PRD-0250,25,783.48,19587.0,West,Online,Delivered
SO-009572,2025-07-24,CUS-0989,PRD-0306,14,4623.48,64728.72,South,Distributor,Delivered
SO-009573,2025-06-23,CUS-0237,PRD-0343,3,1756.43,5269.29,West,Distributor,Delivered
SO-009574,2025-11-21,CUS-0538,PRD-0029,22,6854.95,150808.9,West,Distributor,Delivered
SO-009575,2025-01-25,CUS-0135,PRD-0029,17,5712.46,97111.82,North,Retail,Delivered
SO-009576,2024-12-02,CUS-0447,PRD-0488,26,2613.74,67957.24,North,Retail,Delivered
SO-009577,2025-11-26,CUS-0107,PRD-0124,18,5885.0,105930.0,East,Retail,Processing
SO-009578,2025-07-15,CUS-0937,PRD-0219,26,4635.55,120524.3,North,Distributor,Delivered
SO-009579,2025-07-19,CUS-0891,PRD-0276,15,4900.86,73512.9,South,Retail,Delivered
SO-009580,2025-05-11,CUS-0190,PRD-0421,27,2848.48,76908.96,North,Distributor,Delivered
SO-009581,2024-11-01,CUS-0197,PRD-0096,20,4152.16,83043.2,Central,Online,Processing
SO-009582,2026-08-07,CUS-0562,PRD-0136,25,6112.94,152823.5,East,Distributor,Delivered
SO-009583,2025-10-05,CUS-0289,PRD-0465,5,6516.01,32580.05,Central,Online,Delivered
SO-009584,2025-05-14,CUS-0141,PRD-0122,11,4378.36,48161.96,Central,Distributor,Delivered
SO-009585,2025-01-05,CUS-0088,PRD-0043,11,1999.6,21995.6,North,Online,Shipped
SO-009586,2025-03-07,CUS-0533,PRD-0128,29,1144.09,33178.61,South,Distributor,Delivered
SO-009587,2025-02-22,CUS-0758,PRD-0320,12,2589.33,31071.96,East,Online,Delivered
SO-009588,2025-05-20,CUS-0387,PRD-0120,28,396.45,11100.6,East,Online,Delivered
SO-009589,2024-12-20,CUS-0155,PRD-0213,10,5485.34,54853.4,South,Online,Processing
SO-009590,2025-07-16,CUS-0364,PRD-0134,7,2366.81,16567.67,West,Retail,Cancelled
SO-009591,2024-11-05,CUS-0010,PRD-0054,5,7631.71,38158.55,North,Distributor,Delivered
SO-009592,2024-12-25,CUS-0147,PRD-0299,3,3504.96,10514.88,West,Retail,Delivered
SO-009593,2025-05-26,CUS-0417,PRD-0093,9,893.67,8043.03,Central,Online,Delivered
SO-009594,2025-11-29,CUS-0720,PRD-0435,25,5315.53,132888.25,Central,Retail,Delivered
SO-009595,2026-02-20,CUS-0003,PRD-0037,23,1149.08,26428.84,Central,Distributor,Delivered
SO-009596,2026-02-23,CUS-0485,PRD-0470,8,3381.78,27054.24,West,Distributor,Processing
SO-009597,2026-09-26,CUS-0438,PRD-0436,14,4009.3,56130.2,West,Online,Processing
SO-009598,2024-10-22,CUS-0457,PRD-0086,19,7560.82,143655.58,South,Retail,Delivered
SO-009599,2024-12-09,CUS-0360,PRD-0116,23,5550.12,127652.76,Central,Online,Delivered
SO-009600,2026-08-06,CUS-0141,PRD-0451,15,3229.85,48447.75,Central,Online,Delivered
SO-009601,2025-12-09,CUS-0573,PRD-0110,11,1766.06,19426.66,West,Online,Delivered
SO-009602,2026-07-16,CUS-0937,PRD-0148,18,940.82,16934.76,North,Distributor,Delivered
SO-009603,2026-02-20,CUS-0832,PRD-0176,24,623.57,14965.68,West,Online,Delivered
SO-009604,2025-03-27,CUS-0152,PRD-0444,12,3927.95,47135.4,East,Distributor,Delivered
SO-009605,2026-08-25,CUS-0324,PRD-0196,8,2215.24,17721.92,West,Retail,Shipped
SO-009606,2026-05-01,CUS-0496,PRD-0398,10,3571.18,35711.8,East,Retail,Shipped
SO-009607,2024-12-18,CUS-0525,PRD-0298,23,2197.38,50539.74,North,Retail,Delivered
SO-009608,2024-11-10,CUS-0032,PRD-0184,3,6704.87,20114.61,East,Online,Shipped
SO-009609,2026-01-08,CUS-0270,PRD-0275,3,509.9,1529.7,North,Distributor,Delivered
SO-009610,2024-12-12,CUS-0008,PRD-0419,10,2746.79,27467.9,West,Online,Delivered
SO-009611,2026-01-17,CUS-0960,PRD-0465,26,5430.01,141180.26,East,Online,Processing
SO-009612,2025-11-07,CUS-0919,PRD-0254,17,6440.26,109484.42,East,Retail,Delivered
SO-009613,2025-03-10,CUS-0772,PRD-0399,30,4340.93,130227.9,West,Retail,Delivered
SO-009614,2025-06-06,CUS-0557,PRD-0201,4,1558.3,6233.2,West,Retail,Delivered
SO-009615,2026-08-20,CUS-0469,PRD-0078,4,452.24,1808.96,East,Online,Delivered
SO-009616,2024-12-09,CUS-0649,PRD-0148,21,1128.98,23708.58,South,Distributor,Delivered
SO-009617,2025-10-21,CUS-0482,PRD-0278,25,5504.77,137619.25,North,Online,Delivered
SO-009618,2026-02-24,CUS-0077,PRD-0269,25,337.92,8448.0,North,Online,Delivered
SO-009619,2025-12-10,CUS-0872,PRD-0108,18,2177.57,39196.26,North,Online,Delivered
SO-009620,2024-12-22,CUS-0156,PRD-0088,28,539.29,15100.12,East,Retail,Delivered
SO-009621,2025-10-12,CUS-0295,PRD-0253,2,7349.48,14698.96,West,Distributor,Delivered
SO-009622,2025-04-25,CUS-0209,PRD-0052,9,498.98,4490.82,East,Distributor,Delivered
SO-009623,2026-01-31,CUS-0386,PRD-0435,15,4429.61,66444.15,Central,Retail,Delivered
SO-009624,2026-09-16,CUS-0625,PRD-0424,2,2881.05,5762.1,North,Online,Delivered
SO-009625,2025-11-27,CUS-0095,PRD-0337,8,2022.65,16181.2,North,Online,Delivered
SO-009626,2025-09-09,CUS-0620,PRD-0464,27,1224.83,33070.41,South,Retail,Delivered
SO-009627,2025-08-24,CUS-0962,PRD-0318,9,3772.35,33951.15,West,Distributor,Delivered
SO-009628,2026-07-01,CUS-0820,PRD-0390,24,6175.19,148204.56,South,Online,Delivered
SO-009629,2024-12-10,CUS-0432,PRD-0098,14,2186.35,30608.9,West,Online,Shipped
SO-009630,2025-09-17,CUS-0967,PRD-0040,9,6315.76,56841.84,West,Distributor,Delivered
SO-009631,2025-02-19,CUS-0484,PRD-0172,7,5845.22,40916.54,East,Online,Delivered
SO-009632,2024-12-03,CUS-0687,PRD-0129,9,6822.85,61405.65,Central,Distributor,Processing
SO-009633,2025-02-16,CUS-0907,PRD-0376,11,4177.52,45952.72,Central,Online,Delivered
SO-009634,2025-08-22,CUS-0517,PRD-0001,13,4203.15,54640.95,North,Retail,Processing
SO-009635,2026-05-21,CUS-0639,PRD-0462,15,4649.5,69742.5,West,Online,Delivered
SO-009636,2025-04-09,CUS-0600,PRD-0385,24,4527.09,108650.16,South,Online,Delivered
SO-009637,2025-09-24,CUS-0071,PRD-0193,12,3725.18,44702.16,Central,Online,Cancelled
SO-009638,2026-08-07,CUS-0378,PRD-0282,2,1588.25,3176.5,South,Distributor,Delivered
SO-009639,2025-08-10,CUS-0548,PRD-0405,22,3911.65,86056.3,Central,Online,Shipped
SO-009640,2025-09-14,CUS-0569,PRD-0116,3,4625.1,13875.3,Central,Retail,Delivered
SO-009641,2025-03-06,CUS-0314,PRD-0339,7,1245.19,8716.33,West,Distributor,Delivered
SO-009642,2026-02-01,CUS-0728,PRD-0266,25,1657.94,41448.5,West,Retail,Delivered
SO-009643,2026-01-24,CUS-0971,PRD-0169,15,6181.75,92726.25,East,Online,Processing
SO-009644,2025-08-08,CUS-0626,PRD-0463,29,863.66,25046.14,East,Distributor,Processing
SO-009645,2025-12-08,CUS-0532,PRD-0308,14,4369.87,61178.18,South,Distributor,Cancelled
SO-009646,2025-12-20,CUS-0686,PRD-0410,5,5400.53,27002.65,North,Distributor,Delivered
SO-009647,2024-11-05,CUS-0271,PRD-0448,22,3535.0,77770.0,Central,Distributor,Delivered
SO-009648,2025-08-09,CUS-0175,PRD-0478,2,2188.84,4377.68,East,Retail,Delivered
SO-009649,2024-11-17,CUS-0306,PRD-0083,28,7238.3,202672.4,West,Online,Delivered
SO-009650,2025-04-27,CUS-0989,PRD-0023,7,4174.81,29223.67,West,Distributor,Delivered
SO-009651,2025-10-31,CUS-0645,PRD-0094,23,4581.25,105368.75,East,Distributor,Delivered
SO-009652,2025-09-28,CUS-0515,PRD-0151,8,5440.82,43526.56,Central,Online,Delivered
SO-009653,2026-03-10,CUS-0246,PRD-0106,13,4384.29,56995.77,South,Retail,Delivered
SO-009654,2026-03-14,CUS-0223,PRD-0159,29,285.58,8281.82,West,Distributor,Delivered
SO-009655,2026-07-10,CUS-0783,PRD-0118,8,359.5,2876.0,West,Retail,Shipped
SO-009656,2026-08-05,CUS-0806,PRD-0022,27,4600.6,124216.2,West,Online,Delivered
SO-009657,2025-11-15,CUS-0517,PRD-0446,26,5307.82,138003.32,Central,Online,Delivered
SO-009658,2026-07-28,CUS-0221,PRD-0498,13,1940.02,25220.26,East,Distributor,Delivered
SO-009659,2024-10-07,CUS-0715,PRD-0335,18,507.56,9136.08,East,Retail,Shipped
SO-009660,2025-10-20,CUS-0672,PRD-0461,11,4557.11,50128.21,West,Online,Delivered
SO-009661,2026-08-29,CUS-0671,PRD-0448,1,2945.83,2945.83,East,Distributor,Delivered
SO-009662,2025-01-29,CUS-0206,PRD-0158,24,1560.96,37463.04,South,Distributor,Shipped
SO-009663,2026-05-09,CUS-0681,PRD-0063,27,3878.37,104715.99,East,Online,Delivered
SO-009664,2025-01-20,CUS-0421,PRD-0434,7,6337.86,44365.02,North,Retail,Delivered
SO-009665,2025-08-23,CUS-0638,PRD-0317,13,6072.27,78939.51,North,Distributor,Delivered
SO-009666,2024-12-05,CUS-0012,PRD-0282,12,1905.9,22870.8,South,Retail,Delivered
SO-009667,2026-05-10,CUS-0826,PRD-0375,5,5960.18,29800.9,East,Online,Delivered
SO-009668,2025-12-09,CUS-0948,PRD-0427,27,2858.9,77190.3,West,Online,Delivered
SO-009669,2025-05-02,CUS-0370,PRD-0378,25,418.86,10471.5,Central,Online,Delivered
SO-009670,2025-12-08,CUS-0718,PRD-0103,28,6877.14,192559.92,East,Retail,Delivered
SO-009671,2024-12-03,CUS-0874,PRD-0157,11,869.86,9568.46,West,Retail,Delivered
SO-009672,2025-12-16,CUS-0762,PRD-0334,5,1427.7,7138.5,West,Retail,Delivered
SO-009673,2025-08-21,CUS-0400,PRD-0343,25,1756.43,43910.75,North,Online,Processing
SO-009674,2025-12-07,CUS-0394,PRD-0423,25,853.32,21333.0,South,Retail,Delivered
SO-009675,2026-04-13,CUS-0560,PRD-0448,12,2945.83,35349.96,North,Distributor,Delivered
SO-009676,2025-12-31,CUS-0716,PRD-0188,16,7018.87,112301.92,Central,Online,Processing
SO-009677,2025-09-23,CUS-0070,PRD-0482,18,2107.3,37931.4,South,Distributor,Delivered
SO-009678,2024-10-05,CUS-0993,PRD-0021,14,2985.67,41799.38,South,Distributor,Delivered
SO-009679,2026-01-21,CUS-0854,PRD-0083,3,6031.92,18095.76,South,Online,Delivered
SO-009680,2025-11-24,CUS-0708,PRD-0098,23,2186.35,50286.05,West,Online,Delivered
SO-009681,2025-01-01,CUS-0207,PRD-0300,28,313.9,8789.2,Central,Distributor,Delivered
SO-009682,2024-12-20,CUS-0646,PRD-0379,5,7768.86,38844.3,East,Distributor,Processing
SO-009683,2026-07-10,CUS-0045,PRD-0084,22,2824.56,62140.32,South,Retail,Delivered
SO-009684,2026-05-18,CUS-0554,PRD-0347,18,3040.05,54720.9,East,Online,Shipped
SO-009685,2025-02-22,CUS-0524,PRD-0429,8,2369.99,18959.92,East,Retail,Cancelled
SO-009686,2025-08-29,CUS-0193,PRD-0060,1,5860.54,5860.54,North,Online,Shipped
SO-009687,2025-11-07,CUS-0288,PRD-0074,2,2056.74,4113.48,West,Online,Delivered
SO-009688,2025-10-08,CUS-0269,PRD-0191,25,6580.82,164520.5,East,Online,Delivered
SO-009689,2024-12-13,CUS-0518,PRD-0399,8,5209.12,41672.96,North,Retail,Delivered
SO-009690,2025-01-01,CUS-0877,PRD-0204,30,1649.53,49485.9,West,Distributor,Delivered
SO-009691,2026-01-20,CUS-0146,PRD-0016,22,3646.5,80223.0,South,Online,Delivered
SO-009692,2025-03-03,CUS-0823,PRD-0296,3,3432.45,10297.35,North,Retail,Delivered
SO-009693,2025-03-27,CUS-0658,PRD-0214,28,5261.22,147314.16,West,Retail,Shipped
SO-009694,2026-03-18,CUS-0248,PRD-0475,3,1258.43,3775.29,West,Online,Shipped
SO-009695,2025-09-11,CUS-0217,PRD-0032,14,4875.59,68258.26,South,Online,Delivered
SO-009696,2024-10-19,CUS-0261,PRD-0066,29,697.63,20231.27,Central,Online,Delivered
SO-009697,2026-06-18,CUS-0803,PRD-0007,20,4691.05,93821.0,East,Retail,Delivered
SO-009698,2025-01-29,CUS-0685,PRD-0336,17,2413.41,41027.97,North,Retail,Delivered
SO-009699,2025-06-17,CUS-0715,PRD-0418,29,2869.54,83216.66,North,Retail,Delivered
SO-009700,2026-06-25,CUS-0172,PRD-0500,3,5969.68,17909.04,West,Distributor,Delivered
SO-009701,2026-07-30,CUS-0673,PRD-0268,13,4521.3,58776.9,Central,Online,Delivered
SO-009702,2025-02-08,CUS-0856,PRD-0458,9,3689.08,33201.72,East,Online,Delivered
SO-009703,2025-06-07,CUS-0784,PRD-0175,21,4122.39,86570.19,South,Retail,Delivered
SO-009704,2026-01-06,CUS-0195,PRD-0008,6,1534.21,9205.26,North,Distributor,Delivered
SO-009705,2026-08-24,CUS-0932,PRD-0210,22,4444.7,97783.4,North,Retail,Delivered
SO-009706,2024-12-02,CUS-0033,PRD-0157,1,869.86,869.86,North,Distributor,Processing
SO-009707,2026-05-21,CUS-0187,PRD-0071,17,2386.88,40576.96,West,Online,Shipped
SO-009708,2026-06-04,CUS-0107,PRD-0259,26,3927.33,102110.58,North,Retail,Delivered
SO-009709,2026-05-02,CUS-0413,PRD-0444,27,3927.95,106054.65,Central,Distributor,Cancelled
SO-009710,2026-09-09,CUS-0293,PRD-0344,22,5870.71,129155.62,Central,Retail,Delivered
SO-009711,2026-04-04,CUS-0136,PRD-0350,27,3791.55,102371.85,North,Retail,Delivered
SO-009712,2026-08-29,CUS-0756,PRD-0050,15,3242.42,48636.3,West,Distributor,Shipped
SO-009713,2025-03-04,CUS-0445,PRD-0470,12,3381.78,40581.36,North,Online,Processing
SO-009714,2026-07-01,CUS-0827,PRD-0132,20,280.75,5615.0,North,Distributor,Delivered
SO-009715,2026-02-25,CUS-0596,PRD-0276,18,4900.86,88215.48,East,Distributor,Delivered
SO-009716,2026-07-18,CUS-0574,PRD-0343,7,1756.43,12295.01,South,Distributor,Delivered
SO-009717,2025-10-08,CUS-0942,PRD-0373,29,5314.45,154119.05,South,Retail,Delivered
SO-009718,2025-07-06,CUS-0341,PRD-0299,21,2920.8,61336.8,East,Online,Processing
SO-009719,2024-10-11,CUS-0039,PRD-0377,21,5118.78,107494.38,West,Online,Cancelled
SO-009720,2025-05-14,CUS-0303,PRD-0270,13,4608.03,59904.39,North,Distributor,Delivered
SO-009721,2025-05-14,CUS-0784,PRD-0432,13,2471.37,32127.81,West,Online,Delivered
SO-009722,2026-03-03,CUS-0356,PRD-0309,26,6002.3,156059.8,Central,Retail,Delivered
SO-009723,2025-03-29,CUS-0257,PRD-0193,13,3725.18,48427.34,South,Online,Delivered
SO-009724,2025-02-02,CUS-0781,PRD-0037,19,1149.08,21832.52,North,Retail,Shipped
SO-009725,2024-12-06,CUS-0284,PRD-0247,8,2466.53,19732.24,North,Distributor,Delivered
SO-009726,2026-08-09,CUS-0778,PRD-0254,1,5366.88,5366.88,West,Retail,Delivered
SO-009727,2026-07-08,CUS-0089,PRD-0118,26,359.5,9347.0,Central,Online,Delivered
SO-009728,2025-12-30,CUS-0368,PRD-0095,27,782.69,21132.63,Central,Online,Processing
SO-009729,2025-05-11,CUS-0862,PRD-0034,29,2674.18,77551.22,East,Distributor,Shipped
SO-009730,2026-02-03,CUS-0101,PRD-0290,6,2230.85,13385.1,West,Retail,Cancelled
SO-009731,2025-02-05,CUS-0912,PRD-0137,15,1267.47,19012.05,Central,Online,Delivered
SO-009732,2026-07-08,CUS-0034,PRD-0094,4,3817.71,15270.84,North,Retail,Delivered
SO-009733,2026-01-10,CUS-0885,PRD-0379,6,6474.05,38844.3,Central,Online,Delivered
SO-009734,2025-09-20,CUS-0738,PRD-0050,12,3242.42,38909.04,South,Retail,Shipped
SO-009735,2025-05-13,CUS-0942,PRD-0210,26,4444.7,115562.2,North,Online,Shipped
SO-009736,2025-10-04,CUS-0793,PRD-0241,12,5669.5,68034.0,South,Distributor,Delivered
SO-009737,2026-09-22,CUS-0371,PRD-0045,30,4983.69,149510.7,West,Online,Processing
SO-009738,2024-11-30,CUS-0844,PRD-0020,4,2280.83,9123.32,Central,Distributor,Delivered
SO-009739,2026-08-20,CUS-0581,PRD-0150,14,3755.21,52572.94,South,Retail,Delivered
SO-009740,2025-06-11,CUS-0693,PRD-0108,30,1814.64,54439.2,Central,Retail,Delivered
SO-009741,2026-05-15,CUS-0113,PRD-0306,18,4623.48,83222.64,Central,Online,Delivered
SO-009742,2026-09-12,CUS-0759,PRD-0114,21,152.58,3204.18,North,Retail,Delivered
SO-009743,2026-03-31,CUS-0021,PRD-0260,7,5071.17,35498.19,South,Online,Delivered
SO-009744,2026-03-21,CUS-0464,PRD-0002,20,1689.96,33799.2,North,Online,Delivered
SO-009745,2026-03-26,CUS-0328,PRD-0078,26,452.24,11758.24,West,Retail,Delivered
SO-009746,2025-07-25,CUS-0260,PRD-0198,8,4920.31,39362.48,Central,Distributor,Delivered
SO-009747,2025-02-23,CUS-0627,PRD-0017,16,3807.74,60923.84,West,Online,Delivered
SO-009748,2025-12-06,CUS-0624,PRD-0218,29,3469.85,100625.65,East,Distributor,Shipped
SO-009749,2025-08-26,CUS-0167,PRD-0252,10,2300.3,23003.0,East,Online,Shipped
SO-009750,2026-07-21,CUS-0695,PRD-0496,13,463.57,6026.41,South,Online,Delivered
SO-009751,2025-01-08,CUS-0483,PRD-0141,25,2583.7,64592.5,South,Retail,Delivered
SO-009752,2025-05-09,CUS-0523,PRD-0062,29,263.99,7655.71,North,Retail,Cancelled
SO-009753,2025-02-22,CUS-0143,PRD-0390,1,6175.19,6175.19,Central,Distributor,Delivered
SO-009754,2025-06-17,CUS-0937,PRD-0110,17,1471.72,25019.24,Central,Retail,Shipped
SO-009755,2025-08-26,CUS-0043,PRD-0319,9,408.03,3672.27,North,Online,Delivered
SO-009756,2026-03-03,CUS-0028,PRD-0135,30,4458.53,133755.9,West,Distributor,Cancelled
SO-009757,2026-01-02,CUS-0477,PRD-0381,12,2605.67,31268.04,East,Retail,Delivered
SO-009758,2026-05-12,CUS-0286,PRD-0207,12,3989.53,47874.36,North,Retail,Delivered
SO-009759,2025-01-19,CUS-0172,PRD-0041,15,4472.49,67087.35,North,Online,Delivered
SO-009760,2026-01-08,CUS-0050,PRD-0272,30,3886.96,116608.8,East,Distributor,Delivered
SO-009761,2026-06-03,CUS-0600,PRD-0213,6,4571.12,27426.72,North,Distributor,Delivered
SO-009762,2025-09-21,CUS-0344,PRD-0285,28,3435.8,96202.4,East,Retail,Delivered
SO-009763,2025-02-06,CUS-0780,PRD-0485,22,3914.29,86114.38,South,Retail,Processing
SO-009764,2026-09-16,CUS-0310,PRD-0286,15,1286.09,19291.35,West,Distributor,Delivered
SO-009765,2025-06-03,CUS-0725,PRD-0328,19,5555.74,105559.06,East,Distributor,Delivered
SO-009766,2026-03-10,CUS-0699,PRD-0259,1,3927.33,3927.33,South,Distributor,Processing
SO-009767,2026-06-17,CUS-0509,PRD-0366,17,3113.27,52925.59,Central,Online,Delivered
SO-009768,2026-05-18,CUS-0081,PRD-0471,26,3378.4,87838.4,Central,Distributor,Shipped
SO-009769,2026-07-14,CUS-0482,PRD-0238,15,6478.54,97178.1,Central,Retail,Delivered
SO-009770,2025-10-02,CUS-0485,PRD-0090,10,590.78,5907.8,West,Online,Processing
SO-009771,2026-03-18,CUS-0488,PRD-0333,16,4973.55,79576.8,Central,Online,Delivered
SO-009772,2026-07-13,CUS-0880,PRD-0359,22,2454.17,53991.74,Central,Distributor,Delivered
SO-009773,2025-09-14,CUS-0273,PRD-0050,7,3242.42,22696.94,Central,Retail,Delivered
SO-009774,2026-07-13,CUS-0663,PRD-0073,24,516.1,12386.4,Central,Online,Cancelled
SO-009775,2025-02-21,CUS-0942,PRD-0048,2,4987.19,9974.38,South,Retail,Delivered
SO-009776,2025-11-27,CUS-0020,PRD-0262,28,7723.79,216266.12,West,Retail,Delivered
SO-009777,2026-09-26,CUS-0100,PRD-0347,20,3040.05,60801.0,Central,Distributor,Shipped
SO-009778,2026-09-03,CUS-0150,PRD-0061,13,1709.16,22219.08,Central,Retail,Delivered
SO-009779,2026-09-16,CUS-0171,PRD-0062,23,263.99,6071.77,West,Distributor,Delivered
SO-009780,2025-11-09,CUS-0249,PRD-0174,18,6009.89,108178.02,Central,Online,Delivered
SO-009781,2025-08-18,CUS-0756,PRD-0381,27,2605.67,70353.09,South,Distributor,Delivered
SO-009782,2025-10-12,CUS-0586,PRD-0027,23,6437.86,148070.78,South,Distributor,Delivered
SO-009783,2025-11-29,CUS-0887,PRD-0190,30,3128.42,93852.6,East,Retail,Delivered
SO-009784,2026-01-22,CUS-0857,PRD-0354,23,3997.01,91931.23,East,Distributor,Delivered
SO-009785,2026-05-13,CUS-0116,PRD-0485,7,3914.29,27400.03,East,Distributor,Delivered
SO-009786,2026-03-05,CUS-0830,PRD-0048,30,4987.19,149615.7,East,Distributor,Cancelled
SO-009787,2025-12-29,CUS-0159,PRD-0204,18,1979.44,35629.92,East,Distributor,Shipped
SO-009788,2026-06-28,CUS-0032,PRD-0355,16,4185.26,66964.16,Central,Distributor,Delivered
SO-009789,2025-08-30,CUS-0797,PRD-0389,11,2666.14,29327.54,West,Retail,Delivered
SO-009790,2026-05-03,CUS-0200,PRD-0298,30,1831.15,54934.5,South,Retail,Delivered
SO-009791,2024-12-24,CUS-0408,PRD-0195,23,1545.13,35537.99,East,Distributor,Delivered
SO-009792,2026-08-17,CUS-0538,PRD-0056,19,1181.86,22455.34,Central,Distributor,Delivered
SO-009793,2025-06-18,CUS-0564,PRD-0341,27,5944.72,160507.44,East,Distributor,Delivered
SO-009794,2025-04-06,CUS-0380,PRD-0225,18,4910.53,88389.54,North,Distributor,Delivered
SO-009795,2025-11-11,CUS-0520,PRD-0098,12,2186.35,26236.2,North,Retail,Cancelled
SO-009796,2026-06-19,CUS-0246,PRD-0155,21,3144.19,66027.99,Central,Online,Delivered
SO-009797,2025-06-27,CUS-0271,PRD-0012,8,720.79,5766.32,Central,Distributor,Delivered
SO-009798,2025-11-03,CUS-0853,PRD-0067,6,5269.67,31618.02,South,Retail,Cancelled
SO-009799,2025-08-03,CUS-0765,PRD-0486,27,3826.69,103320.63,North,Online,Cancelled
SO-009800,2026-03-22,CUS-0732,PRD-0440,3,1033.75,3101.25,West,Distributor,Shipped
SO-009801,2025-04-24,CUS-0259,PRD-0151,1,5440.82,5440.82,West,Distributor,Delivered
SO-009802,2026-09-01,CUS-0563,PRD-0276,21,4900.86,102918.06,East,Retail,Delivered
SO-009803,2024-10-03,CUS-0739,PRD-0034,8,3209.02,25672.16,South,Online,Delivered
SO-009804,2026-02-24,CUS-0184,PRD-0423,26,711.1,18488.6,South,Distributor,Delivered
SO-009805,2026-03-10,CUS-0116,PRD-0165,13,1524.02,19812.26,Central,Retail,Delivered
SO-009806,2026-01-07,CUS-0712,PRD-0198,22,4920.31,108246.82,West,Retail,Shipped
SO-009807,2025-10-09,CUS-0817,PRD-0215,24,2810.03,67440.72,Central,Online,Delivered
SO-009808,2025-06-08,CUS-0485,PRD-0449,27,4938.99,133352.73,Central,Retail,Processing
SO-009809,2025-04-07,CUS-0927,PRD-0454,16,5018.01,80288.16,East,Online,Delivered
SO-009810,2026-07-09,CUS-0156,PRD-0255,7,601.9,4213.3,West,Retail,Delivered
SO-009811,2025-09-16,CUS-0206,PRD-0148,30,940.82,28224.6,South,Retail,Delivered
SO-009812,2025-08-10,CUS-0129,PRD-0487,30,5920.64,177619.2,Central,Distributor,Delivered
SO-009813,2025-06-28,CUS-0461,PRD-0410,1,4500.44,4500.44,East,Retail,Delivered
SO-009814,2026-04-22,CUS-0882,PRD-0088,16,449.41,7190.56,South,Retail,Delivered
SO-009815,2024-12-01,CUS-0130,PRD-0397,13,2275.5,29581.5,North,Online,Cancelled
SO-009816,2025-05-06,CUS-0320,PRD-0219,19,4635.55,88075.45,North,Distributor,Delivered
SO-009817,2026-05-01,CUS-0744,PRD-0187,5,4891.68,24458.4,South,Online,Delivered
SO-009818,2026-01-09,CUS-0014,PRD-0192,7,3532.37,24726.59,West,Online,Delivered
SO-009819,2025-10-13,CUS-0364,PRD-0145,11,4919.4,54113.4,Central,Distributor,Shipped
SO-009820,2026-01-29,CUS-0926,PRD-0007,4,4691.05,18764.2,West,Distributor,Delivered
SO-009821,2025-05-23,CUS-0220,PRD-0032,27,4875.59,131640.93,East,Online,Delivered
SO-009822,2025-05-28,CUS-0251,PRD-0071,6,2386.88,14321.28,East,Online,Delivered
SO-009823,2026-03-10,CUS-0702,PRD-0178,1,643.28,643.28,North,Distributor,Delivered
SO-009824,2026-06-06,CUS-0057,PRD-0455,26,2220.14,57723.64,West,Distributor,Delivered
SO-009825,2024-12-31,CUS-0160,PRD-0023,2,5009.77,10019.54,West,Online,Processing
SO-009826,2026-05-15,CUS-0775,PRD-0052,8,498.98,3991.84,North,Retail,Delivered
SO-009827,2025-01-13,CUS-0870,PRD-0223,2,2183.08,4366.16,East,Retail,Delivered
SO-009828,2026-09-24,CUS-0962,PRD-0355,1,4185.26,4185.26,Central,Distributor,Delivered
SO-009829,2026-03-03,CUS-0716,PRD-0261,16,5917.17,94674.72,South,Distributor,Delivered
SO-009830,2026-09-21,CUS-0937,PRD-0248,24,1877.37,45056.88,West,Retail,Delivered
SO-009831,2026-05-03,CUS-0476,PRD-0329,6,6207.86,37247.16,South,Distributor,Cancelled
SO-009832,2026-02-17,CUS-0546,PRD-0334,2,1189.75,2379.5,East,Retail,Processing
SO-009833,2025-09-04,CUS-0881,PRD-0116,12,4625.1,55501.2,West,Online,Delivered
SO-009834,2024-11-23,CUS-0884,PRD-0122,18,5254.03,94572.54,South,Online,Processing
SO-009835,2026-05-22,CUS-0556,PRD-0087,12,518.3,6219.6,Central,Online,Delivered
SO-009836,2025-10-22,CUS-0939,PRD-0283,24,7423.81,178171.44,West,Retail,Delivered
SO-009837,2025-06-17,CUS-0883,PRD-0172,13,5845.22,75987.86,South,Distributor,Cancelled
SO-009838,2025-12-01,CUS-0598,PRD-0492,3,2049.74,6149.22,West,Distributor,Delivered
SO-009839,2024-11-19,CUS-0688,PRD-0296,29,4118.94,119449.26,Central,Retail,Delivered
SO-009840,2025-01-07,CUS-0924,PRD-0253,14,6124.57,85743.98,North,Online,Delivered
SO-009841,2025-04-11,CUS-0005,PRD-0420,10,2779.86,27798.6,West,Retail,Delivered
SO-009842,2026-04-10,CUS-0777,PRD-0319,6,408.03,2448.18,West,Distributor,Shipped
SO-009843,2025-08-04,CUS-0948,PRD-0086,23,6300.68,144915.64,South,Online,Delivered
SO-009844,2025-04-12,CUS-0344,PRD-0288,6,3123.97,18743.82,East,Online,Delivered
SO-009845,2026-06-14,CUS-0751,PRD-0420,14,2779.86,38918.04,North,Distributor,Delivered
SO-009846,2026-09-10,CUS-0150,PRD-0394,6,567.05,3402.3,South,Distributor,Delivered
SO-009847,2026-06-26,CUS-0176,PRD-0035,4,3375.68,13502.72,Central,Distributor,Delivered
SO-009848,2025-11-07,CUS-0511,PRD-0429,2,2843.99,5687.98,West,Retail,Shipped
SO-009849,2026-02-17,CUS-0104,PRD-0201,22,1558.3,34282.6,West,Distributor,Delivered
SO-009850,2025-07-01,CUS-0822,PRD-0077,25,2952.74,73818.5,East,Online,Delivered
SO-009851,2026-09-29,CUS-0160,PRD-0057,6,2825.39,16952.34,West,Online,Delivered
SO-009852,2026-06-02,CUS-0796,PRD-0158,22,1560.96,34341.12,West,Distributor,Cancelled
SO-009853,2026-06-18,CUS-0103,PRD-0206,27,4585.59,123810.93,Central,Online,Delivered
SO-009854,2026-06-23,CUS-0425,PRD-0149,23,4444.52,102223.96,South,Distributor,Delivered
SO-009855,2025-05-07,CUS-0031,PRD-0068,19,972.83,18483.77,South,Retail,Delivered
SO-009856,2025-07-20,CUS-0174,PRD-0095,26,652.24,16958.24,North,Retail,Delivered
SO-009857,2025-03-26,CUS-0493,PRD-0103,7,5730.95,40116.65,West,Online,Delivered
SO-009858,2024-11-01,CUS-0022,PRD-0142,26,2103.1,54680.6,Central,Online,Delivered
SO-009859,2025-04-30,CUS-0409,PRD-0312,1,5356.9,5356.9,South,Online,Shipped
SO-009860,2026-09-03,CUS-0747,PRD-0278,29,4587.31,133031.99,South,Distributor,Delivered
SO-009861,2026-05-20,CUS-0774,PRD-0036,26,5615.22,145995.72,North,Retail,Shipped
SO-009862,2025-11-19,CUS-0423,PRD-0412,20,4805.83,96116.6,North,Online,Delivered
SO-009863,2024-10-15,CUS-0352,PRD-0340,8,4893.06,39144.48,South,Retail,Delivered
SO-009864,2024-10-18,CUS-0660,PRD-0163,1,3210.95,3210.95,South,Distributor,Delivered
SO-009865,2025-11-04,CUS-0163,PRD-0024,23,1405.04,32315.92,South,Retail,Delivered
SO-009866,2026-01-31,CUS-0589,PRD-0279,9,3569.68,32127.12,South,Online,Delivered
SO-009867,2026-08-17,CUS-0352,PRD-0011,10,1120.4,11204.0,East,Online,Delivered
SO-009868,2025-05-17,CUS-0172,PRD-0040,13,6315.76,82104.88,South,Online,Delivered
SO-009869,2026-06-19,CUS-0967,PRD-0250,8,783.48,6267.84,East,Distributor,Delivered
SO-009870,2025-07-04,CUS-0687,PRD-0169,3,6181.75,18545.25,East,Distributor,Delivered
SO-009871,2025-08-22,CUS-0107,PRD-0253,2,6124.57,12249.14,South,Online,Delivered
SO-009872,2025-06-02,CUS-0393,PRD-0226,2,4386.36,8772.72,South,Distributor,Delivered
SO-009873,2024-11-26,CUS-0757,PRD-0500,23,7163.62,164763.26,South,Online,Delivered
SO-009874,2025-09-03,CUS-0956,PRD-0304,14,6162.78,86278.92,North,Distributor,Delivered
SO-009875,2026-09-21,CUS-0583,PRD-0487,2,5920.64,11841.28,South,Retail,Delivered
SO-009876,2025-12-13,CUS-0011,PRD-0228,11,3882.83,42711.13,South,Retail,Delivered
SO-009877,2024-12-29,CUS-0468,PRD-0083,24,7238.3,173719.2,South,Online,Delivered
SO-009878,2025-04-07,CUS-0969,PRD-0048,30,4987.19,149615.7,North,Distributor,Delivered
SO-009879,2026-04-24,CUS-0308,PRD-0250,7,783.48,5484.36,Central,Distributor,Delivered
SO-009880,2025-09-15,CUS-0549,PRD-0322,7,6279.3,43955.1,West,Online,Delivered
SO-009881,2025-07-14,CUS-0148,PRD-0454,1,5018.01,5018.01,Central,Online,Delivered
SO-009882,2026-04-02,CUS-0575,PRD-0303,24,1561.34,37472.16,North,Retail,Delivered
SO-009883,2025-03-22,CUS-0064,PRD-0203,7,5475.89,38331.23,West,Distributor,Delivered
SO-009884,2026-07-05,CUS-0688,PRD-0345,30,600.5,18015.0,West,Distributor,Delivered
SO-009885,2025-10-22,CUS-0843,PRD-0331,23,4980.6,114553.8,Central,Distributor,Delivered
SO-009886,2024-10-16,CUS-0467,PRD-0442,4,3365.2,13460.8,East,Online,Delivered
SO-009887,2025-06-25,CUS-0818,PRD-0045,9,4983.69,44853.21,West,Distributor,Delivered
SO-009888,2025-10-09,CUS-0419,PRD-0144,26,2940.12,76443.12,Central,Retail,Delivered
SO-009889,2026-02-22,CUS-0367,PRD-0493,26,3468.32,90176.32,Central,Distributor,Delivered
SO-009890,2025-06-26,CUS-0840,PRD-0058,26,4941.04,128467.04,West,Online,Delivered
SO-009891,2026-09-28,CUS-0591,PRD-0325,19,4731.96,89907.24,South,Distributor,Delivered
SO-009892,2026-04-10,CUS-0965,PRD-0354,21,3997.01,83937.21,North,Online,Delivered
SO-009893,2025-01-20,CUS-0205,PRD-0200,21,4901.29,102927.09,East,Online,Delivered
SO-009894,2025-01-16,CUS-0919,PRD-0427,13,2382.42,30971.46,Central,Distributor,Delivered
SO-009895,2025-06-26,CUS-0544,PRD-0137,25,1267.47,31686.75,South,Online,Delivered
SO-009896,2024-11-03,CUS-0432,PRD-0175,9,4946.87,44521.83,East,Retail,Delivered
SO-009897,2025-05-29,CUS-0869,PRD-0167,30,3037.66,91129.8,Central,Retail,Delivered
SO-009898,2025-07-30,CUS-0225,PRD-0101,17,596.67,10143.39,West,Retail,Delivered
SO-009899,2026-09-06,CUS-0978,PRD-0432,22,2471.37,54370.14,East,Distributor,Delivered
SO-009900,2026-07-11,CUS-0277,PRD-0270,29,4608.03,133632.87,North,Online,Delivered
SO-009901,2025-10-06,CUS-0527,PRD-0175,3,4946.87,14840.61,West,Retail,Delivered
SO-009902,2026-09-30,CUS-0875,PRD-0152,9,1468.87,13219.83,South,Online,Delivered
SO-009903,2024-11-17,CUS-0579,PRD-0060,11,7032.65,77359.15,North,Distributor,Delivered
SO-009904,2025-06-08,CUS-0518,PRD-0035,28,3375.68,94519.04,East,Retail,Delivered
SO-009905,2026-02-15,CUS-0660,PRD-0386,29,2962.71,85918.59,North,Online,Delivered
SO-009906,2025-06-24,CUS-0073,PRD-0279,5,3569.68,17848.4,South,Online,Delivered
SO-009907,2025-07-03,CUS-0574,PRD-0253,15,6124.57,91868.55,Central,Distributor,Delivered
SO-009908,2025-03-27,CUS-0218,PRD-0012,8,720.79,5766.32,North,Online,Delivered
SO-009909,2026-07-27,CUS-0131,PRD-0287,10,4173.59,41735.9,South,Distributor,Delivered
SO-009910,2025-07-09,CUS-0732,PRD-0438,2,2366.01,4732.02,Central,Distributor,Delivered
SO-009911,2026-06-30,CUS-0190,PRD-0163,20,2675.79,53515.8,West,Distributor,Delivered
SO-009912,2026-05-01,CUS-0963,PRD-0289,28,2175.15,60904.2,North,Retail,Shipped
SO-009913,2025-05-15,CUS-0949,PRD-0154,16,2946.55,47144.8,North,Retail,Delivered
SO-009914,2025-04-25,CUS-0472,PRD-0127,30,5240.23,157206.9,East,Retail,Delivered
SO-009915,2025-09-19,CUS-0972,PRD-0353,28,4876.74,136548.72,Central,Retail,Delivered
SO-009916,2026-01-26,CUS-0550,PRD-0352,26,181.58,4721.08,East,Distributor,Delivered
SO-009917,2025-02-11,CUS-0549,PRD-0281,17,3975.66,67586.22,West,Retail,Processing
SO-009918,2025-07-31,CUS-0940,PRD-0451,30,3229.85,96895.5,East,Distributor,Delivered
SO-009919,2025-02-01,CUS-0461,PRD-0263,16,4085.94,65375.04,South,Online,Delivered
SO-009920,2025-10-13,CUS-0576,PRD-0146,7,4032.44,28227.08,North,Distributor,Shipped
SO-009921,2026-04-22,CUS-0085,PRD-0228,6,3235.69,19414.14,East,Distributor,Delivered
SO-009922,2025-10-02,CUS-0174,PRD-0307,23,7648.99,175926.77,North,Distributor,Delivered
SO-009923,2026-06-23,CUS-0006,PRD-0005,12,726.84,8722.08,Central,Retail,Delivered
SO-009924,2025-11-01,CUS-0571,PRD-0434,30,7605.43,228162.9,Central,Retail,Delivered
SO-009925,2025-11-25,CUS-0819,PRD-0332,9,5864.29,52778.61,East,Online,Delivered
SO-009926,2025-11-20,CUS-0661,PRD-0117,23,1011.16,23256.68,East,Retail,Delivered
SO-009927,2025-11-18,CUS-0151,PRD-0447,26,5215.86,135612.36,South,Online,Delivered
SO-009928,2026-09-09,CUS-0880,PRD-0194,26,4224.31,109832.06,Central,Online,Delivered
SO-009929,2025-09-12,CUS-0729,PRD-0410,14,4500.44,63006.16,Central,Retail,Cancelled
SO-009930,2025-03-20,CUS-0982,PRD-0041,2,4472.49,8944.98,South,Distributor,Delivered
SO-009931,2025-03-07,CUS-0363,PRD-0362,22,5713.06,125687.32,South,Online,Delivered
SO-009932,2025-11-21,CUS-0885,PRD-0201,8,1869.96,14959.68,East,Online,Delivered
SO-009933,2026-09-23,CUS-0460,PRD-0093,11,893.67,9830.37,North,Distributor,Delivered
SO-009934,2026-09-16,CUS-0435,PRD-0168,14,6422.87,89920.18,North,Online,Delivered
SO-009935,2026-03-21,CUS-0558,PRD-0035,18,3375.68,60762.24,East,Retail,Delivered
SO-009936,2024-11-23,CUS-0360,PRD-0500,2,7163.62,14327.24,South,Online,Delivered
SO-009937,2025-04-15,CUS-0087,PRD-0054,8,6359.76,50878.08,West,Online,Delivered
SO-009938,2026-07-06,CUS-0881,PRD-0121,12,5856.15,70273.8,South,Online,Delivered
SO-009939,2026-03-08,CUS-0086,PRD-0362,20,5713.06,114261.2,North,Retail,Delivered
SO-009940,2025-05-28,CUS-0722,PRD-0116,23,4625.1,106377.3,South,Online,Delivered
SO-009941,2026-06-09,CUS-0226,PRD-0443,21,2487.24,52232.04,North,Online,Delivered
SO-009942,2025-02-01,CUS-0687,PRD-0179,25,2569.93,64248.25,East,Retail,Delivered
SO-009943,2025-06-12,CUS-0486,PRD-0098,18,1821.96,32795.28,East,Online,Delivered
SO-009944,2026-07-19,CUS-0145,PRD-0481,8,487.81,3902.48,North,Distributor,Delivered
SO-009945,2026-07-31,CUS-0415,PRD-0483,12,492.39,5908.68,North,Online,Delivered
SO-009946,2025-01-14,CUS-0922,PRD-0394,1,567.05,567.05,South,Distributor,Delivered
SO-009947,2025-04-27,CUS-0472,PRD-0165,23,1524.02,35052.46,North,Online,Shipped
SO-009948,2026-01-18,CUS-0667,PRD-0237,22,3655.63,80423.86,West,Online,Delivered
SO-009949,2025-03-14,CUS-0786,PRD-0131,29,2074.07,60148.03,West,Retail,Shipped
SO-009950,2024-12-26,CUS-0173,PRD-0108,27,2177.57,58794.39,Central,Online,Delivered
SO-009951,2026-08-22,CUS-0282,PRD-0146,30,3360.37,100811.1,Central,Retail,Cancelled
SO-009952,2025-09-06,CUS-0529,PRD-0385,25,4527.09,113177.25,Central,Distributor,Processing
SO-009953,2025-05-02,CUS-0353,PRD-0488,20,2178.12,43562.4,North,Online,Delivered
SO-009954,2026-08-23,CUS-0722,PRD-0111,22,4509.36,99205.92,East,Retail,Delivered
SO-009955,2026-09-20,CUS-0743,PRD-0176,12,623.57,7482.84,South,Distributor,Delivered
SO-009956,2024-10-14,CUS-0135,PRD-0209,25,352.28,8807.0,West,Retail,Delivered
SO-009957,2024-11-12,CUS-0119,PRD-0402,28,556.55,15583.4,West,Online,Cancelled
SO-009958,2026-08-17,CUS-0636,PRD-0037,5,1149.08,5745.4,North,Distributor,Delivered
SO-009959,2024-12-03,CUS-0192,PRD-0115,26,1391.14,36169.64,Central,Retail,Delivered
SO-009960,2025-12-01,CUS-0138,PRD-0133,25,2665.22,66630.5,South,Online,Shipped
SO-009961,2025-11-01,CUS-0280,PRD-0297,11,4936.62,54302.82,East,Retail,Shipped
SO-009962,2026-07-07,CUS-0189,PRD-0311,10,2295.01,22950.1,Central,Distributor,Delivered
SO-009963,2024-10-05,CUS-0722,PRD-0217,4,6650.16,26600.64,South,Retail,Delivered
SO-009964,2025-05-31,CUS-0083,PRD-0211,13,6127.17,79653.21,North,Retail,Processing
SO-009965,2025-12-17,CUS-0655,PRD-0360,15,7109.2,106638.0,North,Retail,Delivered
SO-009966,2025-01-21,CUS-0470,PRD-0007,4,4691.05,18764.2,West,Online,Delivered
SO-009967,2025-03-13,CUS-0054,PRD-0403,16,853.94,13663.04,Central,Distributor,Delivered
SO-009968,2025-06-05,CUS-0289,PRD-0393,18,6428.79,115718.22,South,Online,Delivered
SO-009969,2025-08-03,CUS-0649,PRD-0391,26,4351.84,113147.84,West,Distributor,Processing
SO-009970,2026-06-05,CUS-0625,PRD-0311,28,2295.01,64260.28,East,Retail,Delivered
SO-009971,2024-10-20,CUS-0729,PRD-0092,8,675.49,5403.92,North,Retail,Delivered
SO-009972,2025-11-24,CUS-0109,PRD-0458,6,4426.9,26561.4,East,Distributor,Delivered
SO-009973,2025-12-07,CUS-0588,PRD-0186,30,5915.57,177467.1,Central,Distributor,Delivered
SO-009974,2026-07-19,CUS-0998,PRD-0248,2,1877.37,3754.74,East,Online,Processing
SO-009975,2026-04-17,CUS-0498,PRD-0378,7,418.86,2932.02,West,Distributor,Delivered
SO-009976,2026-03-19,CUS-0336,PRD-0413,30,1881.85,56455.5,East,Distributor,Processing
SO-009977,2026-05-17,CUS-0859,PRD-0460,27,249.38,6733.26,Central,Retail,Delivered
SO-009978,2025-08-01,CUS-0615,PRD-0495,5,2733.86,13669.3,East,Online,Delivered
SO-009979,2026-05-06,CUS-0716,PRD-0484,30,4236.53,127095.9,Central,Retail,Delivered
SO-009980,2025-09-04,CUS-0759,PRD-0202,15,4934.46,74016.9,East,Online,Delivered
SO-009981,2025-01-16,CUS-0452,PRD-0304,2,6162.78,12325.56,North,Online,Delivered
SO-009982,2026-01-19,CUS-0833,PRD-0487,9,5920.64,53285.76,Central,Online,Delivered
SO-009983,2024-12-29,CUS-0144,PRD-0483,27,590.87,15953.49,East,Online,Delivered
SO-009984,2024-11-21,CUS-0256,PRD-0383,5,5162.23,25811.15,West,Online,Delivered
SO-009985,2026-08-02,CUS-0791,PRD-0313,19,5464.72,103829.68,West,Distributor,Delivered
SO-009986,2025-03-28,CUS-0396,PRD-0018,25,4342.25,108556.25,Central,Retail,Delivered
SO-009987,2026-02-27,CUS-0862,PRD-0105,14,4026.39,56369.46,North,Retail,Delivered
SO-009988,2026-01-09,CUS-0629,PRD-0260,21,5071.17,106494.57,North,Online,Delivered
SO-009989,2025-01-09,CUS-0292,PRD-0293,5,1737.78,8688.9,South,Online,Delivered
SO-009990,2026-06-23,CUS-0841,PRD-0107,25,6065.28,151632.0,West,Distributor,Delivered
SO-009991,2025-03-13,CUS-0299,PRD-0364,5,1766.9,8834.5,East,Online,Delivered
SO-009992,2025-06-04,CUS-0805,PRD-0241,19,4724.58,89767.02,West,Retail,Delivered
SO-009993,2025-10-02,CUS-0411,PRD-0313,10,6557.66,65576.6,Central,Distributor,Delivered
SO-009994,2025-07-05,CUS-0188,PRD-0091,10,5553.05,55530.5,Central,Online,Delivered
SO-009995,2024-10-23,CUS-0001,PRD-0493,11,4161.98,45781.78,East,Distributor,Delivered
SO-009996,2025-05-01,CUS-0751,PRD-0292,7,363.77,2546.39,North,Retail,Shipped
SO-009997,2025-02-10,CUS-0633,PRD-0186,9,4929.64,44366.76,North,Distributor,Delivered
SO-009998,2026-07-19,CUS-0453,PRD-0048,2,4987.19,9974.38,South,Retail,Delivered
SO-009999,2026-01-25,CUS-0268,PRD-0205,3,3722.48,11167.44,East,Online,Delivered
SO-010000,2024-11-17,CUS-0563,PRD-0185,18,3802.03,68436.54,South,Online,Delivered
